instrument,date,close,high,low
EURGBP,2024-09-20,0.83789,0.84068,0.83786
EURGBP,2024-09-22,0.8383,0.83838,0.8378
EURGBP,2024-09-23,0.83238,0.83868,0.83232
EURGBP,2024-09-24,0.83348,0.83394,0.83172
EURGBP,2024-09-25,0.83594,0.8372,0.8334
EURGBP,2024-09-26,0.83345,0.83599,0.83268
EURGBP,2024-09-27,0.83474,0.835,0.83218
EURGBP,2024-09-29,0.8346,0.8349,0.83438
EURGBP,2024-09-30,0.8325,0.83604,0.83128
EURGBP,2024-10-01,0.83355,0.83454,0.8311
EURGBP,2024-10-02,0.83285,0.83383,0.83215
EURGBP,2024-10-03,0.84054,0.84343,0.83237
EURGBP,2024-10-04,0.83618,0.84066,0.83532
EURGBP,2024-10-06,0.83598,0.83777,0.83584
EURGBP,2024-10-07,0.83874,0.83996,0.8356
EURGBP,2024-10-08,0.83824,0.84048,0.83738
EURGBP,2024-10-09,0.83738,0.83886,0.83672
EURGBP,2024-10-10,0.8371,0.83855,0.83546
EURGBP,2024-10-11,0.83694,0.83834,0.83644
EURGBP,2024-10-13,0.83712,0.83736,0.83654
EURGBP,2024-10-14,0.83485,0.83738,0.83485
EURGBP,2024-10-15,0.83303,0.83512,0.83254
EURGBP,2024-10-16,0.8359,0.83802,0.8327
EURGBP,2024-10-17,0.83206,0.83649,0.8318
EURGBP,2024-10-18,0.83265,0.83362,0.8295
EURGBP,2024-10-20,0.83268,0.83303,0.83222
EURGBP,2024-10-21,0.83305,0.83398,0.83246
EURGBP,2024-10-22,0.83172,0.83468,0.83142
EURGBP,2024-10-23,0.83468,0.83522,0.83035
EURGBP,2024-10-24,0.8344,0.8349,0.83144
EURGBP,2024-10-25,0.83289,0.83503,0.83264
EURGBP,2024-10-27,0.83321,0.8333,0.83198
EURGBP,2024-10-28,0.83374,0.83432,0.83234
EURGBP,2024-10-29,0.83156,0.83405,0.82988
EURGBP,2024-10-30,0.83794,0.83804,0.83135
EURGBP,2024-10-31,0.84392,0.8448,0.83533
EURGBP,2024-11-01,0.8386,0.84431,0.83692
EURGBP,2024-11-03,0.83942,0.83968,0.8386
EURGBP,2024-11-04,0.8394,0.8419,0.83848
EURGBP,2024-11-05,0.83832,0.8398,0.8378
EURGBP,2024-11-06,0.83306,0.83849,0.83144
EURGBP,2024-11-07,0.8315,0.83408,0.83065
EURGBP,2024-11-08,0.82966,0.83261,0.82924
EURGBP,2024-11-10,0.8295,0.83006,0.82936
EURGBP,2024-11-11,0.82828,0.83022,0.82602
EURGBP,2024-11-12,0.83352,0.83354,0.8276
EURGBP,2024-11-13,0.83147,0.83456,0.83076
EURGBP,2024-11-14,0.83128,0.83239,0.83068
EURGBP,2024-11-15,0.83508,0.83592,0.83124
EURGBP,2024-11-17,0.83494,0.83536,0.83426
EURGBP,2024-11-18,0.83564,0.83733,0.83402
EURGBP,2024-11-19,0.83559,0.83758,0.83322
EURGBP,2024-11-20,0.8333,0.83586,0.83132
EURGBP,2024-11-21,0.83188,0.83413,0.83164
EURGBP,2024-11-22,0.8314,0.83467,0.82679
EURGBP,2024-11-24,0.83214,0.83368,0.83168
EURGBP,2024-11-25,0.83338,0.83616,0.83095
EURGBP,2024-11-26,0.8344,0.83649,0.83308
EURGBP,2024-11-27,0.83316,0.83558,0.83277
EURGBP,2024-11-28,0.83182,0.83393,0.83152
EURGBP,2024-11-29,0.83052,0.83319,0.83014
EURGBP,2024-12-01,0.83013,0.83051,0.82965
EURGBP,2024-12-02,0.82956,0.83037,0.82701
EURGBP,2024-12-03,0.82926,0.83129,0.82868
EURGBP,2024-12-04,0.82769,0.8302,0.82689
EURGBP,2024-12-05,0.82965,0.83011,0.82724
EURGBP,2024-12-06,0.8293,0.8301,0.82792
EURGBP,2024-12-08,0.8288,0.82913,0.82834
EURGBP,2024-12-09,0.82788,0.8289,0.82692
EURGBP,2024-12-10,0.82408,0.82834,0.82391
EURGBP,2024-12-11,0.82298,0.82524,0.82252
EURGBP,2024-12-12,0.8262,0.82728,0.82272
EURGBP,2024-12-13,0.83211,0.8323,0.82604
EURGBP,2024-12-15,0.83234,0.83245,0.831
EURGBP,2024-12-16,0.82876,0.83278,0.82728
EURGBP,2024-12-17,0.82567,0.82959,0.82497
EURGBP,2024-12-18,0.82361,0.82784,0.82302
EURGBP,2024-12-19,0.82933,0.82934,0.82225
EURGBP,2024-12-20,0.82991,0.8313,0.8271
EURGBP,2024-12-22,0.83,0.83159,0.82988
EURGBP,2024-12-23,0.83016,0.83125,0.82776
EURGBP,2024-12-24,0.82944,0.83027,0.82753
EURGBP,2024-12-25,0.82904,0.82934,0.82894
EURGBP,2024-12-26,0.83188,0.83246,0.82874
EURGBP,2024-12-27,0.82874,0.83286,0.82822
EURGBP,2024-12-29,0.8292,0.83008,0.82852
EURGBP,2024-12-30,0.82926,0.82994,0.82723
EURGBP,2024-12-31,0.82743,0.83078,0.82631
EURGBP,2025-01-01,0.82677,0.82793,0.82676
EURGBP,2025-01-02,0.82942,0.83254,0.82668
EURGBP,2025-01-03,0.82988,0.83034,0.8285
EURGBP,2025-01-05,0.82943,0.83034,0.82898
EURGBP,2025-01-06,0.83002,0.83178,0.82855
EURGBP,2025-01-07,0.82892,0.83058,0.82864
EURGBP,2025-01-08,0.8345,0.83522,0.82837
EURGBP,2025-01-09,0.83723,0.84068,0.83427
EURGBP,2025-01-10,0.83922,0.8394,0.83648
EURGBP,2025-01-12,0.83933,0.83972,0.83898
EURGBP,2025-01-13,0.83914,0.84243,0.83832
EURGBP,2025-01-14,0.84402,0.84509,0.8387
EURGBP,2025-01-15,0.84093,0.84635,0.84044
EURGBP,2025-01-16,0.84199,0.84383,0.84081
EURGBP,2025-01-17,0.844,0.84536,0.8418
EURGBP,2025-01-19,0.8444,0.84466,0.8439
EURGBP,2025-01-20,0.84502,0.84736,0.84366
EURGBP,2025-01-21,0.84339,0.84625,0.84321
EURGBP,2025-01-22,0.84522,0.84639,0.84336
EURGBP,2025-01-23,0.84312,0.84578,0.84283
EURGBP,2025-01-24,0.8407,0.84625,0.84041
EURGBP,2025-01-26,0.84022,0.84078,0.8401
EURGBP,2025-01-27,0.83826,0.84208,0.83803
EURGBP,2025-01-28,0.83816,0.8396,0.83787
EURGBP,2025-01-29,0.83699,0.83877,0.8364
EURGBP,2025-01-30,0.83695,0.83902,0.83598
EURGBP,2025-01-31,0.83584,0.83743,0.83546
EURGBP,2025-02-02,0.83376,0.83379,0.83156
EURGBP,2025-02-03,0.83067,0.83458,0.82916
EURGBP,2025-02-04,0.83136,0.83308,0.82972
EURGBP,2025-02-05,0.83179,0.83361,0.83044
EURGBP,2025-02-06,0.83519,0.83784,0.83152
EURGBP,2025-02-07,0.83278,0.83553,0.83188
EURGBP,2025-02-09,0.83214,0.83234,0.83106
EURGBP,2025-02-10,0.8334,0.83364,0.83097
EURGBP,2025-02-11,0.8323,0.8353,0.83228
EURGBP,2025-02-12,0.83469,0.83562,0.8321
EURGBP,2025-02-13,0.83262,0.83562,0.83134
EURGBP,2025-02-14,0.83364,0.83381,0.8316
EURGBP,2025-02-16,0.83349,0.83369,0.83267
EURGBP,2025-02-17,0.83078,0.83392,0.82973
EURGBP,2025-02-18,0.82762,0.83096,0.82658
EURGBP,2025-02-19,0.82818,0.82896,0.82728
EURGBP,2025-02-20,0.82882,0.82922,0.827
EURGBP,2025-02-21,0.82799,0.82921,0.82652
EURGBP,2025-02-23,0.82808,0.82916,0.82786
EURGBP,2025-02-24,0.82914,0.83022,0.82756
EURGBP,2025-02-25,0.83022,0.83047,0.82856
EURGBP,2025-02-26,0.82708,0.83054,0.82659
EURGBP,2025-02-27,0.82515,0.82745,0.82424
EURGBP,2025-02-28,0.82491,0.82672,0.82422
EURGBP,2025-03-02,0.82623,0.82687,0.82572
EURGBP,2025-03-03,0.82552,0.82668,0.82478
EURGBP,2025-03-04,0.83026,0.83126,0.82541
EURGBP,2025-03-05,0.8374,0.83809,0.82991
EURGBP,2025-03-06,0.83734,0.84112,0.83598
EURGBP,2025-03-07,0.83848,0.84181,0.8372
EURGBP,2025-03-09,0.83978,0.83984,0.83852
EURGBP,2025-03-10,0.84188,0.84208,0.83776
EURGBP,2025-03-11,0.8432,0.84496,0.84154
EURGBP,2025-03-12,0.83964,0.84418,0.83922
EURGBP,2025-03-13,0.83779,0.8404,0.83732
EURGBP,2025-03-14,0.84111,0.84282,0.83742
EURGBP,2025-03-16,0.84159,0.84178,0.84117
EURGBP,2025-03-17,0.84092,0.8417,0.83982
EURGBP,2025-03-18,0.84142,0.84285,0.84058
EURGBP,2025-03-19,0.83868,0.84204,0.83808
EURGBP,2025-03-20,0.83712,0.83904,0.83508
EURGBP,2025-03-21,0.83732,0.83852,0.83676
EURGBP,2025-03-23,0.83834,0.83848,0.83744
EURGBP,2025-03-24,0.83592,0.83842,0.83458
EURGBP,2025-03-25,0.83344,0.83634,0.83324
EURGBP,2025-03-26,0.8341,0.83746,0.83326
EURGBP,2025-03-27,0.83395,0.83492,0.83235
EURGBP,2025-03-28,0.83686,0.83725,0.83156
EURGBP,2025-03-30,0.8366,0.83716,0.836
EURGBP,2025-03-31,0.83732,0.83794,0.83498
EURGBP,2025-04-01,0.83538,0.83788,0.83499
EURGBP,2025-04-02,0.83588,0.83878,0.8323
EURGBP,2025-04-03,0.84384,0.84484,0.8349
EURGBP,2025-04-04,0.84987,0.85242,0.84336
EURGBP,2025-04-06,0.85086,0.85326,0.8473
EURGBP,2025-04-07,0.85721,0.85905,0.84882
EURGBP,2025-04-08,0.85852,0.85948,0.85296
EURGBP,2025-04-09,0.85387,0.86627,0.85326
EURGBP,2025-04-10,0.86652,0.86672,0.85194
EURGBP,2025-04-11,0.86821,0.87384,0.86468
EURGBP,2025-04-13,0.86686,0.86753,0.86391
EURGBP,2025-04-14,0.8606,0.86944,0.85986
EURGBP,2025-04-15,0.85359,0.86062,0.85249
EURGBP,2025-04-16,0.86119,0.8617,0.85346
EURGBP,2025-04-17,0.85699,0.86146,0.85559
EURGBP,2025-04-18,0.85697,0.85832,0.85575
EURGBP,2025-04-20,0.8599,0.8605,0.85777
EURGBP,2025-04-21,0.86056,0.86242,0.858
EURGBP,2025-04-22,0.85519,0.86088,0.85392
EURGBP,2025-04-23,0.85411,0.85836,0.85309
EURGBP,2025-04-24,0.85332,0.85654,0.85324
EURGBP,2025-04-25,0.85363,0.85478,0.85111
EURGBP,2025-04-27,0.85366,0.85422,0.85299
EURGBP,2025-04-28,0.84912,0.85448,0.84892
EURGBP,2025-04-29,0.84935,0.85122,0.84869
EURGBP,2025-04-30,0.85002,0.85385,0.84823
EURGBP,2025-05-01,0.85027,0.85107,0.84801
EURGBP,2025-05-02,0.85154,0.8541,0.84906
EURGBP,2025-05-04,0.85317,0.85332,0.85154
EURGBP,2025-05-05,0.85115,0.85328,0.85085
EURGBP,2025-05-06,0.84931,0.85202,0.8462
EURGBP,2025-05-07,0.85047,0.85222,0.84887
EURGBP,2025-05-08,0.848,0.85233,0.84586
EURGBP,2025-05-09,0.84563,0.84924,0.8455
EURGBP,2025-05-11,0.84514,0.84566,0.84402
EURGBP,2025-05-12,0.84199,0.8458,0.84054
EURGBP,2025-05-13,0.84082,0.84272,0.84026
EURGBP,2025-05-14,0.84302,0.84363,0.84046
EURGBP,2025-05-15,0.84129,0.8441,0.84034
EURGBP,2025-05-16,0.84068,0.84325,0.83938
EURGBP,2025-05-18,0.84095,0.84189,0.8408
EURGBP,2025-05-19,0.84082,0.8427,0.84029
EURGBP,2025-05-20,0.84258,0.84302,0.84053
EURGBP,2025-05-21,0.84438,0.84594,0.84228
EURGBP,2025-05-22,0.84074,0.84494,0.83976
EURGBP,2025-05-23,0.83938,0.84189,0.83801
EURGBP,2025-05-25,0.84022,0.84084,0.83973
EURGBP,2025-05-26,0.83954,0.8409,0.83878
EURGBP,2025-05-27,0.83892,0.83985,0.83728
EURGBP,2025-05-28,0.83628,0.84022,0.83558
EURGBP,2025-05-29,0.84277,0.84315,0.83626
EURGBP,2025-05-30,0.8434,0.84369,0.8403
EURGBP,2025-06-01,0.84294,0.84382,0.84268
EURGBP,2025-06-02,0.84481,0.84499,0.84234
EURGBP,2025-06-03,0.84134,0.84501,0.84097
EURGBP,2025-06-04,0.84282,0.84314,0.84074
EURGBP,2025-06-05,0.84348,0.84478,0.8411
EURGBP,2025-06-06,0.84242,0.84425,0.84172
EURGBP,2025-06-08,0.8426,0.84286,0.84222
EURGBP,2025-06-09,0.84299,0.843,0.84144
EURGBP,2025-06-10,0.84676,0.84686,0.84178
EURGBP,2025-06-11,0.84834,0.84887,0.84639
EURGBP,2025-06-12,0.85179,0.85467,0.84773
EURGBP,2025-06-13,0.85107,0.85313,0.84934
EURGBP,2025-06-15,0.85156,0.85173,0.85003
EURGBP,2025-06-16,0.85154,0.85319,0.85106
EURGBP,2025-06-17,0.85502,0.85558,0.85122
EURGBP,2025-06-18,0.85552,0.85648,0.85414
EURGBP,2025-06-19,0.85419,0.85602,0.85314
EURGBP,2025-06-20,0.85664,0.85688,0.8526
EURGBP,2025-06-22,0.85595,0.85678,0.85473
EURGBP,2025-06-23,0.85622,0.85752,0.85462
EURGBP,2025-06-24,0.85292,0.85656,0.85198
EURGBP,2025-06-25,0.85345,0.85385,0.85126
EURGBP,2025-06-26,0.85196,0.85396,0.85154
EURGBP,2025-06-27,0.85422,0.8553,0.85082
EURGBP,2025-06-29,0.85481,0.8558,0.8545
EURGBP,2025-06-30,0.85841,0.85866,0.85396
EURGBP,2025-07-01,0.8588,0.85974,0.85573
EURGBP,2025-07-02,0.8644,0.86706,0.85776
EURGBP,2025-07-03,0.86122,0.86545,0.86064
EURGBP,2025-07-04,0.86351,0.86378,0.861
EURGBP,2025-07-06,0.86296,0.86332,0.86226
EURGBP,2025-07-07,0.8615,0.86436,0.85968
EURGBP,2025-07-08,0.86298,0.86433,0.86095
EURGBP,2025-07-09,0.8632,0.8633,0.86059
EURGBP,2025-07-10,0.86166,0.86342,0.86102
EURGBP,2025-07-11,0.86652,0.86672,0.86093
EURGBP,2025-07-13,0.86566,0.8659,0.86454
EURGBP,2025-07-14,0.86874,0.86932,0.86544
EURGBP,2025-07-15,0.86666,0.86965,0.86606
EURGBP,2025-07-16,0.86768,0.86984,0.86476
EURGBP,2025-07-17,0.8648,0.86798,0.86375
EURGBP,2025-07-18,0.86694,0.86737,0.86478
EURGBP,2025-07-20,0.86692,0.86726,0.86604
EURGBP,2025-07-21,0.86697,0.8674,0.86502
EURGBP,2025-07-22,0.86814,0.86939,0.8664
EURGBP,2025-07-23,0.86706,0.86854,0.86468
EURGBP,2025-07-24,0.87017,0.87104,0.86664
EURGBP,2025-07-25,0.87387,0.87434,0.8697
EURGBP,2025-07-27,0.87481,0.87572,0.87472
EURGBP,2025-07-28,0.86801,0.87525,0.86657
EURGBP,2025-07-29,0.86501,0.86854,0.86418
EURGBP,2025-07-30,0.86212,0.86591,0.86118
EURGBP,2025-07-31,0.86478,0.86596,0.8611
EURGBP,2025-08-01,0.87258,0.87304,0.8644
EURGBP,2025-08-03,0.87183,0.87306,0.87174
EURGBP,2025-08-04,0.87112,0.8722,0.86868
EURGBP,2025-08-05,0.87066,0.87132,0.86796
EURGBP,2025-08-06,0.87314,0.8732,0.86966
EURGBP,2025-08-07,0.86809,0.87439,0.86636
EURGBP,2025-08-08,0.8659,0.8682,0.86532
EURGBP,2025-08-10,0.86644,0.86672,0.86581
EURGBP,2025-08-11,0.86474,0.86725,0.86419
EURGBP,2025-08-12,0.86473,0.86546,0.8618
EURGBP,2025-08-13,0.86214,0.86538,0.86185
EURGBP,2025-08-14,0.8611,0.8625,0.85966
EURGBP,2025-08-15,0.86352,0.86379,0.86058
EURGBP,2025-08-17,0.86356,0.86422,0.86336
EURGBP,2025-08-18,0.8638,0.86401,0.86188
EURGBP,2025-08-19,0.8633,0.86482,0.863
EURGBP,2025-08-20,0.8653,0.86673,0.86085
EURGBP,2025-08-21,0.86551,0.86662,0.8646
EURGBP,2025-08-22,0.86664,0.86722,0.86398
EURGBP,2025-08-24,0.86674,0.86732,0.86646
EURGBP,2025-08-25,0.86325,0.86712,0.86278
EURGBP,2025-08-26,0.86352,0.86496,0.86232
EURGBP,2025-08-27,0.86254,0.86402,0.86098
EURGBP,2025-08-28,0.86454,0.86487,0.86152
EURGBP,2025-08-29,0.86536,0.8674,0.86356
EURGBP,2025-08-31,0.86573,0.86658,0.86534
EURGBP,2025-09-01,0.8648,0.86703,0.8638
EURGBP,2025-09-02,0.86932,0.8713,0.86418
EURGBP,2025-09-03,0.86758,0.87116,0.86722
EURGBP,2025-09-04,0.86708,0.8681,0.86595
EURGBP,2025-09-05,0.86746,0.86874,0.8665
EURGBP,2025-09-07,0.86806,0.8683,0.86735
EURGBP,2025-09-08,0.86834,0.86844,0.86628
EURGBP,2025-09-09,0.86552,0.86844,0.86523
EURGBP,2025-09-10,0.86471,0.86556,0.86403
EURGBP,2025-09-11,0.86438,0.86627,0.86352
EURGBP,2025-09-12,0.8655,0.86648,0.86402
EURGBP,2025-09-14,0.8652,0.86601,0.86472
EURGBP,2025-09-15,0.86486,0.86542,0.86326
EURGBP,2025-09-16,0.86951,0.86972,0.86451
EURGBP,2025-09-17,0.86764,0.86954,0.86651
EURGBP,2025-09-18,0.86972,0.86999,0.86644
EURGBP,2025-09-19,0.872,0.87288,0.86901
EURGBP,2025-09-21,0.87177,0.8723,0.87146
EURGBP,2025-09-22,0.8732,0.87346,0.87088
EURGBP,2025-09-23,0.87363,0.87456,0.87173
EURGBP,2025-09-24,0.87308,0.87452,0.87228
EURGBP,2025-09-25,0.87451,0.87512,0.87229
EURGBP,2025-09-26,0.87312,0.87487,0.8721
EURGBP,2025-09-28,0.87302,0.8736,0.87298
EURGBP,2025-09-29,0.87316,0.87448,0.87154
EURGBP,2025-09-30,0.87294,0.87454,0.8723
EURGBP,2025-10-01,0.87052,0.8742,0.86896
EURGBP,2025-10-02,0.87198,0.87296,0.87019
EURGBP,2025-10-03,0.8712,0.87298,0.87072
EURGBP,2025-10-05,0.87196,0.87284,0.87146
EURGBP,2025-10-06,0.86839,0.87228,0.86736
EURGBP,2025-10-07,0.86829,0.87052,0.86773
EURGBP,2025-10-08,0.86785,0.86843,0.8656
EURGBP,2025-10-09,0.8694,0.86986,0.86747
EURGBP,2025-10-10,0.86997,0.87254,0.86916
EURGBP,2025-10-12,0.86998,0.87092,0.86894
EURGBP,2025-10-13,0.8675,0.87074,0.86735
EURGBP,2025-10-14,0.87102,0.87222,0.86668
EURGBP,2025-10-15,0.86888,0.87212,0.86838
EURGBP,2025-10-16,0.87022,0.87044,0.86644
EURGBP,2025-10-17,0.86795,0.8725,0.8678
EURGBP,2025-10-19,0.86838,0.8688,0.86782
EURGBP,2025-10-20,0.86869,0.86952,0.86762
EURGBP,2025-10-21,0.86791,0.86942,0.86702
EURGBP,2025-10-22,0.86943,0.87128,0.86758
EURGBP,2025-10-23,0.87174,0.87214,0.86819
EURGBP,2025-10-24,0.87334,0.87471,0.87058
EURGBP,2025-10-26,0.8731,0.87344,0.87274
EURGBP,2025-10-27,0.87336,0.87366,0.872
EURGBP,2025-10-28,0.8779,0.87898,0.87256
EURGBP,2025-10-29,0.87939,0.8818,0.87776
EURGBP,2025-10-30,0.8794,0.88133,0.87888
EURGBP,2025-10-31,0.87722,0.88178,0.87707
EURGBP,2025-11-02,0.87769,0.87829,0.87752
EURGBP,2025-11-03,0.87696,0.87838,0.87628
EURGBP,2025-11-04,0.88204,0.88214,0.87646
EURGBP,2025-11-05,0.88074,0.88299,0.87994
EURGBP,2025-11-06,0.87889,0.88187,0.87874
EURGBP,2025-11-07,0.87863,0.88162,0.87828
EURGBP,2025-11-09,0.8784,0.87875,0.87812
EURGBP,2025-11-10,0.87736,0.87946,0.8769
EURGBP,2025-11-11,0.88099,0.88132,0.87732
EURGBP,2025-11-12,0.88298,0.88386,0.88047
EURGBP,2025-11-13,0.88426,0.88487,0.88155
EURGBP,2025-11-14,0.88216,0.88654,0.8813
EURGBP,2025-11-16,0.88265,0.88347,0.88236
EURGBP,2025-11-17,0.88104,0.8829,0.87926
EURGBP,2025-11-18,0.88082,0.8824,0.8805
EURGBP,2025-11-19,0.88354,0.88407,0.88078
EURGBP,2025-11-20,0.88156,0.88369,0.87956
EURGBP,2025-11-21,0.87896,0.88314,0.87804
EURGBP,2025-11-23,0.8787,0.87906,0.87838
EURGBP,2025-11-24,0.87902,0.88201,0.87868
EURGBP,2025-11-25,0.87891,0.87989,0.87657
EURGBP,2025-11-26,0.87596,0.88183,0.87548
EURGBP,2025-11-27,0.87609,0.87705,0.87461
EURGBP,2025-11-28,0.87658,0.8773,0.87474
EURGBP,2025-11-30,0.87628,0.87698,0.87592
EURGBP,2025-12-01,0.8787,0.87938,0.87596
EURGBP,2025-12-02,0.87962,0.88019,0.87838
EURGBP,2025-12-03,0.87404,0.87992,0.87373
EURGBP,2025-12-04,0.87398,0.8754,0.87216
EURGBP,2025-12-05,0.8734,0.87418,0.87247
EURGBP,2025-12-07,0.87352,0.87384,0.87326
EURGBP,2025-12-08,0.8735,0.87526,0.87254
EURGBP,2025-12-09,0.87409,0.87474,0.87206
EURGBP,2025-12-10,0.87399,0.87514,0.87281
EURGBP,2025-12-11,0.87662,0.87709,0.87386
EURGBP,2025-12-12,0.878,0.87924,0.8761
EURGBP,2025-12-14,0.87802,0.87834,0.87704
EURGBP,2025-12-15,0.8785,0.87912,0.87708
EURGBP,2025-12-16,0.87516,0.87957,0.8747
EURGBP,2025-12-17,0.87798,0.87969,0.875
EURGBP,2025-12-18,0.87607,0.87875,0.87354
EURGBP,2025-12-19,0.87538,0.8774,0.87502
EURGBP,2025-12-21,0.87526,0.87576,0.87512
EURGBP,2025-12-22,0.87346,0.8754,0.87262
EURGBP,2025-12-23,0.87285,0.87374,0.87198
EURGBP,2025-12-24,0.87194,0.87316,0.8719
EURGBP,2025-12-25,0.87238,0.87278,0.87121
EURGBP,2025-12-26,0.872,0.87361,0.87165
EURGBP,2025-12-28,0.87222,0.87291,0.87182
EURGBP,2025-12-29,0.87146,0.87402,0.87096
EURGBP,2025-12-30,0.87224,0.87366,0.8703
EURGBP,2025-12-31,0.87176,0.87462,0.87153
EURGBP,2026-01-01,0.8721,0.87286,0.8717
EURGBP,2026-01-02,0.87075,0.87254,0.87006
EURGBP,2026-01-04,0.87106,0.87151,0.87027
EURGBP,2026-01-05,0.86568,0.8711,0.86538
EURGBP,2026-01-06,0.86575,0.86635,0.86444
EURGBP,2026-01-07,0.8676,0.86789,0.86539
EURGBP,2026-01-08,0.86767,0.86912,0.86705
EURGBP,2026-01-09,0.86814,0.86867,0.86668
EURGBP,2026-01-11,0.86787,0.86844,0.86773
EURGBP,2026-01-12,0.86644,0.86926,0.86626
EURGBP,2026-01-13,0.86716,0.86759,0.86518
EURGBP,2026-01-14,0.86646,0.86734,0.86572
EURGBP,2026-01-15,0.8676,0.8679,0.86532
EURGBP,2026-01-16,0.86697,0.868,0.86607
EURGBP,2026-01-18,0.86738,0.86783,0.86701
EURGBP,2026-01-19,0.86736,0.86862,0.86662
EURGBP,2026-01-20,0.87253,0.87315,0.86698
EURGBP,2026-01-21,0.86996,0.87458,0.86956
EURGBP,2026-01-22,0.8707,0.87332,0.8693
EURGBP,2026-01-23,0.86688,0.87091,0.86584
EURGBP,2026-01-25,0.86794,0.86973,0.86713
EURGBP,2026-01-26,0.8683,0.8687,0.86684
EURGBP,2026-01-27,0.86956,0.87168,0.86706
EURGBP,2026-01-28,0.8665,0.8697,0.86493
EURGBP,2026-01-29,0.86672,0.86712,0.86496
EURGBP,2026-01-30,0.86578,0.86754,0.86552
EURGBP,2026-02-01,0.8662,0.86665,0.86512
EURGBP,2026-02-02,0.86294,0.8674,0.86252
EURGBP,2026-02-03,0.86265,0.86367,0.86199
EURGBP,2026-02-04,0.86484,0.8651,0.86126
EURGBP,2026-02-05,0.87098,0.87212,0.86458
EURGBP,2026-02-06,0.86811,0.87136,0.8673
EURGBP,2026-02-08,0.869,0.8694,0.8683
EURGBP,2026-02-09,0.87001,0.87417,0.8686
EURGBP,2026-02-10,0.872,0.87222,0.8686
EURGBP,2026-02-11,0.87166,0.8724,0.8683
EURGBP,2026-02-12,0.87156,0.87176,0.86941
EURGBP,2026-02-13,0.8691,0.87215,0.8691
EURGBP,2026-02-15,0.86956,0.87014,0.86936
EURGBP,2026-02-16,0.86961,0.86999,0.86871
EURGBP,2026-02-17,0.87377,0.87491,0.86949
EURGBP,2026-02-18,0.87354,0.87388,0.87171
EURGBP,2026-02-19,0.87432,0.87518,0.87315
EURGBP,2026-02-20,0.87413,0.87488,0.87252
EURGBP,2026-02-22,0.87448,0.87496,0.8736
EURGBP,2026-02-23,0.87384,0.87496,0.8728
EURGBP,2026-02-24,0.87244,0.87433,0.87076
EURGBP,2026-02-25,0.87148,0.87318,0.87078
EURGBP,2026-02-26,0.87488,0.87582,0.87117
EURGBP,2026-02-27,0.8763,0.87894,0.8746
EURGBP,2026-03-01,0.8772,0.87796,0.87662
EURGBP,2026-03-02,0.8722,0.87876,0.87166
EURGBP,2026-03-03,0.86964,0.87396,0.86912
EURGBP,2026-03-04,0.87028,0.87128,0.86858
EURGBP,2026-03-05,0.86905,0.87122,0.86849
EURGBP,2026-03-06,0.86628,0.86924,0.86564
EURGBP,2026-03-08,0.86616,0.86636,0.86532
EURGBP,2026-03-09,0.86535,0.86772,0.8644
EURGBP,2026-03-10,0.86525,0.8661,0.86422
EURGBP,2026-03-11,0.86252,0.86575,0.86221
EURGBP,2026-03-12,0.86289,0.86371,0.86172
EURGBP,2026-03-13,0.86332,0.86544,0.862
EURGBP,2026-03-15,0.86326,0.86404,0.8626
EURGBP,2026-03-16,0.86374,0.86502,0.86254
EURGBP,2026-03-17,0.86386,0.86454,0.86324
EURGBP,2026-03-18,0.86422,0.86509,0.86282
EURGBP,2026-03-19,0.86234,0.8649,0.86118
EURGBP,2026-03-20,0.86734,0.86792,0.86148
EURGBP,2026-03-22,0.86707,0.86798,0.86634
EURGBP,2026-03-23,0.86462,0.86794,0.8631
EURGBP,2026-03-24,0.86572,0.866,0.86376
EURGBP,2026-03-25,0.86516,0.86682,0.86456
EURGBP,2026-03-26,0.86498,0.86625,0.86368
EURGBP,2026-03-27,0.86792,0.86802,0.86474
EURGBP,2026-03-29,0.86808,0.86842,0.86597
EURGBP,2026-03-30,0.86977,0.86986,0.86726
EURGBP,2026-03-31,0.87394,0.87428,0.86762
EURGBP,2026-04-01,0.87127,0.87424,0.8704
EURGBP,2026-04-02,0.87239,0.87343,0.87094
EURGBP,2026-04-03,0.87217,0.8736,0.87176
EURGBP,2026-04-05,0.87288,0.87357,0.87277
EURGBP,2026-04-06,0.87208,0.87299,0.87161
EURGBP,2026-04-07,0.87204,0.87409,0.87122
EURGBP,2026-04-08,0.87054,0.87246,0.86862
EURGBP,2026-04-09,0.8706,0.87136,0.87022
EURGBP,2026-04-10,0.87112,0.87191,0.87013
EURGBP,2026-04-12,0.87166,0.87186,0.87053
EURGBP,2026-04-13,0.87061,0.87222,0.86962
EURGBP,2026-04-14,0.86916,0.87142,0.86846
EURGBP,2026-04-15,0.86988,0.8703,0.86871
EURGBP,2026-04-16,0.87102,0.87128,0.869
EURGBP,2026-04-17,0.87024,0.87234,0.87006
EURGBP,2026-04-19,0.87067,0.87084,0.86968
EURGBP,2026-04-20,0.87092,0.87162,0.87006
EURGBP,2026-04-21,0.86934,0.87203,0.86928
EURGBP,2026-04-22,0.8671,0.86946,0.86665
EURGBP,2026-04-23,0.86763,0.86796,0.86536
EURGBP,2026-04-24,0.8662,0.8683,0.8658
EURGBP,2026-04-26,0.86624,0.86674,0.8659
EURGBP,2026-04-27,0.86596,0.86764,0.86553
EURGBP,2026-04-28,0.86648,0.86784,0.86536
EURGBP,2026-04-29,0.86629,0.86742,0.86608
EURGBP,2026-04-30,0.86233,0.86662,0.8622
EURGBP,2026-05-01,0.86346,0.86408,0.86202
EURGBP,2026-05-03,0.86338,0.86388,0.86295
EURGBP,2026-05-04,0.86406,0.86483,0.86296
EURGBP,2026-05-05,0.86343,0.86422,0.86234
EURGBP,2026-05-06,0.86438,0.86493,0.86278
EURGBP,2026-05-07,0.8654,0.86564,0.86366
EURGBP,2026-05-08,0.86452,0.86564,0.86387
EURGBP,2026-05-10,0.86562,0.86722,0.86556
EURGBP,2026-05-11,0.86579,0.86635,0.86298
EURGBP,2026-05-12,0.867,0.86977,0.86532
EURGBP,2026-05-13,0.86614,0.86766,0.86478
EURGBP,2026-05-14,0.87088,0.87176,0.86573
EURGBP,2026-05-15,0.8725,0.87294,0.8701
EURGBP,2026-05-17,0.8726,0.87298,0.87192
EURGBP,2026-05-18,0.86774,0.873,0.86654
EURGBP,2026-05-19,0.86644,0.8687,0.86562
EURGBP,2026-05-20,0.86533,0.86683,0.86428
EURGBP,2026-05-21,0.86496,0.86569,0.86397
EURGBP,2026-05-22,0.86385,0.86531,0.863
EURGBP,2026-05-24,0.86356,0.86519,0.86331
EURGBP,2026-05-25,0.86218,0.86366,0.8618
EURGBP,2026-05-26,0.86486,0.86506,0.86218
EURGBP,2026-05-27,0.86596,0.86672,0.86483
EURGBP,2026-05-28,0.86674,0.86741,0.86575
EURGBP,2026-05-29,0.86667,0.86818,0.8655
EURGBP,2026-05-31,0.86602,0.86666,0.8657
EURGBP,2026-06-01,0.86445,0.86622,0.86374
EURGBP,2026-06-02,0.86384,0.86502,0.86318
EURGBP,2026-06-03,0.86463,0.8648,0.86316
EURGBP,2026-06-04,0.86512,0.86565,0.86423
EURGBP,2026-06-05,0.8637,0.86552,0.86306
EURGBP,2026-06-07,0.86406,0.86433,0.86352
EURGBP,2026-06-08,0.8646,0.86516,0.86324
EURGBP,2026-06-09,0.86268,0.86474,0.86244
EURGBP,2026-06-10,0.86332,0.86341,0.86198
EURGBP,2026-06-11,0.86294,0.86444,0.86233
EURGBP,2026-06-12,0.86279,0.86368,0.86254
EURGBP,2026-06-14,0.86271,0.86472,0.86268
EURGBP,2026-06-15,0.86403,0.86521,0.86249
EURGBP,2026-06-16,0.86478,0.86514,0.86402
EURGBP,2026-06-17,0.86514,0.86604,0.86426
EURGBP,2026-06-18,0.86796,0.86824,0.86486
EURGBP,2026-06-19,0.86664,0.86812,0.86572
EURGBP,2026-06-21,0.86788,0.86898,0.86778
EURGBP,2026-06-22,0.86261,0.86798,0.86216
EURGBP,2026-06-23,0.86208,0.8635,0.8615
EURGBP,2026-06-24,0.8625,0.86291,0.86029
EURGBP,2026-06-25,0.86155,0.86265,0.86106
EURGBP,2026-06-26,0.86272,0.86516,0.8611
EURGBP,2026-06-28,0.86276,0.86326,0.86198
EURGBP,2026-06-29,0.86162,0.86325,0.86108
EURGBP,2026-06-30,0.86138,0.86244,0.86063
EURGBP,2026-07-01,0.85682,0.8618,0.85662
EURGBP,2026-07-02,0.85637,0.85745,0.85462
EURGBP,2026-07-03,0.85652,0.85744,0.85618
EURGBP,2026-07-05,0.85654,0.85693,0.85628
EURGBP,2026-07-06,0.85422,0.85691,0.85409
EURGBP,2026-07-07,0.85426,0.85546,0.8533
EURGBP,2026-07-08,0.85274,0.85553,0.85195
EURGBP,2026-07-09,0.85236,0.8541,0.85182
EURGBP,2026-07-10,0.85179,0.85258,0.85088
EURGBP,2026-07-12,0.85194,0.85216,0.8515
EURGBP,2026-07-13,0.85271,0.8541,0.85155
EURGBP,2026-07-14,0.85279,0.85448,0.85178
EURGBP,2026-07-15,0.84721,0.85346,0.8455
EURGBP,2026-07-16,0.84918,0.84932,0.84692
EURGBP,2026-07-17,0.85031,0.85145,0.84918
EURGBP,2026-07-19,0.84995,0.85038,0.84966
EURGBP,2026-07-20,0.84995,0.85082,0.84832
EURGBP,2026-07-21,0.85228,0.85387,0.84906
EURGBP,2026-07-22,0.8532,0.85402,0.85192
EURGBP,2026-07-23,0.85458,0.85482,0.85286
EURGBP,2026-07-24,0.85339,0.85542,0.85302
EURGBP,2026-07-26,0.85349,0.85471,0.85342
EURGBP,2026-07-27,0.85548,0.85599,0.85348
EURGBP,2026-07-28,0.85694,0.85724,0.85456
EURGBP,2026-07-29,0.85786,0.85857,0.85596
EURGBP,2026-07-30,0.85606,0.85864,0.8557
EURGBP,2026-07-31,0.8552,0.8566,0.85424
EURGBP,2026-08-02,0.85566,0.85636,0.85552
EURGBP,2026-08-03,0.85702,0.85736,0.85538
EURGBP,2026-08-04,0.85736,0.85757,0.85608
EURGBP,2026-08-05,0.85804,0.85837,0.85666
EURGBP,2026-08-06,0.85652,0.85822,0.85606
EURGBP,2026-08-07,0.85661,0.858,0.8563
EURGBP,2026-08-09,0.85669,0.85703,0.85655
EURGBP,2026-08-10,0.85458,0.85682,0.85366
EURGBP,2026-08-11,0.85448,0.85511,0.85394
EURGBP,2026-08-12,0.8541,0.85463,0.8532
EURGBP,2026-08-13,0.85498,0.8553,0.85386
EURGBP,2026-08-14,0.85488,0.85513,0.85402
EURGBP,2026-08-16,0.85438,0.85487,0.85396
EURGBP,2026-08-17,0.85478,0.85597,0.85426
EURGBP,2026-08-18,0.8552,0.856,0.85468
EURGBP,2026-08-19,0.85842,0.85848,0.85512
EURGBP,2026-08-20,0.85668,0.85852,0.85626
EURCAD,2024-09-20,1.5149,1.51631,1.51246
EURCAD,2024-09-22,1.51381,1.51457,1.51355
EURCAD,2024-09-23,1.5033,1.51395,1.50046
EURCAD,2024-09-24,1.50188,1.50588,1.50034
EURCAD,2024-09-25,1.50067,1.5069,1.4993
EURCAD,2024-09-26,1.50628,1.50675,1.49907
EURCAD,2024-09-27,1.50889,1.50985,1.50076
EURCAD,2024-09-29,1.50888,1.5095,1.5075
EURCAD,2024-09-30,1.50632,1.51516,1.50418
EURCAD,2024-10-01,1.49311,1.50721,1.49198
EURCAD,2024-10-02,1.49192,1.49405,1.48744
EURCAD,2024-10-03,1.4951,1.4956,1.49008
EURCAD,2024-10-04,1.48998,1.49684,1.48746
EURCAD,2024-10-06,1.48987,1.48996,1.4877
EURCAD,2024-10-07,1.4948,1.49602,1.48883
EURCAD,2024-10-08,1.49866,1.50008,1.49465
EURCAD,2024-10-09,1.49996,1.50048,1.49658
EURCAD,2024-10-10,1.50294,1.50595,1.49922
EURCAD,2024-10-11,1.5053,1.50821,1.50162
EURCAD,2024-10-13,1.50544,1.50607,1.5041
EURCAD,2024-10-14,1.50567,1.50803,1.50298
EURCAD,2024-10-15,1.4998,1.50962,1.49972
EURCAD,2024-10-16,1.49368,1.50231,1.49291
EURCAD,2024-10-17,1.494,1.49851,1.49014
EURCAD,2024-10-18,1.4997,1.50074,1.49378
EURCAD,2024-10-20,1.49982,1.50052,1.49898
EURCAD,2024-10-21,1.49618,1.50083,1.49546
EURCAD,2024-10-22,1.4918,1.49859,1.49164
EURCAD,2024-10-23,1.4916,1.49365,1.48921
EURCAD,2024-10-24,1.4995,1.5003,1.48867
EURCAD,2024-10-25,1.49976,1.50243,1.49793
EURCAD,2024-10-27,1.50018,1.50074,1.49836
EURCAD,2024-10-28,1.50235,1.50446,1.49874
EURCAD,2024-10-29,1.50558,1.50578,1.49723
EURCAD,2024-10-30,1.51014,1.51188,1.5053
EURCAD,2024-10-31,1.51668,1.51696,1.50896
EURCAD,2024-11-01,1.51166,1.51686,1.50997
EURCAD,2024-11-03,1.51359,1.51552,1.5134
EURCAD,2024-11-04,1.51157,1.51706,1.51148
EURCAD,2024-11-05,1.51266,1.51411,1.5098
EURCAD,2024-11-06,1.4967,1.51265,1.4862
EURCAD,2024-11-07,1.49716,1.50008,1.4916
EURCAD,2024-11-08,1.49104,1.49918,1.48825
EURCAD,2024-11-10,1.49023,1.49087,1.48952
EURCAD,2024-11-11,1.48429,1.49274,1.48158
EURCAD,2024-11-12,1.48048,1.48452,1.47794
EURCAD,2024-11-13,1.47828,1.48456,1.47617
EURCAD,2024-11-14,1.48062,1.48364,1.4712
EURCAD,2024-11-15,1.4849,1.48681,1.4804
EURCAD,2024-11-17,1.48416,1.48456,1.48336
EURCAD,2024-11-18,1.4856,1.48907,1.48316
EURCAD,2024-11-19,1.48027,1.48578,1.47665
EURCAD,2024-11-20,1.47302,1.48038,1.47184
EURCAD,2024-11-21,1.46402,1.47424,1.46114
EURCAD,2024-11-22,1.4567,1.46567,1.44862
EURCAD,2024-11-24,1.46013,1.46318,1.45974
EURCAD,2024-11-25,1.47239,1.47604,1.45939
EURCAD,2024-11-26,1.47436,1.48485,1.47168
EURCAD,2024-11-27,1.48136,1.48599,1.47324
EURCAD,2024-11-28,1.47924,1.48142,1.47503
EURCAD,2024-11-29,1.48139,1.48255,1.47699
EURCAD,2024-12-01,1.47756,1.47936,1.47657
EURCAD,2024-12-02,1.47495,1.47851,1.47236
EURCAD,2024-12-03,1.47822,1.4803,1.47238
EURCAD,2024-12-04,1.47921,1.48318,1.47376
EURCAD,2024-12-05,1.48414,1.48591,1.47874
EURCAD,2024-12-06,1.49632,1.49649,1.48337
EURCAD,2024-12-08,1.49478,1.49684,1.4946
EURCAD,2024-12-09,1.49601,1.49612,1.48996
EURCAD,2024-12-10,1.49277,1.49748,1.48738
EURCAD,2024-12-11,1.48629,1.4947,1.48212
EURCAD,2024-12-12,1.4889,1.49111,1.4836
EURCAD,2024-12-13,1.49512,1.49648,1.4877
EURCAD,2024-12-15,1.49506,1.49519,1.49272
EURCAD,2024-12-16,1.49702,1.49761,1.49314
EURCAD,2024-12-17,1.50175,1.50486,1.49656
EURCAD,2024-12-18,1.49678,1.50602,1.49308
EURCAD,2024-12-19,1.49276,1.50193,1.48762
EURCAD,2024-12-20,1.49916,1.49977,1.49114
EURCAD,2024-12-22,1.49818,1.50092,1.49808
EURCAD,2024-12-23,1.49537,1.50128,1.49418
EURCAD,2024-12-24,1.49294,1.49954,1.4914
EURCAD,2024-12-25,1.4925,1.4945,1.49234
EURCAD,2024-12-26,1.50175,1.50249,1.49227
EURCAD,2024-12-27,1.50284,1.5051,1.49864
EURCAD,2024-12-29,1.50202,1.50404,1.50192
EURCAD,2024-12-30,1.49324,1.5039,1.49122
EURCAD,2024-12-31,1.48912,1.49806,1.48819
EURCAD,2025-01-01,1.48782,1.4902,1.4875
EURCAD,2025-01-02,1.47899,1.49375,1.47604
EURCAD,2025-01-03,1.4894,1.48964,1.47698
EURCAD,2025-01-05,1.48791,1.48932,1.48776
EURCAD,2025-01-06,1.48906,1.49411,1.4833
EURCAD,2025-01-07,1.48561,1.49262,1.48436
EURCAD,2025-01-08,1.48262,1.48613,1.47927
EURCAD,2025-01-09,1.4829,1.48478,1.48035
EURCAD,2025-01-10,1.47734,1.48578,1.47434
EURCAD,2025-01-12,1.47655,1.47794,1.47626
EURCAD,2025-01-13,1.47436,1.47824,1.46849
EURCAD,2025-01-14,1.47912,1.48026,1.47265
EURCAD,2025-01-15,1.4746,1.48214,1.47274
EURCAD,2025-01-16,1.48288,1.48378,1.47428
EURCAD,2025-01-17,1.48722,1.4877,1.48078
EURCAD,2025-01-19,1.48767,1.48888,1.48706
EURCAD,2025-01-20,1.49047,1.49352,1.48649
EURCAD,2025-01-21,1.4923,1.50506,1.49001
EURCAD,2025-01-22,1.49814,1.49962,1.49124
EURCAD,2025-01-23,1.49752,1.50044,1.49364
EURCAD,2025-01-24,1.50552,1.50781,1.49666
EURCAD,2025-01-26,1.50587,1.50698,1.50529
EURCAD,2025-01-27,1.50349,1.513,1.50327
EURCAD,2025-01-28,1.5018,1.50428,1.49906
EURCAD,2025-01-29,1.50068,1.50618,1.49969
EURCAD,2025-01-30,1.50681,1.51736,1.49718
EURCAD,2025-01-31,1.50474,1.50917,1.49822
EURCAD,2025-02-02,1.50763,1.5126,1.50671
EURCAD,2025-02-03,1.48944,1.5123,1.48852
EURCAD,2025-02-04,1.48714,1.49452,1.4848
EURCAD,2025-02-05,1.48848,1.49067,1.48522
EURCAD,2025-02-06,1.48587,1.49115,1.48347
EURCAD,2025-02-07,1.47612,1.48847,1.4743
EURCAD,2025-02-09,1.47768,1.48059,1.47616
EURCAD,2025-02-10,1.47696,1.48156,1.47452
EURCAD,2025-02-11,1.48056,1.48246,1.47583
EURCAD,2025-02-12,1.48592,1.48742,1.47886
EURCAD,2025-02-13,1.48482,1.48986,1.4791
EURCAD,2025-02-14,1.48783,1.4892,1.48204
EURCAD,2025-02-16,1.4874,1.48828,1.48605
EURCAD,2025-02-17,1.4873,1.48859,1.48512
EURCAD,2025-02-18,1.4826,1.48795,1.48066
EURCAD,2025-02-19,1.48386,1.4844,1.4801
EURCAD,2025-02-20,1.48844,1.48891,1.4824
EURCAD,2025-02-21,1.48828,1.48968,1.48382
EURCAD,2025-02-23,1.48842,1.4915,1.48814
EURCAD,2025-02-24,1.49364,1.49381,1.48698
EURCAD,2025-02-25,1.50458,1.50562,1.49178
EURCAD,2025-02-26,1.50366,1.50956,1.50094
EURCAD,2025-02-27,1.50149,1.50654,1.50012
EURCAD,2025-02-28,1.50114,1.50439,1.49745
EURCAD,2025-03-02,1.5039,1.50493,1.50195
EURCAD,2025-03-03,1.51977,1.52314,1.50038
EURCAD,2025-03-04,1.52959,1.5375,1.51537
EURCAD,2025-03-05,1.54774,1.55392,1.5287
EURCAD,2025-03-06,1.54184,1.55686,1.54026
EURCAD,2025-03-07,1.5571,1.5654,1.54178
EURCAD,2025-03-09,1.56094,1.56167,1.55659
EURCAD,2025-03-10,1.56377,1.5666,1.55256
EURCAD,2025-03-11,1.5754,1.5858,1.56364
EURCAD,2025-03-12,1.5629,1.57807,1.56212
EURCAD,2025-03-13,1.56599,1.56975,1.55746
EURCAD,2025-03-14,1.56328,1.57394,1.56157
EURCAD,2025-03-16,1.56378,1.56512,1.5624
EURCAD,2025-03-17,1.5611,1.56624,1.5584
EURCAD,2025-03-18,1.56416,1.56728,1.55656
EURCAD,2025-03-19,1.56268,1.56546,1.55776
EURCAD,2025-03-20,1.5547,1.56388,1.55245
EURCAD,2025-03-21,1.55256,1.557,1.54986
EURCAD,2025-03-23,1.55314,1.55322,1.5502
EURCAD,2025-03-24,1.54656,1.55553,1.54198
EURCAD,2025-03-25,1.53986,1.54814,1.53946
EURCAD,2025-03-26,1.53539,1.54118,1.53296
EURCAD,2025-03-27,1.54526,1.54735,1.53506
EURCAD,2025-03-28,1.55058,1.55147,1.54164
EURCAD,2025-03-30,1.54884,1.55024,1.54732
EURCAD,2025-03-31,1.55671,1.55724,1.54883
EURCAD,2025-04-01,1.54291,1.5587,1.5428
EURCAD,2025-04-02,1.55012,1.55848,1.53886
EURCAD,2025-04-03,1.55549,1.5732,1.54954
EURCAD,2025-04-04,1.5598,1.57416,1.55264
EURCAD,2025-04-06,1.56431,1.56631,1.55062
EURCAD,2025-04-07,1.55415,1.57315,1.54986
EURCAD,2025-04-08,1.56496,1.56636,1.54307
EURCAD,2025-04-09,1.54418,1.57462,1.5409
EURCAD,2025-04-10,1.57062,1.57174,1.54166
EURCAD,2025-04-11,1.57512,1.59334,1.568
EURCAD,2025-04-13,1.57366,1.57407,1.56846
EURCAD,2025-04-14,1.57582,1.58168,1.56938
EURCAD,2025-04-15,1.57602,1.57758,1.5673
EURCAD,2025-04-16,1.5792,1.58534,1.57582
EURCAD,2025-04-17,1.57436,1.58024,1.56956
EURCAD,2025-04-18,1.57777,1.57998,1.57248
EURCAD,2025-04-20,1.58285,1.58377,1.57652
EURCAD,2025-04-21,1.59275,1.59614,1.58272
EURCAD,2025-04-22,1.57186,1.59448,1.56676
EURCAD,2025-04-23,1.5718,1.57941,1.56883
EURCAD,2025-04-24,1.5757,1.57992,1.57094
EURCAD,2025-04-25,1.57406,1.57882,1.57008
EURCAD,2025-04-27,1.57361,1.57606,1.57216
EURCAD,2025-04-28,1.57784,1.58191,1.5723
EURCAD,2025-04-29,1.57454,1.58104,1.57372
EURCAD,2025-04-30,1.56156,1.57555,1.56042
EURCAD,2025-05-01,1.5643,1.56594,1.55764
EURCAD,2025-05-02,1.56148,1.56913,1.55954
EURCAD,2025-05-04,1.56506,1.56532,1.55958
EURCAD,2025-05-05,1.56369,1.56932,1.56073
EURCAD,2025-05-06,1.56169,1.56742,1.5599
EURCAD,2025-05-07,1.56374,1.56858,1.5605
EURCAD,2025-05-08,1.56316,1.57114,1.56132
EURCAD,2025-05-09,1.56786,1.57261,1.56086
EURCAD,2025-05-11,1.5638,1.56461,1.55592
EURCAD,2025-05-12,1.55045,1.56648,1.54838
EURCAD,2025-05-13,1.55856,1.56165,1.55034
EURCAD,2025-05-14,1.5628,1.56752,1.5572
EURCAD,2025-05-15,1.56202,1.56939,1.56016
EURCAD,2025-05-16,1.55958,1.56476,1.55673
EURCAD,2025-05-18,1.56111,1.56246,1.56
EURCAD,2025-05-19,1.5678,1.57429,1.56062
EURCAD,2025-05-20,1.57002,1.57155,1.56388
EURCAD,2025-05-21,1.5706,1.57607,1.56677
EURCAD,2025-05-22,1.5636,1.5714,1.56094
EURCAD,2025-05-23,1.56048,1.5706,1.5578
EURCAD,2025-05-25,1.56246,1.56255,1.55912
EURCAD,2025-05-26,1.56435,1.56488,1.55967
EURCAD,2025-05-27,1.5656,1.56763,1.55938
EURCAD,2025-05-28,1.55553,1.56724,1.55365
EURCAD,2025-05-29,1.57076,1.57102,1.555
EURCAD,2025-05-30,1.55892,1.57228,1.55761
EURCAD,2025-06-01,1.5582,1.56001,1.55804
EURCAD,2025-06-02,1.57028,1.57053,1.55822
EURCAD,2025-06-03,1.5613,1.57084,1.55954
EURCAD,2025-06-04,1.56238,1.56414,1.55898
EURCAD,2025-06-05,1.5654,1.56828,1.55884
EURCAD,2025-06-06,1.56066,1.5655,1.55738
EURCAD,2025-06-08,1.56179,1.5626,1.56014
EURCAD,2025-06-09,1.56541,1.56553,1.55872
EURCAD,2025-06-10,1.56331,1.56677,1.56098
EURCAD,2025-06-11,1.57286,1.57286,1.56008
EURCAD,2025-06-12,1.57826,1.58446,1.57108
EURCAD,2025-06-13,1.569,1.5789,1.56707
EURCAD,2025-06-15,1.56715,1.5685,1.56627
EURCAD,2025-06-16,1.56813,1.57335,1.56694
EURCAD,2025-06-17,1.57127,1.57168,1.56453
EURCAD,2025-06-18,1.57161,1.57769,1.56922
EURCAD,2025-06-19,1.57653,1.57681,1.57028
EURCAD,2025-06-20,1.58222,1.58502,1.57595
EURCAD,2025-06-22,1.58014,1.58114,1.57548
EURCAD,2025-06-23,1.59243,1.59314,1.57919
EURCAD,2025-06-24,1.59388,1.59515,1.58753
EURCAD,2025-06-25,1.6019,1.60214,1.59127
EURCAD,2025-06-26,1.59522,1.6065,1.5938
EURCAD,2025-06-27,1.6032,1.60924,1.59432
EURCAD,2025-06-29,1.60449,1.60634,1.6042
EURCAD,2025-06-30,1.60371,1.6059,1.59988
EURCAD,2025-07-01,1.61048,1.611,1.60151
EURCAD,2025-07-02,1.60323,1.61066,1.602
EURCAD,2025-07-03,1.59766,1.60499,1.59292
EURCAD,2025-07-04,1.60184,1.60356,1.59615
EURCAD,2025-07-06,1.60248,1.60396,1.60162
EURCAD,2025-07-07,1.6038,1.60534,1.59788
EURCAD,2025-07-08,1.60241,1.60496,1.599
EURCAD,2025-07-09,1.60628,1.60647,1.60102
EURCAD,2025-07-10,1.5979,1.60718,1.59708
EURCAD,2025-07-11,1.6004,1.60318,1.59652
EURCAD,2025-07-13,1.59897,1.60028,1.59724
EURCAD,2025-07-14,1.59885,1.6009,1.59631
EURCAD,2025-07-15,1.59208,1.60134,1.59036
EURCAD,2025-07-16,1.59268,1.60388,1.58973
EURCAD,2025-07-17,1.59543,1.59658,1.58879
EURCAD,2025-07-18,1.59546,1.59958,1.59484
EURCAD,2025-07-20,1.59598,1.59662,1.5949
EURCAD,2025-07-21,1.59936,1.60296,1.59473
EURCAD,2025-07-22,1.59688,1.60136,1.59682
EURCAD,2025-07-23,1.60126,1.602,1.59198
EURCAD,2025-07-24,1.60334,1.60594,1.59758
EURCAD,2025-07-25,1.60884,1.61037,1.60173
EURCAD,2025-07-27,1.61078,1.61249,1.60994
EURCAD,2025-07-28,1.59268,1.6117,1.59072
EURCAD,2025-07-29,1.59104,1.59324,1.58528
EURCAD,2025-07-30,1.57993,1.59248,1.57672
EURCAD,2025-07-31,1.5829,1.58494,1.57754
EURCAD,2025-08-01,1.59772,1.5985,1.58044
EURCAD,2025-08-03,1.59652,1.59866,1.59564
EURCAD,2025-08-04,1.59496,1.59663,1.59176
EURCAD,2025-08-05,1.59451,1.59634,1.5899
EURCAD,2025-08-06,1.60229,1.60315,1.59308
EURCAD,2025-08-07,1.60352,1.60538,1.59798
EURCAD,2025-08-08,1.60137,1.60447,1.59692
EURCAD,2025-08-10,1.6019,1.60266,1.60131
EURCAD,2025-08-11,1.60008,1.60524,1.5985
EURCAD,2025-08-12,1.60799,1.60885,1.59962
EURCAD,2025-08-13,1.61054,1.61346,1.60773
EURCAD,2025-08-14,1.60932,1.61131,1.60655
EURCAD,2025-08-15,1.61738,1.61754,1.60885
EURCAD,2025-08-17,1.61724,1.61843,1.61686
EURCAD,2025-08-18,1.61048,1.61729,1.60896
EURCAD,2025-08-19,1.61422,1.61742,1.60802
EURCAD,2025-08-20,1.61632,1.61838,1.6123
EURCAD,2025-08-21,1.61424,1.61847,1.61255
EURCAD,2025-08-22,1.62086,1.62258,1.61164
EURCAD,2025-08-24,1.61918,1.62148,1.61918
EURCAD,2025-08-25,1.60962,1.62044,1.60823
EURCAD,2025-08-26,1.60988,1.61442,1.60863
EURCAD,2025-08-27,1.6049,1.61016,1.60289
EURCAD,2025-08-28,1.6061,1.60833,1.60273
EURCAD,2025-08-29,1.60602,1.60778,1.60284
EURCAD,2025-08-31,1.6061,1.6069,1.60568
EURCAD,2025-09-01,1.61055,1.61252,1.60593
EURCAD,2025-09-02,1.60348,1.6108,1.60138
EURCAD,2025-09-03,1.60822,1.61046,1.60252
EURCAD,2025-09-04,1.61042,1.61137,1.60748
EURCAD,2025-09-05,1.62036,1.62578,1.60986
EURCAD,2025-09-07,1.62039,1.62225,1.62006
EURCAD,2025-09-08,1.62353,1.62484,1.61797
EURCAD,2025-09-09,1.62032,1.62586,1.61985
EURCAD,2025-09-10,1.62184,1.62447,1.61917
EURCAD,2025-09-11,1.62324,1.62694,1.6195
EURCAD,2025-09-12,1.62482,1.62526,1.62082
EURCAD,2025-09-14,1.62272,1.62427,1.6227
EURCAD,2025-09-15,1.62032,1.62766,1.61978
EURCAD,2025-09-16,1.63092,1.63182,1.61968
EURCAD,2025-09-17,1.6282,1.63602,1.62628
EURCAD,2025-09-18,1.62587,1.63138,1.62213
EURCAD,2025-09-19,1.6185,1.62646,1.617
EURCAD,2025-09-21,1.61752,1.61926,1.61744
EURCAD,2025-09-22,1.63144,1.63201,1.61704
EURCAD,2025-09-23,1.63506,1.63588,1.62929
EURCAD,2025-09-24,1.6315,1.63508,1.62809
EURCAD,2025-09-25,1.62582,1.63301,1.62394
EURCAD,2025-09-26,1.63146,1.63188,1.62558
EURCAD,2025-09-28,1.63148,1.6325,1.63066
EURCAD,2025-09-29,1.63258,1.6372,1.63013
EURCAD,2025-09-30,1.63385,1.63706,1.63041
EURCAD,2025-10-01,1.63542,1.63862,1.63269
EURCAD,2025-10-02,1.63683,1.63913,1.63382
EURCAD,2025-10-03,1.63807,1.64038,1.636
EURCAD,2025-10-05,1.63552,1.63745,1.63468
EURCAD,2025-10-06,1.63284,1.63641,1.62618
EURCAD,2025-10-07,1.62588,1.63323,1.62529
EURCAD,2025-10-08,1.62257,1.62598,1.61887
EURCAD,2025-10-09,1.6215,1.62354,1.6179
EURCAD,2025-10-10,1.62743,1.6287,1.61736
EURCAD,2025-10-12,1.62408,1.62567,1.62268
EURCAD,2025-10-13,1.62374,1.62725,1.62004
EURCAD,2025-10-14,1.62973,1.6311,1.62203
EURCAD,2025-10-15,1.63563,1.63608,1.62956
EURCAD,2025-10-16,1.64322,1.64338,1.63412
EURCAD,2025-10-17,1.6337,1.6468,1.63349
EURCAD,2025-10-19,1.63394,1.63572,1.63294
EURCAD,2025-10-20,1.63402,1.63747,1.63326
EURCAD,2025-10-21,1.6262,1.63543,1.62568
EURCAD,2025-10-22,1.6236,1.62674,1.62152
EURCAD,2025-10-23,1.62487,1.6257,1.62129
EURCAD,2025-10-24,1.62704,1.63292,1.62423
EURCAD,2025-10-26,1.62766,1.63026,1.62648
EURCAD,2025-10-27,1.63012,1.63026,1.62376
EURCAD,2025-10-28,1.62488,1.63267,1.62363
EURCAD,2025-10-29,1.6174,1.62526,1.61466
EURCAD,2025-10-30,1.61784,1.62171,1.61583
EURCAD,2025-10-31,1.61592,1.62182,1.61404
EURCAD,2025-11-02,1.61556,1.61683,1.61518
EURCAD,2025-11-03,1.61896,1.6215,1.6146
EURCAD,2025-11-04,1.61953,1.62176,1.61616
EURCAD,2025-11-05,1.62098,1.62459,1.61916
EURCAD,2025-11-06,1.62964,1.6311,1.621
EURCAD,2025-11-07,1.62449,1.63136,1.6221
EURCAD,2025-11-09,1.62123,1.62492,1.62104
EURCAD,2025-11-10,1.62089,1.62342,1.61935
EURCAD,2025-11-11,1.62397,1.62564,1.62002
EURCAD,2025-11-12,1.62372,1.62422,1.6209
EURCAD,2025-11-13,1.63245,1.63414,1.62169
EURCAD,2025-11-14,1.62998,1.63388,1.62792
EURCAD,2025-11-16,1.62817,1.6305,1.62806
EURCAD,2025-11-17,1.62847,1.6294,1.62507
EURCAD,2025-11-18,1.6195,1.63106,1.61748
EURCAD,2025-11-19,1.6204,1.62348,1.61842
EURCAD,2025-11-20,1.6252,1.627,1.61788
EURCAD,2025-11-21,1.62368,1.62811,1.62106
EURCAD,2025-11-23,1.62196,1.62427,1.6218
EURCAD,2025-11-24,1.62542,1.62916,1.62196
EURCAD,2025-11-25,1.63107,1.6335,1.62534
EURCAD,2025-11-26,1.62856,1.63185,1.62712
EURCAD,2025-11-27,1.62693,1.62954,1.6255
EURCAD,2025-11-28,1.62102,1.62724,1.61689
EURCAD,2025-11-30,1.62067,1.62154,1.62013
EURCAD,2025-12-01,1.62508,1.62624,1.62054
EURCAD,2025-12-02,1.62438,1.62726,1.62162
EURCAD,2025-12-03,1.62764,1.62886,1.62428
EURCAD,2025-12-04,1.62532,1.63189,1.62464
EURCAD,2025-12-05,1.6088,1.62724,1.60862
EURCAD,2025-12-07,1.61041,1.6108,1.60933
EURCAD,2025-12-08,1.61203,1.6129,1.60657
EURCAD,2025-12-09,1.60994,1.61404,1.60816
EURCAD,2025-12-10,1.61338,1.61448,1.6097
EURCAD,2025-12-11,1.61736,1.6194,1.61299
EURCAD,2025-12-12,1.61671,1.61932,1.6126
EURCAD,2025-12-14,1.61594,1.6169,1.6155
EURCAD,2025-12-15,1.61837,1.61964,1.61384
EURCAD,2025-12-16,1.61614,1.62156,1.6147
EURCAD,2025-12-17,1.61826,1.62078,1.61292
EURCAD,2025-12-18,1.61534,1.61902,1.61332
EURCAD,2025-12-19,1.616,1.61686,1.61304
EURCAD,2025-12-21,1.61494,1.61768,1.61463
EURCAD,2025-12-22,1.6171,1.61798,1.61395
EURCAD,2025-12-23,1.61414,1.61794,1.61236
EURCAD,2025-12-24,1.611,1.61496,1.60953
EURCAD,2025-12-25,1.61132,1.61226,1.61059
EURCAD,2025-12-26,1.60937,1.61291,1.60742
EURCAD,2025-12-28,1.60911,1.60995,1.60772
EURCAD,2025-12-29,1.61116,1.61364,1.60697
EURCAD,2025-12-30,1.60838,1.61254,1.60824
EURCAD,2025-12-31,1.61196,1.61307,1.60614
EURCAD,2026-01-01,1.61188,1.61237,1.61156
EURCAD,2026-01-02,1.60939,1.61318,1.60726
EURCAD,2026-01-04,1.60912,1.61135,1.60816
EURCAD,2026-01-05,1.61342,1.61446,1.6064
EURCAD,2026-01-06,1.61468,1.61542,1.61058
EURCAD,2026-01-07,1.618,1.61854,1.61195
EURCAD,2026-01-08,1.61629,1.62114,1.61472
EURCAD,2026-01-09,1.61908,1.61914,1.61444
EURCAD,2026-01-11,1.61714,1.61922,1.61708
EURCAD,2026-01-12,1.61901,1.62271,1.61703
EURCAD,2026-01-13,1.6167,1.61992,1.6161
EURCAD,2026-01-14,1.61692,1.61885,1.6142
EURCAD,2026-01-15,1.61256,1.61836,1.61137
EURCAD,2026-01-16,1.61405,1.61577,1.61194
EURCAD,2026-01-18,1.61578,1.6163,1.61089
EURCAD,2026-01-19,1.61484,1.61692,1.61327
EURCAD,2026-01-20,1.62228,1.62636,1.61425
EURCAD,2026-01-21,1.61584,1.62242,1.61448
EURCAD,2026-01-22,1.6202,1.6209,1.61482
EURCAD,2026-01-23,1.62096,1.62114,1.61434
EURCAD,2026-01-25,1.62492,1.62945,1.62348
EURCAD,2026-01-26,1.62836,1.62994,1.62047
EURCAD,2026-01-27,1.63424,1.63942,1.62608
EURCAD,2026-01-28,1.62178,1.63468,1.61787
EURCAD,2026-01-29,1.61453,1.62203,1.61262
EURCAD,2026-01-30,1.61392,1.6149,1.60756
EURCAD,2026-02-01,1.61562,1.61724,1.61265
EURCAD,2026-02-02,1.61326,1.62024,1.61125
EURCAD,2026-02-03,1.61167,1.61578,1.61067
EURCAD,2026-02-04,1.61319,1.61558,1.61124
EURCAD,2026-02-05,1.61474,1.61567,1.61122
EURCAD,2026-02-06,1.61588,1.61624,1.61026
EURCAD,2026-02-08,1.61534,1.61593,1.6141
EURCAD,2026-02-09,1.61424,1.62031,1.61406
EURCAD,2026-02-10,1.61118,1.61645,1.60991
EURCAD,2026-02-11,1.61186,1.6148,1.6091
EURCAD,2026-02-12,1.61564,1.61794,1.61052
EURCAD,2026-02-13,1.61614,1.61782,1.61336
EURCAD,2026-02-15,1.61593,1.61709,1.61557
EURCAD,2026-02-16,1.61594,1.61652,1.6139
EURCAD,2026-02-17,1.6163,1.61732,1.61375
EURCAD,2026-02-18,1.61448,1.61723,1.61344
EURCAD,2026-02-19,1.61083,1.61588,1.60923
EURCAD,2026-02-20,1.61184,1.61454,1.60846
EURCAD,2026-02-22,1.61516,1.61577,1.61268
EURCAD,2026-02-23,1.61494,1.61672,1.61232
EURCAD,2026-02-24,1.61337,1.61626,1.61272
EURCAD,2026-02-25,1.61566,1.61658,1.61273
EURCAD,2026-02-26,1.61422,1.61712,1.61241
EURCAD,2026-02-27,1.61202,1.61577,1.60994
EURCAD,2026-03-01,1.60732,1.60888,1.60565
EURCAD,2026-03-02,1.59886,1.60936,1.59767
EURCAD,2026-03-03,1.5878,1.59939,1.5837
EURCAD,2026-03-04,1.58731,1.59285,1.58446
EURCAD,2026-03-05,1.5868,1.58806,1.58136
EURCAD,2026-03-06,1.57581,1.58718,1.5754
EURCAD,2026-03-08,1.56738,1.57226,1.56226
EURCAD,2026-03-09,1.57836,1.5812,1.5613
EURCAD,2026-03-10,1.57716,1.58354,1.57521
EURCAD,2026-03-11,1.56992,1.57948,1.56938
EURCAD,2026-03-12,1.57058,1.57186,1.56676
EURCAD,2026-03-13,1.56635,1.5748,1.5621
EURCAD,2026-03-15,1.56808,1.5693,1.56643
EURCAD,2026-03-16,1.57373,1.5761,1.56552
EURCAD,2026-03-17,1.57969,1.58193,1.57047
EURCAD,2026-03-18,1.57388,1.58272,1.57228
EURCAD,2026-03-19,1.59027,1.5931,1.57182
EURCAD,2026-03-20,1.588,1.59064,1.58198
EURCAD,2026-03-22,1.58506,1.58693,1.58266
EURCAD,2026-03-23,1.5938,1.59611,1.57922
EURCAD,2026-03-24,1.59783,1.5989,1.59031
EURCAD,2026-03-25,1.59698,1.60158,1.59436
EURCAD,2026-03-26,1.59788,1.59962,1.59473
EURCAD,2026-03-27,1.5994,1.60136,1.5939
EURCAD,2026-03-29,1.59732,1.59845,1.59656
EURCAD,2026-03-30,1.59569,1.6006,1.59363
EURCAD,2026-03-31,1.60884,1.6102,1.59518
EURCAD,2026-04-01,1.60827,1.61464,1.60685
EURCAD,2026-04-02,1.60624,1.60952,1.6023
EURCAD,2026-04-03,1.60685,1.6083,1.60497
EURCAD,2026-04-05,1.60512,1.60645,1.60464
EURCAD,2026-04-06,1.60556,1.61039,1.6048
EURCAD,2026-04-07,1.61762,1.61864,1.60506
EURCAD,2026-04-08,1.61474,1.6231,1.61352
EURCAD,2026-04-09,1.61606,1.61936,1.61349
EURCAD,2026-04-10,1.62314,1.62371,1.61551
EURCAD,2026-04-12,1.61963,1.61992,1.61741
EURCAD,2026-04-13,1.62218,1.62246,1.61608
EURCAD,2026-04-14,1.62419,1.62488,1.6208
EURCAD,2026-04-15,1.62106,1.6247,1.61954
EURCAD,2026-04-16,1.61408,1.62134,1.61285
EURCAD,2026-04-17,1.61086,1.61837,1.60968
EURCAD,2026-04-19,1.60889,1.60958,1.60645
EURCAD,2026-04-20,1.60785,1.61196,1.6069
EURCAD,2026-04-21,1.604,1.60794,1.60252
EURCAD,2026-04-22,1.59998,1.6051,1.59937
EURCAD,2026-04-23,1.60048,1.60245,1.59661
EURCAD,2026-04-24,1.60189,1.60393,1.59942
EURCAD,2026-04-26,1.60108,1.60188,1.59987
EURCAD,2026-04-27,1.59688,1.60284,1.59616
EURCAD,2026-04-28,1.60274,1.60322,1.59396
EURCAD,2026-04-29,1.5973,1.60284,1.59626
EURCAD,2026-04-30,1.59274,1.60046,1.59257
EURCAD,2026-05-01,1.59324,1.5989,1.59172
EURCAD,2026-05-03,1.59334,1.5965,1.59326
EURCAD,2026-05-04,1.59245,1.59546,1.59036
EURCAD,2026-05-05,1.59372,1.59467,1.59067
EURCAD,2026-05-06,1.60193,1.60298,1.59332
EURCAD,2026-05-07,1.60245,1.60576,1.60031
EURCAD,2026-05-08,1.61182,1.61497,1.60175
EURCAD,2026-05-10,1.61014,1.61106,1.6079
EURCAD,2026-05-11,1.61112,1.61196,1.60764
EURCAD,2026-05-12,1.60736,1.61124,1.60732
EURCAD,2026-05-13,1.6055,1.6076,1.60214
EURCAD,2026-05-14,1.60053,1.60658,1.60026
EURCAD,2026-05-15,1.59829,1.60195,1.59718
EURCAD,2026-05-17,1.59828,1.59876,1.59766
EURCAD,2026-05-18,1.6012,1.60239,1.59739
EURCAD,2026-05-19,1.59577,1.60155,1.5949
EURCAD,2026-05-20,1.59799,1.59928,1.59475
EURCAD,2026-05-21,1.60054,1.60204,1.5959
EURCAD,2026-05-22,1.60348,1.60448,1.59952
EURCAD,2026-05-24,1.60686,1.60769,1.60612
EURCAD,2026-05-25,1.60642,1.6087,1.60592
EURCAD,2026-05-26,1.60676,1.60798,1.60392
EURCAD,2026-05-27,1.60822,1.61226,1.60657
EURCAD,2026-05-28,1.60607,1.61232,1.60459
EURCAD,2026-05-29,1.60883,1.6107,1.60434
EURCAD,2026-05-31,1.60712,1.60931,1.60657
EURCAD,2026-06-01,1.61044,1.61207,1.60684
EURCAD,2026-06-02,1.60898,1.61338,1.60724
EURCAD,2026-06-03,1.61274,1.61298,1.608
EURCAD,2026-06-04,1.61488,1.61776,1.61222
EURCAD,2026-06-05,1.60628,1.61672,1.60575
EURCAD,2026-06-07,1.60672,1.60676,1.60442
EURCAD,2026-06-08,1.60906,1.61079,1.6045
EURCAD,2026-06-09,1.60954,1.61388,1.60816
EURCAD,2026-06-10,1.60868,1.61129,1.60693
EURCAD,2026-06-11,1.61738,1.61768,1.60862
EURCAD,2026-06-12,1.61806,1.62003,1.61616
EURCAD,2026-06-14,1.6202,1.62244,1.61899
EURCAD,2026-06-15,1.62188,1.62442,1.62011
EURCAD,2026-06-16,1.62472,1.62578,1.62148
EURCAD,2026-06-17,1.62271,1.62706,1.61999
EURCAD,2026-06-18,1.6203,1.62605,1.61847
EURCAD,2026-06-19,1.62332,1.6271,1.6162
EURCAD,2026-06-21,1.62472,1.62527,1.6232
EURCAD,2026-06-22,1.61785,1.62586,1.61706
EURCAD,2026-06-23,1.61692,1.62088,1.61467
EURCAD,2026-06-24,1.61611,1.61748,1.61268
EURCAD,2026-06-25,1.61341,1.61824,1.61322
EURCAD,2026-06-26,1.61626,1.62076,1.61238
EURCAD,2026-06-28,1.61553,1.61678,1.61514
EURCAD,2026-06-29,1.62282,1.62399,1.61526
EURCAD,2026-06-30,1.62152,1.62351,1.62006
EURCAD,2026-07-01,1.61759,1.62208,1.61654
EURCAD,2026-07-02,1.62088,1.62373,1.6173
EURCAD,2026-07-03,1.62414,1.62613,1.62073
EURCAD,2026-07-05,1.6245,1.62476,1.62359
EURCAD,2026-07-06,1.62558,1.62636,1.62246
EURCAD,2026-07-07,1.6195,1.6268,1.6192
EURCAD,2026-07-08,1.61802,1.62052,1.6146
EURCAD,2026-07-09,1.61973,1.6223,1.6178
EURCAD,2026-07-10,1.61587,1.62077,1.61414
EURCAD,2026-07-12,1.61525,1.61549,1.61364
EURCAD,2026-07-13,1.61062,1.61766,1.6104
EURCAD,2026-07-14,1.60532,1.61278,1.60504
EURCAD,2026-07-15,1.60996,1.6107,1.60478
EURCAD,2026-07-16,1.60667,1.61153,1.60424
EURCAD,2026-07-17,1.60375,1.60694,1.60119
EURCAD,2026-07-19,1.60206,1.60278,1.60136
EURCAD,2026-07-20,1.60637,1.60788,1.60152
EURCAD,2026-07-21,1.6083,1.60912,1.60539
EURCAD,2026-07-22,1.60722,1.60923,1.60656
EURCAD,2026-07-23,1.60239,1.60801,1.60034
EURCAD,2026-07-24,1.60252,1.6046,1.60138
EURCAD,2026-07-26,1.60512,1.60552,1.60441
EURCAD,2026-07-27,1.60583,1.60917,1.60364
EURCAD,2026-07-28,1.60615,1.60708,1.60256
EURCAD,2026-07-29,1.60938,1.61134,1.60306
EURCAD,2026-07-30,1.61462,1.61574,1.60799
EURCAD,2026-07-31,1.61596,1.61795,1.60712
EURCAD,2026-08-02,1.61765,1.61908,1.61719
EURCAD,2026-08-03,1.61632,1.61949,1.61506
EURCAD,2026-08-04,1.62201,1.62248,1.61508
EURCAD,2026-08-05,1.619,1.62486,1.61798
EURCAD,2026-08-06,1.61489,1.619,1.61414
EURCAD,2026-08-07,1.61124,1.61791,1.6097
EURCAD,2026-08-09,1.61224,1.61357,1.61114
EURCAD,2026-08-10,1.60874,1.613,1.60832
EURCAD,2026-08-11,1.60688,1.60948,1.60568
EURCAD,2026-08-12,1.60689,1.609,1.60608
EURCAD,2026-08-13,1.60634,1.60958,1.60548
EURCAD,2026-08-14,1.60531,1.60758,1.60397
EURCAD,2026-08-16,1.60548,1.60562,1.60448
EURCAD,2026-08-17,1.60656,1.60888,1.60517
EURCAD,2026-08-18,1.6089,1.61014,1.60442
EURCAD,2026-08-19,1.61208,1.6136,1.60694
EURCAD,2026-08-20,1.61072,1.61231,1.60806
GBPUSD,2024-09-20,1.33223,1.33406,1.3268
GBPUSD,2024-09-22,1.33122,1.33232,1.33121
GBPUSD,2024-09-23,1.33488,1.33596,1.32486
GBPUSD,2024-09-24,1.34269,1.3428,1.33318
GBPUSD,2024-09-25,1.3314,1.343,1.33124
GBPUSD,2024-09-26,1.34106,1.34343,1.33127
GBPUSD,2024-09-27,1.33725,1.34278,1.33599
GBPUSD,2024-09-29,1.33828,1.33838,1.33732
GBPUSD,2024-09-30,1.33776,1.34232,1.33502
GBPUSD,2024-10-01,1.32745,1.33898,1.32374
GBPUSD,2024-10-02,1.32628,1.33057,1.32458
GBPUSD,2024-10-03,1.31286,1.32654,1.3092
GBPUSD,2024-10-04,1.31266,1.3175,1.30698
GBPUSD,2024-10-06,1.3123,1.3125,1.31069
GBPUSD,2024-10-07,1.30844,1.31346,1.30593
GBPUSD,2024-10-08,1.30932,1.31136,1.30642
GBPUSD,2024-10-09,1.30666,1.31031,1.30556
GBPUSD,2024-10-10,1.30614,1.30939,1.30205
GBPUSD,2024-10-11,1.30671,1.30832,1.30418
GBPUSD,2024-10-13,1.30484,1.30702,1.30466
GBPUSD,2024-10-14,1.30673,1.3072,1.30303
GBPUSD,2024-10-15,1.3065,1.3103,1.30358
GBPUSD,2024-10-16,1.2991,1.30776,1.29768
GBPUSD,2024-10-17,1.30148,1.30234,1.29738
GBPUSD,2024-10-18,1.3051,1.30713,1.30112
GBPUSD,2024-10-20,1.3052,1.3058,1.30432
GBPUSD,2024-10-21,1.29828,1.30534,1.29771
GBPUSD,2024-10-22,1.29808,1.30153,1.29445
GBPUSD,2024-10-23,1.29154,1.29952,1.29074
GBPUSD,2024-10-24,1.29718,1.29882,1.29118
GBPUSD,2024-10-25,1.2962,1.29987,1.29558
GBPUSD,2024-10-27,1.29573,1.29691,1.29561
GBPUSD,2024-10-28,1.29746,1.30016,1.29397
GBPUSD,2024-10-29,1.30112,1.30172,1.29582
GBPUSD,2024-10-30,1.29581,1.30435,1.29369
GBPUSD,2024-10-31,1.28969,1.29998,1.28438
GBPUSD,2024-11-01,1.2919,1.29804,1.28846
GBPUSD,2024-11-03,1.29529,1.29722,1.295
GBPUSD,2024-11-04,1.2954,1.2999,1.29344
GBPUSD,2024-11-05,1.30426,1.3048,1.29482
GBPUSD,2024-11-06,1.28825,1.30442,1.2834
GBPUSD,2024-11-07,1.29832,1.30094,1.28758
GBPUSD,2024-11-08,1.29195,1.29844,1.28836
GBPUSD,2024-11-10,1.29154,1.29178,1.28998
GBPUSD,2024-11-11,1.28738,1.2926,1.28559
GBPUSD,2024-11-12,1.27372,1.28738,1.27192
GBPUSD,2024-11-13,1.27072,1.277,1.26866
GBPUSD,2024-11-14,1.26673,1.27204,1.26297
GBPUSD,2024-11-15,1.26201,1.26972,1.25973
GBPUSD,2024-11-17,1.26192,1.26277,1.26085
GBPUSD,2024-11-18,1.26788,1.26868,1.26132
GBPUSD,2024-11-19,1.26942,1.26944,1.26133
GBPUSD,2024-11-20,1.26556,1.27149,1.26309
GBPUSD,2024-11-21,1.25851,1.26604,1.25763
GBPUSD,2024-11-22,1.25321,1.25944,1.24872
GBPUSD,2024-11-24,1.25933,1.25974,1.25723
GBPUSD,2024-11-25,1.2532,1.26134,1.25297
GBPUSD,2024-11-26,1.25739,1.26165,1.25072
GBPUSD,2024-11-27,1.26774,1.26949,1.25668
GBPUSD,2024-11-28,1.26954,1.2696,1.26452
GBPUSD,2024-11-29,1.27372,1.27503,1.26718
GBPUSD,2024-12-01,1.27016,1.2736,1.2696
GBPUSD,2024-12-02,1.26588,1.27229,1.26172
GBPUSD,2024-12-03,1.2674,1.26998,1.26366
GBPUSD,2024-12-04,1.2701,1.27218,1.263
GBPUSD,2024-12-05,1.27603,1.2771,1.2693
GBPUSD,2024-12-06,1.27418,1.28116,1.27214
GBPUSD,2024-12-08,1.27482,1.2752,1.27358
GBPUSD,2024-12-09,1.27486,1.2799,1.27172
GBPUSD,2024-12-10,1.27797,1.27797,1.27239
GBPUSD,2024-12-11,1.27651,1.27818,1.27134
GBPUSD,2024-12-12,1.26769,1.27882,1.26668
GBPUSD,2024-12-13,1.262,1.26794,1.26082
GBPUSD,2024-12-15,1.26267,1.26274,1.26112
GBPUSD,2024-12-16,1.26902,1.2699,1.26265
GBPUSD,2024-12-17,1.27102,1.27289,1.26661
GBPUSD,2024-12-18,1.25674,1.27276,1.25622
GBPUSD,2024-12-19,1.2497,1.2667,1.24953
GBPUSD,2024-12-20,1.25679,1.26142,1.24748
GBPUSD,2024-12-22,1.25704,1.25747,1.25613
GBPUSD,2024-12-23,1.25328,1.25884,1.25098
GBPUSD,2024-12-24,1.25432,1.25751,1.25188
GBPUSD,2024-12-25,1.25435,1.2552,1.25385
GBPUSD,2024-12-26,1.25281,1.25486,1.25012
GBPUSD,2024-12-27,1.2577,1.25928,1.25052
GBPUSD,2024-12-29,1.25778,1.25887,1.25656
GBPUSD,2024-12-30,1.25484,1.26074,1.25066
GBPUSD,2024-12-31,1.25134,1.25694,1.25052
GBPUSD,2025-01-01,1.25198,1.25198,1.25077
GBPUSD,2025-01-02,1.23798,1.25408,1.23521
GBPUSD,2025-01-03,1.24232,1.24343,1.23783
GBPUSD,2025-01-05,1.24247,1.24342,1.24157
GBPUSD,2025-01-06,1.25099,1.2551,1.24176
GBPUSD,2025-01-07,1.2476,1.2576,1.2473
GBPUSD,2025-01-08,1.23586,1.24943,1.23209
GBPUSD,2025-01-09,1.22986,1.23653,1.22384
GBPUSD,2025-01-10,1.22086,1.2322,1.21914
GBPUSD,2025-01-12,1.2204,1.22112,1.21991
GBPUSD,2025-01-13,1.22319,1.22506,1.20997
GBPUSD,2025-01-14,1.2211,1.22462,1.21384
GBPUSD,2025-01-15,1.22428,1.23067,1.2162
GBPUSD,2025-01-16,1.22346,1.22605,1.2175
GBPUSD,2025-01-17,1.21685,1.22445,1.21604
GBPUSD,2025-01-19,1.21753,1.21788,1.216
GBPUSD,2025-01-20,1.23321,1.2345,1.21656
GBPUSD,2025-01-21,1.23386,1.23606,1.22292
GBPUSD,2025-01-22,1.23138,1.23768,1.23072
GBPUSD,2025-01-23,1.23538,1.23759,1.22934
GBPUSD,2025-01-24,1.24827,1.25022,1.23486
GBPUSD,2025-01-26,1.24581,1.24746,1.24564
GBPUSD,2025-01-27,1.24509,1.25236,1.2426
GBPUSD,2025-01-28,1.24408,1.24656,1.24146
GBPUSD,2025-01-29,1.2455,1.24636,1.23932
GBPUSD,2025-01-30,1.24221,1.2477,1.24079
GBPUSD,2025-01-31,1.23926,1.24721,1.23861
GBPUSD,2025-02-02,1.22903,1.23246,1.22831
GBPUSD,2025-02-03,1.24334,1.24557,1.22494
GBPUSD,2025-02-04,1.24756,1.24933,1.23793
GBPUSD,2025-02-05,1.25016,1.25502,1.24635
GBPUSD,2025-02-06,1.24343,1.25098,1.23604
GBPUSD,2025-02-07,1.24006,1.2494,1.23761
GBPUSD,2025-02-09,1.23894,1.23993,1.2374
GBPUSD,2025-02-10,1.23598,1.24224,1.23544
GBPUSD,2025-02-11,1.24515,1.2455,1.23324
GBPUSD,2025-02-12,1.24506,1.24838,1.23776
GBPUSD,2025-02-13,1.25648,1.25704,1.24426
GBPUSD,2025-02-14,1.25864,1.26306,1.25498
GBPUSD,2025-02-16,1.25841,1.25902,1.25784
GBPUSD,2025-02-17,1.26208,1.2635,1.25793
GBPUSD,2025-02-18,1.26245,1.26404,1.25824
GBPUSD,2025-02-19,1.25832,1.26377,1.25632
GBPUSD,2025-02-20,1.26694,1.26744,1.25804
GBPUSD,2025-02-21,1.26356,1.2679,1.26248
GBPUSD,2025-02-23,1.26489,1.26581,1.26354
GBPUSD,2025-02-24,1.26173,1.26908,1.26121
GBPUSD,2025-02-25,1.26718,1.26778,1.26058
GBPUSD,2025-02-26,1.26806,1.27161,1.26354
GBPUSD,2025-02-27,1.25964,1.26892,1.25963
GBPUSD,2025-02-28,1.25794,1.26221,1.25594
GBPUSD,2025-03-02,1.26024,1.26088,1.25822
GBPUSD,2025-03-03,1.27017,1.27246,1.25824
GBPUSD,2025-03-04,1.27956,1.27999,1.26788
GBPUSD,2025-03-05,1.28898,1.29011,1.27678
GBPUSD,2025-03-06,1.28832,1.2924,1.2866
GBPUSD,2025-03-07,1.29217,1.29448,1.28762
GBPUSD,2025-03-09,1.2932,1.29386,1.29014
GBPUSD,2025-03-10,1.28754,1.29468,1.28614
GBPUSD,2025-03-11,1.2944,1.29661,1.28732
GBPUSD,2025-03-12,1.29644,1.29917,1.29134
GBPUSD,2025-03-13,1.29571,1.29736,1.29209
GBPUSD,2025-03-14,1.29366,1.29592,1.29112
GBPUSD,2025-03-16,1.29274,1.2936,1.29256
GBPUSD,2025-03-17,1.29839,1.2999,1.2927
GBPUSD,2025-03-18,1.30006,1.301,1.29514
GBPUSD,2025-03-19,1.30102,1.30118,1.29551
GBPUSD,2025-03-20,1.29652,1.30149,1.2936
GBPUSD,2025-03-21,1.29168,1.29706,1.28879
GBPUSD,2025-03-23,1.29254,1.29266,1.28978
GBPUSD,2025-03-24,1.29232,1.29743,1.28956
GBPUSD,2025-03-25,1.29452,1.2967,1.29021
GBPUSD,2025-03-26,1.28774,1.29464,1.2871
GBPUSD,2025-03-27,1.29516,1.29922,1.28763
GBPUSD,2025-03-28,1.29407,1.29684,1.29224
GBPUSD,2025-03-30,1.29376,1.29428,1.29222
GBPUSD,2025-03-31,1.29194,1.29728,1.28863
GBPUSD,2025-04-01,1.29216,1.29409,1.28795
GBPUSD,2025-04-02,1.30456,1.30527,1.29004
GBPUSD,2025-04-03,1.30892,1.32077,1.30261
GBPUSD,2025-04-04,1.28985,1.31139,1.2853
GBPUSD,2025-04-06,1.29084,1.29336,1.28286
GBPUSD,2025-04-07,1.27331,1.2934,1.27081
GBPUSD,2025-04-08,1.27868,1.28148,1.27245
GBPUSD,2025-04-09,1.2825,1.28642,1.27432
GBPUSD,2025-04-10,1.29919,1.29982,1.2822
GBPUSD,2025-04-11,1.30887,1.31452,1.2985
GBPUSD,2025-04-13,1.30845,1.3104,1.30636
GBPUSD,2025-04-14,1.31729,1.32014,1.30837
GBPUSD,2025-04-15,1.32308,1.32522,1.31642
GBPUSD,2025-04-16,1.32326,1.32924,1.32121
GBPUSD,2025-04-17,1.32694,1.32751,1.32028
GBPUSD,2025-04-18,1.32958,1.3299,1.32593
GBPUSD,2025-04-20,1.33148,1.33202,1.32758
GBPUSD,2025-04-21,1.33798,1.34222,1.33146
GBPUSD,2025-04-22,1.32726,1.34242,1.3234
GBPUSD,2025-04-23,1.3265,1.33396,1.32501
GBPUSD,2025-04-24,1.33276,1.33489,1.32586
GBPUSD,2025-04-25,1.33112,1.33325,1.3274
GBPUSD,2025-04-27,1.32901,1.3312,1.32884
GBPUSD,2025-04-28,1.3435,1.34442,1.32802
GBPUSD,2025-04-29,1.34121,1.34426,1.33803
GBPUSD,2025-04-30,1.3321,1.34148,1.3309
GBPUSD,2025-05-01,1.3286,1.33457,1.32604
GBPUSD,2025-05-02,1.327,1.33309,1.32624
GBPUSD,2025-05-04,1.32698,1.32765,1.32601
GBPUSD,2025-05-05,1.32908,1.33367,1.32618
GBPUSD,2025-05-06,1.33524,1.34028,1.32605
GBPUSD,2025-05-07,1.32904,1.33773,1.32802
GBPUSD,2025-05-08,1.32392,1.33566,1.32334
GBPUSD,2025-05-09,1.33034,1.33228,1.32121
GBPUSD,2025-05-11,1.32851,1.32954,1.32621
GBPUSD,2025-05-12,1.31777,1.32996,1.314
GBPUSD,2025-05-13,1.33036,1.33164,1.31738
GBPUSD,2025-05-14,1.32638,1.33606,1.32534
GBPUSD,2025-05-15,1.33033,1.332,1.32595
GBPUSD,2025-05-16,1.32816,1.3333,1.32506
GBPUSD,2025-05-18,1.33052,1.33052,1.32763
GBPUSD,2025-05-19,1.33592,1.34041,1.32904
GBPUSD,2025-05-20,1.33972,1.3398,1.3335
GBPUSD,2025-05-21,1.34206,1.34692,1.33886
GBPUSD,2025-05-22,1.34201,1.3441,1.3391
GBPUSD,2025-05-23,1.35393,1.35432,1.34186
GBPUSD,2025-05-25,1.35383,1.35426,1.35234
GBPUSD,2025-05-26,1.35655,1.35934,1.35362
GBPUSD,2025-05-27,1.35139,1.35871,1.35003
GBPUSD,2025-05-28,1.34283,1.35224,1.34156
GBPUSD,2025-05-29,1.34996,1.35075,1.34187
GBPUSD,2025-05-30,1.34532,1.35112,1.3448
GBPUSD,2025-06-01,1.34686,1.3474,1.34526
GBPUSD,2025-06-02,1.35574,1.35598,1.34678
GBPUSD,2025-06-03,1.3531,1.35579,1.34917
GBPUSD,2025-06-04,1.35508,1.35804,1.3501
GBPUSD,2025-06-05,1.3579,1.36168,1.35406
GBPUSD,2025-06-06,1.35257,1.35848,1.35074
GBPUSD,2025-06-08,1.35374,1.35398,1.35262
GBPUSD,2025-06-09,1.35544,1.35816,1.35246
GBPUSD,2025-06-10,1.35076,1.35644,1.34564
GBPUSD,2025-06-11,1.35677,1.3573,1.34644
GBPUSD,2025-06-12,1.36286,1.36308,1.35229
GBPUSD,2025-06-13,1.35748,1.36326,1.35165
GBPUSD,2025-06-15,1.3549,1.35672,1.35403
GBPUSD,2025-06-16,1.35682,1.36226,1.35348
GBPUSD,2025-06-17,1.3429,1.35796,1.34154
GBPUSD,2025-06-18,1.34146,1.34769,1.34003
GBPUSD,2025-06-19,1.34766,1.34804,1.33828
GBPUSD,2025-06-20,1.34494,1.35114,1.34412
GBPUSD,2025-06-22,1.3435,1.34419,1.33994
GBPUSD,2025-06-23,1.35457,1.3555,1.33704
GBPUSD,2025-06-24,1.36151,1.36487,1.35355
GBPUSD,2025-06-25,1.369,1.3692,1.35907
GBPUSD,2025-06-26,1.37253,1.3771,1.3677
GBPUSD,2025-06-27,1.37206,1.37528,1.36829
GBPUSD,2025-06-29,1.37188,1.37287,1.37082
GBPUSD,2025-06-30,1.37308,1.37408,1.36742
GBPUSD,2025-07-01,1.3746,1.37888,1.37036
GBPUSD,2025-07-02,1.36496,1.37528,1.3563
GBPUSD,2025-07-03,1.36659,1.3676,1.35858
GBPUSD,2025-07-04,1.36475,1.36816,1.36346
GBPUSD,2025-07-06,1.36512,1.36616,1.36435
GBPUSD,2025-07-07,1.36238,1.36578,1.35754
GBPUSD,2025-07-08,1.3585,1.36466,1.35254
GBPUSD,2025-07-09,1.3598,1.362,1.35645
GBPUSD,2025-07-10,1.35803,1.36196,1.3533
GBPUSD,2025-07-11,1.34905,1.35818,1.34811
GBPUSD,2025-07-13,1.34958,1.3497,1.34821
GBPUSD,2025-07-14,1.34279,1.35044,1.34216
GBPUSD,2025-07-15,1.33932,1.34676,1.33788
GBPUSD,2025-07-16,1.34105,1.34862,1.3365
GBPUSD,2025-07-17,1.34313,1.3435,1.33742
GBPUSD,2025-07-18,1.34085,1.34755,1.34062
GBPUSD,2025-07-20,1.34151,1.34319,1.34082
GBPUSD,2025-07-21,1.34894,1.35108,1.34023
GBPUSD,2025-07-22,1.35212,1.3535,1.34621
GBPUSD,2025-07-23,1.35789,1.35874,1.35153
GBPUSD,2025-07-24,1.35087,1.35887,1.3503
GBPUSD,2025-07-25,1.34363,1.35125,1.34162
GBPUSD,2025-07-27,1.3438,1.34486,1.34298
GBPUSD,2025-07-28,1.33598,1.3453,1.33512
GBPUSD,2025-07-29,1.33536,1.33642,1.33078
GBPUSD,2025-07-30,1.3256,1.33859,1.32281
GBPUSD,2025-07-31,1.32078,1.32823,1.31857
GBPUSD,2025-08-01,1.32788,1.33106,1.31415
GBPUSD,2025-08-03,1.32913,1.32924,1.32738
GBPUSD,2025-08-04,1.32979,1.33311,1.32539
GBPUSD,2025-08-05,1.32984,1.33163,1.32596
GBPUSD,2025-08-06,1.33576,1.33684,1.32814
GBPUSD,2025-08-07,1.34514,1.34525,1.33458
GBPUSD,2025-08-08,1.34512,1.34592,1.3418
GBPUSD,2025-08-10,1.34434,1.34532,1.34373
GBPUSD,2025-08-11,1.34338,1.3477,1.33992
GBPUSD,2025-08-12,1.35045,1.35238,1.34206
GBPUSD,2025-08-13,1.35854,1.35856,1.34929
GBPUSD,2025-08-14,1.353,1.3595,1.3521
GBPUSD,2025-08-15,1.35524,1.35753,1.35274
GBPUSD,2025-08-17,1.35561,1.35673,1.35522
GBPUSD,2025-08-18,1.3508,1.35652,1.35016
GBPUSD,2025-08-19,1.34848,1.35314,1.34779
GBPUSD,2025-08-20,1.34662,1.35094,1.34473
GBPUSD,2025-08-21,1.34181,1.34829,1.34056
GBPUSD,2025-08-22,1.35275,1.35444,1.33906
GBPUSD,2025-08-24,1.35086,1.3529,1.35082
GBPUSD,2025-08-25,1.34547,1.35275,1.34462
GBPUSD,2025-08-26,1.3477,1.34934,1.34346
GBPUSD,2025-08-27,1.35039,1.35064,1.34166
GBPUSD,2025-08-28,1.35083,1.35308,1.34834
GBPUSD,2025-08-29,1.35047,1.35171,1.34465
GBPUSD,2025-08-31,1.35034,1.35117,1.34972
GBPUSD,2025-09-01,1.35463,1.355,1.35024
GBPUSD,2025-09-02,1.33813,1.35486,1.33403
GBPUSD,2025-09-03,1.34407,1.34586,1.33332
GBPUSD,2025-09-04,1.3444,1.34595,1.34166
GBPUSD,2025-09-05,1.35082,1.35549,1.3442
GBPUSD,2025-09-07,1.34927,1.3505,1.34827
GBPUSD,2025-09-08,1.35528,1.35582,1.34835
GBPUSD,2025-09-09,1.35207,1.35906,1.35183
GBPUSD,2025-09-10,1.35332,1.3565,1.3513
GBPUSD,2025-09-11,1.35742,1.3583,1.34939
GBPUSD,2025-09-12,1.35598,1.3576,1.35242
GBPUSD,2025-09-14,1.3553,1.35753,1.35482
GBPUSD,2025-09-15,1.36014,1.36202,1.35487
GBPUSD,2025-09-16,1.36528,1.3672,1.3598
GBPUSD,2025-09-17,1.36296,1.37266,1.36197
GBPUSD,2025-09-18,1.3555,1.36612,1.35342
GBPUSD,2025-09-19,1.34708,1.35596,1.3463
GBPUSD,2025-09-21,1.34628,1.34773,1.34626
GBPUSD,2025-09-22,1.35144,1.35206,1.34534
GBPUSD,2025-09-23,1.35243,1.35366,1.3487
GBPUSD,2025-09-24,1.34494,1.35263,1.34266
GBPUSD,2025-09-25,1.33354,1.34671,1.33238
GBPUSD,2025-09-26,1.34016,1.34132,1.33296
GBPUSD,2025-09-28,1.34074,1.34114,1.33958
GBPUSD,2025-09-29,1.3435,1.34571,1.34068
GBPUSD,2025-09-30,1.34426,1.34672,1.34136
GBPUSD,2025-10-01,1.34785,1.35276,1.34348
GBPUSD,2025-10-02,1.34464,1.35104,1.34011
GBPUSD,2025-10-03,1.34796,1.34868,1.34289
GBPUSD,2025-10-05,1.34318,1.34557,1.34229
GBPUSD,2025-10-06,1.34843,1.34902,1.34165
GBPUSD,2025-10-07,1.34206,1.34847,1.33924
GBPUSD,2025-10-08,1.34004,1.34386,1.3371
GBPUSD,2025-10-09,1.33029,1.34192,1.32794
GBPUSD,2025-10-10,1.33601,1.33708,1.32618
GBPUSD,2025-10-12,1.33358,1.33546,1.33316
GBPUSD,2025-10-13,1.33322,1.33665,1.3315
GBPUSD,2025-10-14,1.33216,1.33528,1.32486
GBPUSD,2025-10-15,1.34033,1.3408,1.332
GBPUSD,2025-10-16,1.3444,1.34546,1.34
GBPUSD,2025-10-17,1.34258,1.34716,1.33908
GBPUSD,2025-10-19,1.3425,1.34342,1.34226
GBPUSD,2025-10-20,1.34044,1.34431,1.34
GBPUSD,2025-10-21,1.33652,1.34162,1.33612
GBPUSD,2025-10-22,1.33508,1.33872,1.33058
GBPUSD,2025-10-23,1.33267,1.33574,1.33082
GBPUSD,2025-10-24,1.33108,1.33708,1.32874
GBPUSD,2025-10-26,1.33218,1.33278,1.33182
GBPUSD,2025-10-27,1.33407,1.33532,1.33104
GBPUSD,2025-10-28,1.32787,1.33696,1.32476
GBPUSD,2025-10-29,1.31948,1.32808,1.31403
GBPUSD,2025-10-30,1.31588,1.3219,1.31166
GBPUSD,2025-10-31,1.31506,1.31649,1.30973
GBPUSD,2025-11-02,1.31339,1.31426,1.31306
GBPUSD,2025-11-03,1.31345,1.31624,1.31084
GBPUSD,2025-11-04,1.30212,1.31394,1.30102
GBPUSD,2025-11-05,1.30522,1.30544,1.30103
GBPUSD,2025-11-06,1.31402,1.31428,1.30506
GBPUSD,2025-11-07,1.31633,1.31751,1.30949
GBPUSD,2025-11-09,1.31414,1.3163,1.31397
GBPUSD,2025-11-10,1.31724,1.31912,1.31368
GBPUSD,2025-11-11,1.31522,1.31846,1.31166
GBPUSD,2025-11-12,1.3128,1.31555,1.30844
GBPUSD,2025-11-13,1.31528,1.32158,1.31006
GBPUSD,2025-11-14,1.31738,1.32012,1.3108
GBPUSD,2025-11-16,1.31592,1.3172,1.31546
GBPUSD,2025-11-17,1.31555,1.31934,1.3136
GBPUSD,2025-11-18,1.31471,1.31772,1.3134
GBPUSD,2025-11-19,1.30601,1.3156,1.30436
GBPUSD,2025-11-20,1.30831,1.3124,1.3038
GBPUSD,2025-11-21,1.30982,1.31096,1.30386
GBPUSD,2025-11-23,1.3096,1.31034,1.30928
GBPUSD,2025-11-24,1.31059,1.31181,1.30806
GBPUSD,2025-11-25,1.31583,1.32142,1.30958
GBPUSD,2025-11-26,1.32448,1.32488,1.3124
GBPUSD,2025-11-27,1.32404,1.3269,1.32102
GBPUSD,2025-11-28,1.32318,1.32548,1.32013
GBPUSD,2025-11-30,1.32393,1.3249,1.32234
GBPUSD,2025-12-01,1.32091,1.32758,1.32056
GBPUSD,2025-12-02,1.322,1.32218,1.31797
GBPUSD,2025-12-03,1.33478,1.33545,1.32175
GBPUSD,2025-12-04,1.33224,1.33858,1.33205
GBPUSD,2025-12-05,1.33316,1.33624,1.33162
GBPUSD,2025-12-07,1.33258,1.33321,1.3322
GBPUSD,2025-12-08,1.33268,1.33466,1.33058
GBPUSD,2025-12-09,1.3303,1.33564,1.32874
GBPUSD,2025-12-10,1.33886,1.33917,1.32961
GBPUSD,2025-12-11,1.33935,1.34384,1.33549
GBPUSD,2025-12-12,1.33718,1.34,1.33424
GBPUSD,2025-12-14,1.33674,1.33782,1.33615
GBPUSD,2025-12-15,1.33792,1.34016,1.3355
GBPUSD,2025-12-16,1.34254,1.34562,1.33554
GBPUSD,2025-12-17,1.33734,1.3427,1.33116
GBPUSD,2025-12-18,1.33836,1.34466,1.33411
GBPUSD,2025-12-19,1.33768,1.33942,1.33571
GBPUSD,2025-12-21,1.33788,1.33912,1.33748
GBPUSD,2025-12-22,1.3468,1.34778,1.33785
GBPUSD,2025-12-23,1.35131,1.35242,1.34682
GBPUSD,2025-12-24,1.3507,1.35343,1.3492
GBPUSD,2025-12-25,1.35084,1.35211,1.35015
GBPUSD,2025-12-26,1.3499,1.35274,1.34774
GBPUSD,2025-12-28,1.34972,1.35013,1.3489
GBPUSD,2025-12-29,1.3509,1.35159,1.34692
GBPUSD,2025-12-30,1.34664,1.3531,1.34496
GBPUSD,2025-12-31,1.34738,1.34838,1.34016
GBPUSD,2026-01-01,1.3474,1.3477,1.34632
GBPUSD,2026-01-02,1.34602,1.3502,1.34342
GBPUSD,2026-01-04,1.3438,1.34599,1.34371
GBPUSD,2026-01-05,1.35322,1.35484,1.3414
GBPUSD,2026-01-06,1.34997,1.3568,1.34916
GBPUSD,2026-01-07,1.34588,1.35169,1.34564
GBPUSD,2026-01-08,1.34358,1.34657,1.34158
GBPUSD,2026-01-09,1.34021,1.34511,1.33926
GBPUSD,2026-01-11,1.33936,1.34035,1.33924
GBPUSD,2026-01-12,1.34662,1.3486,1.33908
GBPUSD,2026-01-13,1.34258,1.34949,1.34216
GBPUSD,2026-01-14,1.34401,1.34643,1.34198
GBPUSD,2026-01-15,1.33811,1.34453,1.33628
GBPUSD,2026-01-16,1.33796,1.34132,1.33662
GBPUSD,2026-01-18,1.3402,1.34072,1.33436
GBPUSD,2026-01-19,1.34191,1.34353,1.33814
GBPUSD,2026-01-20,1.34408,1.34918,1.34102
GBPUSD,2026-01-21,1.3418,1.34594,1.34015
GBPUSD,2026-01-22,1.34996,1.3509,1.34014
GBPUSD,2026-01-23,1.36454,1.36466,1.34826
GBPUSD,2026-01-25,1.3665,1.36844,1.3655
GBPUSD,2026-01-26,1.36748,1.37134,1.36432
GBPUSD,2026-01-27,1.38269,1.387,1.36638
GBPUSD,2026-01-28,1.38272,1.38314,1.37494
GBPUSD,2026-01-29,1.38084,1.38481,1.37424
GBPUSD,2026-01-30,1.36882,1.38146,1.36793
GBPUSD,2026-02-01,1.36762,1.36965,1.36623
GBPUSD,2026-02-02,1.3673,1.37154,1.36232
GBPUSD,2026-02-03,1.3697,1.37072,1.36506
GBPUSD,2026-02-04,1.36462,1.37334,1.36424
GBPUSD,2026-02-05,1.3521,1.36542,1.35178
GBPUSD,2026-02-06,1.3612,1.36238,1.35087
GBPUSD,2026-02-08,1.36096,1.3612,1.3588
GBPUSD,2026-02-09,1.36826,1.37005,1.35865
GBPUSD,2026-02-10,1.3633,1.36967,1.36317
GBPUSD,2026-02-11,1.3623,1.37124,1.36096
GBPUSD,2026-02-12,1.36184,1.36716,1.36046
GBPUSD,2026-02-13,1.36553,1.36596,1.35906
GBPUSD,2026-02-15,1.36474,1.36495,1.36422
GBPUSD,2026-02-16,1.36272,1.36621,1.3623
GBPUSD,2026-02-17,1.3563,1.36293,1.34959
GBPUSD,2026-02-18,1.34951,1.35822,1.3492
GBPUSD,2026-02-19,1.346,1.3517,1.34341
GBPUSD,2026-02-20,1.34785,1.35153,1.34352
GBPUSD,2026-02-22,1.35323,1.35336,1.34828
GBPUSD,2026-02-23,1.34958,1.35354,1.34756
GBPUSD,2026-02-24,1.34957,1.35366,1.347
GBPUSD,2026-02-25,1.35576,1.3566,1.34912
GBPUSD,2026-02-26,1.34913,1.35752,1.34454
GBPUSD,2026-02-27,1.34868,1.35082,1.34396
GBPUSD,2026-03-01,1.34055,1.34364,1.34028
GBPUSD,2026-03-02,1.34083,1.34561,1.33144
GBPUSD,2026-03-03,1.33516,1.34254,1.32532
GBPUSD,2026-03-04,1.33692,1.34036,1.33034
GBPUSD,2026-03-05,1.33558,1.33872,1.32975
GBPUSD,2026-03-06,1.34105,1.34124,1.33114
GBPUSD,2026-03-08,1.33052,1.33553,1.33002
GBPUSD,2026-03-09,1.3424,1.34488,1.32832
GBPUSD,2026-03-10,1.34198,1.34835,1.34102
GBPUSD,2026-03-11,1.33825,1.34577,1.33762
GBPUSD,2026-03-12,1.33516,1.34098,1.33382
GBPUSD,2026-03-13,1.32243,1.33698,1.32186
GBPUSD,2026-03-15,1.32466,1.32484,1.32254
GBPUSD,2026-03-16,1.33126,1.334,1.32303
GBPUSD,2026-03-17,1.33578,1.33647,1.32733
GBPUSD,2026-03-18,1.32644,1.33746,1.32513
GBPUSD,2026-03-19,1.34245,1.34674,1.3246
GBPUSD,2026-03-20,1.33406,1.34366,1.32988
GBPUSD,2026-03-22,1.33346,1.33356,1.3304
GBPUSD,2026-03-23,1.34258,1.34795,1.32571
GBPUSD,2026-03-24,1.34154,1.34456,1.33522
GBPUSD,2026-03-25,1.33635,1.34361,1.33584
GBPUSD,2026-03-26,1.33349,1.33784,1.33102
GBPUSD,2026-03-27,1.32617,1.33474,1.32602
GBPUSD,2026-03-29,1.3238,1.3272,1.3234
GBPUSD,2026-03-30,1.31724,1.32828,1.31692
GBPUSD,2026-03-31,1.32433,1.32644,1.31596
GBPUSD,2026-04-01,1.33026,1.33464,1.32198
GBPUSD,2026-04-02,1.32298,1.33208,1.31818
GBPUSD,2026-04-03,1.31984,1.32429,1.31874
GBPUSD,2026-04-05,1.3186,1.31951,1.3177
GBPUSD,2026-04-06,1.3234,1.32687,1.31854
GBPUSD,2026-04-07,1.34012,1.34094,1.32116
GBPUSD,2026-04-08,1.33928,1.34846,1.33796
GBPUSD,2026-04-09,1.34295,1.34587,1.3381
GBPUSD,2026-04-10,1.346,1.34792,1.34108
GBPUSD,2026-04-12,1.33942,1.34115,1.33809
GBPUSD,2026-04-13,1.35158,1.35164,1.3386
GBPUSD,2026-04-14,1.35748,1.359,1.35036
GBPUSD,2026-04-15,1.35728,1.35792,1.35435
GBPUSD,2026-04-16,1.35256,1.35951,1.35166
GBPUSD,2026-04-17,1.35184,1.35996,1.35046
GBPUSD,2026-04-19,1.34827,1.34923,1.34759
GBPUSD,2026-04-20,1.35309,1.35446,1.34783
GBPUSD,2026-04-21,1.35092,1.35396,1.34748
GBPUSD,2026-04-22,1.34998,1.35354,1.3492
GBPUSD,2026-04-23,1.3466,1.35182,1.34479
GBPUSD,2026-04-24,1.35308,1.3538,1.34536
GBPUSD,2026-04-26,1.35133,1.35228,1.35043
GBPUSD,2026-04-27,1.35378,1.35763,1.3512
GBPUSD,2026-04-28,1.35238,1.35415,1.34632
GBPUSD,2026-04-29,1.34884,1.35282,1.34578
GBPUSD,2026-04-30,1.36023,1.36124,1.34542
GBPUSD,2026-05-01,1.3575,1.36578,1.35688
GBPUSD,2026-05-03,1.35812,1.36053,1.358
GBPUSD,2026-05-04,1.35314,1.36016,1.35122
GBPUSD,2026-05-05,1.35677,1.35802,1.35138
GBPUSD,2026-05-06,1.35913,1.36436,1.35634
GBPUSD,2026-05-07,1.35554,1.36324,1.35472
GBPUSD,2026-05-08,1.36324,1.36371,1.35488
GBPUSD,2026-05-10,1.35942,1.35972,1.35575
GBPUSD,2026-05-11,1.36042,1.36536,1.35792
GBPUSD,2026-05-12,1.35352,1.36051,1.35002
GBPUSD,2026-05-13,1.35269,1.35514,1.34846
GBPUSD,2026-05-14,1.33909,1.3533,1.3385
GBPUSD,2026-05-15,1.33242,1.33936,1.33152
GBPUSD,2026-05-17,1.33097,1.33277,1.3308
GBPUSD,2026-05-18,1.34316,1.34498,1.33026
GBPUSD,2026-05-19,1.33958,1.34348,1.33785
GBPUSD,2026-05-20,1.34342,1.34638,1.3375
GBPUSD,2026-05-21,1.34324,1.34551,1.33923
GBPUSD,2026-05-22,1.34312,1.34632,1.34133
GBPUSD,2026-05-24,1.34814,1.34884,1.34514
GBPUSD,2026-05-25,1.3496,1.35091,1.34706
GBPUSD,2026-05-26,1.34548,1.3497,1.34346
GBPUSD,2026-05-27,1.34162,1.34586,1.34144
GBPUSD,2026-05-28,1.34441,1.34514,1.33676
GBPUSD,2026-05-29,1.34564,1.34854,1.34084
GBPUSD,2026-05-31,1.34511,1.34644,1.3446
GBPUSD,2026-06-01,1.34599,1.34762,1.34069
GBPUSD,2026-06-02,1.3453,1.34818,1.34506
GBPUSD,2026-06-03,1.34266,1.3472,1.3412
GBPUSD,2026-06-04,1.34229,1.34626,1.34116
GBPUSD,2026-06-05,1.33391,1.34832,1.33302
GBPUSD,2026-06-07,1.3335,1.33363,1.3317
GBPUSD,2026-06-08,1.3334,1.33698,1.3306
GBPUSD,2026-06-09,1.33718,1.34112,1.3331
GBPUSD,2026-06-10,1.33616,1.34236,1.33498
GBPUSD,2026-06-11,1.34142,1.34334,1.33246
GBPUSD,2026-06-12,1.34066,1.3426,1.33836
GBPUSD,2026-06-14,1.34496,1.34548,1.34092
GBPUSD,2026-06-15,1.34157,1.3461,1.34064
GBPUSD,2026-06-16,1.34252,1.34434,1.33907
GBPUSD,2026-06-17,1.33008,1.34416,1.3262
GBPUSD,2026-06-18,1.32016,1.3325,1.31929
GBPUSD,2026-06-19,1.32345,1.3241,1.31633
GBPUSD,2026-06-21,1.32076,1.32127,1.31926
GBPUSD,2026-06-22,1.32469,1.32732,1.31836
GBPUSD,2026-06-23,1.31996,1.32498,1.31822
GBPUSD,2026-06-24,1.31644,1.32093,1.31402
GBPUSD,2026-06-25,1.31876,1.32192,1.31512
GBPUSD,2026-06-26,1.31974,1.32321,1.31804
GBPUSD,2026-06-28,1.31966,1.32064,1.3191
GBPUSD,2026-06-29,1.32534,1.32626,1.31938
GBPUSD,2026-06-30,1.32499,1.32768,1.32122
GBPUSD,2026-07-01,1.32787,1.32923,1.3219
GBPUSD,2026-07-02,1.33383,1.33849,1.32747
GBPUSD,2026-07-03,1.33536,1.33813,1.33345
GBPUSD,2026-07-05,1.33526,1.33566,1.33462
GBPUSD,2026-07-06,1.33942,1.34016,1.33287
GBPUSD,2026-07-07,1.33468,1.34018,1.33452
GBPUSD,2026-07-08,1.33938,1.34104,1.33222
GBPUSD,2026-07-09,1.34136,1.3431,1.33808
GBPUSD,2026-07-10,1.3402,1.34519,1.33922
GBPUSD,2026-07-12,1.33864,1.3389,1.33694
GBPUSD,2026-07-13,1.33498,1.34119,1.33426
GBPUSD,2026-07-14,1.33966,1.34438,1.33424
GBPUSD,2026-07-15,1.35388,1.35582,1.33806
GBPUSD,2026-07-16,1.3478,1.35446,1.34597
GBPUSD,2026-07-17,1.34522,1.34809,1.34262
GBPUSD,2026-07-19,1.3445,1.34498,1.34389
GBPUSD,2026-07-20,1.34314,1.34814,1.34126
GBPUSD,2026-07-21,1.33788,1.34557,1.33594
GBPUSD,2026-07-22,1.3375,1.33954,1.33546
GBPUSD,2026-07-23,1.33124,1.33934,1.3299
GBPUSD,2026-07-24,1.33239,1.33491,1.33059
GBPUSD,2026-07-26,1.33508,1.33566,1.3333
GBPUSD,2026-07-27,1.329,1.33637,1.32836
GBPUSD,2026-07-28,1.32872,1.33112,1.32735
GBPUSD,2026-07-29,1.3367,1.33874,1.32789
GBPUSD,2026-07-30,1.34606,1.34768,1.3333
GBPUSD,2026-07-31,1.34838,1.34954,1.34003
GBPUSD,2026-08-02,1.34913,1.35065,1.34826
GBPUSD,2026-08-03,1.34271,1.35031,1.34176
GBPUSD,2026-08-04,1.34505,1.34562,1.34196
GBPUSD,2026-08-05,1.34694,1.34862,1.3444
GBPUSD,2026-08-06,1.34546,1.34794,1.34442
GBPUSD,2026-08-07,1.34928,1.3509,1.34344
GBPUSD,2026-08-09,1.34884,1.35,1.34857
GBPUSD,2026-08-10,1.35108,1.35308,1.34832
GBPUSD,2026-08-11,1.35094,1.35159,1.34922
GBPUSD,2026-08-12,1.3497,1.3546,1.34878
GBPUSD,2026-08-13,1.349,1.35132,1.34743
GBPUSD,2026-08-14,1.35334,1.3562,1.34886
GBPUSD,2026-08-16,1.35464,1.35474,1.35311
GBPUSD,2026-08-17,1.35505,1.35712,1.35358
GBPUSD,2026-08-18,1.35362,1.35542,1.35197
GBPUSD,2026-08-19,1.36,1.36306,1.35236
GBPUSD,2026-08-20,1.36429,1.36598,1.35946
US30,2024-09-19,42095.0,42232.6,41604.5
US30,2024-09-20,42123.4,42210.0,41904.6
US30,2024-09-22,42145.4,42146.9,42081.4
US30,2024-09-23,42157.5,42244.4,42004.9
US30,2024-09-24,42248.5,42355.0,42108.0
US30,2024-09-25,41991.5,42384.6,41914.6
US30,2024-09-26,42266.0,42315.0,41991.0
US30,2024-09-27,42346.4,42721.6,42207.5
US30,2024-09-29,42409.9,42425.9,42302.9
US30,2024-09-30,42333.9,42432.9,41982.0
US30,2024-10-01,42122.2,42395.4,41987.4
US30,2024-10-02,42286.0,42318.8,42022.2
US30,2024-10-03,42034.7,42285.5,41886.0
US30,2024-10-04,42366.2,42403.8,41989.2
US30,2024-10-06,42410.2,42441.2,42402.7
US30,2024-10-07,41976.5,42429.2,41843.0
US30,2024-10-08,42121.0,42186.6,41915.0
US30,2024-10-09,42582.8,42626.8,42014.0
US30,2024-10-10,42552.2,42602.8,42349.2
US30,2024-10-11,42872.7,42941.2,42428.7
US30,2024-10-13,42884.2,42913.7,42852.7
US30,2024-10-14,43196.1,43206.6,42748.2
US30,2024-10-15,42791.0,43224.6,42751.5
US30,2024-10-16,43095.0,43161.0,42723.0
US30,2024-10-17,43303.4,43344.6,43047.0
US30,2024-10-18,43324.9,43374.4,43074.0
US30,2024-10-20,43351.6,43358.1,43330.1
US30,2024-10-21,42956.5,43362.1,42906.0
US30,2024-10-22,42868.4,43094.4,42750.6
US30,2024-10-23,42489.2,42875.9,42330.8
US30,2024-10-24,42442.6,42565.7,42228.8
US30,2024-10-25,42122.1,42637.6,42078.6
US30,2024-10-27,42281.1,42322.1,42229.6
US30,2024-10-28,42437.1,42523.2,42235.6
US30,2024-10-29,42340.6,42547.2,42214.6
US30,2024-10-30,42187.0,42521.6,42144.0
US30,2024-10-31,41816.3,42218.5,41734.6
US30,2024-11-01,42080.2,42370.2,41765.3
US30,2024-11-03,41959.7,42003.2,41941.7
US30,2024-11-04,41851.7,42153.2,41667.8
US30,2024-11-05,42327.6,42363.6,41812.7
US30,2024-11-06,43802.3,43860.8,42323.1
US30,2024-11-07,43843.3,43915.3,43702.4
US30,2024-11-08,44050.3,44198.4,43753.3
US30,2024-11-10,44092.3,44093.3,44041.8
US30,2024-11-11,44304.7,44524.4,44050.3
US30,2024-11-12,43956.1,44451.2,43914.6
US30,2024-11-13,44052.7,44180.6,43798.1
US30,2024-11-14,43755.2,44155.7,43730.8
US30,2024-11-15,43488.9,43754.7,43376.2
US30,2024-11-17,43439.5,43468.5,43397.5
US30,2024-11-18,43408.5,43535.0,43280.0
US30,2024-11-19,43362.1,43521.0,42890.5
US30,2024-11-20,43460.8,43497.4,43086.2
US30,2024-11-21,43875.0,44056.0,43286.8
US30,2024-11-22,44353.8,44365.3,43727.0
US30,2024-11-24,44514.8,44543.8,44484.3
US30,2024-11-25,44652.9,44828.8,44512.3
US30,2024-11-26,44896.9,44928.7,44453.4
US30,2024-11-27,44792.5,45033.0,44708.6
US30,2024-11-28,44863.5,44888.0,44738.5
US30,2024-11-29,44976.2,45097.2,44768.0
US30,2024-12-01,44906.4,44958.9,44894.4
US30,2024-12-02,44796.7,45031.4,44714.4
US30,2024-12-03,44838.9,44903.9,44593.2
US30,2024-12-04,45014.6,45097.8,44791.9
US30,2024-12-05,44780.3,45076.1,44740.8
US30,2024-12-06,44627.5,44911.8,44592.8
US30,2024-12-08,44654.6,44666.1,44606.6
US30,2024-12-09,44399.1,44730.6,44383.6
US30,2024-12-10,44292.0,44492.0,44195.2
US30,2024-12-11,44111.2,44381.5,44104.7
US30,2024-12-12,43892.8,44216.8,43870.3
US30,2024-12-13,43794.0,44041.3,43767.5
US30,2024-12-15,43833.4,43847.9,43801.9
US30,2024-12-16,43658.9,43941.0,43636.9
US30,2024-12-17,43481.5,43720.4,43350.6
US30,2024-12-18,42374.0,43740.6,42206.0
US30,2024-12-19,42403.5,42808.0,42374.5
US30,2024-12-20,42966.0,43358.6,42132.0
US30,2024-12-22,43126.0,43178.0,43092.5
US30,2024-12-23,43040.5,43169.0,42626.0
US30,2024-12-24,43351.6,43376.2,42957.6
US30,2024-12-25,43333.6,43379.6,43293.1
US30,2024-12-26,43429.8,43466.8,43143.1
US30,2024-12-27,43083.6,43429.3,42808.2
US30,2024-12-29,43040.1,43112.1,42996.1
US30,2024-12-30,42671.1,43048.1,42314.6
US30,2024-12-31,42626.6,42852.6,42480.2
US30,2025-01-01,42622.6,42742.6,42583.6
US30,2025-01-02,42439.8,43003.1,42231.6
US30,2025-01-03,42760.8,42844.4,42430.8
US30,2025-01-05,42776.6,42791.6,42750.6
US30,2025-01-06,42773.9,43167.2,42658.0
US30,2025-01-07,42589.7,42983.0,42431.2
US30,2025-01-08,42626.6,42718.2,42370.8
US30,2025-01-09,42520.4,42693.1,42486.9
US30,2025-01-10,42000.5,42686.4,41884.0
US30,2025-01-12,41970.0,42040.5,41901.5
US30,2025-01-13,42420.0,42466.0,41764.5
US30,2025-01-14,42610.7,42637.2,42186.2
US30,2025-01-15,43316.8,43379.4,42565.7
US30,2025-01-16,43182.7,43381.3,43096.3
US30,2025-01-17,43493.5,43683.8,43164.7
US30,2025-01-19,43469.0,43534.0,43443.5
US30,2025-01-20,43765.3,43817.6,43449.5
US30,2025-01-21,44075.2,44103.7,43306.3
US30,2025-01-22,44170.7,44246.2,44048.7
US30,2025-01-23,44560.4,44591.2,44141.7
US30,2025-01-24,44420.9,44601.9,44355.4
US30,2025-01-26,44348.4,44389.4,44304.4
US30,2025-01-27,44704.4,44763.9,43841.9
US30,2025-01-28,44820.9,44992.0,44575.9
US30,2025-01-29,44760.9,44971.4,44581.0
US30,2025-01-30,44940.0,45023.6,44616.4
US30,2025-01-31,44524.0,45060.0,44491.0
US30,2025-02-02,44022.5,44128.5,43892.0
US30,2025-02-03,44581.5,44655.0,43803.5
US30,2025-02-04,44495.5,44581.0,44188.0
US30,2025-02-05,44901.0,44913.5,44318.6
US30,2025-02-06,44719.5,45038.0,44530.0
US30,2025-02-07,44302.0,44836.6,44270.0
US30,2025-02-09,44340.1,44354.6,44180.6
US30,2025-02-10,44404.9,44607.2,44279.6
US30,2025-02-11,44622.2,44662.2,44282.4
US30,2025-02-12,44453.5,44647.2,44101.8
US30,2025-02-13,44725.4,44798.0,44278.0
US30,2025-02-14,44535.2,44772.4,44489.2
US30,2025-02-16,44540.7,44566.2,44504.7
US30,2025-02-17,44607.6,44658.2,44521.2
US30,2025-02-18,44568.0,44644.6,44301.2
US30,2025-02-19,44578.2,44640.8,44314.4
US30,2025-02-20,44200.2,44597.2,43947.2
US30,2025-02-21,43407.5,44245.2,43346.0
US30,2025-02-23,43538.5,43549.0,43438.5
US30,2025-02-24,43500.5,43751.5,43346.0
US30,2025-02-25,43716.6,43791.2,43289.0
US30,2025-02-26,43406.3,43884.8,43280.8
US30,2025-02-27,43264.1,43900.4,43236.0
US30,2025-02-28,43779.9,43871.0,43093.0
US30,2025-03-02,43855.7,43893.2,43801.2
US30,2025-03-03,43213.2,44039.8,42907.8
US30,2025-03-04,42795.5,43277.7,42341.8
US30,2025-03-05,42999.8,43144.4,42408.6
US30,2025-03-06,42633.5,43040.3,42373.8
US30,2025-03-07,42766.5,42903.6,42162.0
US30,2025-03-09,42543.6,42600.1,42374.6
US30,2025-03-10,41919.2,42651.6,41621.8
US30,2025-03-11,41522.8,42081.2,41174.8
US30,2025-03-12,41433.5,41984.3,41007.4
US30,2025-03-13,40954.4,41450.5,40665.0
US30,2025-03-14,41404.4,41517.4,40903.4
US30,2025-03-16,41272.4,41398.9,41240.4
US30,2025-03-17,41852.0,42010.0,41201.4
US30,2025-03-18,41624.5,41869.5,41399.0
US30,2025-03-19,42115.5,42250.6,41522.0
US30,2025-03-20,41993.1,42308.0,41735.0
US30,2025-03-21,42040.0,42057.5,41456.6
US30,2025-03-23,42237.5,42270.0,42179.5
US30,2025-03-24,42599.0,42689.0,42220.5
US30,2025-03-25,42645.2,42745.6,42490.8
US30,2025-03-26,42408.2,42866.8,42298.7
US30,2025-03-27,42324.5,42597.7,42185.2
US30,2025-03-28,41475.8,42403.5,41468.8
US30,2025-03-30,41463.3,41463.3,41308.8
US30,2025-03-31,41957.1,42191.2,41178.8
US30,2025-04-01,42073.7,42188.2,41543.6
US30,2025-04-02,41251.2,42610.2,41076.2
US30,2025-04-03,40446.8,41515.2,40370.3
US30,2025-04-04,38253.0,40519.8,38107.0
US30,2025-04-06,36978.0,37137.5,36618.0
US30,2025-04-07,38485.5,39227.0,36619.0
US30,2025-04-08,37301.5,39478.6,37100.5
US30,2025-04-09,40928.5,40968.5,36712.0
US30,2025-04-10,39457.0,40954.0,38458.6
US30,2025-04-11,40249.6,40430.2,39039.0
US30,2025-04-13,40379.6,40608.1,40267.6
US30,2025-04-14,40455.0,40806.6,39837.6
US30,2025-04-15,40250.5,40830.6,40170.0
US30,2025-04-16,39697.3,40538.5,39418.4
US30,2025-04-17,39251.0,40123.8,38963.4
US30,2025-04-20,38999.8,39051.3,38918.3
US30,2025-04-21,38272.3,39052.8,37829.8
US30,2025-04-22,39799.0,39910.0,38251.3
US30,2025-04-23,39593.5,40407.6,39476.0
US30,2025-04-24,40093.6,40258.6,39259.0
US30,2025-04-25,40140.0,40236.1,39719.6
US30,2025-04-27,39992.0,40076.5,39981.5
US30,2025-04-28,40268.5,40429.0,39888.6
US30,2025-04-29,40531.5,40655.0,40203.0
US30,2025-04-30,40809.5,40851.0,39745.6
US30,2025-05-01,40714.5,41108.0,40620.0
US30,2025-05-02,41326.1,41392.0,40692.5
US30,2025-05-04,41120.1,41257.6,41073.1
US30,2025-05-05,41211.1,41456.2,40991.6
US30,2025-05-06,41107.9,41244.1,40673.4
US30,2025-05-07,41078.6,41288.6,40824.6
US30,2025-05-08,41317.5,41789.8,41046.1
US30,2025-05-09,41280.5,41523.0,41137.0
US30,2025-05-11,41638.9,41768.4,41586.4
US30,2025-05-12,42360.9,42482.0,41624.9
US30,2025-05-13,42180.0,42385.0,42120.0
US30,2025-05-14,41850.9,42260.0,41819.9
US30,2025-05-15,42319.8,42379.2,41763.4
US30,2025-05-16,42437.9,42666.4,42230.8
US30,2025-05-18,42373.9,42421.9,42309.9
US30,2025-05-19,42845.5,42882.5,42229.9
US30,2025-05-20,42638.8,42865.5,42480.6
US30,2025-05-21,41833.8,42653.3,41755.8
US30,2025-05-22,41868.0,42103.0,41615.3
US30,2025-05-23,41586.5,41948.5,41156.0
US30,2025-05-25,41886.5,41971.5,41581.5
US30,2025-05-26,41981.0,42098.5,41861.5
US30,2025-05-27,42381.5,42416.5,41866.6
US30,2025-05-28,42598.8,42645.3,42045.8
US30,2025-05-29,42120.5,42717.3,41815.8
US30,2025-05-30,42207.5,42373.6,41886.6
US30,2025-06-01,42105.2,42160.7,42069.2
US30,2025-06-02,42223.6,42353.1,41824.2
US30,2025-06-03,42560.1,42578.6,42050.1
US30,2025-06-04,42394.9,42650.2,42385.4
US30,2025-06-05,42367.2,42669.9,42203.2
US30,2025-06-06,42781.7,42916.2,42365.2
US30,2025-06-08,42738.2,42813.2,42695.2
US30,2025-06-09,42764.9,42895.8,42543.2
US30,2025-06-10,42844.8,42925.0,42625.4
US30,2025-06-11,42804.6,43132.3,42712.3
US30,2025-06-12,42737.3,42968.0,42549.6
US30,2025-06-13,42146.0,42744.3,42061.6
US30,2025-06-15,42190.4,42204.9,41963.9
US30,2025-06-16,42257.5,42698.0,42162.9
US30,2025-06-17,42108.4,42522.0,42072.4
US30,2025-06-18,42200.0,42510.4,42105.4
US30,2025-06-19,42060.5,42204.0,41787.0
US30,2025-06-20,42284.8,42467.0,42003.5
US30,2025-06-22,42100.8,42165.8,41938.3
US30,2025-06-23,42810.4,42834.4,42012.0
US30,2025-06-24,43140.0,43238.6,42767.4
US30,2025-06-25,43040.5,43189.0,42902.0
US30,2025-06-26,43496.4,43549.4,43014.5
US30,2025-06-27,43978.4,44019.0,43481.4
US30,2025-06-29,44043.4,44090.9,43970.4
US30,2025-06-30,44125.0,44182.6,43924.0
US30,2025-07-01,44566.6,44661.6,44030.0
US30,2025-07-02,44551.8,44705.6,44388.6
US30,2025-07-03,44776.5,44913.6,44489.3
US30,2025-07-04,44587.0,44791.5,44526.5
US30,2025-07-06,44706.9,44797.9,44689.4
US30,2025-07-07,44361.0,44873.9,44189.0
US30,2025-07-08,44253.1,44475.5,44239.6
US30,2025-07-09,44471.4,44597.6,44189.6
US30,2025-07-10,44710.0,44813.6,44335.9
US30,2025-07-11,44341.8,44710.5,44281.6
US30,2025-07-13,44214.8,44236.3,44145.3
US30,2025-07-14,44443.7,44501.2,44103.8
US30,2025-07-15,43972.5,44623.2,43920.5
US30,2025-07-16,44196.0,44289.0,43782.0
US30,2025-07-17,44609.0,44616.5,44161.5
US30,2025-07-18,44340.4,44663.0,44234.0
US30,2025-07-20,44404.1,44404.6,44295.1
US30,2025-07-21,44407.4,44623.0,44339.0
US30,2025-07-22,44651.6,44672.6,44239.9
US30,2025-07-23,44937.4,45059.4,44567.6
US30,2025-07-24,44805.4,44956.4,44691.4
US30,2025-07-25,44917.3,44960.4,44647.4
US30,2025-07-27,45062.8,45117.8,45049.8
US30,2025-07-28,44874.0,45146.3,44762.6
US30,2025-07-29,44654.6,44972.0,44593.2
US30,2025-07-30,44564.4,44773.4,44284.0
US30,2025-07-31,44132.5,44716.4,44070.5
US30,2025-08-01,43594.0,44177.0,43334.6
US30,2025-08-03,43622.0,43637.5,43515.5
US30,2025-08-04,44239.6,44285.6,43613.0
US30,2025-08-05,44123.0,44327.6,43935.6
US30,2025-08-06,44241.5,44383.0,44025.6
US30,2025-08-07,44046.9,44519.0,43811.2
US30,2025-08-08,44258.8,44285.4,43984.4
US30,2025-08-10,44215.7,44269.7,44198.2
US30,2025-08-11,43983.3,44316.7,43925.0
US30,2025-08-12,44496.9,44523.4,43959.3
US30,2025-08-13,44952.5,44992.0,44424.4
US30,2025-08-14,45069.3,45098.8,44698.6
US30,2025-08-15,44933.0,45283.3,44896.8
US30,2025-08-17,45014.5,45027.5,44969.0
US30,2025-08-18,44932.6,45035.0,44819.0
US30,2025-08-19,44936.8,45214.6,44760.6
US30,2025-08-20,44907.0,45052.4,44760.4
US30,2025-08-21,44846.4,44956.5,44573.6
US30,2025-08-22,45649.7,45764.8,44668.4
US30,2025-08-24,45635.7,45659.7,45619.7
US30,2025-08-25,45330.5,45653.2,45273.5
US30,2025-08-26,45440.2,45469.2,45112.0
US30,2025-08-27,45561.7,45637.2,45382.7
US30,2025-08-28,45574.7,45739.7,45441.2
US30,2025-08-29,45563.9,45608.8,45354.8
US30,2025-08-31,45635.4,45660.9,45558.9
US30,2025-09-01,45487.1,45675.9,45455.4
US30,2025-09-02,45202.9,45545.1,44914.6
US30,2025-09-03,45162.6,45313.9,44977.2
US30,2025-09-04,45621.5,45649.0,45154.6
US30,2025-09-05,45405.0,45765.0,45190.6
US30,2025-09-07,45483.5,45499.5,45346.0
US30,2025-09-08,45565.5,45592.5,45260.0
US30,2025-09-09,45607.2,45767.6,45425.0
US30,2025-09-10,45526.9,45793.2,45373.6
US30,2025-09-11,46108.5,46140.6,45475.9
US30,2025-09-12,45827.7,46125.5,45800.8
US30,2025-09-14,45809.5,45830.0,45790.0
US30,2025-09-15,45870.5,45956.6,45745.6
US30,2025-09-16,45789.5,45954.0,45645.6
US30,2025-09-17,46201.0,46306.0,45703.0
US30,2025-09-18,46292.4,46425.0,46002.0
US30,2025-09-19,46329.8,46451.4,46104.9
US30,2025-09-21,46290.8,46347.8,46286.3
US30,2025-09-22,46446.2,46509.8,46075.4
US30,2025-09-23,46386.2,46781.2,46275.2
US30,2025-09-24,46225.3,46518.2,46152.4
US30,2025-09-25,46007.0,46276.3,45841.6
US30,2025-09-26,46312.0,46409.6,45977.5
US30,2025-09-28,46356.5,46372.5,46311.0
US30,2025-09-29,46369.9,46536.5,46200.6
US30,2025-09-30,46399.8,46489.4,46153.4
US30,2025-10-01,46485.5,46588.4,46108.3
US30,2025-10-02,46590.1,46647.6,46320.6
US30,2025-10-03,46823.0,47102.0,46566.1
US30,2025-10-05,46889.3,46927.8,46826.8
US30,2025-10-06,46671.3,46932.3,46462.8
US30,2025-10-07,46629.3,46923.8,46493.8
US30,2025-10-08,46701.4,46874.4,46545.4
US30,2025-10-09,46450.8,46734.0,46313.6
US30,2025-10-10,45263.5,46678.8,45191.5
US30,2025-10-12,45864.5,45951.5,45769.0
US30,2025-10-13,46136.5,46204.6,45799.5
US30,2025-10-14,46340.0,46570.0,45485.6
US30,2025-10-15,46347.0,46742.0,46064.0
US30,2025-10-16,45928.0,46530.0,45818.0
US30,2025-10-17,46272.5,46361.0,45440.0
US30,2025-10-19,46230.5,46335.5,46213.0
US30,2025-10-20,46763.0,46808.0,46158.0
US30,2025-10-21,46960.0,47179.6,46657.5
US30,2025-10-22,46518.9,47047.0,46497.0
US30,2025-10-23,46769.0,46851.6,46453.9
US30,2025-10-24,47242.7,47361.6,46744.5
US30,2025-10-26,47516.2,47576.7,47497.7
US30,2025-10-27,47589.1,47640.6,47403.8
US30,2025-10-28,47728.1,47992.2,47556.6
US30,2025-10-29,47640.1,48087.6,47495.2
US30,2025-10-30,47620.7,48060.2,47429.6
US30,2025-10-31,47620.2,47750.2,47375.8
US30,2025-11-02,47711.7,47728.7,47639.2
US30,2025-11-03,47326.6,47756.7,47153.2
US30,2025-11-04,47182.2,47330.6,46881.6
US30,2025-11-05,47409.5,47500.0,46984.2
US30,2025-11-06,47050.7,47414.0,46818.8
US30,2025-11-07,47072.7,47087.7,46513.8
US30,2025-11-09,47145.3,47205.3,47126.3
US30,2025-11-10,47424.0,47442.5,46950.8
US30,2025-11-11,47963.1,48018.2,47345.0
US30,2025-11-12,48265.0,48459.2,47956.1
US30,2025-11-13,47529.8,48435.0,47439.0
US30,2025-11-14,47205.1,47565.8,46863.8
US30,2025-11-16,47151.6,47170.1,47034.6
US30,2025-11-17,46659.0,47302.1,46451.0
US30,2025-11-18,46172.4,46694.5,45927.0
US30,2025-11-19,46354.2,46360.2,45924.4
US30,2025-11-20,45846.9,46881.8,45711.9
US30,2025-11-21,46307.9,46597.4,45757.9
US30,2025-11-23,46416.9,46495.4,46402.4
US30,2025-11-24,46458.3,46596.4,46107.4
US30,2025-11-25,47170.8,47203.8,46360.8
US30,2025-11-26,47435.8,47586.8,47128.8
US30,2025-11-27,47514.0,47517.5,47397.8
US30,2025-11-28,47702.0,47757.0,47444.0
US30,2025-11-30,47673.5,47746.5,47646.5
US30,2025-12-01,47270.6,47686.0,47259.6
US30,2025-12-02,47543.7,47608.6,47208.1
US30,2025-12-03,47944.7,48032.4,47375.7
US30,2025-12-04,47835.0,48068.8,47700.6
US30,2025-12-05,47952.8,48126.6,47760.5
US30,2025-12-07,47932.2,47961.7,47924.2
US30,2025-12-08,47773.4,47995.7,47613.4
US30,2025-12-09,47541.1,47953.4,47525.6
US30,2025-12-10,48104.9,48200.0,47452.6
US30,2025-12-11,48759.2,48831.2,47814.4
US30,2025-12-12,48485.2,48870.2,48312.2
US30,2025-12-14,48491.8,48495.3,48401.8
US30,2025-12-15,48444.5,48696.8,48264.2
US30,2025-12-16,48078.5,48540.5,47938.0
US30,2025-12-17,47949.4,48403.0,47926.6
US30,2025-12-18,47980.0,48445.0,47863.4
US30,2025-12-19,48224.0,48357.6,47853.0
US30,2025-12-21,48287.0,48297.0,48262.0
US30,2025-12-22,48426.2,48529.8,48186.5
US30,2025-12-23,48478.2,48599.2,48276.2
US30,2025-12-24,48767.2,48834.8,48426.8
US30,2025-12-25,48800.2,48832.7,48783.2
US30,2025-12-26,48760.0,48822.2,48632.0
US30,2025-12-28,48781.5,48794.0,48758.0
US30,2025-12-29,48521.7,48811.5,48443.2
US30,2025-12-30,48450.9,48545.7,48350.8
US30,2025-12-31,48145.2,48461.4,48106.8
US30,2026-01-01,48190.6,48213.1,48143.6
US30,2026-01-02,48392.9,48447.4,47875.6
US30,2026-01-04,48407.4,48437.4,48376.9
US30,2026-01-05,49008.0,49265.8,48352.9
US30,2026-01-06,49530.6,49565.2,48891.0
US30,2026-01-07,49061.2,49673.2,48983.2
US30,2026-01-08,49337.9,49409.9,48802.7
US30,2026-01-09,49539.8,49602.4,49215.4
US30,2026-01-11,49465.6,49498.6,49439.6
US30,2026-01-12,49566.0,49668.0,49018.2
US30,2026-01-13,49186.1,49716.5,49100.6
US30,2026-01-14,49126.1,49225.6,48882.6
US30,2026-01-15,49508.1,49626.2,49102.6
US30,2026-01-16,49397.2,49634.2,49259.2
US30,2026-01-18,49132.7,49156.2,49027.7
US30,2026-01-19,48971.4,49131.2,48895.2
US30,2026-01-20,48548.7,48993.9,48469.8
US30,2026-01-21,49183.0,49346.0,48346.7
US30,2026-01-22,49385.8,49659.8,49119.5
US30,2026-01-23,49043.8,49479.8,48984.4
US30,2026-01-25,48960.8,48977.3,48780.3
US30,2026-01-26,49282.7,49522.8,48956.8
US30,2026-01-27,49018.6,49443.2,48894.6
US30,2026-01-28,48909.8,49175.6,48882.3
US30,2026-01-29,48988.4,49333.8,48612.8
US30,2026-01-30,48891.5,49065.4,48467.0
US30,2026-02-01,48875.5,48895.0,48663.0
US30,2026-02-02,49446.4,49515.0,48407.0
US30,2026-02-03,49319.0,49681.4,48848.0
US30,2026-02-04,49488.3,49680.0,49136.6
US30,2026-02-05,48735.1,49614.8,48704.1
US30,2026-02-06,50137.6,50196.2,48633.1
US30,2026-02-08,50234.5,50270.5,50202.5
US30,2026-02-09,50109.6,50256.5,49839.6
US30,2026-02-10,50289.2,50541.2,50037.6
US30,2026-02-11,50123.5,50518.8,49911.2
US30,2026-02-12,49469.4,50460.0,49421.9
US30,2026-02-13,49472.0,49749.6,49079.0
US30,2026-02-15,49524.5,49532.0,49437.5
US30,2026-02-16,49588.1,49752.0,49490.0
US30,2026-02-17,49488.5,49719.2,49165.6
US30,2026-02-18,49654.9,49908.0,49432.0
US30,2026-02-19,49411.5,49727.9,49202.0
US30,2026-02-20,49633.7,49715.6,49149.6
US30,2026-02-22,49529.7,49618.7,49487.7
US30,2026-02-23,48847.7,49714.2,48741.8
US30,2026-02-24,49188.9,49307.4,48761.8
US30,2026-02-25,49396.0,49548.0,49090.9
US30,2026-02-26,49225.3,49837.0,49179.3
US30,2026-02-27,48881.0,49360.8,48665.8
US30,2026-03-01,48366.3,48513.8,48353.8
US30,2026-03-02,48808.8,49057.8,48103.8
US30,2026-03-03,48414.0,48829.3,47607.4
US30,2026-03-04,48754.0,48864.0,48213.5
US30,2026-03-05,48014.6,48837.5,47568.6
US30,2026-03-06,47445.1,48079.1,46981.6
US30,2026-03-08,46594.5,46863.0,46353.0
US30,2026-03-09,47535.8,47887.6,46276.5
US30,2026-03-10,47744.8,48227.0,47432.8
US30,2026-03-11,47013.5,47930.8,46900.5
US30,2026-03-12,46729.3,47203.5,46661.1
US30,2026-03-13,46484.7,47115.4,46414.3
US30,2026-03-15,46629.0,46715.0,46409.5
US30,2026-03-16,46925.5,47174.6,46560.5
US30,2026-03-17,46971.0,47429.6,46670.5
US30,2026-03-18,46196.0,47328.0,46092.5
US30,2026-03-19,46197.0,46348.0,45783.6
US30,2026-03-20,45844.0,46301.5,45421.0
US30,2026-03-22,45587.0,45722.5,45351.5
US30,2026-03-23,46346.5,46971.0,45213.5
US30,2026-03-24,46511.8,46682.3,45815.6
US30,2026-03-25,46420.3,46812.8,46255.8
US30,2026-03-26,46227.9,46615.8,45958.4
US30,2026-03-27,45108.1,46289.4,45070.6
US30,2026-03-29,44917.6,45028.6,44854.1
US30,2026-03-30,45217.2,45714.6,44863.1
US30,2026-03-31,46451.9,46466.9,45102.2
US30,2026-04-01,46606.0,46898.9,46397.9
US30,2026-04-02,46554.7,46729.0,45881.5
US30,2026-04-03,46434.7,46690.7,46397.2
US30,2026-04-05,46281.0,46311.5,46167.5
US30,2026-04-06,46748.2,46872.2,46270.0
US30,2026-04-07,47568.3,47644.3,46246.2
US30,2026-04-08,47911.9,48088.4,47469.8
US30,2026-04-09,48195.0,48379.0,47721.9
US30,2026-04-10,47999.4,48338.0,47895.4
US30,2026-04-12,47455.9,47542.9,47356.9
US30,2026-04-13,48260.9,48296.4,47420.9
US30,2026-04-14,48595.0,48645.0,48181.9
US30,2026-04-15,48580.9,48748.0,48327.4
US30,2026-04-16,48701.0,48718.0,48374.0
US30,2026-04-17,49514.5,49772.0,48667.5
US30,2026-04-19,49008.2,49102.7,48928.2
US30,2026-04-20,49562.0,49593.5,48979.2
US30,2026-04-21,49402.9,49899.0,49089.4
US30,2026-04-22,49355.4,49669.0,49282.4
US30,2026-04-23,49320.2,49567.0,48900.0
US30,2026-04-24,49292.5,49455.2,49100.2
US30,2026-04-26,49148.0,49194.5,49099.5
US30,2026-04-27,49281.5,49392.0,49059.0
US30,2026-04-28,49270.1,49434.0,49121.2
US30,2026-04-29,48748.0,49307.6,48686.0
US30,2026-04-30,49803.2,49844.2,48503.0
US30,2026-05-01,49494.6,50035.8,49465.1
US30,2026-05-03,49601.6,49682.6,49577.6
US30,2026-05-04,49011.1,49608.1,48939.6
US30,2026-05-05,49418.4,49478.9,48980.6
US30,2026-05-06,49922.4,50061.4,49385.4
US30,2026-05-07,49640.2,50165.4,49515.6
US30,2026-05-08,49665.7,49878.2,49511.8
US30,2026-05-10,49479.5,49526.5,49399.0
US30,2026-05-11,49741.8,49810.4,49402.0
US30,2026-05-12,49757.6,49865.2,49332.8
US30,2026-05-13,49847.4,49870.4,49476.6
US30,2026-05-14,50040.3,50242.6,49818.9
US30,2026-05-15,49433.4,50043.8,49370.4
US30,2026-05-17,49383.9,49489.9,49309.4
US30,2026-05-18,49684.0,49780.4,49086.4
US30,2026-05-19,49429.5,49766.0,49251.0
US30,2026-05-20,49925.9,50107.0,49237.5
US30,2026-05-21,50392.3,50417.0,49719.0
US30,2026-05-22,50563.0,50858.0,50372.8
US30,2026-05-24,50852.5,50901.5,50806.0
US30,2026-05-25,50954.2,51151.0,50847.5
US30,2026-05-26,50548.2,50962.2,50378.2
US30,2026-05-27,50679.9,50849.2,50461.7
US30,2026-05-28,50699.5,50810.4,50345.4
US30,2026-05-29,51018.8,51107.8,50666.5
US30,2026-05-31,51045.6,51059.6,50934.6
US30,2026-06-01,50927.7,51322.6,50762.6
US30,2026-06-02,51346.0,51389.0,50783.7
US30,2026-06-03,50750.5,51362.0,50690.4
US30,2026-06-04,51577.6,51692.6,50690.0
US30,2026-06-05,50740.2,51777.6,50681.7
US30,2026-06-07,50804.2,50853.7,50569.2
US30,2026-06-08,50762.1,51277.8,50619.2
US30,2026-06-09,50756.9,51276.2,50222.6
US30,2026-06-10,49796.9,50860.9,49719.4
US30,2026-06-11,50928.6,50984.2,49787.9
US30,2026-06-12,51210.3,51415.0,50802.6
US30,2026-06-14,51529.3,51552.8,51437.3
US30,2026-06-15,51719.0,51968.8,51514.8
US30,2026-06-16,52204.0,52288.0,51704.0
US30,2026-06-17,51878.0,52422.6,51539.6
US30,2026-06-18,51709.8,52078.0,51669.8
US30,2026-06-19,51595.4,51711.3,51497.8
US30,2026-06-21,51468.3,51575.3,51418.8
US30,2026-06-22,51875.0,52010.8,51446.3
US30,2026-06-23,51821.0,52010.6,51414.5
US30,2026-06-24,52060.4,52407.0,51664.0
US30,2026-06-25,52129.0,52824.4,51948.9
US30,2026-06-26,51945.6,52277.6,51744.0
US30,2026-06-28,52150.1,52197.1,51969.1
US30,2026-06-29,52262.1,52442.2,52003.6
US30,2026-06-30,52320.9,52512.4,52129.2
US30,2026-07-01,52356.1,52855.8,52129.4
US30,2026-07-02,52972.0,52980.0,52298.6
US30,2026-07-03,52923.6,53153.0,52826.5
US30,2026-07-05,52996.6,52999.1,52879.6
US30,2026-07-06,53124.8,53200.8,52703.2
US30,2026-07-07,52902.0,53414.8,52839.8
US30,2026-07-08,52373.0,52974.0,52108.6
US30,2026-07-09,52529.7,52647.2,52278.0
US30,2026-07-10,52758.9,52777.4,52288.8
US30,2026-07-12,52592.4,52648.4,52537.9
US30,2026-07-13,52492.0,52899.0,52396.0
US30,2026-07-14,52672.5,52774.6,52054.5
US30,2026-07-15,52723.5,52895.0,52495.0
US30,2026-07-16,52511.8,52921.6,52428.8
US30,2026-07-17,52196.3,52653.8,51992.8
US30,2026-07-19,52181.9,52195.4,52068.4
US30,2026-07-20,51924.4,52463.0,51826.4
US30,2026-07-21,52254.4,52419.4,51863.4
US30,2026-07-22,52263.7,52548.4,52094.4
US30,2026-07-23,51724.3,52354.2,51570.2
US30,2026-07-24,51934.3,52152.8,51713.3
US30,2026-07-26,52291.3,52300.3,52176.3
US30,2026-07-27,52255.0,52629.8,52016.0
US30,2026-07-28,52824.1,52960.6,52140.5
US30,2026-07-29,51780.5,52889.6,51498.5
US30,2026-07-30,52355.5,52376.5,51595.0
US30,2026-07-31,52420.3,52652.8,51998.6
US30,2026-08-02,52697.3,52755.3,52665.8
US30,2026-08-03,53302.0,53335.0,52659.3
US30,2026-08-04,54245.4,54318.4,53168.0
US30,2026-08-05,54480.9,54780.0,54241.4
US30,2026-08-06,53907.0,54574.9,53861.5
US30,2026-08-07,54031.0,54109.5,53788.5
US30,2026-08-09,53899.9,53976.9,53899.9
US30,2026-08-10,53926.6,54066.4,53850.0
US30,2026-08-11,53822.5,54238.6,53775.6
US30,2026-08-12,53803.7,54069.5,53753.6
US30,2026-08-13,53880.7,54074.2,53641.2
US30,2026-08-14,53720.1,53927.7,53679.2
US30,2026-08-16,53751.6,53766.6,53716.6
US30,2026-08-17,53484.6,53763.1,53416.6
US30,2026-08-18,53346.8,53538.1,53262.6
US30,2026-08-19,53509.1,53727.4,53282.8
US30,2026-08-20,52805.1,53534.6,52763.8
EURJPY,2024-09-20,160.659,161.162,158.427
EURJPY,2024-09-22,160.78,160.862,160.399
EURJPY,2024-09-23,159.59,161.194,159.048
EURJPY,2024-09-24,159.978,161.11,159.237
EURJPY,2024-09-25,161.068,161.67,159.936
EURJPY,2024-09-26,162.164,162.188,160.748
EURJPY,2024-09-27,158.792,163.494,158.564
EURJPY,2024-09-29,159.483,159.661,158.652
EURJPY,2024-09-30,160.053,160.13,158.102
EURJPY,2024-10-01,159.028,160.91,158.374
EURJPY,2024-10-02,161.904,162.286,158.706
EURJPY,2024-10-03,162.046,162.496,161.374
EURJPY,2024-10-04,163.218,163.374,161.015
EURJPY,2024-10-06,163.236,163.578,163.099
EURJPY,2024-10-07,162.569,163.236,162.036
EURJPY,2024-10-08,162.598,162.848,161.906
EURJPY,2024-10-09,163.214,163.466,162.392
EURJPY,2024-10-10,162.596,163.612,162.18
EURJPY,2024-10-11,163.11,163.411,162.31
EURJPY,2024-10-13,163.092,163.247,162.927
EURJPY,2024-10-14,163.332,163.602,162.897
EURJPY,2024-10-15,162.258,163.36,162.24
EURJPY,2024-10-16,162.409,162.888,162.108
EURJPY,2024-10-17,162.56,162.767,161.848
EURJPY,2024-10-18,162.51,162.86,162.181
EURJPY,2024-10-20,162.593,162.644,162.38
EURJPY,2024-10-21,162.904,163.159,161.998
EURJPY,2024-10-22,163.19,163.668,162.777
EURJPY,2024-10-23,164.694,165.02,163.172
EURJPY,2024-10-24,164.298,164.75,163.796
EURJPY,2024-10-25,164.432,164.792,163.939
EURJPY,2024-10-27,165.135,165.402,164.715
EURJPY,2024-10-28,165.664,166.075,164.894
EURJPY,2024-10-29,165.831,166.08,165.158
EURJPY,2024-10-30,166.402,166.599,165.504
EURJPY,2024-10-31,165.426,166.694,164.939
EURJPY,2024-11-01,165.75,166.118,165.356
EURJPY,2024-11-03,165.586,165.971,165.522
EURJPY,2024-11-04,165.589,165.863,165.217
EURJPY,2024-11-05,165.596,166.04,165.406
EURJPY,2024-11-06,165.608,166.102,164.926
EURJPY,2024-11-07,165.358,165.966,165.01
EURJPY,2024-11-08,163.609,165.376,163.208
EURJPY,2024-11-10,163.817,163.872,163.499
EURJPY,2024-11-11,163.708,164.658,163.583
EURJPY,2024-11-12,164.196,164.333,163.244
EURJPY,2024-11-13,164.215,164.814,163.632
EURJPY,2024-11-14,164.768,164.985,163.808
EURJPY,2024-11-15,162.682,165.042,162.317
EURJPY,2024-11-17,162.934,163.036,162.558
EURJPY,2024-11-18,163.81,163.981,162.267
EURJPY,2024-11-19,164.122,164.162,161.49
EURJPY,2024-11-20,163.755,164.762,163.158
EURJPY,2024-11-21,161.392,163.786,161.373
EURJPY,2024-11-22,161.26,162.493,159.888
EURJPY,2024-11-24,161.543,161.938,161.403
EURJPY,2024-11-25,161.24,162.12,160.993
EURJPY,2024-11-26,160.454,162.012,160.304
EURJPY,2024-11-27,159.851,160.584,159.094
EURJPY,2024-11-28,159.658,160.345,159.428
EURJPY,2024-11-29,158.369,159.684,158.036
EURJPY,2024-12-01,158.021,158.259,157.972
EURJPY,2024-12-02,157.002,158.642,156.38
EURJPY,2024-12-03,157.252,157.987,156.18
EURJPY,2024-12-04,158.264,158.661,156.986
EURJPY,2024-12-05,158.93,159.394,157.562
EURJPY,2024-12-06,158.582,159.579,158.096
EURJPY,2024-12-08,158.375,158.581,158.352
EURJPY,2024-12-09,159.784,159.998,157.866
EURJPY,2024-12-10,159.912,160.072,159.372
EURJPY,2024-12-11,159.96,160.724,158.648
EURJPY,2024-12-12,159.827,160.549,159.108
EURJPY,2024-12-13,161.39,161.557,159.719
EURJPY,2024-12-15,161.281,161.382,161.132
EURJPY,2024-12-16,162.068,162.21,161.169
EURJPY,2024-12-17,161.17,162.477,160.776
EURJPY,2024-12-18,160.093,161.562,159.808
EURJPY,2024-12-19,163.392,163.801,160.08
EURJPY,2024-12-20,163.146,163.67,162.344
EURJPY,2024-12-22,163.34,163.44,163.086
EURJPY,2024-12-23,163.466,163.621,162.848
EURJPY,2024-12-24,163.312,163.635,163.026
EURJPY,2024-12-25,163.402,163.658,163.369
EURJPY,2024-12-26,164.484,164.762,163.32
EURJPY,2024-12-27,164.632,164.828,164.031
EURJPY,2024-12-29,164.722,164.732,164.478
EURJPY,2024-12-30,163.404,164.905,162.81
EURJPY,2024-12-31,162.784,163.436,162.452
EURJPY,2025-01-01,163.246,163.318,162.774
EURJPY,2025-01-02,161.572,163.302,160.897
EURJPY,2025-01-03,162.166,162.21,161.39
EURJPY,2025-01-05,162.318,162.343,161.976
EURJPY,2025-01-06,163.786,164.024,162.298
EURJPY,2025-01-07,163.629,164.55,163.216
EURJPY,2025-01-08,163.152,163.811,162.844
EURJPY,2025-01-09,162.74,163.271,162.376
EURJPY,2025-01-10,161.618,163.192,161.212
EURJPY,2025-01-12,161.746,161.78,161.544
EURJPY,2025-01-13,161.466,161.786,160.036
EURJPY,2025-01-14,162.889,162.892,161.054
EURJPY,2025-01-15,160.832,162.894,160.784
EURJPY,2025-01-16,160.053,161.088,159.746
EURJPY,2025-01-17,160.522,161.014,159.724
EURJPY,2025-01-19,160.7,160.816,160.547
EURJPY,2025-01-20,161.815,162.315,160.318
EURJPY,2025-01-21,162.065,162.232,160.956
EURJPY,2025-01-22,162.821,163.222,161.89
EURJPY,2025-01-23,162.63,163.132,162.194
EURJPY,2025-01-24,163.7,164.084,161.916
EURJPY,2025-01-26,163.002,163.364,162.926
EURJPY,2025-01-27,161.688,163.462,161.542
EURJPY,2025-01-28,162.211,162.707,161.625
EURJPY,2025-01-29,161.768,162.49,161.31
EURJPY,2025-01-30,160.205,161.783,160.166
EURJPY,2025-01-31,160.774,161.503,159.908
EURJPY,2025-02-02,159.189,159.43,158.449
EURJPY,2025-02-03,160.364,160.487,157.97
EURJPY,2025-02-04,159.862,160.702,159.19
EURJPY,2025-02-05,158.738,160.106,158.498
EURJPY,2025-02-06,157.006,158.764,156.985
EURJPY,2025-02-07,156.379,158.018,155.869
EURJPY,2025-02-09,156.59,156.608,155.678
EURJPY,2025-02-10,156.354,157.424,156.295
EURJPY,2025-02-11,158.322,158.348,156.26
EURJPY,2025-02-12,160.288,160.969,158.274
EURJPY,2025-02-13,160.048,161.189,159.019
EURJPY,2025-02-14,159.804,160.267,159.432
EURJPY,2025-02-16,159.438,159.834,159.406
EURJPY,2025-02-17,158.788,159.606,158.533
EURJPY,2025-02-18,158.733,159.198,158.372
EURJPY,2025-02-19,157.596,159.136,157.491
EURJPY,2025-02-20,156.972,157.652,156.316
EURJPY,2025-02-21,156.192,158.228,155.818
EURJPY,2025-02-23,156.486,156.541,156.139
EURJPY,2025-02-24,156.83,157.26,156.09
EURJPY,2025-02-25,156.81,157.31,156.084
EURJPY,2025-02-26,156.146,157.129,156.032
EURJPY,2025-02-27,156.0,157.221,155.516
EURJPY,2025-02-28,156.286,157.165,154.797
EURJPY,2025-03-02,157.03,157.311,156.738
EURJPY,2025-03-03,156.558,158.471,155.923
EURJPY,2025-03-04,159.167,159.522,155.592
EURJPY,2025-03-05,160.711,160.777,158.733
EURJPY,2025-03-06,159.813,161.282,159.122
EURJPY,2025-03-07,160.404,160.77,159.274
EURJPY,2025-03-09,160.284,160.382,160.006
EURJPY,2025-03-10,159.427,160.359,158.896
EURJPY,2025-03-11,161.582,161.79,158.975
EURJPY,2025-03-12,161.424,162.362,161.208
EURJPY,2025-03-13,160.586,161.517,160.059
EURJPY,2025-03-14,161.716,162.334,160.498
EURJPY,2025-03-16,161.678,161.954,161.577
EURJPY,2025-03-17,163.122,163.155,161.544
EURJPY,2025-03-18,163.494,164.188,162.99
EURJPY,2025-03-19,161.998,163.888,161.998
EURJPY,2025-03-20,161.301,162.046,160.739
EURJPY,2025-03-21,161.464,162.138,160.736
EURJPY,2025-03-23,162.178,162.211,161.501
EURJPY,2025-03-24,162.88,162.942,161.945
EURJPY,2025-03-25,161.772,163.03,161.62
EURJPY,2025-03-26,161.63,162.611,161.373
EURJPY,2025-03-27,162.936,163.365,161.55
EURJPY,2025-03-28,162.303,163.174,162.07
EURJPY,2025-03-30,161.944,162.242,161.49
EURJPY,2025-03-31,162.208,162.486,161.044
EURJPY,2025-04-01,161.652,162.302,160.776
EURJPY,2025-04-02,161.259,164.178,160.12
EURJPY,2025-04-03,161.544,163.066,160.63
EURJPY,2025-04-04,161.14,162.004,159.018
EURJPY,2025-04-06,159.743,159.838,158.232
EURJPY,2025-04-07,161.314,162.387,159.173
EURJPY,2025-04-08,160.112,162.206,159.886
EURJPY,2025-04-09,161.424,162.204,159.48
EURJPY,2025-04-10,161.83,162.586,160.877
EURJPY,2025-04-11,163.014,163.14,161.306
EURJPY,2025-04-13,162.978,163.279,162.636
EURJPY,2025-04-14,162.352,163.178,162.082
EURJPY,2025-04-15,161.618,162.805,161.296
EURJPY,2025-04-16,161.697,162.284,161.388
EURJPY,2025-04-17,161.894,162.641,161.246
EURJPY,2025-04-18,161.983,162.164,161.716
EURJPY,2025-04-20,162.11,162.199,161.582
EURJPY,2025-04-21,162.204,162.676,161.645
EURJPY,2025-04-22,161.978,162.473,160.984
EURJPY,2025-04-23,162.236,162.466,161.176
EURJPY,2025-04-24,162.475,162.617,161.84
EURJPY,2025-04-25,163.278,163.762,162.128
EURJPY,2025-04-27,163.206,163.368,163.058
EURJPY,2025-04-28,162.183,163.334,162.18
EURJPY,2025-04-29,161.972,162.545,161.852
EURJPY,2025-04-30,161.956,162.656,161.708
EURJPY,2025-05-01,164.27,164.462,161.812
EURJPY,2025-05-02,163.848,164.64,163.456
EURJPY,2025-05-04,163.776,163.9,163.556
EURJPY,2025-05-05,162.568,163.86,162.427
EURJPY,2025-05-06,162.268,162.954,161.596
EURJPY,2025-05-07,162.611,163.022,162.007
EURJPY,2025-05-08,163.862,163.944,162.536
EURJPY,2025-05-09,163.534,163.925,163.153
EURJPY,2025-05-11,163.751,164.014,163.646
EURJPY,2025-05-12,164.503,164.925,163.688
EURJPY,2025-05-13,165.022,165.216,164.132
EURJPY,2025-05-14,163.964,165.166,163.735
EURJPY,2025-05-15,162.93,164.07,162.747
EURJPY,2025-05-16,162.63,163.113,162.462
EURJPY,2025-05-18,162.504,162.66,162.258
EURJPY,2025-05-19,162.849,163.39,162.146
EURJPY,2025-05-20,162.914,163.289,162.418
EURJPY,2025-05-21,162.84,163.43,162.626
EURJPY,2025-05-22,162.308,162.884,161.806
EURJPY,2025-05-23,162.016,162.752,161.084
EURJPY,2025-05-25,162.467,162.64,161.916
EURJPY,2025-05-26,162.438,162.986,162.378
EURJPY,2025-05-27,163.405,163.948,162.091
EURJPY,2025-05-28,163.643,164.002,163.076
EURJPY,2025-05-29,163.552,164.262,163.346
EURJPY,2025-05-30,163.468,163.847,162.803
EURJPY,2025-06-01,163.25,163.433,163.171
EURJPY,2025-06-02,163.125,163.415,162.84
EURJPY,2025-06-03,163.73,163.878,162.798
EURJPY,2025-06-04,163.008,164.246,162.9
EURJPY,2025-06-05,164.426,164.678,162.956
EURJPY,2025-06-06,165.078,165.286,164.346
EURJPY,2025-06-08,165.048,165.172,164.952
EURJPY,2025-06-09,165.188,165.224,164.556
EURJPY,2025-06-10,165.671,165.816,164.63
EURJPY,2025-06-11,165.962,166.428,165.387
EURJPY,2025-06-12,166.12,166.746,165.5
EURJPY,2025-06-13,166.5,166.596,164.942
EURJPY,2025-06-15,166.803,166.876,166.028
EURJPY,2025-06-16,167.168,167.46,166.346
EURJPY,2025-06-17,166.935,167.616,166.709
EURJPY,2025-06-18,166.354,167.058,166.324
EURJPY,2025-06-19,167.188,167.335,166.038
EURJPY,2025-06-20,168.329,168.406,167.156
EURJPY,2025-06-22,168.142,168.422,168.006
EURJPY,2025-06-23,169.242,169.716,168.041
EURJPY,2025-06-24,168.302,169.242,167.916
EURJPY,2025-06-25,169.311,169.404,168.164
EURJPY,2025-06-26,169.174,169.404,168.56
EURJPY,2025-06-27,169.525,169.81,168.63
EURJPY,2025-06-29,169.458,169.652,169.282
EURJPY,2025-06-30,169.5,169.866,168.708
EURJPY,2025-07-01,169.262,169.662,168.462
EURJPY,2025-07-02,169.337,169.791,169.04
EURJPY,2025-07-03,170.313,170.617,169.318
EURJPY,2025-07-04,170.223,170.4,169.856
EURJPY,2025-07-06,170.212,170.326,170.129
EURJPY,2025-07-07,171.216,171.402,169.889
EURJPY,2025-07-08,172.18,172.181,171.186
EURJPY,2025-07-09,171.5,172.284,171.272
EURJPY,2025-07-10,171.173,171.781,170.938
EURJPY,2025-07-11,172.35,172.428,170.81
EURJPY,2025-07-13,172.082,172.154,171.688
EURJPY,2025-07-14,172.398,172.48,171.728
EURJPY,2025-07-15,172.693,173.084,172.259
EURJPY,2025-07-16,172.214,173.246,171.839
EURJPY,2025-07-17,172.434,172.676,171.946
EURJPY,2025-07-18,173.028,173.124,172.354
EURJPY,2025-07-20,172.652,172.848,172.071
EURJPY,2025-07-21,172.387,172.666,171.922
EURJPY,2025-07-22,172.268,172.938,171.368
EURJPY,2025-07-23,172.302,172.742,171.373
EURJPY,2025-07-24,172.804,172.934,171.751
EURJPY,2025-07-25,173.38,173.614,172.484
EURJPY,2025-07-27,173.73,173.872,173.572
EURJPY,2025-07-28,172.159,173.902,172.072
EURJPY,2025-07-29,171.446,172.324,171.053
EURJPY,2025-07-30,170.536,171.536,170.446
EURJPY,2025-07-31,172.256,172.341,169.724
EURJPY,2025-08-01,170.812,172.39,170.284
EURJPY,2025-08-03,170.743,170.769,170.469
EURJPY,2025-08-04,170.048,171.166,169.906
EURJPY,2025-08-05,170.819,170.948,169.821
EURJPY,2025-08-06,171.694,171.992,170.618
EURJPY,2025-08-07,171.432,172.172,171.277
EURJPY,2025-08-08,172.021,172.344,171.372
EURJPY,2025-08-10,171.986,172.099,171.842
EURJPY,2025-08-11,172.098,172.206,171.483
EURJPY,2025-08-12,172.568,172.861,172.084
EURJPY,2025-08-13,172.316,173.02,172.234
EURJPY,2025-08-14,172.06,172.316,170.968
EURJPY,2025-08-15,172.24,172.38,171.504
EURJPY,2025-08-17,172.358,172.515,172.26
EURJPY,2025-08-18,172.594,172.68,172.053
EURJPY,2025-08-19,171.993,172.704,171.697
EURJPY,2025-08-20,171.628,172.002,171.121
EURJPY,2025-08-21,172.31,172.374,171.526
EURJPY,2025-08-22,172.228,172.678,171.832
EURJPY,2025-08-24,172.428,172.482,172.104
EURJPY,2025-08-25,171.678,172.666,171.577
EURJPY,2025-08-26,171.62,172.122,171.327
EURJPY,2025-08-27,171.616,171.914,171.253
EURJPY,2025-08-28,171.482,171.795,171.12
EURJPY,2025-08-29,171.844,172.016,171.24
EURJPY,2025-08-31,171.988,172.045,171.818
EURJPY,2025-09-01,172.32,172.546,171.965
EURJPY,2025-09-02,172.846,173.416,172.298
EURJPY,2025-09-03,172.556,173.302,172.514
EURJPY,2025-09-04,173.019,173.212,172.458
EURJPY,2025-09-05,172.734,173.272,172.494
EURJPY,2025-09-07,173.71,173.872,173.348
EURJPY,2025-09-08,173.442,173.913,173.07
EURJPY,2025-09-09,172.488,173.491,172.14
EURJPY,2025-09-10,172.45,172.91,172.378
EURJPY,2025-09-11,172.758,173.06,172.36
EURJPY,2025-09-12,173.324,173.444,172.624
EURJPY,2025-09-14,173.161,173.404,173.126
EURJPY,2025-09-15,173.392,173.454,172.896
EURJPY,2025-09-16,173.81,173.851,173.024
EURJPY,2025-09-17,173.696,173.819,173.092
EURJPY,2025-09-18,174.448,174.504,173.606
EURJPY,2025-09-19,173.82,174.498,173.483
EURJPY,2025-09-21,173.831,173.852,173.704
EURJPY,2025-09-22,174.334,174.39,173.788
EURJPY,2025-09-23,174.397,174.492,174.055
EURJPY,2025-09-24,174.708,174.797,174.224
EURJPY,2025-09-25,174.782,174.943,174.493
EURJPY,2025-09-26,174.937,175.053,174.638
EURJPY,2025-09-28,174.888,175.017,174.857
EURJPY,2025-09-29,174.342,174.922,173.988
EURJPY,2025-09-30,173.704,174.42,173.39
EURJPY,2025-10-01,172.606,173.918,172.305
EURJPY,2025-10-02,172.536,172.988,172.268
EURJPY,2025-10-03,173.194,173.252,172.534
EURJPY,2025-10-05,175.194,175.25,174.736
EURJPY,2025-10-06,176.068,176.256,174.902
EURJPY,2025-10-07,177.192,177.258,175.79
EURJPY,2025-10-08,177.592,177.86,176.9
EURJPY,2025-10-09,176.996,177.938,176.768
EURJPY,2025-10-10,175.706,177.129,175.692
EURJPY,2025-10-12,176.425,176.53,176.128
EURJPY,2025-10-13,176.332,176.916,175.904
EURJPY,2025-10-14,176.032,176.455,175.355
EURJPY,2025-10-15,175.842,176.31,175.439
EURJPY,2025-10-16,175.662,176.462,175.452
EURJPY,2025-10-17,175.52,175.971,174.818
EURJPY,2025-10-19,175.944,175.946,175.345
EURJPY,2025-10-20,175.623,176.374,175.24
EURJPY,2025-10-21,176.173,176.618,175.353
EURJPY,2025-10-22,176.41,176.448,175.768
EURJPY,2025-10-23,177.291,177.448,176.386
EURJPY,2025-10-24,177.735,177.833,177.201
EURJPY,2025-10-26,178.044,178.15,177.812
EURJPY,2025-10-27,177.913,178.232,177.63
EURJPY,2025-10-28,176.882,177.919,176.872
EURJPY,2025-10-29,177.22,177.596,176.635
EURJPY,2025-10-30,178.107,178.822,176.82
EURJPY,2025-10-31,177.682,178.566,177.45
EURJPY,2025-11-02,177.754,177.874,177.613
EURJPY,2025-11-03,177.63,177.98,177.236
EURJPY,2025-11-04,176.358,177.678,176.094
EURJPY,2025-11-05,177.139,177.145,175.706
EURJPY,2025-11-06,176.642,177.22,176.284
EURJPY,2025-11-07,177.444,177.608,176.511
EURJPY,2025-11-09,177.573,177.76,177.488
EURJPY,2025-11-10,178.147,178.454,177.334
EURJPY,2025-11-11,178.538,178.748,178.107
EURJPY,2025-11-12,179.334,179.482,178.478
EURJPY,2025-11-13,179.845,179.94,179.226
EURJPY,2025-11-14,179.584,179.984,178.978
EURJPY,2025-11-16,179.557,179.79,179.512
EURJPY,2025-11-17,179.974,180.02,179.262
EURJPY,2025-11-18,180.11,180.294,179.604
EURJPY,2025-11-19,181.178,181.38,179.779
EURJPY,2025-11-20,181.54,182.01,180.965
EURJPY,2025-11-21,180.077,181.66,179.772
EURJPY,2025-11-23,180.31,180.354,180.079
EURJPY,2025-11-24,180.766,181.268,180.278
EURJPY,2025-11-25,180.643,180.858,180.1
EURJPY,2025-11-26,181.247,181.471,180.352
EURJPY,2025-11-27,181.294,181.34,180.76
EURJPY,2025-11-28,181.138,181.524,180.53
EURJPY,2025-11-30,180.874,181.166,180.854
EURJPY,2025-12-01,180.558,181.003,180.137
EURJPY,2025-12-02,181.13,181.361,180.471
EURJPY,2025-12-03,180.964,181.462,180.8
EURJPY,2025-12-04,180.632,181.294,180.398
EURJPY,2025-12-05,180.874,180.928,180.098
EURJPY,2025-12-07,180.792,180.876,180.634
EURJPY,2025-12-08,181.418,181.516,180.498
EURJPY,2025-12-09,182.334,182.648,181.352
EURJPY,2025-12-10,182.256,182.62,182.008
EURJPY,2025-12-11,182.577,182.75,181.881
EURJPY,2025-12-12,182.954,183.159,182.552
EURJPY,2025-12-14,182.948,183.006,182.84
EURJPY,2025-12-15,182.222,183.007,181.838
EURJPY,2025-12-16,181.848,182.474,181.716
EURJPY,2025-12-17,182.574,182.881,181.571
EURJPY,2025-12-18,182.417,183.172,182.261
EURJPY,2025-12-19,184.685,184.753,182.406
EURJPY,2025-12-21,184.588,184.828,184.431
EURJPY,2025-12-22,184.55,184.924,184.241
EURJPY,2025-12-23,184.15,184.564,183.436
EURJPY,2025-12-24,183.668,184.226,183.306
EURJPY,2025-12-25,183.962,183.982,183.509
EURJPY,2025-12-26,184.298,184.434,183.829
EURJPY,2025-12-28,184.274,184.415,184.24
EURJPY,2025-12-29,183.678,184.416,183.464
EURJPY,2025-12-30,183.716,184.093,183.42
EURJPY,2025-12-31,184.048,184.248,183.541
EURJPY,2026-01-01,184.162,184.286,184.04
EURJPY,2026-01-02,183.814,184.431,183.715
EURJPY,2026-01-04,183.776,183.84,183.508
EURJPY,2026-01-05,183.47,184.064,182.814
EURJPY,2026-01-06,183.1,183.65,183.014
EURJPY,2026-01-07,182.988,183.376,182.71
EURJPY,2026-01-08,182.888,183.252,182.636
EURJPY,2026-01-09,183.774,183.956,182.885
EURJPY,2026-01-11,183.82,183.924,183.773
EURJPY,2026-01-12,184.322,184.671,183.753
EURJPY,2026-01-13,185.344,185.544,184.298
EURJPY,2026-01-14,184.483,185.574,184.259
EURJPY,2026-01-15,184.114,184.638,183.866
EURJPY,2026-01-16,183.375,184.162,183.205
EURJPY,2026-01-18,183.15,183.207,182.762
EURJPY,2026-01-19,184.096,184.195,183.004
EURJPY,2026-01-20,185.47,185.51,183.774
EURJPY,2026-01-21,184.971,185.542,184.822
EURJPY,2026-01-22,186.284,186.334,184.807
EURJPY,2026-01-23,184.224,186.874,183.793
EURJPY,2026-01-25,184.013,184.106,183.162
EURJPY,2026-01-26,183.322,184.094,181.786
EURJPY,2026-01-27,183.348,183.78,182.106
EURJPY,2026-01-28,183.41,183.575,182.577
EURJPY,2026-01-29,183.272,183.746,182.086
EURJPY,2026-01-30,183.432,184.072,183.046
EURJPY,2026-02-01,183.886,184.197,183.564
EURJPY,2026-02-02,183.442,184.28,183.19
EURJPY,2026-02-03,184.096,184.202,183.435
EURJPY,2026-02-04,185.174,185.278,184.034
EURJPY,2026-02-05,184.665,185.508,184.56
EURJPY,2026-02-06,185.81,185.813,184.36
EURJPY,2026-02-08,185.994,186.234,185.478
EURJPY,2026-02-09,185.859,186.015,184.864
EURJPY,2026-02-10,183.67,186.001,183.449
EURJPY,2026-02-11,182.003,183.682,181.34
EURJPY,2026-02-12,181.352,182.54,180.808
EURJPY,2026-02-13,181.232,182.284,181.205
EURJPY,2026-02-15,181.326,181.368,181.182
EURJPY,2026-02-16,181.976,182.3,181.291
EURJPY,2026-02-17,181.475,182.012,180.82
EURJPY,2026-02-18,182.364,182.548,181.416
EURJPY,2026-02-19,182.654,183.159,182.015
EURJPY,2026-02-20,182.714,183.11,182.224
EURJPY,2026-02-22,182.644,182.805,182.57
EURJPY,2026-02-23,182.394,182.814,181.995
EURJPY,2026-02-24,183.568,184.186,182.37
EURJPY,2026-02-25,184.518,184.776,183.202
EURJPY,2026-02-26,183.969,184.586,183.826
EURJPY,2026-02-27,184.428,184.552,183.702
EURJPY,2026-03-01,184.19,184.23,183.73
EURJPY,2026-03-02,183.926,184.696,183.748
EURJPY,2026-03-03,183.18,184.337,182.026
EURJPY,2026-03-04,182.645,183.231,182.376
EURJPY,2026-03-05,182.884,183.094,182.112
EURJPY,2026-03-06,183.334,183.391,182.37
EURJPY,2026-03-08,182.548,182.849,182.4
EURJPY,2026-03-09,183.399,183.634,182.469
EURJPY,2026-03-10,183.587,183.769,183.057
EURJPY,2026-03-11,183.634,184.081,183.538
EURJPY,2026-03-12,183.466,183.733,183.224
EURJPY,2026-03-13,182.358,183.652,182.261
EURJPY,2026-03-15,182.468,182.502,182.272
EURJPY,2026-03-16,182.981,183.182,181.874
EURJPY,2026-03-17,183.4,183.548,182.822
EURJPY,2026-03-18,183.214,183.831,182.987
EURJPY,2026-03-19,182.832,183.44,182.053
EURJPY,2026-03-20,184.241,184.259,182.597
EURJPY,2026-03-22,184.008,184.21,183.616
EURJPY,2026-03-23,183.971,184.34,183.18
EURJPY,2026-03-24,184.323,184.366,183.625
EURJPY,2026-03-25,184.281,184.606,184.04
EURJPY,2026-03-26,184.238,184.481,183.972
EURJPY,2026-03-27,184.537,184.659,183.866
EURJPY,2026-03-29,184.142,184.517,184.128
EURJPY,2026-03-30,183.128,184.159,182.594
EURJPY,2026-03-31,183.496,183.65,182.828
EURJPY,2026-04-01,183.92,184.25,183.364
EURJPY,2026-04-02,184.067,184.205,183.498
EURJPY,2026-04-03,183.861,184.276,183.701
EURJPY,2026-04-05,183.906,184.087,183.714
EURJPY,2026-04-06,184.304,184.462,183.704
EURJPY,2026-04-07,185.488,185.556,184.264
EURJPY,2026-04-08,184.98,185.494,184.81
EURJPY,2026-04-09,186.008,186.234,184.924
EURJPY,2026-04-10,186.755,186.884,185.944
EURJPY,2026-04-12,186.426,186.596,186.206
EURJPY,2026-04-13,187.356,187.527,186.4
EURJPY,2026-04-14,187.364,187.54,187.085
EURJPY,2026-04-15,187.516,187.698,187.105
EURJPY,2026-04-16,187.561,187.597,187.104
EURJPY,2026-04-17,186.595,187.954,186.319
EURJPY,2026-04-19,186.832,186.872,186.321
EURJPY,2026-04-20,187.194,187.294,186.743
EURJPY,2026-04-21,187.182,187.367,186.994
EURJPY,2026-04-22,186.692,187.328,186.592
EURJPY,2026-04-23,186.654,186.97,186.438
EURJPY,2026-04-24,186.734,186.883,186.44
EURJPY,2026-04-26,186.812,186.86,186.649
EURJPY,2026-04-27,186.796,187.11,186.7
EURJPY,2026-04-28,186.908,186.952,186.072
EURJPY,2026-04-29,187.207,187.428,186.694
EURJPY,2026-04-30,184.16,187.559,182.296
EURJPY,2026-05-01,184.149,184.589,182.64
EURJPY,2026-05-03,184.0,184.23,183.928
EURJPY,2026-05-04,183.826,184.407,182.8
EURJPY,2026-05-05,184.716,184.8,183.67
EURJPY,2026-05-06,183.884,185.044,182.048
EURJPY,2026-05-07,183.998,184.244,183.502
EURJPY,2026-05-08,184.646,184.746,183.934
EURJPY,2026-05-10,184.592,184.63,184.012
EURJPY,2026-05-11,185.206,185.301,184.585
EURJPY,2026-05-12,185.03,185.462,184.444
EURJPY,2026-05-13,184.946,185.158,184.63
EURJPY,2026-05-14,184.704,185.052,184.038
EURJPY,2026-05-15,184.58,184.746,184.177
EURJPY,2026-05-17,184.488,184.608,184.32
EURJPY,2026-05-18,185.162,185.218,184.46
EURJPY,2026-05-19,184.602,185.213,184.208
EURJPY,2026-05-20,184.71,184.788,184.274
EURJPY,2026-05-21,184.758,184.943,184.394
EURJPY,2026-05-22,184.718,184.86,184.45
EURJPY,2026-05-24,185.056,185.074,184.774
EURJPY,2026-05-25,184.964,185.142,184.845
EURJPY,2026-05-26,185.315,185.363,184.884
EURJPY,2026-05-27,185.387,185.789,185.276
EURJPY,2026-05-28,185.594,185.658,184.899
EURJPY,2026-05-29,185.748,185.983,185.188
EURJPY,2026-05-31,185.64,185.822,185.63
EURJPY,2026-06-01,185.757,185.981,185.394
EURJPY,2026-06-02,185.922,186.204,185.7
EURJPY,2026-06-03,185.686,186.011,185.114
EURJPY,2026-06-04,185.794,186.116,185.352
EURJPY,2026-06-05,184.727,186.209,184.498
EURJPY,2026-06-07,184.742,184.75,184.429
EURJPY,2026-06-08,184.659,185.0,183.977
EURJPY,2026-06-09,185.014,185.468,184.607
EURJPY,2026-06-10,185.18,185.576,184.958
EURJPY,2026-06-11,185.369,185.473,184.659
EURJPY,2026-06-12,185.338,185.557,185.166
EURJPY,2026-06-14,185.604,185.701,185.279
EURJPY,2026-06-15,185.746,186.058,185.592
EURJPY,2026-06-16,186.253,186.322,185.456
EURJPY,2026-06-17,184.81,186.318,184.541
EURJPY,2026-06-18,184.822,185.374,184.292
EURJPY,2026-06-19,185.012,185.14,184.303
EURJPY,2026-06-21,185.048,185.113,184.787
EURJPY,2026-06-22,184.63,185.398,184.382
EURJPY,2026-06-23,183.887,184.846,183.781
EURJPY,2026-06-24,183.68,183.894,183.171
EURJPY,2026-06-25,183.839,184.104,183.406
EURJPY,2026-06-26,184.162,184.83,183.721
EURJPY,2026-06-28,184.206,184.321,184.116
EURJPY,2026-06-29,184.906,185.1,184.126
EURJPY,2026-06-30,185.618,185.866,184.646
EURJPY,2026-07-01,184.944,185.714,184.857
EURJPY,2026-07-02,184.423,185.091,183.76
EURJPY,2026-07-03,184.571,184.618,183.925
EURJPY,2026-07-05,184.659,184.69,184.479
EURJPY,2026-07-06,185.462,185.57,184.66
EURJPY,2026-07-07,185.12,185.532,184.804
EURJPY,2026-07-08,185.644,185.714,185.072
EURJPY,2026-07-09,185.637,185.818,185.528
EURJPY,2026-07-10,184.591,185.682,184.466
EURJPY,2026-07-12,184.62,184.686,184.392
EURJPY,2026-07-13,184.895,185.472,184.545
EURJPY,2026-07-14,185.298,185.494,184.766
EURJPY,2026-07-15,185.909,186.002,185.212
EURJPY,2026-07-16,185.858,186.036,185.718
EURJPY,2026-07-17,185.772,185.964,185.484
EURJPY,2026-07-19,185.72,185.805,185.592
EURJPY,2026-07-20,185.497,185.878,185.348
EURJPY,2026-07-21,186.074,186.124,185.408
EURJPY,2026-07-22,186.108,186.211,185.735
EURJPY,2026-07-23,186.394,186.666,186.046
EURJPY,2026-07-24,186.307,186.606,186.231
EURJPY,2026-07-26,186.443,186.534,186.352
EURJPY,2026-07-27,186.205,186.738,186.116
EURJPY,2026-07-28,186.584,186.688,186.046
EURJPY,2026-07-29,187.262,187.478,186.188
EURJPY,2026-07-30,184.588,187.428,182.107
EURJPY,2026-07-31,181.551,185.17,181.4
EURJPY,2026-08-02,181.915,182.239,181.381
EURJPY,2026-08-03,181.282,182.154,179.369
EURJPY,2026-08-04,181.872,181.988,181.004
EURJPY,2026-08-05,182.154,182.294,181.54
EURJPY,2026-08-06,182.576,182.644,182.094
EURJPY,2026-08-07,182.396,182.694,181.312
EURJPY,2026-08-09,182.476,182.53,182.288
EURJPY,2026-08-10,183.768,183.94,182.442
EURJPY,2026-08-11,183.86,183.92,183.553
EURJPY,2026-08-12,183.68,183.969,183.154
EURJPY,2026-08-13,183.89,183.946,183.44
EURJPY,2026-08-14,184.345,184.454,183.604
EURJPY,2026-08-16,184.288,184.372,184.205
EURJPY,2026-08-17,184.554,184.77,184.12
EURJPY,2026-08-18,184.704,184.912,184.546
EURJPY,2026-08-19,184.764,184.942,183.926
EURJPY,2026-08-20,185.71,185.837,184.728
DE30,2024-04-10,18161.0,18304.0,18041.5
DE30,2024-04-11,18118.6,18171.6,17932.5
DE30,2024-04-12,17929.0,18235.5,17905.6
DE30,2024-04-15,17980.0,18276.0,17943.0
DE30,2024-04-16,17853.0,17973.0,17801.0
DE30,2024-04-17,17865.0,17997.0,17815.6
DE30,2024-04-18,17832.0,17947.5,17796.5
DE30,2024-04-19,17798.6,17851.0,17479.0
DE30,2024-04-22,18022.0,18067.6,17836.5
DE30,2024-04-23,18244.0,18262.0,18023.6
DE30,2024-04-24,18175.6,18322.6,18136.0
DE30,2024-04-25,18006.6,18161.5,17867.0
DE30,2024-04-26,18242.6,18266.5,18032.6
DE30,2024-04-29,18185.6,18303.0,18141.6
DE30,2024-04-30,17958.0,18207.0,17958.0
DE30,2024-05-02,18003.0,18050.0,17930.5
DE30,2024-05-03,18088.0,18175.0,17970.5
DE30,2024-05-06,18268.0,18278.0,18072.0
DE30,2024-05-07,18499.0,18506.6,18256.0
DE30,2024-05-08,18566.6,18600.0,18468.0
DE30,2024-05-09,18748.6,18753.6,18523.6
DE30,2024-05-10,18806.6,18877.0,18739.0
DE30,2024-05-13,18757.6,18828.6,18737.5
DE30,2024-05-14,18802.6,18807.6,18655.5
DE30,2024-05-15,18911.0,18920.0,18773.0
DE30,2024-05-16,18704.0,18935.0,18693.0
DE30,2024-05-17,18731.6,18743.6,18629.5
DE30,2024-05-20,18747.0,18815.5,18732.6
DE30,2024-05-21,18747.0,18758.0,18639.0
DE30,2024-05-22,18650.0,18767.0,18593.6
DE30,2024-05-23,18585.0,18762.0,18547.0
DE30,2024-05-24,18690.6,18703.5,18506.5
DE30,2024-05-27,18788.0,18790.0,18658.6
DE30,2024-05-28,18663.0,18845.0,18617.6
DE30,2024-05-29,18487.0,18674.0,18430.0
DE30,2024-05-30,18481.6,18526.6,18372.0
DE30,2024-05-31,18577.0,18581.0,18406.6
DE30,2024-06-03,18553.0,18685.0,18486.6
DE30,2024-06-04,18445.0,18573.0,18341.0
DE30,2024-06-05,18624.0,18627.6,18445.6
DE30,2024-06-06,18617.6,18768.5,18585.6
DE30,2024-06-07,18544.0,18639.6,18412.5
DE30,2024-06-10,18516.6,18526.0,18353.5
DE30,2024-06-11,18377.0,18546.0,18269.0
DE30,2024-06-12,18614.6,18641.6,18383.0
DE30,2024-06-13,18289.6,18616.6,18217.6
DE30,2024-06-14,17994.6,18333.6,17941.0
DE30,2024-06-17,18155.6,18165.0,17967.0
DE30,2024-06-18,18156.6,18213.0,18070.5
DE30,2024-06-19,18085.0,18168.6,18049.5
DE30,2024-06-20,18242.6,18258.6,18068.0
DE30,2024-06-21,18182.6,18251.6,18085.0
DE30,2024-06-24,18228.0,18371.0,18123.6
DE30,2024-06-25,18210.6,18268.0,18084.5
DE30,2024-06-26,18185.6,18379.0,18057.5
DE30,2024-06-27,18245.0,18276.5,18096.0
DE30,2024-06-28,18253.0,18366.0,18200.0
DE30,2024-07-01,18339.6,18472.0,18270.5
DE30,2024-07-02,18190.0,18323.0,18038.5
DE30,2024-07-03,18417.0,18418.0,18193.6
DE30,2024-07-04,18459.6,18478.5,18396.0
DE30,2024-07-05,18513.6,18672.0,18424.0
DE30,2024-07-08,18472.0,18635.5,18433.6
DE30,2024-07-09,18267.0,18507.6,18224.5
DE30,2024-07-10,18472.6,18474.6,18234.0
DE30,2024-07-11,18536.6,18589.5,18421.0
DE30,2024-07-12,18732.0,18796.5,18530.0
DE30,2024-07-15,18577.4,18758.5,18549.8
DE30,2024-07-16,18594.6,18597.8,18457.3
DE30,2024-07-17,18453.6,18589.0,18357.5
DE30,2024-07-18,18332.0,18548.0,18301.6
DE30,2024-07-19,18177.0,18368.6,18154.0
DE30,2024-07-22,18476.4,18484.4,18172.0
DE30,2024-07-23,18547.2,18659.7,18453.0
DE30,2024-07-24,18339.2,18530.2,18326.8
DE30,2024-07-25,18271.6,18395.2,18093.2
DE30,2024-07-26,18464.6,18481.6,18219.5
DE30,2024-07-29,18357.6,18548.5,18310.0
DE30,2024-07-30,18451.0,18481.5,18265.0
DE30,2024-07-31,18487.8,18586.2,18417.6
DE30,2024-08-01,18045.2,18541.8,17984.6
DE30,2024-08-02,17718.6,18050.6,17618.6
DE30,2024-08-05,17329.0,17647.6,17022.5
DE30,2024-08-06,17363.6,17569.0,17225.0
DE30,2024-08-07,17420.0,17668.5,17306.0
DE30,2024-08-08,17692.0,17720.6,17370.0
DE30,2024-08-09,17768.0,17779.0,17605.0
DE30,2024-08-12,17695.0,17819.0,17662.5
DE30,2024-08-13,17859.0,17866.6,17654.0
DE30,2024-08-14,17903.0,17925.5,17825.0
DE30,2024-08-15,18202.6,18212.0,17897.0
DE30,2024-08-16,18320.6,18356.6,18194.6
DE30,2024-08-19,18439.6,18462.0,18279.5
DE30,2024-08-20,18352.0,18502.0,18320.6
DE30,2024-08-21,18476.0,18482.6,18346.6
DE30,2024-08-22,18440.8,18553.7,18431.0
DE30,2024-08-23,18632.2,18674.2,18450.8
DE30,2024-08-26,18629.8,18642.2,18548.7
DE30,2024-08-27,18701.2,18734.2,18617.7
DE30,2024-08-28,18785.8,18864.2,18674.8
DE30,2024-08-29,18848.2,18970.8,18750.8
DE30,2024-08-30,18945.8,18966.7,18842.2
DE30,2024-09-02,18947.0,18950.6,18764.7
DE30,2024-09-03,18657.0,18994.0,18626.0
DE30,2024-09-04,18582.0,18659.0,18474.0
DE30,2024-09-05,18587.0,18679.5,18503.5
DE30,2024-09-06,18266.8,18611.8,18255.8
DE30,2024-09-09,18485.0,18497.6,18286.8
DE30,2024-09-10,18332.0,18492.6,18186.0
DE30,2024-09-11,18484.6,18488.0,18208.5
DE30,2024-09-12,18563.0,18593.5,18375.0
DE30,2024-09-13,18685.2,18725.2,18526.0
DE30,2024-09-16,18717.2,18726.2,18593.2
DE30,2024-09-17,18693.0,18807.0,18617.0
DE30,2024-09-18,18747.6,18917.0,18687.0
DE30,2024-09-19,18975.0,19053.6,18761.6
DE30,2024-09-20,18747.0,18964.6,18712.0
DE30,2024-09-23,18887.6,18899.0,18686.5
DE30,2024-09-24,19000.6,19039.5,18854.0
DE30,2024-09-25,18913.0,18993.0,18848.5
DE30,2024-09-26,19304.6,19307.6,18956.0
DE30,2024-09-27,19411.0,19505.5,19242.6
DE30,2024-09-30,19396.0,19491.0,19315.6
DE30,2024-10-01,19213.6,19460.0,19138.6
DE30,2024-10-02,19171.6,19278.6,19071.5
DE30,2024-10-03,19006.0,19148.6,18974.5
DE30,2024-10-04,19214.6,19216.6,18960.5
DE30,2024-10-07,19038.0,19244.6,19000.6
DE30,2024-10-08,19125.6,19137.0,18922.0
DE30,2024-10-09,19297.6,19300.6,19020.0
DE30,2024-10-10,19228.0,19319.0,19152.5
DE30,2024-10-11,19399.0,19410.0,19183.5
DE30,2024-10-14,19552.6,19563.6,19348.0
DE30,2024-10-15,19488.0,19651.0,19467.6
DE30,2024-10-16,19494.8,19527.8,19417.3
DE30,2024-10-17,19574.8,19691.7,19447.4
DE30,2024-10-18,19653.8,19678.7,19489.2
DE30,2024-10-21,19505.8,19669.8,19458.2
DE30,2024-10-22,19473.6,19595.2,19378.0
DE30,2024-10-23,19351.6,19488.6,19314.6
DE30,2024-10-24,19447.6,19569.1,19340.5
DE30,2024-10-25,19419.6,19525.6,19361.6
DE30,2024-10-28,19545.0,19588.6,19400.6
DE30,2024-10-29,19499.4,19654.0,19472.0
DE30,2024-10-30,19252.0,19515.0,19211.5
DE30,2024-10-31,19095.8,19236.6,19011.5
DE30,2024-11-01,19237.2,19306.7,19052.8
DE30,2024-11-04,19132.2,19301.8,19100.2
DE30,2024-11-05,19293.6,19316.6,19107.2
DE30,2024-11-06,19103.0,19572.0,19014.5
DE30,2024-11-07,19439.0,19458.6,19037.0
DE30,2024-11-08,19247.6,19458.0,19147.5
DE30,2024-11-11,19419.6,19553.0,19249.0
DE30,2024-11-12,19082.6,19426.6,18968.6
DE30,2024-11-13,18999.0,19133.5,18842.5
DE30,2024-11-14,19221.6,19310.5,18935.0
DE30,2024-11-15,19243.6,19293.5,19121.5
DE30,2024-11-18,19137.6,19297.6,19090.5
DE30,2024-11-19,19064.0,19252.0,18817.5
DE30,2024-11-20,19095.8,19210.0,18968.2
DE30,2024-11-21,19184.6,19204.0,18902.2
DE30,2024-11-22,19356.0,19374.6,19034.0
DE30,2024-11-25,19391.0,19472.0,19333.5
DE30,2024-11-26,19326.0,19391.0,19227.0
DE30,2024-11-27,19284.0,19347.0,19150.9
DE30,2024-11-28,19439.0,19441.4,19296.0
DE30,2024-11-29,19653.6,19686.6,19352.6
DE30,2024-12-02,19928.6,19956.0,19565.6
DE30,2024-12-03,20023.0,20047.6,19895.6
DE30,2024-12-04,20234.6,20270.5,20008.6
DE30,2024-12-05,20338.0,20379.0,20197.6
DE30,2024-12-06,20385.0,20428.0,20303.0
DE30,2024-12-09,20327.6,20474.0,20315.5
DE30,2024-12-10,20317.0,20400.5,20264.0
DE30,2024-12-11,20415.0,20430.0,20283.0
DE30,2024-12-12,20404.0,20454.0,20360.0
DE30,2024-12-13,20420.0,20521.0,20366.0
DE30,2024-12-16,20334.0,20476.0,20304.0
DE30,2024-12-17,20251.0,20365.5,20229.6
DE30,2024-12-18,20031.0,20337.5,20004.6
DE30,2024-12-19,19956.0,20105.5,19938.0
DE30,2024-12-20,19877.0,19963.0,19646.5
DE30,2024-12-23,19926.6,19937.0,19807.5
DE30,2024-12-27,19959.6,19989.0,19814.0
DE30,2024-12-30,19853.0,20005.6,19761.0
DE30,2025-01-02,19954.6,20035.0,19772.0
DE30,2025-01-03,19925.6,20027.5,19878.0
DE30,2025-01-06,20163.0,20274.6,19930.0
DE30,2025-01-07,20328.0,20420.5,20133.0
DE30,2025-01-08,20369.0,20509.5,20266.0
DE30,2025-01-09,20354.0,20383.6,20270.0
DE30,2025-01-10,20273.6,20422.0,20208.0
DE30,2025-01-13,20223.6,20279.6,20042.5
DE30,2025-01-14,20288.0,20389.0,20223.0
DE30,2025-01-15,20644.6,20657.5,20290.0
DE30,2025-01-16,20671.0,20728.0,20600.0
DE30,2025-01-17,20915.0,20949.0,20652.6
DE30,2025-01-20,21044.6,21080.5,20882.6
DE30,2025-01-21,21152.0,21161.0,20888.6
DE30,2025-01-22,21274.0,21362.0,21149.0
DE30,2025-01-23,21517.6,21521.6,21247.6
DE30,2025-01-24,21392.0,21552.0,21373.9
DE30,2025-01-27,21400.0,21406.0,21102.4
DE30,2025-01-28,21517.0,21541.6,21318.4
DE30,2025-01-29,21670.6,21699.0,21495.6
DE30,2025-01-30,21750.0,21819.0,21649.6
DE30,2025-01-31,21652.0,21825.6,21626.0
DE30,2025-02-03,21434.0,21489.0,21112.6
DE30,2025-02-04,21508.6,21539.6,21315.0
DE30,2025-02-05,21661.6,21669.6,21405.5
DE30,2025-02-06,21923.0,21944.5,21654.0
DE30,2025-02-07,21759.0,21966.5,21749.6
DE30,2025-02-10,21967.0,21968.5,21785.0
DE30,2025-02-11,22119.6,22134.6,21902.0
DE30,2025-02-12,22315.6,22335.6,21982.0
DE30,2025-02-13,22512.6,22642.0,22321.0
DE30,2025-02-14,22508.0,22610.5,22464.0
DE30,2025-02-17,22873.0,22881.6,22494.6
DE30,2025-02-18,22887.0,22893.5,22709.0
DE30,2025-02-19,22443.6,22947.5,22377.6
DE30,2025-02-20,22327.6,22581.0,22277.0
DE30,2025-02-21,22187.6,22396.0,22117.6
DE30,2025-02-24,22303.6,22586.5,22228.0
DE30,2025-02-25,22524.6,22589.6,22252.0
DE30,2025-02-26,22633.6,22831.0,22504.0
DE30,2025-02-27,22405.6,22692.0,22374.0
DE30,2025-02-28,22554.0,22579.0,22221.5
DE30,2025-03-03,23040.0,23317.5,22527.5
DE30,2025-03-04,22665.0,23061.6,22318.5
DE30,2025-03-05,23201.6,23237.0,22676.5
DE30,2025-03-06,23198.6,23482.0,23061.0
DE30,2025-03-07,23217.0,23292.6,22857.5
DE30,2025-03-10,22601.0,23213.0,22454.6
DE30,2025-03-11,22428.0,22842.0,22243.0
DE30,2025-03-12,22642.6,22819.0,22436.0
DE30,2025-03-13,22518.0,22756.5,22411.5
DE30,2025-03-14,23069.0,23077.6,22454.5
DE30,2025-03-17,23237.0,23251.0,22920.5
DE30,2025-03-18,23354.6,23471.5,23180.6
DE30,2025-03-19,23313.6,23425.0,23122.5
DE30,2025-03-20,22961.0,23347.6,22803.5
DE30,2025-03-21,22904.0,23014.6,22720.5
DE30,2025-03-24,22906.6,23143.5,22822.0
DE30,2025-03-25,23181.0,23212.5,22812.0
DE30,2025-03-26,22764.0,23256.6,22710.6
DE30,2025-03-27,22736.0,22810.0,22511.5
DE30,2025-03-28,22529.6,22747.0,22452.0
DE30,2025-03-31,22406.0,22454.6,22049.5
DE30,2025-04-01,22605.0,22674.5,22298.6
DE30,2025-04-02,22532.6,22612.0,22238.5
DE30,2025-04-03,21751.6,22250.0,21732.0
DE30,2025-04-04,20441.6,21802.0,20423.0
DE30,2025-04-07,20026.5,20923.0,18902.0
DE30,2025-04-08,19732.0,20551.5,19478.5
DE30,2025-04-09,21459.0,21606.6,19390.0
DE30,2025-04-10,20779.0,21545.0,20229.6
DE30,2025-04-11,20800.0,20987.6,20185.0
DE30,2025-04-14,21037.0,21135.5,20781.0
DE30,2025-04-15,21351.6,21410.6,20945.0
DE30,2025-04-16,21195.0,21399.0,21033.5
DE30,2025-04-17,21281.6,21519.5,21203.5
DE30,2025-04-22,21532.6,21562.6,21086.0
DE30,2025-04-23,22013.0,22158.0,21754.6
DE30,2025-04-24,22205.4,22209.8,21811.5
DE30,2025-04-25,22439.2,22440.8,22156.3
DE30,2025-04-28,22436.8,22528.7,22312.2
DE30,2025-04-29,22597.2,22612.8,22375.2
DE30,2025-04-30,22671.8,22704.8,22306.2
DE30,2025-05-02,23191.8,23227.2,22721.8
DE30,2025-05-05,23404.2,23467.8,23066.8
DE30,2025-05-06,23249.8,23486.7,22911.7
DE30,2025-05-07,23240.0,23417.2,23085.6
DE30,2025-05-08,23425.0,23522.6,23203.6
DE30,2025-05-09,23537.6,23577.0,23367.6
DE30,2025-05-12,23675.8,23958.5,23389.3
DE30,2025-05-13,23629.2,23695.6,23522.4
DE30,2025-05-14,23518.2,23733.1,23466.1
DE30,2025-05-15,23733.8,23754.4,23357.6
DE30,2025-05-16,23822.4,23904.3,23677.3
DE30,2025-05-19,24036.4,24046.4,23679.8
DE30,2025-05-20,24058.2,24098.6,23907.3
DE30,2025-05-21,23948.2,24173.1,23881.6
DE30,2025-05-22,24032.6,24094.6,23845.6
DE30,2025-05-23,23594.2,24147.6,23266.1
DE30,2025-05-26,24010.6,24039.6,23895.2
DE30,2025-05-27,24284.0,24309.4,23953.6
DE30,2025-05-28,24086.4,24331.4,24025.4
DE30,2025-05-29,23955.4,24390.0,23840.4
DE30,2025-05-30,24047.6,24182.4,23885.6
DE30,2025-06-02,24077.6,24090.0,23739.0
DE30,2025-06-03,24138.0,24148.6,23819.5
DE30,2025-06-04,24273.0,24348.5,24126.0
DE30,2025-06-05,24238.6,24491.0,24181.0
DE30,2025-06-06,24315.2,24353.0,24210.0
DE30,2025-06-09,24141.8,24311.2,24093.6
DE30,2025-06-10,24010.2,24257.8,23957.2
DE30,2025-06-11,23857.6,24178.6,23833.2
DE30,2025-06-12,23765.4,23887.9,23612.6
DE30,2025-06-13,23413.0,23563.4,23284.4
DE30,2025-06-16,23590.6,23718.6,23399.4
DE30,2025-06-17,23317.8,23560.0,23295.2
DE30,2025-06-18,23306.8,23507.7,23258.7
DE30,2025-06-19,23066.0,23300.2,23017.2
DE30,2025-06-20,23301.6,23496.5,23137.5
DE30,2025-06-23,23442.0,23446.6,23081.0
DE30,2025-06-24,23731.6,23829.0,23516.0
DE30,2025-06-25,23508.0,23769.2,23476.0
DE30,2025-06-26,23740.0,23741.6,23500.6
DE30,2025-06-27,24091.6,24109.6,23743.0
DE30,2025-06-30,23961.0,24179.0,23855.5
DE30,2025-07-01,23712.6,23999.6,23636.6
DE30,2025-07-02,23816.6,23859.6,23616.0
DE30,2025-07-03,23933.0,23951.0,23758.5
DE30,2025-07-04,23765.0,23907.0,23696.0
DE30,2025-07-07,23995.6,24138.0,23787.6
DE30,2025-07-08,24250.0,24288.4,24004.6
DE30,2025-07-09,24641.4,24647.0,24205.4
DE30,2025-07-10,24472.4,24654.9,24437.4
DE30,2025-07-11,24218.0,24454.0,24168.4
DE30,2025-07-14,24229.0,24246.0,23974.0
DE30,2025-07-15,24060.6,24301.0,24056.6
DE30,2025-07-16,24197.2,24218.0,23931.0
DE30,2025-07-17,24412.2,24431.2,24164.2
DE30,2025-07-18,24216.0,24506.2,24181.0
DE30,2025-07-21,24243.0,24340.9,24188.9
DE30,2025-07-22,24105.0,24274.0,23918.9
DE30,2025-07-23,24519.6,24537.6,24076.0
DE30,2025-07-24,24258.0,24577.0,24245.5
DE30,2025-07-25,24320.6,24329.6,24070.5
DE30,2025-07-28,23985.8,24573.0,23936.8
DE30,2025-07-29,24222.0,24326.4,23975.4
DE30,2025-07-30,24277.2,24329.2,24144.4
DE30,2025-07-31,24031.0,24444.1,23976.6
DE30,2025-08-01,23461.2,24038.5,23384.6
DE30,2025-08-04,23810.6,23814.6,23482.6
DE30,2025-08-05,23877.2,23989.1,23792.6
DE30,2025-08-06,23952.6,24048.2,23815.1
DE30,2025-08-07,24204.2,24400.1,23910.1
DE30,2025-08-08,24228.4,24313.6,24096.1
DE30,2025-08-11,24098.0,24292.4,24031.4
DE30,2025-08-12,24145.2,24204.0,23951.9
DE30,2025-08-13,24233.2,24261.2,24083.2
DE30,2025-08-14,24435.4,24446.4,24127.2
DE30,2025-08-15,24386.2,24547.8,24333.1
DE30,2025-08-18,24362.4,24452.6,24246.1
DE30,2025-08-19,24352.2,24453.6,24287.4
DE30,2025-08-20,24301.6,24380.6,24216.6
DE30,2025-08-21,24279.2,24333.6,24179.1
DE30,2025-08-22,24363.2,24456.6,24203.6
DE30,2025-08-25,24281.6,24387.1,24219.6
DE30,2025-08-26,24231.0,24277.0,24041.6
DE30,2025-08-27,24078.0,24261.0,23986.4
DE30,2025-08-28,24060.2,24211.9,23977.4
DE30,2025-08-29,23943.0,24070.7,23881.7
DE30,2025-09-01,24043.0,24055.0,23932.0
DE30,2025-09-02,23611.6,24101.6,23478.0
DE30,2025-09-03,23601.6,23714.0,23505.0
DE30,2025-09-04,23833.6,23841.0,23566.0
DE30,2025-09-05,23655.6,23897.6,23548.0
DE30,2025-09-08,23802.6,23838.0,23653.0
DE30,2025-09-09,23787.0,23865.0,23636.9
DE30,2025-09-10,23603.4,23887.4,23587.4
DE30,2025-09-11,23764.4,23793.4,23556.4
DE30,2025-09-12,23708.6,23796.9,23601.4
DE30,2025-09-15,23742.2,23856.6,23656.6
DE30,2025-09-16,23398.8,23787.6,23319.2
DE30,2025-09-17,23381.2,23475.2,23282.2
DE30,2025-09-18,23716.6,23744.6,23394.8
DE30,2025-09-19,23675.6,23810.0,23618.5
DE30,2025-09-22,23610.0,23711.0,23441.9
DE30,2025-09-23,23570.0,23750.4,23526.4
DE30,2025-09-24,23712.0,23762.4,23519.4
DE30,2025-09-25,23597.4,23753.0,23396.9
DE30,2025-09-26,23774.8,23784.2,23550.4
DE30,2025-09-29,23787.0,23902.2,23691.0
DE30,2025-09-30,23960.0,23981.0,23698.5
DE30,2025-10-01,24262.6,24291.6,23765.5
DE30,2025-10-02,24490.6,24527.0,24235.0
DE30,2025-10-03,24413.0,24564.0,24360.6
DE30,2025-10-06,24464.6,24505.5,24283.5
DE30,2025-10-07,24399.6,24479.0,24329.0
DE30,2025-10-08,24645.4,24659.9,24383.5
DE30,2025-10-09,24640.0,24795.9,24574.4
DE30,2025-10-10,24204.0,24713.9,24186.4
DE30,2025-10-13,24446.0,24468.4,24271.9
DE30,2025-10-14,24298.6,24497.0,23996.4
DE30,2025-10-15,24161.0,24382.6,24023.0
DE30,2025-10-16,24088.0,24302.0,24031.6
DE30,2025-10-17,23982.6,24061.0,23688.0
DE30,2025-10-20,24349.2,24362.6,23921.6
DE30,2025-10-21,24350.2,24408.6,24221.6
DE30,2025-10-22,24165.2,24383.2,23960.6
DE30,2025-10-23,24219.2,24246.6,24049.6
DE30,2025-10-24,24219.0,24317.2,24151.6
DE30,2025-10-27,24334.6,24421.0,24200.5
DE30,2025-10-28,24271.6,24360.0,24195.0
DE30,2025-10-29,24147.6,24337.0,24023.2
DE30,2025-10-30,24148.6,24279.6,24045.0
DE30,2025-10-31,23997.0,24162.5,23924.0
DE30,2025-11-03,24149.6,24268.0,23978.0
DE30,2025-11-04,23907.0,24100.6,23681.0
DE30,2025-11-05,24102.6,24137.6,23595.0
DE30,2025-11-06,23755.8,24116.6,23697.2
DE30,2025-11-07,23774.6,23848.2,23459.7
DE30,2025-11-10,24086.4,24099.0,23823.0
DE30,2025-11-11,24191.0,24211.0,23963.4
DE30,2025-11-12,24427.6,24464.0,24206.0
DE30,2025-11-13,24081.0,24521.0,23952.0
DE30,2025-11-14,23850.0,24138.6,23619.0
DE30,2025-11-17,23469.6,23942.0,23367.0
DE30,2025-11-18,23203.6,23470.6,23090.0
DE30,2025-11-19,23255.0,23382.0,23079.0
DE30,2025-11-20,22935.6,23514.0,22918.6
DE30,2025-11-21,23219.0,23302.6,22929.0
DE30,2025-11-24,23232.6,23395.0,23146.0
DE30,2025-11-25,23568.6,23588.0,23132.0
DE30,2025-11-26,23746.0,23772.6,23448.0
DE30,2025-11-27,23780.0,23840.0,23697.0
DE30,2025-11-28,23837.6,23886.0,23713.5
DE30,2025-12-01,23562.6,23827.6,23425.0
DE30,2025-12-02,23732.0,23795.5,23554.6
DE30,2025-12-03,23782.0,23840.0,23642.5
DE30,2025-12-04,23888.8,23936.3,23765.0
DE30,2025-12-05,24025.6,24136.5,23879.8
DE30,2025-12-08,24023.6,24124.5,23991.0
DE30,2025-12-09,24127.6,24192.5,24037.0
DE30,2025-12-10,24198.0,24234.4,24001.5
DE30,2025-12-11,24367.2,24388.6,23975.0
DE30,2025-12-12,24229.0,24479.1,24161.4
DE30,2025-12-15,24195.6,24335.9,24158.6
DE30,2025-12-16,24132.6,24204.0,24005.6
DE30,2025-12-17,23906.0,24193.1,23899.0
DE30,2025-12-18,24176.0,24266.6,23872.5
DE30,2025-12-19,24323.2,24390.2,24136.6
DE30,2025-12-22,24342.6,24405.6,24248.1
DE30,2025-12-23,24372.6,24408.6,24297.6
DE30,2025-12-29,24407.2,24471.6,24290.1
DE30,2025-12-30,24615.2,24687.1,24363.6
DE30,2026-01-02,24587.6,24715.1,24483.6
DE30,2026-01-05,24897.0,24923.0,24640.2
DE30,2026-01-06,25002.0,25022.6,24873.0
DE30,2026-01-07,25148.0,25191.0,24976.6
DE30,2026-01-08,25217.2,25256.5,25041.6
DE30,2026-01-09,25316.2,25317.2,25142.7
DE30,2026-01-12,25479.8,25481.2,25236.2
DE30,2026-01-13,25430.8,25547.2,25373.2
DE30,2026-01-14,25351.2,25497.7,25257.2
DE30,2026-01-15,25295.0,25425.2,25267.7
DE30,2026-01-16,25353.6,25387.0,25236.5
DE30,2026-01-19,24989.6,25102.0,24943.0
DE30,2026-01-20,24612.0,24967.0,24541.0
DE30,2026-01-21,24866.6,24930.0,24375.5
DE30,2026-01-22,24865.0,24971.5,24797.0
DE30,2026-01-23,24919.0,24959.0,24817.0
DE30,2026-01-26,24965.0,25014.5,24760.0
DE30,2026-01-27,24892.0,25047.0,24875.0
DE30,2026-01-28,24888.8,24975.0,24731.5
DE30,2026-01-29,24505.2,24947.2,24290.6
DE30,2026-01-30,24533.2,24611.6,24333.6
DE30,2026-02-02,24880.6,24882.6,24230.2
DE30,2026-02-03,24774.6,25128.1,24646.6
DE30,2026-02-04,24638.6,24904.1,24548.0
DE30,2026-02-05,24483.8,24746.5,24301.3
DE30,2026-02-06,24803.0,24806.0,24224.8
DE30,2026-02-09,25054.6,25061.6,24731.5
DE30,2026-02-10,25007.0,25102.5,24955.0
DE30,2026-02-11,24938.6,25070.6,24851.0
DE30,2026-02-12,24920.0,25257.0,24829.0
DE30,2026-02-13,24910.0,24988.6,24754.0
DE30,2026-02-16,24833.6,25021.5,24799.0
DE30,2026-02-17,25041.2,25063.2,24689.0
DE30,2026-02-18,25251.4,25329.8,25011.2
DE30,2026-02-19,25025.6,25278.4,24977.6
DE30,2026-02-20,25247.6,25343.0,25004.5
DE30,2026-02-23,24983.4,25199.0,24942.4
DE30,2026-02-24,25061.4,25101.9,24886.3
DE30,2026-02-25,25219.6,25226.6,24997.9
DE30,2026-02-26,25346.0,25358.6,25093.0
DE30,2026-02-27,25171.6,25410.5,25157.0
DE30,2026-03-02,24654.0,25017.5,24578.0
DE30,2026-03-03,24026.8,24662.5,23592.0
DE30,2026-03-04,24261.8,24296.2,23709.7
DE30,2026-03-05,23844.6,24366.2,23672.2
DE30,2026-03-06,23628.2,24026.1,23332.6
DE30,2026-03-09,23804.8,23948.2,22700.1
DE30,2026-03-10,23806.8,24109.2,23516.2
DE30,2026-03-11,23636.8,23995.8,23528.2
DE30,2026-03-12,23518.8,23698.7,23247.2
DE30,2026-03-13,23337.2,23759.7,23278.2
DE30,2026-03-16,23624.0,23699.2,23323.7
DE30,2026-03-17,23699.2,23823.7,23409.0
DE30,2026-03-18,23144.8,23957.7,23116.8
DE30,2026-03-19,23027.6,23271.7,22753.6
DE30,2026-03-20,22239.6,23201.0,22128.0
DE30,2026-03-23,22846.0,23149.5,21895.0
DE30,2026-03-24,22935.0,23024.0,22422.0
DE30,2026-03-25,23002.0,23169.9,22892.0
DE30,2026-03-26,22701.6,23005.0,22588.0
DE30,2026-03-27,22191.6,22860.5,22188.6
DE30,2026-03-30,22523.0,22713.0,22016.0
DE30,2026-03-31,23102.6,23150.5,22377.5
DE30,2026-04-01,23398.4,23491.3,23093.0
DE30,2026-04-02,23280.4,23431.8,22747.3
DE30,2026-04-07,23271.2,23491.0,22920.2
DE30,2026-04-08,24128.2,24329.8,23917.8
DE30,2026-04-09,23980.0,24093.7,23758.4
DE30,2026-04-10,23877.0,24139.6,23798.4
DE30,2026-04-13,24016.0,24021.0,23505.9
DE30,2026-04-14,24140.0,24178.4,23947.4
DE30,2026-04-15,24159.6,24232.9,24064.0
DE30,2026-04-16,24189.0,24340.0,24131.6
DE30,2026-04-17,24729.6,24880.0,24181.0
DE30,2026-04-20,24536.6,24579.1,24359.5
DE30,2026-04-21,24149.0,24685.1,24097.4
DE30,2026-04-22,24295.0,24465.4,24203.4
DE30,2026-04-23,24153.8,24325.4,23904.8
DE30,2026-04-24,24314.8,24391.8,24048.8
DE30,2026-04-27,24162.8,24437.8,24105.8
DE30,2026-04-28,24057.4,24226.8,23951.3
DE30,2026-04-29,23879.4,24177.0,23835.0
DE30,2026-04-30,24345.6,24384.0,23658.4
DE30,2026-05-04,23948.2,24443.0,23874.8
DE30,2026-05-05,24445.8,24468.8,23908.2
DE30,2026-05-06,25008.0,25183.7,24521.8
DE30,2026-05-07,24449.6,25046.0,24436.0
DE30,2026-05-08,24408.6,24526.0,24277.6
DE30,2026-05-11,24295.6,24372.5,24206.5
DE30,2026-05-12,24058.6,24277.6,23932.0
DE30,2026-05-13,24234.0,24237.0,24007.0
DE30,2026-05-14,24330.0,24491.5,24188.0
DE30,2026-05-15,23897.6,24343.0,23856.6
DE30,2026-05-18,24395.8,24436.3,23625.6
DE30,2026-05-19,24322.6,24698.8,24200.8
DE30,2026-05-20,24787.0,24902.9,24162.2
DE30,2026-05-21,24841.8,24926.8,24529.4
DE30,2026-05-22,24817.4,24957.8,24668.3
DE30,2026-05-25,25399.2,25456.7,25032.8
DE30,2026-05-26,25246.6,25387.2,25174.2
DE30,2026-05-27,25215.6,25407.6,25115.1
DE30,2026-05-28,25109.2,25262.6,24918.6
DE30,2026-05-29,25058.2,25214.2,25033.2
DE30,2026-06-01,25092.8,25310.2,24902.2
DE30,2026-06-02,25111.8,25369.7,24983.2
DE30,2026-06-03,24743.8,25129.8,24740.4
DE30,2026-06-04,24953.4,25013.3,24672.8
DE30,2026-06-05,24591.8,25037.3,24510.4
DE30,2026-06-08,24605.6,24746.8,24335.8
DE30,2026-06-09,24541.6,24829.1,24238.2
DE30,2026-06-10,24088.6,24547.6,24038.1
DE30,2026-06-11,24618.6,24651.2,23967.1
DE30,2026-06-12,24656.6,24760.1,24412.6
DE30,2026-06-15,24850.6,25089.6,24833.2
DE30,2026-06-16,24774.0,25108.6,24761.0
DE30,2026-06-17,24812.4,24975.0,24757.4
DE30,2026-06-18,25061.6,25088.6,24824.4
DE30,2026-06-19,25032.8,25180.0,24892.6
DE30,2026-06-22,25137.6,25217.5,24933.0
DE30,2026-06-23,24939.4,25138.0,24759.5
DE30,2026-06-24,24723.4,24989.8,24625.4
DE30,2026-06-25,25000.0,25126.9,24717.4
DE30,2026-06-26,24679.6,25022.9,24586.0
DE30,2026-06-29,24772.6,24838.6,24592.5
DE30,2026-06-30,25047.0,25071.6,24709.0
DE30,2026-07-01,25071.2,25118.5,24906.2
DE30,2026-07-02,25649.2,25685.7,24977.2
DE30,2026-07-03,25834.6,25856.5,25629.8
DE30,2026-07-06,25831.6,25928.0,25712.5
DE30,2026-07-07,25476.6,25839.0,25434.6
DE30,2026-07-08,25032.0,25554.5,24842.5
DE30,2026-07-09,25130.0,25148.0,24871.5
DE30,2026-07-10,25111.0,25207.5,24932.0
DE30,2026-07-13,25010.8,25159.5,24775.5
DE30,2026-07-14,25046.2,25226.7,24789.2
DE30,2026-07-15,24988.8,25142.8,24833.2
DE30,2026-07-16,24874.8,25063.2,24682.7
DE30,2026-07-17,24834.8,24879.8,24607.2
DE30,2026-07-20,24710.2,24971.7,24687.2
DE30,2026-07-21,25064.8,25065.8,24661.8
DE30,2026-07-22,25147.8,25263.7,24941.8
DE30,2026-07-23,24735.2,25219.7,24687.8
DE30,2026-07-24,25061.2,25132.2,24690.8
DE30,2026-07-27,25469.8,25561.7,25173.2
DE30,2026-07-28,25519.0,25558.6,25314.0
DE30,2026-07-29,25374.0,25597.6,25281.6
DE30,2026-07-30,25714.4,25716.4,25298.5
DE30,2026-07-31,25703.8,25894.9,25550.7
DE30,2026-08-03,26087.6,26109.1,25817.2
DE30,2026-08-04,26359.4,26362.4,26076.6
DE30,2026-08-05,26201.2,26450.8,26136.8
DE30,2026-08-06,26176.2,26259.2,26095.2
DE30,2026-08-07,26370.2,26455.7,26135.2
DE30,2026-08-10,26339.8,26446.7,26292.7
DE30,2026-08-11,26398.4,26519.3,26254.2
DE30,2026-08-12,26384.2,26596.2,26328.2
DE30,2026-08-13,26414.8,26510.2,26293.7
DE30,2026-08-14,26463.8,26552.7,26398.2
DE30,2026-08-17,26329.6,26526.2,26300.6
DE30,2026-08-18,26174.6,26334.6,26133.0
DE30,2026-08-19,26095.2,26214.0,26069.6
DE30,2026-08-20,25981.8,26146.6,25920.2
GBPCAD,2024-09-20,1.80784,1.80894,1.8004
GBPCAD,2024-09-22,1.80589,1.80734,1.80562
GBPCAD,2024-09-23,1.80607,1.80808,1.79892
GBPCAD,2024-09-24,1.80197,1.8079,1.80058
GBPCAD,2024-09-25,1.79509,1.80256,1.7947
GBPCAD,2024-09-26,1.80732,1.8088,1.79488
GBPCAD,2024-09-27,1.80741,1.81008,1.80257
GBPCAD,2024-09-29,1.808,1.8082,1.80636
GBPCAD,2024-09-30,1.80937,1.81462,1.80584
GBPCAD,2024-10-01,1.79131,1.81036,1.78888
GBPCAD,2024-10-02,1.79134,1.79391,1.78596
GBPCAD,2024-10-03,1.77872,1.79176,1.77194
GBPCAD,2024-10-04,1.78188,1.78603,1.7759
GBPCAD,2024-10-06,1.78224,1.78234,1.77979
GBPCAD,2024-10-07,1.78219,1.78325,1.7747
GBPCAD,2024-10-08,1.78784,1.79053,1.7822
GBPCAD,2024-10-09,1.79128,1.7929,1.78436
GBPCAD,2024-10-10,1.79542,1.79874,1.79048
GBPCAD,2024-10-11,1.79868,1.80146,1.7942
GBPCAD,2024-10-13,1.7984,1.79907,1.7977
GBPCAD,2024-10-14,1.80356,1.80364,1.79753
GBPCAD,2024-10-15,1.80044,1.81054,1.79989
GBPCAD,2024-10-16,1.78702,1.80179,1.78471
GBPCAD,2024-10-17,1.79553,1.79579,1.78608
GBPCAD,2024-10-18,1.8013,1.80272,1.79513
GBPCAD,2024-10-20,1.80118,1.80212,1.80023
GBPCAD,2024-10-21,1.796,1.80214,1.79536
GBPCAD,2024-10-22,1.79368,1.79964,1.78946
GBPCAD,2024-10-23,1.78708,1.79576,1.78633
GBPCAD,2024-10-24,1.79704,1.79797,1.78624
GBPCAD,2024-10-25,1.80063,1.80196,1.79468
GBPCAD,2024-10-27,1.80054,1.8016,1.8001
GBPCAD,2024-10-28,1.80192,1.80671,1.79866
GBPCAD,2024-10-29,1.81053,1.81134,1.80067
GBPCAD,2024-10-30,1.80219,1.81512,1.80096
GBPCAD,2024-10-31,1.79716,1.8091,1.78802
GBPCAD,2024-11-01,1.80254,1.80677,1.79522
GBPCAD,2024-11-03,1.80311,1.80631,1.80278
GBPCAD,2024-11-04,1.80072,1.80676,1.79794
GBPCAD,2024-11-05,1.80434,1.80504,1.80001
GBPCAD,2024-11-06,1.79668,1.80441,1.78718
GBPCAD,2024-11-07,1.80052,1.80284,1.7912
GBPCAD,2024-11-08,1.79722,1.80234,1.79397
GBPCAD,2024-11-10,1.79662,1.79748,1.7956
GBPCAD,2024-11-11,1.79202,1.7982,1.79068
GBPCAD,2024-11-12,1.77614,1.79216,1.77487
GBPCAD,2024-11-13,1.77794,1.78054,1.77567
GBPCAD,2024-11-14,1.78112,1.78286,1.77004
GBPCAD,2024-11-15,1.778,1.78356,1.77582
GBPCAD,2024-11-17,1.77754,1.77952,1.77642
GBPCAD,2024-11-18,1.77784,1.78088,1.77452
GBPCAD,2024-11-19,1.77154,1.778,1.76796
GBPCAD,2024-11-20,1.76764,1.7744,1.76712
GBPCAD,2024-11-21,1.75986,1.76829,1.75634
GBPCAD,2024-11-22,1.75212,1.76006,1.748
GBPCAD,2024-11-24,1.75466,1.75698,1.7539
GBPCAD,2024-11-25,1.76682,1.7695,1.75342
GBPCAD,2024-11-26,1.76693,1.77736,1.7631
GBPCAD,2024-11-27,1.778,1.78068,1.76638
GBPCAD,2024-11-28,1.77836,1.77842,1.7717
GBPCAD,2024-11-29,1.78348,1.78524,1.77598
GBPCAD,2024-12-01,1.77993,1.78233,1.77949
GBPCAD,2024-12-02,1.77804,1.78435,1.77588
GBPCAD,2024-12-03,1.78259,1.78442,1.77486
GBPCAD,2024-12-04,1.78718,1.78988,1.77818
GBPCAD,2024-12-05,1.78889,1.79201,1.78627
GBPCAD,2024-12-06,1.80422,1.80455,1.78824
GBPCAD,2024-12-08,1.8036,1.80614,1.80298
GBPCAD,2024-12-09,1.80702,1.8076,1.80032
GBPCAD,2024-12-10,1.81146,1.81158,1.80424
GBPCAD,2024-12-11,1.80597,1.8115,1.80056
GBPCAD,2024-12-12,1.80208,1.8075,1.79882
GBPCAD,2024-12-13,1.79638,1.80345,1.79466
GBPCAD,2024-12-15,1.7962,1.79658,1.79498
GBPCAD,2024-12-16,1.80636,1.80774,1.7957
GBPCAD,2024-12-17,1.81884,1.82146,1.8063
GBPCAD,2024-12-18,1.81731,1.82298,1.81337
GBPCAD,2024-12-19,1.79991,1.82332,1.79788
GBPCAD,2024-12-20,1.80644,1.81,1.79662
GBPCAD,2024-12-22,1.805,1.80616,1.80492
GBPCAD,2024-12-23,1.80128,1.80884,1.79884
GBPCAD,2024-12-24,1.80035,1.81066,1.79847
GBPCAD,2024-12-25,1.8003,1.80256,1.79988
GBPCAD,2024-12-26,1.80518,1.80602,1.79994
GBPCAD,2024-12-27,1.81328,1.81505,1.80056
GBPCAD,2024-12-29,1.81141,1.81414,1.81141
GBPCAD,2024-12-30,1.80066,1.81276,1.79913
GBPCAD,2024-12-31,1.7998,1.80592,1.79844
GBPCAD,2025-01-01,1.79959,1.80062,1.7986
GBPCAD,2025-01-02,1.78322,1.80403,1.78062
GBPCAD,2025-01-03,1.7947,1.79654,1.78196
GBPCAD,2025-01-05,1.79391,1.79576,1.79384
GBPCAD,2025-01-06,1.79406,1.80011,1.78705
GBPCAD,2025-01-07,1.79223,1.79912,1.79003
GBPCAD,2025-01-08,1.77664,1.79248,1.77438
GBPCAD,2025-01-09,1.77122,1.77706,1.7626
GBPCAD,2025-01-10,1.76031,1.77543,1.75971
GBPCAD,2025-01-12,1.7592,1.76134,1.75902
GBPCAD,2025-01-13,1.75706,1.76048,1.74582
GBPCAD,2025-01-14,1.75244,1.75868,1.74666
GBPCAD,2025-01-15,1.7536,1.76088,1.74657
GBPCAD,2025-01-16,1.7611,1.76266,1.75166
GBPCAD,2025-01-17,1.76226,1.76284,1.75252
GBPCAD,2025-01-19,1.7618,1.76279,1.76116
GBPCAD,2025-01-20,1.76373,1.76563,1.75689
GBPCAD,2025-01-21,1.76945,1.7801,1.76316
GBPCAD,2025-01-22,1.77248,1.77487,1.76444
GBPCAD,2025-01-23,1.7762,1.77702,1.76942
GBPCAD,2025-01-24,1.79064,1.79164,1.77532
GBPCAD,2025-01-26,1.7922,1.79291,1.79144
GBPCAD,2025-01-27,1.79358,1.79918,1.78883
GBPCAD,2025-01-28,1.79179,1.79436,1.78705
GBPCAD,2025-01-29,1.79293,1.79776,1.7893
GBPCAD,2025-01-30,1.8004,1.81292,1.7904
GBPCAD,2025-01-31,1.80016,1.80416,1.79138
GBPCAD,2025-02-02,1.8082,1.81618,1.80785
GBPCAD,2025-02-03,1.79302,1.81631,1.79118
GBPCAD,2025-02-04,1.78882,1.79708,1.78522
GBPCAD,2025-02-05,1.7895,1.79233,1.78527
GBPCAD,2025-02-06,1.7791,1.79212,1.77424
GBPCAD,2025-02-07,1.77234,1.78722,1.77106
GBPCAD,2025-02-09,1.77571,1.78166,1.7757
GBPCAD,2025-02-10,1.77224,1.78146,1.76916
GBPCAD,2025-02-11,1.77891,1.77919,1.7677
GBPCAD,2025-02-12,1.78022,1.7817,1.77356
GBPCAD,2025-02-13,1.78331,1.78658,1.7781
GBPCAD,2025-02-14,1.78494,1.78814,1.77958
GBPCAD,2025-02-16,1.78456,1.78544,1.78397
GBPCAD,2025-02-17,1.79026,1.79262,1.78308
GBPCAD,2025-02-18,1.79138,1.79414,1.7867
GBPCAD,2025-02-19,1.79174,1.79221,1.7865
GBPCAD,2025-02-20,1.79586,1.7964,1.78976
GBPCAD,2025-02-21,1.79729,1.79878,1.79238
GBPCAD,2025-02-23,1.79745,1.79854,1.797
GBPCAD,2025-02-24,1.80144,1.80154,1.7939
GBPCAD,2025-02-25,1.81226,1.81384,1.79929
GBPCAD,2025-02-26,1.81804,1.8231,1.81062
GBPCAD,2025-02-27,1.81972,1.82334,1.81472
GBPCAD,2025-02-28,1.81972,1.82126,1.81302
GBPCAD,2025-03-02,1.82023,1.82058,1.81764
GBPCAD,2025-03-03,1.84097,1.84474,1.81688
GBPCAD,2025-03-04,1.84234,1.85538,1.833
GBPCAD,2025-03-05,1.84822,1.85569,1.84173
GBPCAD,2025-03-06,1.84139,1.85281,1.83784
GBPCAD,2025-03-07,1.85716,1.8621,1.84107
GBPCAD,2025-03-09,1.85874,1.85964,1.8559
GBPCAD,2025-03-10,1.85745,1.86682,1.8506
GBPCAD,2025-03-11,1.86838,1.8779,1.85725
GBPCAD,2025-03-12,1.86141,1.87188,1.86103
GBPCAD,2025-03-13,1.86925,1.87114,1.85886
GBPCAD,2025-03-14,1.85882,1.86994,1.85655
GBPCAD,2025-03-16,1.85806,1.86029,1.85684
GBPCAD,2025-03-17,1.85649,1.86281,1.85439
GBPCAD,2025-03-18,1.85902,1.86166,1.8495
GBPCAD,2025-03-19,1.8633,1.86346,1.85493
GBPCAD,2025-03-20,1.8572,1.86623,1.85505
GBPCAD,2025-03-21,1.85432,1.85786,1.85028
GBPCAD,2025-03-23,1.85264,1.85288,1.85048
GBPCAD,2025-03-24,1.8501,1.85802,1.84464
GBPCAD,2025-03-25,1.84766,1.85423,1.84724
GBPCAD,2025-03-26,1.84077,1.8484,1.83464
GBPCAD,2025-03-27,1.85292,1.85803,1.84027
GBPCAD,2025-03-28,1.85298,1.85706,1.84781
GBPCAD,2025-03-30,1.85134,1.85278,1.85008
GBPCAD,2025-03-31,1.85911,1.8612,1.85132
GBPCAD,2025-04-01,1.84698,1.86097,1.84678
GBPCAD,2025-04-02,1.85444,1.86548,1.84606
GBPCAD,2025-04-03,1.84336,1.8653,1.84059
GBPCAD,2025-04-04,1.8354,1.8526,1.83044
GBPCAD,2025-04-06,1.83848,1.8418,1.82714
GBPCAD,2025-04-07,1.813,1.84142,1.80822
GBPCAD,2025-04-08,1.82282,1.82345,1.80648
GBPCAD,2025-04-09,1.80848,1.82867,1.79829
GBPCAD,2025-04-10,1.81254,1.82162,1.8055
GBPCAD,2025-04-11,1.8143,1.8245,1.8108
GBPCAD,2025-04-13,1.81538,1.81706,1.81237
GBPCAD,2025-04-14,1.83105,1.83302,1.815
GBPCAD,2025-04-15,1.84649,1.8476,1.82918
GBPCAD,2025-04-16,1.83378,1.85012,1.83356
GBPCAD,2025-04-17,1.83702,1.8399,1.83157
GBPCAD,2025-04-18,1.84138,1.84184,1.83697
GBPCAD,2025-04-20,1.84077,1.84142,1.83696
GBPCAD,2025-04-21,1.85082,1.85234,1.84073
GBPCAD,2025-04-22,1.83801,1.8533,1.83372
GBPCAD,2025-04-23,1.84029,1.84501,1.83536
GBPCAD,2025-04-24,1.84652,1.85031,1.83869
GBPCAD,2025-04-25,1.84402,1.8493,1.8426
GBPCAD,2025-04-27,1.8434,1.84538,1.84274
GBPCAD,2025-04-28,1.85831,1.8596,1.8433
GBPCAD,2025-04-29,1.85428,1.86016,1.8523
GBPCAD,2025-04-30,1.83726,1.85477,1.83619
GBPCAD,2025-05-01,1.8398,1.84297,1.83242
GBPCAD,2025-05-02,1.83364,1.8408,1.83092
GBPCAD,2025-05-04,1.83446,1.83464,1.82972
GBPCAD,2025-05-05,1.83708,1.84162,1.8332
GBPCAD,2025-05-06,1.83877,1.84947,1.83549
GBPCAD,2025-05-07,1.83869,1.84509,1.83724
GBPCAD,2025-05-08,1.84333,1.85274,1.83764
GBPCAD,2025-05-09,1.8543,1.85593,1.84102
GBPCAD,2025-05-11,1.8503,1.85164,1.84362
GBPCAD,2025-05-12,1.84138,1.85227,1.8375
GBPCAD,2025-05-13,1.85366,1.8559,1.84126
GBPCAD,2025-05-14,1.85376,1.85992,1.8517
GBPCAD,2025-05-15,1.85664,1.86254,1.85308
GBPCAD,2025-05-16,1.85516,1.85928,1.85248
GBPCAD,2025-05-18,1.85638,1.8566,1.85416
GBPCAD,2025-05-19,1.86458,1.86934,1.85624
GBPCAD,2025-05-20,1.86332,1.86728,1.85693
GBPCAD,2025-05-21,1.8601,1.86946,1.85758
GBPCAD,2025-05-22,1.85975,1.86489,1.85842
GBPCAD,2025-05-23,1.85912,1.86718,1.85535
GBPCAD,2025-05-25,1.85959,1.85964,1.85636
GBPCAD,2025-05-26,1.86331,1.86362,1.85819
GBPCAD,2025-05-27,1.86625,1.8684,1.8592
GBPCAD,2025-05-28,1.8601,1.86806,1.85856
GBPCAD,2025-05-29,1.86378,1.86485,1.85918
GBPCAD,2025-05-30,1.84842,1.86504,1.84718
GBPCAD,2025-06-01,1.84855,1.85008,1.8473
GBPCAD,2025-06-02,1.8587,1.85884,1.84852
GBPCAD,2025-06-03,1.85572,1.85934,1.85291
GBPCAD,2025-06-04,1.85378,1.85722,1.85176
GBPCAD,2025-06-05,1.85585,1.8577,1.85154
GBPCAD,2025-06-06,1.85252,1.85606,1.84986
GBPCAD,2025-06-08,1.85346,1.85407,1.85241
GBPCAD,2025-06-09,1.85701,1.85731,1.85136
GBPCAD,2025-06-10,1.84622,1.85777,1.84462
GBPCAD,2025-06-11,1.85404,1.8543,1.84151
GBPCAD,2025-06-12,1.85289,1.85706,1.84785
GBPCAD,2025-06-13,1.8435,1.8533,1.84136
GBPCAD,2025-06-15,1.84026,1.84421,1.84
GBPCAD,2025-06-16,1.84154,1.84552,1.84012
GBPCAD,2025-06-17,1.83764,1.84314,1.83074
GBPCAD,2025-06-18,1.83707,1.84358,1.83412
GBPCAD,2025-06-19,1.8456,1.84643,1.83646
GBPCAD,2025-06-20,1.84698,1.85317,1.84536
GBPCAD,2025-06-22,1.84608,1.84693,1.8429
GBPCAD,2025-06-23,1.8598,1.86015,1.84377
GBPCAD,2025-06-24,1.86866,1.87063,1.85844
GBPCAD,2025-06-25,1.87699,1.87729,1.86695
GBPCAD,2025-06-26,1.8723,1.88321,1.87124
GBPCAD,2025-06-27,1.87682,1.88306,1.87114
GBPCAD,2025-06-29,1.87704,1.8791,1.87593
GBPCAD,2025-06-30,1.86828,1.87914,1.86708
GBPCAD,2025-07-01,1.8753,1.87606,1.86826
GBPCAD,2025-07-02,1.85473,1.87634,1.85067
GBPCAD,2025-07-03,1.85508,1.8585,1.8496
GBPCAD,2025-07-04,1.85664,1.8589,1.85287
GBPCAD,2025-07-06,1.85695,1.85818,1.85648
GBPCAD,2025-07-07,1.86165,1.86206,1.85588
GBPCAD,2025-07-08,1.85684,1.8632,1.85089
GBPCAD,2025-07-09,1.86084,1.86379,1.85623
GBPCAD,2025-07-10,1.85439,1.86236,1.85404
GBPCAD,2025-07-11,1.8469,1.86038,1.84394
GBPCAD,2025-07-13,1.8471,1.8487,1.84638
GBPCAD,2025-07-14,1.8404,1.84776,1.83852
GBPCAD,2025-07-15,1.83701,1.84247,1.83538
GBPCAD,2025-07-16,1.83563,1.84614,1.83538
GBPCAD,2025-07-17,1.84492,1.84564,1.835
GBPCAD,2025-07-18,1.84036,1.8472,1.84028
GBPCAD,2025-07-20,1.84098,1.84256,1.83918
GBPCAD,2025-07-21,1.84477,1.84862,1.84016
GBPCAD,2025-07-22,1.8395,1.84631,1.83936
GBPCAD,2025-07-23,1.84679,1.8481,1.83804
GBPCAD,2025-07-24,1.84254,1.84777,1.84172
GBPCAD,2025-07-25,1.84108,1.8435,1.83686
GBPCAD,2025-07-27,1.8413,1.84242,1.83986
GBPCAD,2025-07-28,1.83484,1.84346,1.83316
GBPCAD,2025-07-29,1.83938,1.8407,1.8316
GBPCAD,2025-07-30,1.83258,1.84506,1.8285
GBPCAD,2025-07-31,1.83037,1.83516,1.8254
GBPCAD,2025-08-01,1.83088,1.83612,1.8234
GBPCAD,2025-08-03,1.8312,1.83177,1.82944
GBPCAD,2025-08-04,1.83097,1.83438,1.82754
GBPCAD,2025-08-05,1.83138,1.83556,1.8284
GBPCAD,2025-08-06,1.83508,1.83708,1.82893
GBPCAD,2025-08-07,1.84718,1.8492,1.8339
GBPCAD,2025-08-08,1.85038,1.8514,1.84443
GBPCAD,2025-08-10,1.84889,1.85032,1.84854
GBPCAD,2025-08-11,1.85041,1.85381,1.84802
GBPCAD,2025-08-12,1.85954,1.86112,1.84924
GBPCAD,2025-08-13,1.86816,1.86926,1.85924
GBPCAD,2025-08-14,1.8689,1.87199,1.86674
GBPCAD,2025-08-15,1.87294,1.8737,1.86852
GBPCAD,2025-08-17,1.87278,1.87423,1.87208
GBPCAD,2025-08-18,1.86442,1.87289,1.86318
GBPCAD,2025-08-19,1.86985,1.87128,1.86318
GBPCAD,2025-08-20,1.86806,1.87405,1.86498
GBPCAD,2025-08-21,1.8652,1.87056,1.86378
GBPCAD,2025-08-22,1.87054,1.87341,1.86333
GBPCAD,2025-08-24,1.86815,1.8701,1.86815
GBPCAD,2025-08-25,1.86464,1.86981,1.86392
GBPCAD,2025-08-26,1.86446,1.8677,1.86275
GBPCAD,2025-08-27,1.8607,1.86448,1.8589
GBPCAD,2025-08-28,1.85771,1.8617,1.85672
GBPCAD,2025-08-29,1.85602,1.85776,1.84922
GBPCAD,2025-08-31,1.85521,1.85612,1.85388
GBPCAD,2025-09-01,1.86236,1.86392,1.8549
GBPCAD,2025-09-02,1.84457,1.86258,1.84154
GBPCAD,2025-09-03,1.85368,1.85573,1.84049
GBPCAD,2025-09-04,1.8573,1.85937,1.8532
GBPCAD,2025-09-05,1.86794,1.87234,1.856
GBPCAD,2025-09-07,1.8667,1.8696,1.86616
GBPCAD,2025-09-08,1.86965,1.87275,1.86552
GBPCAD,2025-09-09,1.87206,1.87578,1.86956
GBPCAD,2025-09-10,1.87558,1.87834,1.87207
GBPCAD,2025-09-11,1.8779,1.87949,1.87395
GBPCAD,2025-09-12,1.87722,1.87904,1.87287
GBPCAD,2025-09-14,1.8756,1.87813,1.8752
GBPCAD,2025-09-15,1.87354,1.8826,1.87303
GBPCAD,2025-09-16,1.87569,1.8794,1.87315
GBPCAD,2025-09-17,1.87667,1.88433,1.87483
GBPCAD,2025-09-18,1.86944,1.8809,1.86774
GBPCAD,2025-09-19,1.85612,1.8703,1.8549
GBPCAD,2025-09-21,1.85544,1.85719,1.8554
GBPCAD,2025-09-22,1.86832,1.86938,1.85544
GBPCAD,2025-09-23,1.87156,1.87227,1.86644
GBPCAD,2025-09-24,1.86874,1.87184,1.86378
GBPCAD,2025-09-25,1.85902,1.87138,1.85773
GBPCAD,2025-09-26,1.86844,1.86991,1.85861
GBPCAD,2025-09-28,1.8688,1.86942,1.86706
GBPCAD,2025-09-29,1.86972,1.87477,1.86746
GBPCAD,2025-09-30,1.8717,1.8741,1.86792
GBPCAD,2025-10-01,1.8787,1.8841,1.87096
GBPCAD,2025-10-02,1.87718,1.8824,1.87292
GBPCAD,2025-10-03,1.88032,1.88193,1.87556
GBPCAD,2025-10-05,1.87564,1.87841,1.87467
GBPCAD,2025-10-06,1.88034,1.88162,1.87276
GBPCAD,2025-10-07,1.87252,1.88066,1.86921
GBPCAD,2025-10-08,1.86974,1.87434,1.86664
GBPCAD,2025-10-09,1.8651,1.87094,1.86249
GBPCAD,2025-10-10,1.87067,1.87088,1.8561
GBPCAD,2025-10-12,1.86682,1.8691,1.86597
GBPCAD,2025-10-13,1.87176,1.87235,1.86503
GBPCAD,2025-10-14,1.87107,1.87508,1.86368
GBPCAD,2025-10-15,1.88245,1.88316,1.87089
GBPCAD,2025-10-16,1.88828,1.88956,1.88089
GBPCAD,2025-10-17,1.88255,1.89152,1.88104
GBPCAD,2025-10-19,1.88163,1.8832,1.881
GBPCAD,2025-10-20,1.88109,1.88648,1.8806
GBPCAD,2025-10-21,1.87373,1.88316,1.87358
GBPCAD,2025-10-22,1.8675,1.87424,1.86473
GBPCAD,2025-10-23,1.86396,1.86879,1.86247
GBPCAD,2025-10-24,1.863,1.87293,1.8619
GBPCAD,2025-10-26,1.8642,1.86698,1.8634
GBPCAD,2025-10-27,1.86652,1.86727,1.86029
GBPCAD,2025-10-28,1.85087,1.87051,1.84926
GBPCAD,2025-10-29,1.83923,1.85101,1.83253
GBPCAD,2025-10-30,1.83972,1.84324,1.837
GBPCAD,2025-10-31,1.84229,1.8429,1.83672
GBPCAD,2025-11-02,1.84074,1.84186,1.83956
GBPCAD,2025-11-03,1.84609,1.84951,1.8401
GBPCAD,2025-11-04,1.83613,1.84756,1.83478
GBPCAD,2025-11-05,1.84042,1.8437,1.8358
GBPCAD,2025-11-06,1.85421,1.85478,1.84046
GBPCAD,2025-11-07,1.84902,1.85465,1.84548
GBPCAD,2025-11-09,1.84562,1.85032,1.84538
GBPCAD,2025-11-10,1.8475,1.84824,1.84339
GBPCAD,2025-11-11,1.84339,1.84836,1.84072
GBPCAD,2025-11-12,1.83896,1.84361,1.83436
GBPCAD,2025-11-13,1.84616,1.85284,1.83554
GBPCAD,2025-11-14,1.84758,1.8523,1.8409
GBPCAD,2025-11-16,1.84464,1.84747,1.84371
GBPCAD,2025-11-17,1.84838,1.85038,1.84306
GBPCAD,2025-11-18,1.83864,1.84982,1.83639
GBPCAD,2025-11-19,1.83392,1.84104,1.83298
GBPCAD,2025-11-20,1.84355,1.84416,1.83277
GBPCAD,2025-11-21,1.84722,1.84846,1.83944
GBPCAD,2025-11-23,1.8459,1.84774,1.84568
GBPCAD,2025-11-24,1.8491,1.8501,1.84508
GBPCAD,2025-11-25,1.85579,1.86214,1.8489
GBPCAD,2025-11-26,1.85918,1.86259,1.84938
GBPCAD,2025-11-27,1.85704,1.86132,1.85465
GBPCAD,2025-11-28,1.8493,1.85886,1.84368
GBPCAD,2025-11-30,1.84951,1.8504,1.84816
GBPCAD,2025-12-01,1.84943,1.85277,1.84702
GBPCAD,2025-12-02,1.84672,1.85135,1.84357
GBPCAD,2025-12-03,1.8623,1.86296,1.84666
GBPCAD,2025-12-04,1.85973,1.86678,1.85917
GBPCAD,2025-12-05,1.84222,1.86298,1.84194
GBPCAD,2025-12-07,1.84355,1.84386,1.84232
GBPCAD,2025-12-08,1.84556,1.84665,1.83795
GBPCAD,2025-12-09,1.84186,1.84976,1.83966
GBPCAD,2025-12-10,1.846,1.84822,1.84156
GBPCAD,2025-12-11,1.84502,1.84947,1.84307
GBPCAD,2025-12-12,1.8414,1.84532,1.83874
GBPCAD,2025-12-14,1.8404,1.8423,1.83994
GBPCAD,2025-12-15,1.84216,1.84459,1.83836
GBPCAD,2025-12-16,1.84668,1.85,1.83921
GBPCAD,2025-12-17,1.84315,1.84764,1.83472
GBPCAD,2025-12-18,1.84388,1.85138,1.8384
GBPCAD,2025-12-19,1.84622,1.84694,1.83932
GBPCAD,2025-12-21,1.84516,1.84849,1.84478
GBPCAD,2025-12-22,1.85146,1.85179,1.84498
GBPCAD,2025-12-23,1.8493,1.85472,1.84647
GBPCAD,2025-12-24,1.84759,1.8509,1.84494
GBPCAD,2025-12-25,1.84706,1.85006,1.84617
GBPCAD,2025-12-26,1.84564,1.84854,1.8428
GBPCAD,2025-12-28,1.84484,1.84622,1.84312
GBPCAD,2025-12-29,1.84881,1.85039,1.84343
GBPCAD,2025-12-30,1.84408,1.85126,1.84234
GBPCAD,2025-12-31,1.8491,1.85056,1.83858
GBPCAD,2026-01-01,1.84823,1.8493,1.84722
GBPCAD,2026-01-02,1.84834,1.85288,1.84336
GBPCAD,2026-01-04,1.84729,1.84916,1.84674
GBPCAD,2026-01-05,1.86378,1.86531,1.8462
GBPCAD,2026-01-06,1.86508,1.86671,1.86002
GBPCAD,2026-01-07,1.86488,1.86735,1.86002
GBPCAD,2026-01-08,1.86276,1.8673,1.85964
GBPCAD,2026-01-09,1.86485,1.86551,1.85914
GBPCAD,2026-01-11,1.86336,1.86527,1.86308
GBPCAD,2026-01-12,1.86859,1.87124,1.86316
GBPCAD,2026-01-13,1.86444,1.87098,1.86352
GBPCAD,2026-01-14,1.86614,1.86962,1.86239
GBPCAD,2026-01-15,1.85876,1.86946,1.85757
GBPCAD,2026-01-16,1.8617,1.86406,1.85807
GBPCAD,2026-01-18,1.86284,1.8637,1.85664
GBPCAD,2026-01-19,1.86176,1.86307,1.85968
GBPCAD,2026-01-20,1.85929,1.86644,1.85717
GBPCAD,2026-01-21,1.85736,1.8604,1.85134
GBPCAD,2026-01-22,1.86086,1.86254,1.85162
GBPCAD,2026-01-23,1.86961,1.8699,1.85936
GBPCAD,2026-01-25,1.87214,1.87477,1.87144
GBPCAD,2026-01-26,1.87542,1.87818,1.86785
GBPCAD,2026-01-27,1.87941,1.88182,1.87078
GBPCAD,2026-01-28,1.87164,1.88032,1.86473
GBPCAD,2026-01-29,1.86288,1.87222,1.86116
GBPCAD,2026-01-30,1.86426,1.86464,1.85558
GBPCAD,2026-02-01,1.86524,1.86684,1.86124
GBPCAD,2026-02-02,1.8695,1.87106,1.86146
GBPCAD,2026-02-03,1.8683,1.87256,1.86678
GBPCAD,2026-02-04,1.86531,1.87438,1.86447
GBPCAD,2026-02-05,1.85396,1.86548,1.84854
GBPCAD,2026-02-06,1.86156,1.8617,1.85367
GBPCAD,2026-02-08,1.85888,1.86041,1.85748
GBPCAD,2026-02-09,1.85544,1.86016,1.85158
GBPCAD,2026-02-10,1.84768,1.85824,1.84702
GBPCAD,2026-02-11,1.8492,1.8585,1.84674
GBPCAD,2026-02-12,1.85378,1.85754,1.84898
GBPCAD,2026-02-13,1.85956,1.86032,1.85264
GBPCAD,2026-02-15,1.85838,1.85943,1.85711
GBPCAD,2026-02-16,1.85824,1.85958,1.85616
GBPCAD,2026-02-17,1.84975,1.85836,1.84666
GBPCAD,2026-02-18,1.8482,1.85464,1.84774
GBPCAD,2026-02-19,1.84237,1.84908,1.8397
GBPCAD,2026-02-20,1.84403,1.84884,1.83978
GBPCAD,2026-02-22,1.84706,1.84739,1.84385
GBPCAD,2026-02-23,1.8481,1.84962,1.84576
GBPCAD,2026-02-24,1.84926,1.85484,1.84608
GBPCAD,2026-02-25,1.85396,1.85606,1.84884
GBPCAD,2026-02-26,1.84508,1.85488,1.8414
GBPCAD,2026-02-27,1.83977,1.84622,1.83318
GBPCAD,2026-03-01,1.83232,1.83394,1.82964
GBPCAD,2026-03-02,1.83315,1.83856,1.82184
GBPCAD,2026-03-03,1.82576,1.83408,1.81952
GBPCAD,2026-03-04,1.82388,1.83141,1.8221
GBPCAD,2026-03-05,1.82595,1.82721,1.81832
GBPCAD,2026-03-06,1.81908,1.82637,1.81718
GBPCAD,2026-03-08,1.80962,1.8164,1.80514
GBPCAD,2026-03-09,1.82394,1.82708,1.80213
GBPCAD,2026-03-10,1.82276,1.83068,1.82009
GBPCAD,2026-03-11,1.82013,1.8256,1.81828
GBPCAD,2026-03-12,1.82012,1.82217,1.81569
GBPCAD,2026-03-13,1.81429,1.82127,1.81042
GBPCAD,2026-03-15,1.81642,1.81809,1.81424
GBPCAD,2026-03-16,1.82206,1.82438,1.8142
GBPCAD,2026-03-17,1.82866,1.83101,1.81799
GBPCAD,2026-03-18,1.82104,1.83284,1.82002
GBPCAD,2026-03-19,1.84413,1.84699,1.8187
GBPCAD,2026-03-20,1.8309,1.84454,1.82631
GBPCAD,2026-03-22,1.82803,1.82952,1.8246
GBPCAD,2026-03-23,1.84338,1.84619,1.82324
GBPCAD,2026-03-24,1.84562,1.84674,1.83744
GBPCAD,2026-03-25,1.84592,1.85152,1.8416
GBPCAD,2026-03-26,1.8473,1.85023,1.84298
GBPCAD,2026-03-27,1.84245,1.84892,1.84015
GBPCAD,2026-03-29,1.84,1.84344,1.83964
GBPCAD,2026-03-30,1.83465,1.84554,1.83417
GBPCAD,2026-03-31,1.84096,1.8487,1.8338
GBPCAD,2026-04-01,1.84591,1.85204,1.83847
GBPCAD,2026-04-02,1.8412,1.8473,1.8361
GBPCAD,2026-04-03,1.84154,1.84387,1.83875
GBPCAD,2026-04-05,1.83887,1.83989,1.83792
GBPCAD,2026-04-06,1.84108,1.84551,1.83878
GBPCAD,2026-04-07,1.85506,1.85708,1.8402
GBPCAD,2026-04-08,1.85482,1.86812,1.85258
GBPCAD,2026-04-09,1.8563,1.85914,1.85324
GBPCAD,2026-04-10,1.86338,1.86436,1.85488
GBPCAD,2026-04-12,1.85816,1.85948,1.85642
GBPCAD,2026-04-13,1.86327,1.86342,1.85717
GBPCAD,2026-04-14,1.86872,1.86942,1.8619
GBPCAD,2026-04-15,1.86358,1.86962,1.86239
GBPCAD,2026-04-16,1.8531,1.86416,1.8526
GBPCAD,2026-04-17,1.85112,1.85709,1.84796
GBPCAD,2026-04-19,1.84782,1.84888,1.84608
GBPCAD,2026-04-20,1.84617,1.85197,1.84579
GBPCAD,2026-04-21,1.84506,1.84664,1.84218
GBPCAD,2026-04-22,1.84524,1.84736,1.84368
GBPCAD,2026-04-23,1.84464,1.8486,1.84239
GBPCAD,2026-04-24,1.84956,1.85042,1.84427
GBPCAD,2026-04-26,1.84835,1.84942,1.84707
GBPCAD,2026-04-27,1.84403,1.85084,1.84156
GBPCAD,2026-04-28,1.85008,1.85051,1.84077
GBPCAD,2026-04-29,1.84383,1.8504,1.84251
GBPCAD,2026-04-30,1.84704,1.84994,1.84116
GBPCAD,2026-05-01,1.84513,1.85296,1.84409
GBPCAD,2026-05-03,1.8454,1.84878,1.84527
GBPCAD,2026-05-04,1.843,1.84824,1.8399
GBPCAD,2026-05-05,1.84582,1.84769,1.84119
GBPCAD,2026-05-06,1.85324,1.85502,1.84464
GBPCAD,2026-05-07,1.85174,1.85856,1.85035
GBPCAD,2026-05-08,1.8644,1.86782,1.85078
GBPCAD,2026-05-10,1.86012,1.8605,1.85535
GBPCAD,2026-05-11,1.8609,1.86591,1.85604
GBPCAD,2026-05-12,1.85398,1.8613,1.85079
GBPCAD,2026-05-13,1.85358,1.85581,1.84707
GBPCAD,2026-05-14,1.83782,1.855,1.83672
GBPCAD,2026-05-15,1.83192,1.83974,1.83032
GBPCAD,2026-05-17,1.83168,1.83294,1.8306
GBPCAD,2026-05-18,1.8453,1.8478,1.83027
GBPCAD,2026-05-19,1.84172,1.84777,1.84087
GBPCAD,2026-05-20,1.8467,1.84905,1.84028
GBPCAD,2026-05-21,1.85044,1.85254,1.84617
GBPCAD,2026-05-22,1.85628,1.85792,1.85032
GBPCAD,2026-05-24,1.8607,1.86128,1.85718
GBPCAD,2026-05-25,1.8632,1.86494,1.85954
GBPCAD,2026-05-26,1.8578,1.86333,1.8546
GBPCAD,2026-05-27,1.85719,1.86078,1.8554
GBPCAD,2026-05-28,1.85298,1.85991,1.85152
GBPCAD,2026-05-29,1.85644,1.85875,1.85118
GBPCAD,2026-05-31,1.85584,1.85796,1.85528
GBPCAD,2026-06-01,1.86302,1.86388,1.85552
GBPCAD,2026-06-02,1.86258,1.8661,1.86183
GBPCAD,2026-06-03,1.86528,1.86642,1.86169
GBPCAD,2026-06-04,1.8667,1.87036,1.8647
GBPCAD,2026-06-05,1.85955,1.87043,1.85896
GBPCAD,2026-06-07,1.85958,1.85962,1.85706
GBPCAD,2026-06-08,1.86105,1.86263,1.85656
GBPCAD,2026-06-09,1.86578,1.8704,1.86028
GBPCAD,2026-06-10,1.86338,1.86773,1.8621
GBPCAD,2026-06-11,1.87428,1.87483,1.86328
GBPCAD,2026-06-12,1.87542,1.87691,1.87221
GBPCAD,2026-06-14,1.87806,1.87866,1.87502
GBPCAD,2026-06-15,1.87714,1.87965,1.87518
GBPCAD,2026-06-16,1.8788,1.88018,1.87554
GBPCAD,2026-06-17,1.87566,1.8814,1.8715
GBPCAD,2026-06-18,1.86679,1.87945,1.86564
GBPCAD,2026-06-19,1.87316,1.8764,1.86348
GBPCAD,2026-06-21,1.87206,1.87269,1.869
GBPCAD,2026-06-22,1.87555,1.87894,1.86914
GBPCAD,2026-06-23,1.87562,1.87803,1.87238
GBPCAD,2026-06-24,1.87378,1.87771,1.87072
GBPCAD,2026-06-25,1.8727,1.87774,1.87192
GBPCAD,2026-06-26,1.87344,1.87593,1.87142
GBPCAD,2026-06-28,1.87247,1.87457,1.87197
GBPCAD,2026-06-29,1.88345,1.88451,1.87232
GBPCAD,2026-06-30,1.88251,1.88487,1.87973
GBPCAD,2026-07-01,1.88785,1.88834,1.88076
GBPCAD,2026-07-02,1.89274,1.89677,1.88746
GBPCAD,2026-07-03,1.89611,1.89747,1.89268
GBPCAD,2026-07-05,1.89663,1.89694,1.89481
GBPCAD,2026-07-06,1.90303,1.9037,1.8945
GBPCAD,2026-07-07,1.89578,1.90441,1.89562
GBPCAD,2026-07-08,1.89745,1.90012,1.88792
GBPCAD,2026-07-09,1.9003,1.90326,1.89644
GBPCAD,2026-07-10,1.89714,1.90349,1.89401
GBPCAD,2026-07-12,1.89598,1.89626,1.89426
GBPCAD,2026-07-13,1.88888,1.89648,1.8885
GBPCAD,2026-07-14,1.88243,1.89139,1.88106
GBPCAD,2026-07-15,1.90035,1.90212,1.88209
GBPCAD,2026-07-16,1.89198,1.90182,1.89126
GBPCAD,2026-07-17,1.88615,1.8921,1.88256
GBPCAD,2026-07-19,1.88492,1.88532,1.88374
GBPCAD,2026-07-20,1.88996,1.892,1.88429
GBPCAD,2026-07-21,1.88708,1.89308,1.88141
GBPCAD,2026-07-22,1.88379,1.88827,1.8818
GBPCAD,2026-07-23,1.87501,1.88414,1.87396
GBPCAD,2026-07-24,1.878,1.8791,1.87402
GBPCAD,2026-07-26,1.8807,1.88084,1.87806
GBPCAD,2026-07-27,1.87713,1.88304,1.87552
GBPCAD,2026-07-28,1.8743,1.8783,1.8725
GBPCAD,2026-07-29,1.87594,1.87796,1.87128
GBPCAD,2026-07-30,1.88608,1.88734,1.87396
GBPCAD,2026-07-31,1.88946,1.8913,1.88008
GBPCAD,2026-08-02,1.89056,1.89188,1.88872
GBPCAD,2026-08-03,1.88602,1.89188,1.88505
GBPCAD,2026-08-04,1.89186,1.89371,1.88504
GBPCAD,2026-08-05,1.8869,1.8954,1.88618
GBPCAD,2026-08-06,1.88548,1.88894,1.88389
GBPCAD,2026-08-07,1.88101,1.88735,1.87942
GBPCAD,2026-08-09,1.88195,1.88341,1.88076
GBPCAD,2026-08-10,1.88256,1.88604,1.88134
GBPCAD,2026-08-11,1.88051,1.88273,1.87876
GBPCAD,2026-08-12,1.88144,1.88494,1.87975
GBPCAD,2026-08-13,1.8788,1.88383,1.87788
GBPCAD,2026-08-14,1.8777,1.88078,1.87614
GBPCAD,2026-08-16,1.87912,1.87962,1.8771
GBPCAD,2026-08-17,1.87945,1.88132,1.87752
GBPCAD,2026-08-18,1.88135,1.88262,1.87532
GBPCAD,2026-08-19,1.87802,1.88526,1.87786
GBPCAD,2026-08-20,1.88018,1.88032,1.87576
