pair,datetime,open,high,low,close
EURCHF,2026-06-24 08:00:00+00:00,0.92147,0.92172,0.92079,0.92133
EURCHF,2026-06-24 09:00:00+00:00,0.92132,0.92168,0.92116,0.9214
EURCHF,2026-06-24 10:00:00+00:00,0.92139,0.92168,0.92122,0.92149
EURCHF,2026-06-24 11:00:00+00:00,0.92148,0.92208,0.92123,0.92148
EURCHF,2026-06-24 12:00:00+00:00,0.92148,0.92178,0.92104,0.92172
EURCHF,2026-06-24 13:00:00+00:00,0.9217,0.92192,0.92108,0.92184
EURCHF,2026-06-24 14:00:00+00:00,0.92185,0.92243,0.92162,0.9224
EURCHF,2026-06-24 15:00:00+00:00,0.92239,0.92248,0.92173,0.92221
EURCHF,2026-06-24 16:00:00+00:00,0.92222,0.92259,0.92205,0.92225
EURCHF,2026-06-24 17:00:00+00:00,0.92225,0.92266,0.92216,0.92258
EURCHF,2026-06-24 18:00:00+00:00,0.92258,0.9229,0.9225,0.92253
EURCHF,2026-06-24 19:00:00+00:00,0.92254,0.9229,0.92248,0.92279
EURCHF,2026-06-24 20:00:00+00:00,0.9228,0.923,0.92253,0.92268
EURCHF,2026-06-24 21:00:00+00:00,0.92261,0.92275,0.92261,0.92274
EURCHF,2026-06-24 22:00:00+00:00,0.92269,0.92274,0.9225,0.9225
EURCHF,2026-06-24 23:00:00+00:00,0.92251,0.92268,0.9225,0.92266
EURCHF,2026-06-25 00:00:00+00:00,0.92268,0.92274,0.92238,0.92239
EURCHF,2026-06-25 01:00:00+00:00,0.92238,0.92244,0.9221,0.92212
EURCHF,2026-06-25 02:00:00+00:00,0.92212,0.92216,0.9217,0.92204
EURCHF,2026-06-25 03:00:00+00:00,0.92206,0.9221,0.92174,0.9219
EURCHF,2026-06-25 04:00:00+00:00,0.92192,0.92195,0.92173,0.92192
EURCHF,2026-06-25 05:00:00+00:00,0.92192,0.92232,0.92187,0.92228
EURCHF,2026-06-25 06:00:00+00:00,0.92224,0.92257,0.92178,0.92186
EURCHF,2026-06-25 07:00:00+00:00,0.92186,0.9221,0.92128,0.92161
EURCHF,2026-06-25 08:00:00+00:00,0.92164,0.92181,0.921,0.92174
EURCHF,2026-06-25 09:00:00+00:00,0.92176,0.9223,0.9215,0.922
EURCHF,2026-06-25 10:00:00+00:00,0.92201,0.9221,0.92162,0.92187
EURCHF,2026-06-25 11:00:00+00:00,0.92186,0.922,0.9214,0.92196
EURCHF,2026-06-25 12:00:00+00:00,0.92196,0.9225,0.9216,0.92212
EURCHF,2026-06-25 13:00:00+00:00,0.92208,0.9221,0.92112,0.92147
EURCHF,2026-06-25 14:00:00+00:00,0.92146,0.92198,0.9211,0.9214
EURCHF,2026-06-25 15:00:00+00:00,0.9214,0.92175,0.92132,0.9214
EURCHF,2026-06-25 16:00:00+00:00,0.92141,0.92154,0.92108,0.92127
EURCHF,2026-06-25 17:00:00+00:00,0.92128,0.92141,0.92116,0.92127
EURCHF,2026-06-25 18:00:00+00:00,0.92128,0.9215,0.92094,0.92098
EURCHF,2026-06-25 19:00:00+00:00,0.92099,0.92115,0.92088,0.9209
EURCHF,2026-06-25 20:00:00+00:00,0.92088,0.92124,0.92082,0.92112
EURCHF,2026-06-25 21:00:00+00:00,0.92126,0.92126,0.92072,0.921
EURCHF,2026-06-25 22:00:00+00:00,0.92126,0.92126,0.92088,0.92102
EURCHF,2026-06-25 23:00:00+00:00,0.92104,0.92125,0.92097,0.92108
EURCHF,2026-06-26 00:00:00+00:00,0.92111,0.92124,0.92089,0.92098
EURCHF,2026-06-26 01:00:00+00:00,0.921,0.92109,0.92078,0.92096
EURCHF,2026-06-26 02:00:00+00:00,0.92096,0.92108,0.92074,0.92077
EURCHF,2026-06-26 03:00:00+00:00,0.92076,0.92084,0.9203,0.92052
EURCHF,2026-06-26 04:00:00+00:00,0.9205,0.92059,0.91978,0.91999
EURCHF,2026-06-26 05:00:00+00:00,0.92,0.92046,0.91993,0.92025
EURCHF,2026-06-26 06:00:00+00:00,0.92024,0.9205,0.92016,0.92036
EURCHF,2026-06-26 07:00:00+00:00,0.9204,0.92076,0.91996,0.92076
EURCHF,2026-06-26 08:00:00+00:00,0.92076,0.9219,0.92057,0.92168
EURCHF,2026-06-26 09:00:00+00:00,0.92169,0.92222,0.92162,0.92182
EURCHF,2026-06-26 10:00:00+00:00,0.92184,0.92208,0.92161,0.92194
EURCHF,2026-06-26 11:00:00+00:00,0.92195,0.92209,0.92172,0.92184
EURCHF,2026-06-26 12:00:00+00:00,0.92182,0.92276,0.92171,0.92242
EURCHF,2026-06-26 13:00:00+00:00,0.92244,0.92248,0.92171,0.92186
EURCHF,2026-06-26 14:00:00+00:00,0.92188,0.9228,0.9217,0.92198
EURCHF,2026-06-26 15:00:00+00:00,0.92199,0.92228,0.92154,0.92158
EURCHF,2026-06-26 16:00:00+00:00,0.92156,0.92209,0.92154,0.92194
EURCHF,2026-06-26 17:00:00+00:00,0.92194,0.92208,0.92186,0.92204
EURCHF,2026-06-26 18:00:00+00:00,0.92204,0.92238,0.92184,0.92195
EURCHF,2026-06-26 19:00:00+00:00,0.92196,0.92201,0.92168,0.92178
EURCHF,2026-06-26 20:00:00+00:00,0.92178,0.92226,0.92169,0.92216
EURCHF,2026-06-28 21:00:00+00:00,0.92262,0.92294,0.92218,0.92246
EURCHF,2026-06-28 22:00:00+00:00,0.92248,0.92249,0.92213,0.92237
EURCHF,2026-06-28 23:00:00+00:00,0.92238,0.92244,0.92222,0.92231
EURCHF,2026-06-29 00:00:00+00:00,0.9223,0.92239,0.92208,0.92221
EURCHF,2026-06-29 01:00:00+00:00,0.92222,0.92241,0.92212,0.92228
EURCHF,2026-06-29 02:00:00+00:00,0.92227,0.92228,0.92206,0.92211
EURCHF,2026-06-29 03:00:00+00:00,0.92208,0.92216,0.92197,0.9221
EURCHF,2026-06-29 04:00:00+00:00,0.92206,0.92211,0.92196,0.922
EURCHF,2026-06-29 05:00:00+00:00,0.922,0.92226,0.92194,0.92212
EURCHF,2026-06-29 06:00:00+00:00,0.92214,0.92287,0.9221,0.92276
EURCHF,2026-06-29 07:00:00+00:00,0.92274,0.92285,0.92229,0.92231
EURCHF,2026-06-29 08:00:00+00:00,0.9223,0.92266,0.92195,0.92201
EURCHF,2026-06-29 09:00:00+00:00,0.92199,0.92227,0.92178,0.92215
EURCHF,2026-06-29 10:00:00+00:00,0.92216,0.92219,0.92179,0.92192
EURCHF,2026-06-29 11:00:00+00:00,0.92192,0.92214,0.92182,0.92206
EURCHF,2026-06-29 12:00:00+00:00,0.92207,0.9224,0.92198,0.92224
EURCHF,2026-06-29 13:00:00+00:00,0.92222,0.92234,0.92184,0.92218
EURCHF,2026-06-29 14:00:00+00:00,0.9222,0.92352,0.92212,0.9235
EURCHF,2026-06-29 15:00:00+00:00,0.9235,0.92354,0.92298,0.92321
EURCHF,2026-06-29 16:00:00+00:00,0.92322,0.92327,0.92288,0.92292
EURCHF,2026-06-29 17:00:00+00:00,0.92293,0.92294,0.92257,0.92268
EURCHF,2026-06-29 18:00:00+00:00,0.92268,0.92274,0.92248,0.9226
EURCHF,2026-06-29 19:00:00+00:00,0.92258,0.92268,0.92232,0.92244
EURCHF,2026-06-29 20:00:00+00:00,0.92244,0.92266,0.92238,0.92257
EURCHF,2026-06-29 21:00:00+00:00,0.9227,0.9227,0.92246,0.92256
EURCHF,2026-06-29 22:00:00+00:00,0.9225,0.92266,0.92228,0.9225
EURCHF,2026-06-29 23:00:00+00:00,0.92249,0.92249,0.92236,0.92246
EURCHF,2026-06-30 00:00:00+00:00,0.92247,0.92256,0.92209,0.92232
EURCHF,2026-06-30 01:00:00+00:00,0.92232,0.92251,0.92228,0.92237
EURCHF,2026-06-30 02:00:00+00:00,0.92238,0.92246,0.92225,0.92232
EURCHF,2026-06-30 03:00:00+00:00,0.92233,0.92236,0.92212,0.9223
EURCHF,2026-06-30 04:00:00+00:00,0.9223,0.92253,0.92213,0.92219
EURCHF,2026-06-30 05:00:00+00:00,0.92218,0.92242,0.92202,0.92218
EURCHF,2026-06-30 06:00:00+00:00,0.92221,0.92256,0.92202,0.9221
EURCHF,2026-06-30 07:00:00+00:00,0.9221,0.92266,0.9219,0.92256
EURCHF,2026-06-30 08:00:00+00:00,0.92256,0.92258,0.92185,0.92224
EURCHF,2026-06-30 09:00:00+00:00,0.92224,0.92279,0.92214,0.92266
EURCHF,2026-06-30 10:00:00+00:00,0.92264,0.9228,0.9221,0.92214
EURCHF,2026-06-30 11:00:00+00:00,0.92214,0.92239,0.92178,0.9223
EURCHF,2026-06-30 12:00:00+00:00,0.9223,0.92246,0.92194,0.92221
EURCHF,2026-06-30 13:00:00+00:00,0.9222,0.92244,0.92186,0.92196
EURCHF,2026-06-30 14:00:00+00:00,0.92196,0.92302,0.9216,0.9223
EURCHF,2026-06-30 15:00:00+00:00,0.92233,0.92309,0.9222,0.92278
EURCHF,2026-06-30 16:00:00+00:00,0.92278,0.92316,0.92274,0.92304
EURCHF,2026-06-30 17:00:00+00:00,0.92304,0.92318,0.92282,0.923
EURCHF,2026-06-30 18:00:00+00:00,0.923,0.9231,0.92282,0.92304
EURCHF,2026-06-30 19:00:00+00:00,0.92304,0.92334,0.92292,0.92322
EURCHF,2026-06-30 20:00:00+00:00,0.92322,0.92334,0.92304,0.92334
EURCHF,2026-06-30 21:00:00+00:00,0.92302,0.92322,0.92295,0.92313
EURCHF,2026-06-30 22:00:00+00:00,0.92307,0.92332,0.92304,0.92317
EURCHF,2026-06-30 23:00:00+00:00,0.92318,0.92318,0.9229,0.92304
EURCHF,2026-07-01 00:00:00+00:00,0.92304,0.92311,0.9229,0.92296
EURCHF,2026-07-01 01:00:00+00:00,0.92296,0.92312,0.92286,0.92287
EURCHF,2026-07-01 02:00:00+00:00,0.92287,0.92306,0.92284,0.92303
EURCHF,2026-07-01 03:00:00+00:00,0.92302,0.92318,0.92295,0.92308
EURCHF,2026-07-01 04:00:00+00:00,0.92308,0.92318,0.92298,0.92308
EURCHF,2026-07-01 05:00:00+00:00,0.92308,0.92311,0.92284,0.92298
EURCHF,2026-07-01 06:00:00+00:00,0.923,0.92309,0.92282,0.92305
EURCHF,2026-07-01 07:00:00+00:00,0.92306,0.92331,0.92266,0.92312
EURCHF,2026-07-01 08:00:00+00:00,0.92312,0.92353,0.92281,0.92286
EURCHF,2026-07-01 09:00:00+00:00,0.92287,0.92297,0.92252,0.92294
EURCHF,2026-07-01 10:00:00+00:00,0.9229,0.92304,0.92277,0.9229
EURCHF,2026-07-01 11:00:00+00:00,0.9229,0.9235,0.92276,0.92324
EURCHF,2026-07-01 12:00:00+00:00,0.92324,0.92343,0.92278,0.9228
EURCHF,2026-07-01 13:00:00+00:00,0.92282,0.92298,0.9222,0.92228
EURCHF,2026-07-01 14:00:00+00:00,0.92234,0.92246,0.92081,0.9211
EURCHF,2026-07-01 15:00:00+00:00,0.92112,0.92112,0.92044,0.92046
EURCHF,2026-07-01 16:00:00+00:00,0.92046,0.92056,0.92018,0.92056
EURCHF,2026-07-01 17:00:00+00:00,0.92056,0.92074,0.92039,0.9205
EURCHF,2026-07-01 18:00:00+00:00,0.92051,0.92088,0.92046,0.92082
EURCHF,2026-07-01 19:00:00+00:00,0.92082,0.921,0.92078,0.92094
EURCHF,2026-07-01 20:00:00+00:00,0.92094,0.92111,0.92083,0.92097
EURCHF,2026-07-01 21:00:00+00:00,0.92103,0.92118,0.92085,0.92085
EURCHF,2026-07-01 22:00:00+00:00,0.92083,0.92108,0.9208,0.9209
EURCHF,2026-07-01 23:00:00+00:00,0.9209,0.92106,0.92069,0.9207
EURCHF,2026-07-02 00:00:00+00:00,0.92072,0.92108,0.92066,0.9208
EURCHF,2026-07-02 01:00:00+00:00,0.9208,0.92094,0.9207,0.92084
EURCHF,2026-07-02 02:00:00+00:00,0.92086,0.92086,0.92068,0.92076
EURCHF,2026-07-02 03:00:00+00:00,0.92076,0.9209,0.92062,0.92065
EURCHF,2026-07-02 04:00:00+00:00,0.92064,0.92089,0.92056,0.92086
EURCHF,2026-07-02 05:00:00+00:00,0.92086,0.92096,0.92062,0.92078
EURCHF,2026-07-02 06:00:00+00:00,0.92078,0.92113,0.92048,0.92074
EURCHF,2026-07-02 07:00:00+00:00,0.92076,0.9209,0.92024,0.92028
EURCHF,2026-07-02 08:00:00+00:00,0.92029,0.9203,0.91837,0.91844
EURCHF,2026-07-02 09:00:00+00:00,0.91842,0.91904,0.9181,0.91878
EURCHF,2026-07-02 10:00:00+00:00,0.91878,0.91952,0.91859,0.91929
EURCHF,2026-07-02 11:00:00+00:00,0.9193,0.92001,0.91926,0.91974
EURCHF,2026-07-02 12:00:00+00:00,0.91974,0.92023,0.91854,0.91972
EURCHF,2026-07-02 13:00:00+00:00,0.91972,0.91978,0.91892,0.91895
EURCHF,2026-07-02 14:00:00+00:00,0.91898,0.91923,0.91813,0.91822
EURCHF,2026-07-02 15:00:00+00:00,0.9182,0.91836,0.91776,0.91833
EURCHF,2026-07-02 16:00:00+00:00,0.91832,0.91844,0.91782,0.91838
EURCHF,2026-07-02 17:00:00+00:00,0.9184,0.919,0.91836,0.91879
EURCHF,2026-07-02 18:00:00+00:00,0.91881,0.91889,0.91862,0.91869
EURCHF,2026-07-02 19:00:00+00:00,0.91869,0.91876,0.91843,0.91854
EURCHF,2026-07-02 20:00:00+00:00,0.91852,0.9187,0.9184,0.91864
EURCHF,2026-07-02 21:00:00+00:00,0.91846,0.9186,0.91846,0.9185
EURCHF,2026-07-02 22:00:00+00:00,0.91856,0.91894,0.91848,0.91881
EURCHF,2026-07-02 23:00:00+00:00,0.91882,0.9189,0.91868,0.91887
EURCHF,2026-07-03 00:00:00+00:00,0.91888,0.91908,0.91878,0.91882
EURCHF,2026-07-03 01:00:00+00:00,0.91879,0.91884,0.91846,0.91869
EURCHF,2026-07-03 02:00:00+00:00,0.9187,0.9187,0.9184,0.91854
EURCHF,2026-07-03 03:00:00+00:00,0.91853,0.9186,0.91844,0.91856
EURCHF,2026-07-03 04:00:00+00:00,0.91859,0.9186,0.91846,0.91848
EURCHF,2026-07-03 05:00:00+00:00,0.91848,0.9186,0.9184,0.91846
EURCHF,2026-07-03 06:00:00+00:00,0.91846,0.9185,0.91802,0.9182
EURCHF,2026-07-03 07:00:00+00:00,0.91825,0.9187,0.91794,0.91854
EURCHF,2026-07-03 08:00:00+00:00,0.91857,0.91912,0.91837,0.91911
EURCHF,2026-07-03 09:00:00+00:00,0.91912,0.9192,0.91887,0.91904
EURCHF,2026-07-03 10:00:00+00:00,0.91906,0.91936,0.91888,0.91935
EURCHF,2026-07-03 11:00:00+00:00,0.91936,0.91971,0.919,0.91906
EURCHF,2026-07-03 12:00:00+00:00,0.91909,0.91964,0.91888,0.9194
EURCHF,2026-07-03 13:00:00+00:00,0.91942,0.91962,0.91916,0.9193
EURCHF,2026-07-03 14:00:00+00:00,0.91933,0.91938,0.9189,0.91919
EURCHF,2026-07-03 15:00:00+00:00,0.9192,0.91932,0.91886,0.91888
EURCHF,2026-07-03 16:00:00+00:00,0.91886,0.91911,0.91884,0.91909
EURCHF,2026-07-03 17:00:00+00:00,0.9191,0.91922,0.9189,0.91911
EURCHF,2026-07-03 18:00:00+00:00,0.91914,0.91922,0.9187,0.91914
EURCHF,2026-07-03 19:00:00+00:00,0.91915,0.91942,0.91891,0.91932
EURCHF,2026-07-03 20:00:00+00:00,0.9193,0.91942,0.91879,0.91879
EURCHF,2026-07-05 21:00:00+00:00,0.91914,0.91914,0.9187,0.91906
EURCHF,2026-07-05 22:00:00+00:00,0.91902,0.91934,0.91894,0.9193
EURCHF,2026-07-05 23:00:00+00:00,0.9193,0.91937,0.91915,0.9193
EURCHF,2026-07-06 00:00:00+00:00,0.91932,0.91942,0.91902,0.91918
EURCHF,2026-07-06 01:00:00+00:00,0.91918,0.91964,0.9191,0.91962
EURCHF,2026-07-06 02:00:00+00:00,0.9196,0.91969,0.9195,0.91956
EURCHF,2026-07-06 03:00:00+00:00,0.91956,0.91972,0.91953,0.91965
EURCHF,2026-07-06 04:00:00+00:00,0.91965,0.91974,0.91962,0.9197
EURCHF,2026-07-06 05:00:00+00:00,0.9197,0.91984,0.91959,0.91971
EURCHF,2026-07-06 06:00:00+00:00,0.91972,0.9204,0.91966,0.92033
EURCHF,2026-07-06 07:00:00+00:00,0.92032,0.92036,0.91942,0.91944
EURCHF,2026-07-06 08:00:00+00:00,0.91945,0.91992,0.91932,0.91982
EURCHF,2026-07-06 09:00:00+00:00,0.91983,0.9201,0.9196,0.91986
EURCHF,2026-07-06 10:00:00+00:00,0.91985,0.92011,0.91957,0.92002
EURCHF,2026-07-06 11:00:00+00:00,0.92002,0.9204,0.91997,0.92006
EURCHF,2026-07-06 12:00:00+00:00,0.92006,0.92042,0.91983,0.92035
EURCHF,2026-07-06 13:00:00+00:00,0.92033,0.92081,0.92016,0.92074
EURCHF,2026-07-06 14:00:00+00:00,0.92073,0.92149,0.92064,0.92084
EURCHF,2026-07-06 15:00:00+00:00,0.92084,0.92127,0.92076,0.92122
EURCHF,2026-07-06 16:00:00+00:00,0.92124,0.92142,0.92116,0.92138
EURCHF,2026-07-06 17:00:00+00:00,0.92137,0.92144,0.92112,0.92112
EURCHF,2026-07-06 18:00:00+00:00,0.92112,0.92128,0.92094,0.92106
EURCHF,2026-07-06 19:00:00+00:00,0.92107,0.92138,0.92086,0.92132
EURCHF,2026-07-06 20:00:00+00:00,0.92134,0.92145,0.92118,0.92126
EURCHF,2026-07-06 21:00:00+00:00,0.92106,0.92142,0.92106,0.92117
EURCHF,2026-07-06 22:00:00+00:00,0.92122,0.92136,0.92118,0.92132
EURCHF,2026-07-06 23:00:00+00:00,0.92132,0.92132,0.92102,0.92118
EURCHF,2026-07-07 00:00:00+00:00,0.9212,0.92168,0.92118,0.92168
EURCHF,2026-07-07 01:00:00+00:00,0.92167,0.92167,0.92128,0.92145
EURCHF,2026-07-07 02:00:00+00:00,0.92144,0.92162,0.92141,0.92156
EURCHF,2026-07-07 03:00:00+00:00,0.92157,0.92158,0.92129,0.9213
EURCHF,2026-07-07 04:00:00+00:00,0.92132,0.92143,0.92128,0.92142
EURCHF,2026-07-07 05:00:00+00:00,0.92142,0.92168,0.92136,0.92157
EURCHF,2026-07-07 06:00:00+00:00,0.92154,0.92182,0.92116,0.92128
EURCHF,2026-07-07 07:00:00+00:00,0.92129,0.92186,0.92113,0.92184
EURCHF,2026-07-07 08:00:00+00:00,0.92185,0.92196,0.92136,0.92146
EURCHF,2026-07-07 09:00:00+00:00,0.92144,0.92213,0.9214,0.9221
EURCHF,2026-07-07 10:00:00+00:00,0.9221,0.9225,0.9219,0.92224
EURCHF,2026-07-07 11:00:00+00:00,0.92224,0.92229,0.92182,0.92186
EURCHF,2026-07-07 12:00:00+00:00,0.92185,0.92194,0.92144,0.92168
EURCHF,2026-07-07 13:00:00+00:00,0.92169,0.922,0.92138,0.92198
EURCHF,2026-07-07 14:00:00+00:00,0.922,0.92224,0.9213,0.92162
EURCHF,2026-07-07 15:00:00+00:00,0.92164,0.92194,0.92154,0.92178
EURCHF,2026-07-07 16:00:00+00:00,0.9218,0.922,0.9216,0.92198
EURCHF,2026-07-07 17:00:00+00:00,0.922,0.92212,0.92182,0.92192
EURCHF,2026-07-07 18:00:00+00:00,0.92192,0.92222,0.9219,0.92221
EURCHF,2026-07-07 19:00:00+00:00,0.9222,0.9228,0.92219,0.9226
EURCHF,2026-07-07 20:00:00+00:00,0.9226,0.92278,0.92256,0.92262
EURCHF,2026-07-07 21:00:00+00:00,0.92197,0.92256,0.92185,0.92208
EURCHF,2026-07-07 22:00:00+00:00,0.92206,0.92252,0.92206,0.92228
EURCHF,2026-07-07 23:00:00+00:00,0.92229,0.92253,0.92212,0.9224
EURCHF,2026-07-08 00:00:00+00:00,0.92241,0.9229,0.92241,0.92276
EURCHF,2026-07-08 01:00:00+00:00,0.92277,0.92294,0.92262,0.92282
EURCHF,2026-07-08 02:00:00+00:00,0.92284,0.92298,0.92275,0.92288
EURCHF,2026-07-08 03:00:00+00:00,0.92287,0.92287,0.92265,0.92276
EURCHF,2026-07-08 04:00:00+00:00,0.92276,0.92286,0.92266,0.92268
EURCHF,2026-07-08 05:00:00+00:00,0.92269,0.92282,0.9225,0.92268
EURCHF,2026-07-08 06:00:00+00:00,0.92272,0.92274,0.92162,0.92172
EURCHF,2026-07-08 07:00:00+00:00,0.92173,0.92239,0.92155,0.92168
EURCHF,2026-07-08 08:00:00+00:00,0.92168,0.92196,0.92128,0.92176
EURCHF,2026-07-08 09:00:00+00:00,0.92176,0.92192,0.9211,0.92148
EURCHF,2026-07-08 10:00:00+00:00,0.92148,0.92186,0.92142,0.92158
EURCHF,2026-07-08 11:00:00+00:00,0.92156,0.92229,0.92152,0.92213
EURCHF,2026-07-08 12:00:00+00:00,0.92214,0.92224,0.92162,0.9218
EURCHF,2026-07-08 13:00:00+00:00,0.92181,0.92325,0.92171,0.92309
EURCHF,2026-07-08 14:00:00+00:00,0.92309,0.92316,0.92268,0.92296
EURCHF,2026-07-08 15:00:00+00:00,0.92297,0.92372,0.92292,0.92363
EURCHF,2026-07-08 16:00:00+00:00,0.92364,0.92378,0.92316,0.92326
EURCHF,2026-07-08 17:00:00+00:00,0.92327,0.92327,0.92301,0.92313
EURCHF,2026-07-08 18:00:00+00:00,0.92316,0.92326,0.92274,0.92281
EURCHF,2026-07-08 19:00:00+00:00,0.92279,0.92322,0.92262,0.92316
EURCHF,2026-07-08 20:00:00+00:00,0.92316,0.9232,0.92294,0.92301
EURCHF,2026-07-08 21:00:00+00:00,0.92288,0.92338,0.92242,0.92328
EURCHF,2026-07-08 22:00:00+00:00,0.92342,0.92342,0.92284,0.9229
EURCHF,2026-07-08 23:00:00+00:00,0.92289,0.9231,0.92288,0.92302
EURCHF,2026-07-09 00:00:00+00:00,0.92301,0.92301,0.92246,0.92264
EURCHF,2026-07-09 01:00:00+00:00,0.92264,0.92276,0.92242,0.92246
EURCHF,2026-07-09 02:00:00+00:00,0.92246,0.92282,0.92242,0.92267
EURCHF,2026-07-09 03:00:00+00:00,0.92268,0.92268,0.92231,0.92238
EURCHF,2026-07-09 04:00:00+00:00,0.92238,0.92246,0.92225,0.92226
EURCHF,2026-07-09 05:00:00+00:00,0.92226,0.92253,0.92214,0.92221
EURCHF,2026-07-09 06:00:00+00:00,0.92222,0.9225,0.92175,0.9222
EURCHF,2026-07-09 07:00:00+00:00,0.9222,0.9228,0.92202,0.92212
EURCHF,2026-07-09 08:00:00+00:00,0.9221,0.92227,0.9217,0.92219
EURCHF,2026-07-09 09:00:00+00:00,0.9222,0.9229,0.92218,0.92238
EURCHF,2026-07-09 10:00:00+00:00,0.92235,0.92272,0.92218,0.92256
EURCHF,2026-07-09 11:00:00+00:00,0.92256,0.92295,0.92254,0.92276
EURCHF,2026-07-09 12:00:00+00:00,0.92278,0.92282,0.92237,0.92262
EURCHF,2026-07-09 13:00:00+00:00,0.92262,0.9232,0.92253,0.92294
EURCHF,2026-07-09 14:00:00+00:00,0.92295,0.92311,0.92238,0.9224
EURCHF,2026-07-09 15:00:00+00:00,0.92238,0.92266,0.92228,0.92236
EURCHF,2026-07-09 16:00:00+00:00,0.92235,0.92253,0.92218,0.9224
EURCHF,2026-07-09 17:00:00+00:00,0.9224,0.9224,0.92188,0.92202
EURCHF,2026-07-09 18:00:00+00:00,0.92204,0.9223,0.92196,0.92224
EURCHF,2026-07-09 19:00:00+00:00,0.92226,0.92244,0.92214,0.92224
EURCHF,2026-07-09 20:00:00+00:00,0.92225,0.9225,0.922,0.92236
EURCHF,2026-07-09 21:00:00+00:00,0.92195,0.92266,0.92192,0.92226
EURCHF,2026-07-09 22:00:00+00:00,0.92227,0.92252,0.9222,0.92226
EURCHF,2026-07-09 23:00:00+00:00,0.92227,0.92228,0.92216,0.92216
EURCHF,2026-07-10 00:00:00+00:00,0.92218,0.9223,0.92166,0.92172
EURCHF,2026-07-10 01:00:00+00:00,0.92172,0.92181,0.92088,0.92098
EURCHF,2026-07-10 02:00:00+00:00,0.92098,0.92101,0.92038,0.92045
EURCHF,2026-07-10 03:00:00+00:00,0.92046,0.92064,0.92022,0.92041
EURCHF,2026-07-10 04:00:00+00:00,0.9204,0.9208,0.9204,0.92075
EURCHF,2026-07-10 05:00:00+00:00,0.92076,0.92086,0.92046,0.92066
EURCHF,2026-07-10 06:00:00+00:00,0.92066,0.92126,0.9204,0.92112
EURCHF,2026-07-10 07:00:00+00:00,0.92114,0.92157,0.92102,0.92116
EURCHF,2026-07-10 08:00:00+00:00,0.92117,0.92184,0.92099,0.92166
EURCHF,2026-07-10 09:00:00+00:00,0.92167,0.92208,0.92164,0.92206
EURCHF,2026-07-10 10:00:00+00:00,0.92208,0.92244,0.92177,0.92228
EURCHF,2026-07-10 11:00:00+00:00,0.9223,0.92246,0.92218,0.92224
EURCHF,2026-07-10 12:00:00+00:00,0.92224,0.9226,0.92211,0.92238
EURCHF,2026-07-10 13:00:00+00:00,0.92236,0.92283,0.92231,0.92266
EURCHF,2026-07-10 14:00:00+00:00,0.92264,0.92308,0.92237,0.9229
EURCHF,2026-07-10 15:00:00+00:00,0.9229,0.92296,0.9222,0.92227
EURCHF,2026-07-10 16:00:00+00:00,0.92228,0.9226,0.92207,0.92258
EURCHF,2026-07-10 17:00:00+00:00,0.92256,0.92295,0.92256,0.92278
EURCHF,2026-07-10 18:00:00+00:00,0.92279,0.92312,0.92274,0.92304
EURCHF,2026-07-10 19:00:00+00:00,0.92302,0.92326,0.92296,0.9231
EURCHF,2026-07-10 20:00:00+00:00,0.92311,0.92323,0.92264,0.9227
EURCHF,2026-07-12 21:00:00+00:00,0.92177,0.92262,0.92072,0.92238
EURCHF,2026-07-12 22:00:00+00:00,0.92234,0.92338,0.92234,0.9229
EURCHF,2026-07-12 23:00:00+00:00,0.9229,0.92334,0.92288,0.9231
EURCHF,2026-07-13 00:00:00+00:00,0.9231,0.92338,0.9229,0.92328
EURCHF,2026-07-13 01:00:00+00:00,0.92331,0.92344,0.92299,0.92301
EURCHF,2026-07-13 02:00:00+00:00,0.92302,0.92333,0.92294,0.9232
EURCHF,2026-07-13 03:00:00+00:00,0.92322,0.92336,0.92308,0.92311
EURCHF,2026-07-13 04:00:00+00:00,0.92312,0.92316,0.92288,0.92304
EURCHF,2026-07-13 05:00:00+00:00,0.92302,0.9234,0.923,0.92321
EURCHF,2026-07-13 06:00:00+00:00,0.92324,0.92362,0.9227,0.92273
EURCHF,2026-07-13 07:00:00+00:00,0.92272,0.92412,0.92263,0.92387
EURCHF,2026-07-13 08:00:00+00:00,0.9239,0.92456,0.92372,0.92428
EURCHF,2026-07-13 09:00:00+00:00,0.92428,0.92515,0.92424,0.92514
EURCHF,2026-07-13 10:00:00+00:00,0.92512,0.92588,0.92502,0.92513
EURCHF,2026-07-13 11:00:00+00:00,0.92511,0.9252,0.92457,0.92512
EURCHF,2026-07-13 12:00:00+00:00,0.92512,0.92588,0.92506,0.92546
EURCHF,2026-07-13 13:00:00+00:00,0.92543,0.92594,0.92517,0.92555
EURCHF,2026-07-13 14:00:00+00:00,0.92557,0.92626,0.9254,0.9259
EURCHF,2026-07-13 15:00:00+00:00,0.92592,0.92632,0.92572,0.9262
EURCHF,2026-07-13 16:00:00+00:00,0.92622,0.9267,0.9261,0.92658
EURCHF,2026-07-13 17:00:00+00:00,0.92658,0.92707,0.9265,0.92706
EURCHF,2026-07-13 18:00:00+00:00,0.92706,0.92751,0.92702,0.92703
EURCHF,2026-07-13 19:00:00+00:00,0.92704,0.92732,0.927,0.92718
EURCHF,2026-07-13 20:00:00+00:00,0.92718,0.92734,0.92716,0.9272
EURCHF,2026-07-13 21:00:00+00:00,0.9271,0.92748,0.927,0.92722
EURCHF,2026-07-13 22:00:00+00:00,0.9272,0.92742,0.9272,0.92732
EURCHF,2026-07-13 23:00:00+00:00,0.92733,0.92746,0.92724,0.92736
EURCHF,2026-07-14 00:00:00+00:00,0.92738,0.92762,0.92722,0.92738
EURCHF,2026-07-14 01:00:00+00:00,0.92739,0.92752,0.92732,0.92732
EURCHF,2026-07-14 02:00:00+00:00,0.92732,0.92734,0.92683,0.92694
EURCHF,2026-07-14 03:00:00+00:00,0.92693,0.92704,0.92678,0.92696
EURCHF,2026-07-14 04:00:00+00:00,0.92696,0.92712,0.92694,0.92702
EURCHF,2026-07-14 05:00:00+00:00,0.92702,0.92716,0.92665,0.92709
EURCHF,2026-07-14 06:00:00+00:00,0.92707,0.92746,0.92694,0.92745
EURCHF,2026-07-14 07:00:00+00:00,0.9275,0.9279,0.92728,0.92728
EURCHF,2026-07-14 08:00:00+00:00,0.9273,0.9273,0.92618,0.92636
EURCHF,2026-07-14 09:00:00+00:00,0.92634,0.92636,0.92562,0.92572
EURCHF,2026-07-14 10:00:00+00:00,0.92572,0.9261,0.92557,0.92598
EURCHF,2026-07-14 11:00:00+00:00,0.92596,0.92606,0.92541,0.9258
EURCHF,2026-07-14 12:00:00+00:00,0.92578,0.92618,0.92428,0.92492
EURCHF,2026-07-14 13:00:00+00:00,0.92494,0.9251,0.92432,0.9245
EURCHF,2026-07-14 14:00:00+00:00,0.9245,0.92454,0.9236,0.9243
EURCHF,2026-07-14 15:00:00+00:00,0.92432,0.92472,0.92381,0.92457
EURCHF,2026-07-14 16:00:00+00:00,0.92456,0.92485,0.92438,0.92451
EURCHF,2026-07-14 17:00:00+00:00,0.9245,0.92482,0.92432,0.9246
EURCHF,2026-07-14 18:00:00+00:00,0.92461,0.92466,0.92428,0.92434
EURCHF,2026-07-14 19:00:00+00:00,0.92434,0.92453,0.92426,0.92444
EURCHF,2026-07-14 20:00:00+00:00,0.92444,0.92458,0.92412,0.92418
EURCHF,2026-07-14 21:00:00+00:00,0.92378,0.92434,0.92368,0.92416
EURCHF,2026-07-14 22:00:00+00:00,0.92422,0.92464,0.92416,0.92438
EURCHF,2026-07-14 23:00:00+00:00,0.92436,0.92446,0.9243,0.92435
EURCHF,2026-07-15 00:00:00+00:00,0.92434,0.92458,0.92429,0.92432
EURCHF,2026-07-15 01:00:00+00:00,0.9243,0.9247,0.92414,0.92464
EURCHF,2026-07-15 02:00:00+00:00,0.92465,0.92529,0.92462,0.92516
EURCHF,2026-07-15 03:00:00+00:00,0.92518,0.92556,0.9251,0.92554
EURCHF,2026-07-15 04:00:00+00:00,0.92552,0.9256,0.92544,0.92553
EURCHF,2026-07-15 05:00:00+00:00,0.92552,0.92578,0.92532,0.92534
EURCHF,2026-07-15 06:00:00+00:00,0.92536,0.92545,0.92484,0.92488
EURCHF,2026-07-15 07:00:00+00:00,0.92492,0.92512,0.92446,0.92494
EURCHF,2026-07-15 08:00:00+00:00,0.92493,0.92562,0.92491,0.92542
EURCHF,2026-07-15 09:00:00+00:00,0.92544,0.92584,0.92528,0.92579
EURCHF,2026-07-15 10:00:00+00:00,0.92577,0.92599,0.92552,0.92556
EURCHF,2026-07-15 11:00:00+00:00,0.92558,0.92588,0.92547,0.92556
EURCHF,2026-07-15 12:00:00+00:00,0.92556,0.92589,0.92456,0.9246
EURCHF,2026-07-15 13:00:00+00:00,0.92458,0.92476,0.92367,0.92386
EURCHF,2026-07-15 14:00:00+00:00,0.92388,0.92438,0.9233,0.9234
EURCHF,2026-07-15 15:00:00+00:00,0.92338,0.92349,0.92212,0.9225
EURCHF,2026-07-15 16:00:00+00:00,0.92248,0.92351,0.9223,0.9234
EURCHF,2026-07-15 17:00:00+00:00,0.92342,0.92357,0.92288,0.92288
EURCHF,2026-07-15 18:00:00+00:00,0.92286,0.92298,0.92224,0.92266
EURCHF,2026-07-15 19:00:00+00:00,0.92266,0.92319,0.92246,0.92302
EURCHF,2026-07-15 20:00:00+00:00,0.92302,0.92327,0.92291,0.9232
EURCHF,2026-07-15 21:00:00+00:00,0.92316,0.92322,0.9229,0.92292
EURCHF,2026-07-15 22:00:00+00:00,0.923,0.92324,0.92288,0.9231
EURCHF,2026-07-15 23:00:00+00:00,0.9231,0.9231,0.92286,0.923
EURCHF,2026-07-16 00:00:00+00:00,0.92301,0.92356,0.92298,0.92342
EURCHF,2026-07-16 01:00:00+00:00,0.92342,0.92386,0.92338,0.92378
EURCHF,2026-07-16 02:00:00+00:00,0.92378,0.9244,0.92374,0.92422
EURCHF,2026-07-16 03:00:00+00:00,0.9242,0.92424,0.92379,0.92402
EURCHF,2026-07-16 04:00:00+00:00,0.924,0.92434,0.92398,0.92428
EURCHF,2026-07-16 05:00:00+00:00,0.92426,0.92446,0.92408,0.92436
EURCHF,2026-07-16 06:00:00+00:00,0.92434,0.92451,0.92414,0.9243
EURCHF,2026-07-16 07:00:00+00:00,0.92428,0.92474,0.92404,0.9246
EURCHF,2026-07-16 08:00:00+00:00,0.92462,0.9254,0.92458,0.9252
EURCHF,2026-07-16 09:00:00+00:00,0.9252,0.92563,0.9251,0.92562
EURCHF,2026-07-16 10:00:00+00:00,0.92562,0.92568,0.9251,0.92529
EURCHF,2026-07-16 11:00:00+00:00,0.92531,0.92536,0.92487,0.92508
EURCHF,2026-07-16 12:00:00+00:00,0.92507,0.92528,0.92482,0.92518
EURCHF,2026-07-16 13:00:00+00:00,0.92516,0.92566,0.9249,0.9251
EURCHF,2026-07-16 14:00:00+00:00,0.92509,0.92549,0.92489,0.92532
EURCHF,2026-07-16 15:00:00+00:00,0.92531,0.92534,0.92466,0.92487
EURCHF,2026-07-16 16:00:00+00:00,0.92488,0.92569,0.9248,0.92554
EURCHF,2026-07-16 17:00:00+00:00,0.92556,0.92562,0.92502,0.92512
EURCHF,2026-07-16 18:00:00+00:00,0.92512,0.92538,0.92503,0.92522
EURCHF,2026-07-16 19:00:00+00:00,0.92522,0.92546,0.9252,0.92536
EURCHF,2026-07-16 20:00:00+00:00,0.92534,0.92544,0.9253,0.9254
EURCHF,2026-07-16 21:00:00+00:00,0.92492,0.92538,0.92492,0.92522
EURCHF,2026-07-16 22:00:00+00:00,0.92526,0.92543,0.92513,0.92538
EURCHF,2026-07-16 23:00:00+00:00,0.92538,0.92544,0.92526,0.92534
EURCHF,2026-07-17 00:00:00+00:00,0.92534,0.9254,0.92498,0.92516
EURCHF,2026-07-17 01:00:00+00:00,0.92515,0.9255,0.9251,0.92546
EURCHF,2026-07-17 02:00:00+00:00,0.92547,0.92548,0.92524,0.92538
EURCHF,2026-07-17 03:00:00+00:00,0.92536,0.92537,0.92516,0.92534
EURCHF,2026-07-17 04:00:00+00:00,0.92534,0.92541,0.92524,0.9254
EURCHF,2026-07-17 05:00:00+00:00,0.92538,0.92551,0.92514,0.92523
EURCHF,2026-07-17 06:00:00+00:00,0.9252,0.92524,0.9248,0.92502
EURCHF,2026-07-17 07:00:00+00:00,0.925,0.92505,0.92366,0.92388
EURCHF,2026-07-17 08:00:00+00:00,0.92392,0.92402,0.92274,0.9228
EURCHF,2026-07-17 09:00:00+00:00,0.92278,0.92413,0.92274,0.92382
EURCHF,2026-07-17 10:00:00+00:00,0.92381,0.9239,0.92308,0.92326
EURCHF,2026-07-17 11:00:00+00:00,0.92326,0.92328,0.92244,0.92262
EURCHF,2026-07-17 12:00:00+00:00,0.92263,0.92285,0.92256,0.92283
EURCHF,2026-07-17 13:00:00+00:00,0.92284,0.92348,0.92272,0.92339
EURCHF,2026-07-17 14:00:00+00:00,0.92341,0.92372,0.92276,0.92286
EURCHF,2026-07-17 15:00:00+00:00,0.92286,0.92314,0.92246,0.92306
EURCHF,2026-07-17 16:00:00+00:00,0.92306,0.9235,0.92304,0.92348
EURCHF,2026-07-17 17:00:00+00:00,0.92349,0.9235,0.9233,0.92338
EURCHF,2026-07-17 18:00:00+00:00,0.9234,0.92347,0.92324,0.92342
EURCHF,2026-07-17 19:00:00+00:00,0.92342,0.92374,0.92339,0.92358
EURCHF,2026-07-17 20:00:00+00:00,0.9236,0.92376,0.92344,0.92346
EURCHF,2026-07-19 21:00:00+00:00,0.924,0.92469,0.9233,0.9238
EURCHF,2026-07-19 22:00:00+00:00,0.92394,0.92406,0.92364,0.92396
EURCHF,2026-07-19 23:00:00+00:00,0.92394,0.92403,0.92378,0.92389
EURCHF,2026-07-20 00:00:00+00:00,0.9239,0.92414,0.92383,0.9239
EURCHF,2026-07-20 01:00:00+00:00,0.9239,0.92405,0.92373,0.92396
EURCHF,2026-07-20 02:00:00+00:00,0.92396,0.924,0.92382,0.92388
EURCHF,2026-07-20 03:00:00+00:00,0.92389,0.9239,0.9237,0.92377
EURCHF,2026-07-20 04:00:00+00:00,0.92378,0.92378,0.92358,0.92362
EURCHF,2026-07-20 05:00:00+00:00,0.9236,0.92372,0.92348,0.92367
EURCHF,2026-07-20 06:00:00+00:00,0.92369,0.9237,0.92301,0.92327
EURCHF,2026-07-20 07:00:00+00:00,0.92326,0.92376,0.92276,0.9229
EURCHF,2026-07-20 08:00:00+00:00,0.92288,0.92318,0.92274,0.92316
EURCHF,2026-07-20 09:00:00+00:00,0.92318,0.9238,0.92305,0.92361
EURCHF,2026-07-20 10:00:00+00:00,0.92361,0.92368,0.92328,0.92356
EURCHF,2026-07-20 11:00:00+00:00,0.92356,0.92392,0.92315,0.92328
EURCHF,2026-07-20 12:00:00+00:00,0.92329,0.92414,0.92329,0.92398
EURCHF,2026-07-20 13:00:00+00:00,0.92398,0.92424,0.92376,0.92406
EURCHF,2026-07-20 14:00:00+00:00,0.92408,0.92458,0.92388,0.92435
EURCHF,2026-07-20 15:00:00+00:00,0.92436,0.9247,0.9243,0.92469
EURCHF,2026-07-20 16:00:00+00:00,0.9247,0.92486,0.92452,0.9247
EURCHF,2026-07-20 17:00:00+00:00,0.92468,0.92468,0.92445,0.92462
EURCHF,2026-07-20 18:00:00+00:00,0.9246,0.92474,0.92456,0.9246
EURCHF,2026-07-20 19:00:00+00:00,0.92461,0.92476,0.92459,0.92474
EURCHF,2026-07-20 20:00:00+00:00,0.92477,0.92492,0.92472,0.92489
EURCHF,2026-07-20 21:00:00+00:00,0.9248,0.9248,0.92462,0.92465
EURCHF,2026-07-20 22:00:00+00:00,0.92467,0.92485,0.92462,0.92474
EURCHF,2026-07-20 23:00:00+00:00,0.92475,0.92484,0.92466,0.92468
EURCHF,2026-07-21 00:00:00+00:00,0.9247,0.92495,0.92466,0.92494
EURCHF,2026-07-21 01:00:00+00:00,0.92495,0.9251,0.9248,0.92508
EURCHF,2026-07-21 02:00:00+00:00,0.92508,0.92512,0.9249,0.92494
EURCHF,2026-07-21 03:00:00+00:00,0.92495,0.92522,0.92494,0.9252
EURCHF,2026-07-21 04:00:00+00:00,0.92519,0.9252,0.92506,0.92511
EURCHF,2026-07-21 05:00:00+00:00,0.9251,0.92522,0.92504,0.92513
EURCHF,2026-07-21 06:00:00+00:00,0.92518,0.92518,0.92472,0.92508
EURCHF,2026-07-21 07:00:00+00:00,0.9251,0.92524,0.92448,0.92503
EURCHF,2026-07-21 08:00:00+00:00,0.92502,0.92575,0.92476,0.92541
EURCHF,2026-07-21 09:00:00+00:00,0.9254,0.9256,0.92508,0.92516
EURCHF,2026-07-21 10:00:00+00:00,0.92516,0.9253,0.92468,0.92514
EURCHF,2026-07-21 11:00:00+00:00,0.92514,0.92578,0.92508,0.92566
EURCHF,2026-07-21 12:00:00+00:00,0.92565,0.92598,0.92552,0.92568
EURCHF,2026-07-21 13:00:00+00:00,0.92569,0.9263,0.92566,0.9261
EURCHF,2026-07-21 14:00:00+00:00,0.92608,0.927,0.92583,0.9268
EURCHF,2026-07-21 15:00:00+00:00,0.9268,0.92687,0.92641,0.92656
EURCHF,2026-07-21 16:00:00+00:00,0.92656,0.92674,0.92653,0.92666
EURCHF,2026-07-21 17:00:00+00:00,0.92669,0.92694,0.92664,0.92688
EURCHF,2026-07-21 18:00:00+00:00,0.92688,0.92701,0.92678,0.92694
EURCHF,2026-07-21 19:00:00+00:00,0.92692,0.92701,0.92656,0.92656
EURCHF,2026-07-21 20:00:00+00:00,0.92656,0.92671,0.92644,0.92646
EURCHF,2026-07-21 21:00:00+00:00,0.92583,0.92652,0.92583,0.92652
EURCHF,2026-07-21 22:00:00+00:00,0.92652,0.9267,0.92642,0.92668
EURCHF,2026-07-21 23:00:00+00:00,0.92668,0.92681,0.9266,0.9266
EURCHF,2026-07-22 00:00:00+00:00,0.9266,0.92687,0.92656,0.92682
EURCHF,2026-07-22 01:00:00+00:00,0.92683,0.92716,0.9267,0.92709
EURCHF,2026-07-22 02:00:00+00:00,0.92708,0.92712,0.92692,0.92696
EURCHF,2026-07-22 03:00:00+00:00,0.92698,0.92721,0.92692,0.92716
EURCHF,2026-07-22 04:00:00+00:00,0.92716,0.92748,0.92716,0.92743
EURCHF,2026-07-22 05:00:00+00:00,0.92744,0.92745,0.92708,0.92716
EURCHF,2026-07-22 06:00:00+00:00,0.92716,0.9273,0.92698,0.92718
EURCHF,2026-07-22 07:00:00+00:00,0.92717,0.9273,0.9264,0.92656
EURCHF,2026-07-22 08:00:00+00:00,0.92656,0.92664,0.92612,0.92631
EURCHF,2026-07-22 09:00:00+00:00,0.92628,0.92692,0.92616,0.92672
EURCHF,2026-07-22 10:00:00+00:00,0.92673,0.92706,0.92661,0.9267
EURCHF,2026-07-22 11:00:00+00:00,0.9267,0.92715,0.92659,0.92698
EURCHF,2026-07-22 12:00:00+00:00,0.92698,0.92722,0.92646,0.92704
EURCHF,2026-07-22 13:00:00+00:00,0.92704,0.9272,0.92668,0.92716
EURCHF,2026-07-22 14:00:00+00:00,0.92718,0.9283,0.92717,0.92829
EURCHF,2026-07-22 15:00:00+00:00,0.9283,0.92848,0.92781,0.9284
EURCHF,2026-07-22 16:00:00+00:00,0.9284,0.92916,0.92832,0.92916
EURCHF,2026-07-22 17:00:00+00:00,0.92912,0.92945,0.92902,0.92939
EURCHF,2026-07-22 18:00:00+00:00,0.9294,0.92962,0.92935,0.92957
EURCHF,2026-07-22 19:00:00+00:00,0.9296,0.92971,0.92944,0.92944
EURCHF,2026-07-22 20:00:00+00:00,0.92942,0.92954,0.92935,0.9294
EURCHF,2026-07-22 21:00:00+00:00,0.9294,0.9295,0.92924,0.92938
EURCHF,2026-07-22 22:00:00+00:00,0.92934,0.92949,0.92921,0.92922
EURCHF,2026-07-22 23:00:00+00:00,0.92921,0.92932,0.92906,0.92918
EURCHF,2026-07-23 00:00:00+00:00,0.92918,0.92937,0.92902,0.92927
EURCHF,2026-07-23 01:00:00+00:00,0.92928,0.9295,0.92916,0.92942
EURCHF,2026-07-23 02:00:00+00:00,0.92942,0.92978,0.92942,0.92965
EURCHF,2026-07-23 03:00:00+00:00,0.92966,0.92972,0.92944,0.92958
EURCHF,2026-07-23 04:00:00+00:00,0.92958,0.92984,0.92953,0.92973
EURCHF,2026-07-23 05:00:00+00:00,0.92974,0.9298,0.92956,0.92969
EURCHF,2026-07-23 06:00:00+00:00,0.9297,0.9301,0.92966,0.93008
EURCHF,2026-07-23 07:00:00+00:00,0.93008,0.93158,0.93006,0.9308
EURCHF,2026-07-23 08:00:00+00:00,0.9308,0.93086,0.92964,0.92966
EURCHF,2026-07-23 09:00:00+00:00,0.92966,0.93008,0.92942,0.92976
EURCHF,2026-07-23 10:00:00+00:00,0.92976,0.92984,0.92946,0.92958
EURCHF,2026-07-23 11:00:00+00:00,0.92956,0.93004,0.92947,0.92984
EURCHF,2026-07-23 12:00:00+00:00,0.92984,0.92996,0.9294,0.92978
EURCHF,2026-07-23 13:00:00+00:00,0.92978,0.92993,0.92866,0.92886
EURCHF,2026-07-23 14:00:00+00:00,0.92888,0.92896,0.9282,0.92846
EURCHF,2026-07-23 15:00:00+00:00,0.92846,0.92977,0.92814,0.92946
EURCHF,2026-07-23 16:00:00+00:00,0.92942,0.9295,0.92874,0.92892
EURCHF,2026-07-23 17:00:00+00:00,0.92892,0.9294,0.9286,0.92936
EURCHF,2026-07-23 18:00:00+00:00,0.92936,0.92952,0.9292,0.92938
EURCHF,2026-07-23 19:00:00+00:00,0.92939,0.92946,0.92908,0.92932
EURCHF,2026-07-23 20:00:00+00:00,0.92932,0.92944,0.92919,0.92939
EURCHF,2026-07-23 21:00:00+00:00,0.92924,0.9297,0.92898,0.92917
EURCHF,2026-07-23 22:00:00+00:00,0.92912,0.9294,0.92912,0.92936
EURCHF,2026-07-23 23:00:00+00:00,0.92936,0.92944,0.92928,0.92938
EURCHF,2026-07-24 00:00:00+00:00,0.92936,0.92958,0.92924,0.92932
EURCHF,2026-07-24 01:00:00+00:00,0.9293,0.92958,0.92912,0.92952
EURCHF,2026-07-24 02:00:00+00:00,0.92952,0.93,0.92946,0.92992
EURCHF,2026-07-24 03:00:00+00:00,0.92992,0.93012,0.92988,0.92998
EURCHF,2026-07-24 04:00:00+00:00,0.92998,0.93026,0.92992,0.93012
EURCHF,2026-07-24 05:00:00+00:00,0.93012,0.93013,0.92984,0.9299
EURCHF,2026-07-24 06:00:00+00:00,0.92992,0.93008,0.92982,0.92998
EURCHF,2026-07-24 07:00:00+00:00,0.92998,0.93009,0.9294,0.92972
EURCHF,2026-07-24 08:00:00+00:00,0.92971,0.9298,0.92922,0.9295
EURCHF,2026-07-24 09:00:00+00:00,0.92949,0.92994,0.92937,0.92982
EURCHF,2026-07-24 10:00:00+00:00,0.92979,0.93014,0.92972,0.92987
EURCHF,2026-07-24 11:00:00+00:00,0.92984,0.93042,0.92974,0.93004
EURCHF,2026-07-24 12:00:00+00:00,0.93002,0.93038,0.92986,0.93008
EURCHF,2026-07-24 13:00:00+00:00,0.93009,0.93058,0.93001,0.93046
EURCHF,2026-07-24 14:00:00+00:00,0.93044,0.93048,0.93,0.93027
EURCHF,2026-07-24 15:00:00+00:00,0.93028,0.93031,0.92976,0.92989
EURCHF,2026-07-24 16:00:00+00:00,0.92987,0.93002,0.92958,0.93002
EURCHF,2026-07-24 17:00:00+00:00,0.93002,0.93038,0.92994,0.93032
EURCHF,2026-07-24 18:00:00+00:00,0.93034,0.9305,0.9303,0.93032
EURCHF,2026-07-24 19:00:00+00:00,0.93029,0.93048,0.93026,0.93046
EURCHF,2026-07-24 20:00:00+00:00,0.93044,0.93054,0.93028,0.9303
EURCHF,2026-07-26 21:00:00+00:00,0.9299,0.93088,0.92936,0.9294
EURCHF,2026-07-26 22:00:00+00:00,0.92931,0.93037,0.9292,0.93032
EURCHF,2026-07-26 23:00:00+00:00,0.93032,0.93037,0.93013,0.93016
EURCHF,2026-07-27 00:00:00+00:00,0.93016,0.93019,0.92905,0.92933
EURCHF,2026-07-27 01:00:00+00:00,0.92932,0.92942,0.92904,0.92904
EURCHF,2026-07-27 02:00:00+00:00,0.92902,0.92946,0.929,0.92938
EURCHF,2026-07-27 03:00:00+00:00,0.92938,0.92954,0.92932,0.92937
EURCHF,2026-07-27 04:00:00+00:00,0.92936,0.92956,0.92929,0.92948
EURCHF,2026-07-27 05:00:00+00:00,0.92948,0.92985,0.92946,0.92984
EURCHF,2026-07-27 06:00:00+00:00,0.92986,0.92988,0.92898,0.92934
EURCHF,2026-07-27 07:00:00+00:00,0.92936,0.92948,0.92874,0.92916
EURCHF,2026-07-27 08:00:00+00:00,0.92915,0.9294,0.92899,0.9292
EURCHF,2026-07-27 09:00:00+00:00,0.9292,0.92924,0.9285,0.92874
EURCHF,2026-07-27 10:00:00+00:00,0.92876,0.9288,0.92838,0.92878
EURCHF,2026-07-27 11:00:00+00:00,0.92878,0.92892,0.9283,0.9284
EURCHF,2026-07-27 12:00:00+00:00,0.92841,0.92948,0.92796,0.92935
EURCHF,2026-07-27 13:00:00+00:00,0.92938,0.93157,0.92936,0.93087
EURCHF,2026-07-27 14:00:00+00:00,0.93084,0.93128,0.93035,0.931
EURCHF,2026-07-27 15:00:00+00:00,0.93099,0.93126,0.93084,0.93126
EURCHF,2026-07-27 16:00:00+00:00,0.93127,0.93154,0.93086,0.9309
EURCHF,2026-07-27 17:00:00+00:00,0.93094,0.9314,0.93088,0.93138
EURCHF,2026-07-27 18:00:00+00:00,0.93139,0.9314,0.93104,0.93108
EURCHF,2026-07-27 19:00:00+00:00,0.93107,0.93156,0.93104,0.93134
EURCHF,2026-07-27 20:00:00+00:00,0.93134,0.9315,0.93133,0.93137
EURCHF,2026-07-27 21:00:00+00:00,0.931,0.9315,0.931,0.9314
EURCHF,2026-07-27 22:00:00+00:00,0.9314,0.93158,0.93115,0.93158
EURCHF,2026-07-27 23:00:00+00:00,0.93157,0.93164,0.93134,0.93162
EURCHF,2026-07-28 00:00:00+00:00,0.93162,0.93178,0.93114,0.93129
EURCHF,2026-07-28 01:00:00+00:00,0.93128,0.93156,0.93109,0.93146
EURCHF,2026-07-28 02:00:00+00:00,0.93146,0.93156,0.93128,0.93142
EURCHF,2026-07-28 03:00:00+00:00,0.93142,0.93147,0.9313,0.93136
EURCHF,2026-07-28 04:00:00+00:00,0.93138,0.93144,0.93119,0.93134
EURCHF,2026-07-28 05:00:00+00:00,0.93136,0.93141,0.93102,0.93134
EURCHF,2026-07-28 06:00:00+00:00,0.93132,0.93158,0.93094,0.93156
EURCHF,2026-07-28 07:00:00+00:00,0.93158,0.9319,0.93147,0.93188
EURCHF,2026-07-28 08:00:00+00:00,0.93187,0.93213,0.9316,0.93178
EURCHF,2026-07-28 09:00:00+00:00,0.93178,0.9318,0.93144,0.93154
EURCHF,2026-07-28 10:00:00+00:00,0.93151,0.93178,0.9313,0.93174
EURCHF,2026-07-28 11:00:00+00:00,0.93174,0.93188,0.93124,0.9315
EURCHF,2026-07-28 12:00:00+00:00,0.9315,0.93208,0.9315,0.93156
EURCHF,2026-07-28 13:00:00+00:00,0.93156,0.93162,0.93093,0.93116
EURCHF,2026-07-28 14:00:00+00:00,0.93117,0.93186,0.93096,0.93184
EURCHF,2026-07-28 15:00:00+00:00,0.93182,0.93208,0.93116,0.93143
EURCHF,2026-07-28 16:00:00+00:00,0.93145,0.93216,0.93134,0.93198
EURCHF,2026-07-28 17:00:00+00:00,0.93198,0.93241,0.93188,0.93228
EURCHF,2026-07-28 18:00:00+00:00,0.93228,0.93271,0.9322,0.93261
EURCHF,2026-07-28 19:00:00+00:00,0.93264,0.93303,0.93254,0.93301
EURCHF,2026-07-28 20:00:00+00:00,0.93303,0.9331,0.93276,0.93293
EURCHF,2026-07-28 21:00:00+00:00,0.93238,0.93306,0.93238,0.9328
EURCHF,2026-07-28 22:00:00+00:00,0.93282,0.93309,0.9328,0.93304
EURCHF,2026-07-28 23:00:00+00:00,0.93305,0.93316,0.93292,0.93308
EURCHF,2026-07-29 00:00:00+00:00,0.9331,0.93324,0.93289,0.93296
EURCHF,2026-07-29 01:00:00+00:00,0.93298,0.93303,0.93228,0.93246
EURCHF,2026-07-29 02:00:00+00:00,0.93246,0.93273,0.93232,0.93238
EURCHF,2026-07-29 03:00:00+00:00,0.93238,0.93246,0.93212,0.93224
EURCHF,2026-07-29 04:00:00+00:00,0.93223,0.93223,0.93155,0.93181
EURCHF,2026-07-29 05:00:00+00:00,0.9318,0.93214,0.9316,0.93211
EURCHF,2026-07-29 06:00:00+00:00,0.93212,0.93246,0.93199,0.93232
EURCHF,2026-07-29 07:00:00+00:00,0.9323,0.93336,0.93204,0.93322
EURCHF,2026-07-29 08:00:00+00:00,0.93324,0.93373,0.93315,0.93342
EURCHF,2026-07-29 09:00:00+00:00,0.93343,0.934,0.93328,0.93396
EURCHF,2026-07-29 10:00:00+00:00,0.93394,0.9343,0.93344,0.93354
EURCHF,2026-07-29 11:00:00+00:00,0.93353,0.93376,0.93294,0.93295
EURCHF,2026-07-29 12:00:00+00:00,0.93294,0.93336,0.93266,0.9327
EURCHF,2026-07-29 13:00:00+00:00,0.93271,0.93286,0.93202,0.9323
EURCHF,2026-07-29 14:00:00+00:00,0.93229,0.93372,0.93226,0.9337
EURCHF,2026-07-29 15:00:00+00:00,0.93368,0.93374,0.93316,0.93334
EURCHF,2026-07-29 16:00:00+00:00,0.93336,0.93408,0.93331,0.93404
EURCHF,2026-07-29 17:00:00+00:00,0.93404,0.93452,0.93382,0.93382
EURCHF,2026-07-29 18:00:00+00:00,0.9338,0.93414,0.93272,0.93328
EURCHF,2026-07-29 19:00:00+00:00,0.93328,0.93366,0.93242,0.93337
EURCHF,2026-07-29 20:00:00+00:00,0.93338,0.93339,0.9326,0.93298
EURCHF,2026-07-29 21:00:00+00:00,0.93318,0.9336,0.93256,0.93349
EURCHF,2026-07-29 22:00:00+00:00,0.93356,0.93363,0.9328,0.93361
EURCHF,2026-07-29 23:00:00+00:00,0.93361,0.93365,0.93268,0.93278
EURCHF,2026-07-30 00:00:00+00:00,0.93278,0.93373,0.93274,0.93344
EURCHF,2026-07-30 01:00:00+00:00,0.93343,0.9337,0.93327,0.93355
EURCHF,2026-07-30 02:00:00+00:00,0.93356,0.93373,0.93346,0.9336
EURCHF,2026-07-30 03:00:00+00:00,0.93362,0.9339,0.93359,0.9338
EURCHF,2026-07-30 04:00:00+00:00,0.93381,0.93409,0.93376,0.9339
EURCHF,2026-07-30 05:00:00+00:00,0.9339,0.934,0.93362,0.93395
EURCHF,2026-07-30 06:00:00+00:00,0.93396,0.9342,0.93372,0.93388
EURCHF,2026-07-30 07:00:00+00:00,0.93386,0.93494,0.9334,0.93476
EURCHF,2026-07-30 08:00:00+00:00,0.93478,0.9348,0.93364,0.93448
EURCHF,2026-07-30 09:00:00+00:00,0.93449,0.93462,0.93314,0.93338
EURCHF,2026-07-30 10:00:00+00:00,0.93338,0.93344,0.93218,0.93261
EURCHF,2026-07-30 11:00:00+00:00,0.93262,0.93301,0.93245,0.93249
EURCHF,2026-07-30 12:00:00+00:00,0.9325,0.93272,0.93173,0.93266
EURCHF,2026-07-30 13:00:00+00:00,0.93264,0.93264,0.92902,0.92934
EURCHF,2026-07-30 14:00:00+00:00,0.92934,0.9299,0.92746,0.92911
EURCHF,2026-07-30 15:00:00+00:00,0.92911,0.92916,0.92798,0.92828
EURCHF,2026-07-30 16:00:00+00:00,0.9283,0.9284,0.92756,0.92776
EURCHF,2026-07-30 17:00:00+00:00,0.92776,0.92821,0.92719,0.92753
EURCHF,2026-07-30 18:00:00+00:00,0.92755,0.9279,0.92741,0.92744
EURCHF,2026-07-30 19:00:00+00:00,0.92744,0.9281,0.9274,0.92788
EURCHF,2026-07-30 20:00:00+00:00,0.9279,0.9284,0.92788,0.92806
EURCHF,2026-07-30 21:00:00+00:00,0.9287,0.92882,0.92814,0.92846
EURCHF,2026-07-30 22:00:00+00:00,0.92842,0.92847,0.92802,0.92841
EURCHF,2026-07-30 23:00:00+00:00,0.92842,0.9287,0.92831,0.92856
EURCHF,2026-07-31 00:00:00+00:00,0.92856,0.92892,0.92832,0.92854
EURCHF,2026-07-31 01:00:00+00:00,0.92854,0.92886,0.92832,0.9288
EURCHF,2026-07-31 02:00:00+00:00,0.9288,0.92896,0.9286,0.92886
EURCHF,2026-07-31 03:00:00+00:00,0.92886,0.9291,0.92865,0.92901
EURCHF,2026-07-31 04:00:00+00:00,0.929,0.92915,0.92878,0.92891
EURCHF,2026-07-31 05:00:00+00:00,0.92892,0.92958,0.92886,0.92944
EURCHF,2026-07-31 06:00:00+00:00,0.92944,0.92951,0.92868,0.92888
EURCHF,2026-07-31 07:00:00+00:00,0.92888,0.92974,0.92874,0.92933
EURCHF,2026-07-31 08:00:00+00:00,0.92933,0.92988,0.92882,0.92887
EURCHF,2026-07-31 09:00:00+00:00,0.92885,0.93022,0.92832,0.92994
EURCHF,2026-07-31 10:00:00+00:00,0.92996,0.93058,0.92992,0.93057
EURCHF,2026-07-31 11:00:00+00:00,0.93058,0.93079,0.92994,0.93008
EURCHF,2026-07-31 12:00:00+00:00,0.93008,0.93144,0.93005,0.93126
EURCHF,2026-07-31 13:00:00+00:00,0.93126,0.9319,0.92999,0.93188
EURCHF,2026-07-31 14:00:00+00:00,0.93188,0.932,0.93025,0.93072
EURCHF,2026-07-31 15:00:00+00:00,0.93074,0.93098,0.93014,0.93082
EURCHF,2026-07-31 16:00:00+00:00,0.93084,0.93175,0.93078,0.93158
EURCHF,2026-07-31 17:00:00+00:00,0.93154,0.93185,0.93093,0.93178
EURCHF,2026-07-31 18:00:00+00:00,0.93178,0.932,0.93148,0.93193
EURCHF,2026-07-31 19:00:00+00:00,0.93194,0.9322,0.9318,0.93215
EURCHF,2026-07-31 20:00:00+00:00,0.93216,0.93274,0.93052,0.93068
EURCHF,2026-08-02 21:00:00+00:00,0.93154,0.93295,0.93154,0.93266
EURCHF,2026-08-02 22:00:00+00:00,0.93239,0.93242,0.93086,0.93199
EURCHF,2026-08-02 23:00:00+00:00,0.932,0.932,0.93152,0.93162
EURCHF,2026-08-03 00:00:00+00:00,0.93163,0.93172,0.93023,0.9313
EURCHF,2026-08-03 01:00:00+00:00,0.9313,0.93291,0.93114,0.9328
EURCHF,2026-08-03 02:00:00+00:00,0.9328,0.9333,0.93272,0.93274
EURCHF,2026-08-03 03:00:00+00:00,0.93275,0.93303,0.93266,0.93292
EURCHF,2026-08-03 04:00:00+00:00,0.93293,0.93293,0.93268,0.93274
EURCHF,2026-08-03 05:00:00+00:00,0.93276,0.93278,0.93236,0.93251
EURCHF,2026-08-03 06:00:00+00:00,0.9325,0.93307,0.932,0.93288
EURCHF,2026-08-03 07:00:00+00:00,0.93286,0.93304,0.93156,0.93178
EURCHF,2026-08-03 08:00:00+00:00,0.93178,0.93244,0.93139,0.93214
EURCHF,2026-08-03 09:00:00+00:00,0.93214,0.93218,0.9314,0.93192
EURCHF,2026-08-03 10:00:00+00:00,0.9319,0.93234,0.93156,0.93228
EURCHF,2026-08-03 11:00:00+00:00,0.93228,0.93256,0.93182,0.93184
EURCHF,2026-08-03 12:00:00+00:00,0.93183,0.93268,0.93176,0.93268
EURCHF,2026-08-03 13:00:00+00:00,0.93268,0.93318,0.93246,0.93246
EURCHF,2026-08-03 14:00:00+00:00,0.9325,0.933,0.93218,0.93296
EURCHF,2026-08-03 15:00:00+00:00,0.93299,0.93346,0.9327,0.93295
EURCHF,2026-08-03 16:00:00+00:00,0.93297,0.93322,0.93268,0.9332
EURCHF,2026-08-03 17:00:00+00:00,0.9332,0.93344,0.93304,0.93324
EURCHF,2026-08-03 18:00:00+00:00,0.93324,0.93338,0.93256,0.93272
EURCHF,2026-08-03 19:00:00+00:00,0.9327,0.93279,0.93244,0.93256
EURCHF,2026-08-03 20:00:00+00:00,0.93256,0.9328,0.93245,0.93267
EURCHF,2026-08-03 21:00:00+00:00,0.93277,0.93294,0.93224,0.93235
EURCHF,2026-08-03 22:00:00+00:00,0.93242,0.93264,0.93224,0.93232
EURCHF,2026-08-03 23:00:00+00:00,0.93232,0.93254,0.93227,0.93253
EURCHF,2026-08-04 00:00:00+00:00,0.93253,0.93253,0.93207,0.9322
EURCHF,2026-08-04 01:00:00+00:00,0.9322,0.93246,0.93212,0.93246
EURCHF,2026-08-04 02:00:00+00:00,0.93248,0.93262,0.93224,0.9325
EURCHF,2026-08-04 03:00:00+00:00,0.9325,0.93261,0.93224,0.93258
EURCHF,2026-08-04 04:00:00+00:00,0.93257,0.9326,0.9324,0.93256
EURCHF,2026-08-04 05:00:00+00:00,0.93256,0.93264,0.9324,0.93254
EURCHF,2026-08-04 06:00:00+00:00,0.9326,0.9326,0.93202,0.93238
EURCHF,2026-08-04 07:00:00+00:00,0.93236,0.93275,0.9322,0.93262
EURCHF,2026-08-04 08:00:00+00:00,0.93262,0.93264,0.93206,0.93232
EURCHF,2026-08-04 09:00:00+00:00,0.93232,0.93242,0.93206,0.93232
EURCHF,2026-08-04 10:00:00+00:00,0.9323,0.93262,0.93216,0.9326
EURCHF,2026-08-04 11:00:00+00:00,0.93259,0.93261,0.93144,0.93155
EURCHF,2026-08-04 12:00:00+00:00,0.93156,0.9319,0.9311,0.9314
EURCHF,2026-08-04 13:00:00+00:00,0.93138,0.93211,0.93138,0.9316
EURCHF,2026-08-04 14:00:00+00:00,0.9316,0.9321,0.93148,0.93202
EURCHF,2026-08-04 15:00:00+00:00,0.93203,0.93282,0.93202,0.9327
EURCHF,2026-08-04 16:00:00+00:00,0.9327,0.93329,0.93266,0.93322
EURCHF,2026-08-04 17:00:00+00:00,0.93324,0.93348,0.93309,0.93348
EURCHF,2026-08-04 18:00:00+00:00,0.93348,0.93361,0.93312,0.93328
EURCHF,2026-08-04 19:00:00+00:00,0.93327,0.9333,0.93304,0.93322
EURCHF,2026-08-04 20:00:00+00:00,0.9332,0.9332,0.93288,0.93297
EURCHF,2026-08-04 21:00:00+00:00,0.93339,0.93339,0.93277,0.93278
EURCHF,2026-08-04 22:00:00+00:00,0.93276,0.93322,0.93273,0.93318
EURCHF,2026-08-04 23:00:00+00:00,0.93317,0.9334,0.93308,0.9331
EURCHF,2026-08-05 00:00:00+00:00,0.93308,0.93318,0.93264,0.9328
EURCHF,2026-08-05 01:00:00+00:00,0.93278,0.93286,0.93245,0.93252
EURCHF,2026-08-05 02:00:00+00:00,0.93255,0.93262,0.93213,0.93214
EURCHF,2026-08-05 03:00:00+00:00,0.93214,0.93216,0.93176,0.93198
EURCHF,2026-08-05 04:00:00+00:00,0.932,0.93243,0.9319,0.93238
EURCHF,2026-08-05 05:00:00+00:00,0.93238,0.93248,0.93212,0.93221
EURCHF,2026-08-05 06:00:00+00:00,0.9322,0.93288,0.93214,0.93252
EURCHF,2026-08-05 07:00:00+00:00,0.9325,0.9337,0.93238,0.93364
EURCHF,2026-08-05 08:00:00+00:00,0.93362,0.93431,0.93354,0.93421
EURCHF,2026-08-05 09:00:00+00:00,0.93422,0.93424,0.93381,0.93388
EURCHF,2026-08-05 10:00:00+00:00,0.93388,0.93438,0.93384,0.9342
EURCHF,2026-08-05 11:00:00+00:00,0.93422,0.93422,0.9338,0.93414
EURCHF,2026-08-05 12:00:00+00:00,0.93413,0.93457,0.9341,0.93454
EURCHF,2026-08-05 13:00:00+00:00,0.93453,0.93454,0.9328,0.93284
EURCHF,2026-08-05 14:00:00+00:00,0.9328,0.93312,0.93179,0.93224
EURCHF,2026-08-05 15:00:00+00:00,0.93224,0.93267,0.932,0.93266
EURCHF,2026-08-05 16:00:00+00:00,0.93266,0.93276,0.93236,0.9327
EURCHF,2026-08-05 17:00:00+00:00,0.93267,0.93281,0.93238,0.93246
EURCHF,2026-08-05 18:00:00+00:00,0.93248,0.93255,0.93214,0.93234
EURCHF,2026-08-05 19:00:00+00:00,0.93234,0.93271,0.9323,0.93247
EURCHF,2026-08-05 20:00:00+00:00,0.93246,0.93262,0.93224,0.93254
EURCHF,2026-08-05 21:00:00+00:00,0.93249,0.93286,0.93232,0.93255
EURCHF,2026-08-05 22:00:00+00:00,0.93253,0.93262,0.93237,0.93242
EURCHF,2026-08-05 23:00:00+00:00,0.93241,0.93243,0.9322,0.93231
EURCHF,2026-08-06 00:00:00+00:00,0.93234,0.93236,0.93203,0.93206
EURCHF,2026-08-06 01:00:00+00:00,0.93206,0.93206,0.93158,0.93165
EURCHF,2026-08-06 02:00:00+00:00,0.93165,0.9319,0.93152,0.93164
EURCHF,2026-08-06 03:00:00+00:00,0.93165,0.93226,0.93165,0.93222
EURCHF,2026-08-06 04:00:00+00:00,0.93224,0.93248,0.93216,0.93247
EURCHF,2026-08-06 05:00:00+00:00,0.93248,0.93254,0.93231,0.9324
EURCHF,2026-08-06 06:00:00+00:00,0.93241,0.93324,0.93232,0.9332
EURCHF,2026-08-06 07:00:00+00:00,0.9332,0.93354,0.93292,0.93352
EURCHF,2026-08-06 08:00:00+00:00,0.93352,0.93356,0.93304,0.93338
EURCHF,2026-08-06 09:00:00+00:00,0.93335,0.9342,0.93328,0.93404
EURCHF,2026-08-06 10:00:00+00:00,0.93406,0.93446,0.93394,0.93424
EURCHF,2026-08-06 11:00:00+00:00,0.93422,0.93496,0.93413,0.93482
EURCHF,2026-08-06 12:00:00+00:00,0.93482,0.93482,0.93427,0.93444
EURCHF,2026-08-06 13:00:00+00:00,0.93444,0.93475,0.93381,0.93385
EURCHF,2026-08-06 14:00:00+00:00,0.93386,0.93462,0.93362,0.9346
EURCHF,2026-08-06 15:00:00+00:00,0.9346,0.93724,0.93454,0.93659
EURCHF,2026-08-06 16:00:00+00:00,0.93658,0.93661,0.93582,0.93592
EURCHF,2026-08-06 17:00:00+00:00,0.9359,0.93646,0.9358,0.93611
EURCHF,2026-08-06 18:00:00+00:00,0.93612,0.93622,0.93588,0.93593
EURCHF,2026-08-06 19:00:00+00:00,0.93594,0.93628,0.93572,0.93602
EURCHF,2026-08-06 20:00:00+00:00,0.93602,0.93632,0.93596,0.93614
EURCHF,2026-08-06 21:00:00+00:00,0.93633,0.93658,0.93599,0.93606
EURCHF,2026-08-06 22:00:00+00:00,0.93618,0.93642,0.93608,0.9363
EURCHF,2026-08-06 23:00:00+00:00,0.93628,0.93636,0.93616,0.93625
EURCHF,2026-08-07 00:00:00+00:00,0.93624,0.9365,0.93624,0.9363
EURCHF,2026-08-07 01:00:00+00:00,0.9363,0.93632,0.93609,0.93618
EURCHF,2026-08-07 02:00:00+00:00,0.93618,0.93633,0.93613,0.93628
EURCHF,2026-08-07 03:00:00+00:00,0.9363,0.93652,0.93625,0.93639
EURCHF,2026-08-07 04:00:00+00:00,0.93638,0.93655,0.93636,0.93645
EURCHF,2026-08-07 05:00:00+00:00,0.93646,0.93649,0.93628,0.93632
EURCHF,2026-08-07 06:00:00+00:00,0.93631,0.93633,0.93548,0.93557
EURCHF,2026-08-07 07:00:00+00:00,0.93555,0.93558,0.93509,0.93512
EURCHF,2026-08-07 08:00:00+00:00,0.93512,0.93514,0.93455,0.93488
EURCHF,2026-08-07 09:00:00+00:00,0.93488,0.93491,0.93415,0.93432
EURCHF,2026-08-07 10:00:00+00:00,0.93432,0.93438,0.93392,0.93404
EURCHF,2026-08-07 11:00:00+00:00,0.93402,0.93458,0.9339,0.9345
EURCHF,2026-08-07 12:00:00+00:00,0.93448,0.93502,0.933,0.93404
EURCHF,2026-08-07 13:00:00+00:00,0.93403,0.93447,0.93358,0.93406
EURCHF,2026-08-07 14:00:00+00:00,0.93408,0.93444,0.93324,0.93394
EURCHF,2026-08-07 15:00:00+00:00,0.93395,0.93408,0.93332,0.93372
EURCHF,2026-08-07 16:00:00+00:00,0.93372,0.93388,0.93348,0.93364
EURCHF,2026-08-07 17:00:00+00:00,0.93362,0.93384,0.93354,0.93384
EURCHF,2026-08-07 18:00:00+00:00,0.93383,0.93398,0.93372,0.93392
EURCHF,2026-08-07 19:00:00+00:00,0.93392,0.93397,0.93353,0.93368
EURCHF,2026-08-07 20:00:00+00:00,0.93368,0.9341,0.93362,0.9339
EURCHF,2026-08-09 21:00:00+00:00,0.93484,0.93484,0.93328,0.93402
EURCHF,2026-08-09 22:00:00+00:00,0.93358,0.93428,0.93352,0.93409
EURCHF,2026-08-09 23:00:00+00:00,0.93408,0.9341,0.93392,0.93406
EURCHF,2026-08-10 00:00:00+00:00,0.93408,0.93442,0.93392,0.9343
EURCHF,2026-08-10 01:00:00+00:00,0.9343,0.93456,0.9342,0.93446
EURCHF,2026-08-10 02:00:00+00:00,0.93446,0.93464,0.93438,0.93448
EURCHF,2026-08-10 03:00:00+00:00,0.93448,0.93468,0.93438,0.93464
EURCHF,2026-08-10 04:00:00+00:00,0.93464,0.93481,0.93463,0.93475
EURCHF,2026-08-10 05:00:00+00:00,0.93472,0.93498,0.93468,0.93469
EURCHF,2026-08-10 06:00:00+00:00,0.9347,0.935,0.93408,0.93415
EURCHF,2026-08-10 07:00:00+00:00,0.93414,0.9344,0.9331,0.93318
EURCHF,2026-08-10 08:00:00+00:00,0.93319,0.93442,0.93314,0.93432
EURCHF,2026-08-10 09:00:00+00:00,0.9343,0.9344,0.93398,0.93418
EURCHF,2026-08-10 10:00:00+00:00,0.93418,0.93442,0.93398,0.93436
EURCHF,2026-08-10 11:00:00+00:00,0.93434,0.93438,0.93392,0.93412
EURCHF,2026-08-10 12:00:00+00:00,0.93412,0.93476,0.9338,0.93466
EURCHF,2026-08-10 13:00:00+00:00,0.93468,0.93544,0.9346,0.93513
EURCHF,2026-08-10 14:00:00+00:00,0.93514,0.93528,0.93412,0.93428
EURCHF,2026-08-10 15:00:00+00:00,0.9343,0.93483,0.93422,0.93449
EURCHF,2026-08-10 16:00:00+00:00,0.93448,0.93496,0.93444,0.93488
EURCHF,2026-08-10 17:00:00+00:00,0.93488,0.93518,0.93488,0.9351
EURCHF,2026-08-10 18:00:00+00:00,0.9351,0.93543,0.93503,0.93514
EURCHF,2026-08-10 19:00:00+00:00,0.93514,0.93536,0.93499,0.93505
EURCHF,2026-08-10 20:00:00+00:00,0.93504,0.9354,0.93502,0.93531
EURCHF,2026-08-10 21:00:00+00:00,0.9351,0.9353,0.93485,0.93494
EURCHF,2026-08-10 22:00:00+00:00,0.93503,0.93536,0.93501,0.93515
EURCHF,2026-08-10 23:00:00+00:00,0.93518,0.9352,0.93504,0.93508
EURCHF,2026-08-11 00:00:00+00:00,0.93508,0.93525,0.93494,0.93495
EURCHF,2026-08-11 01:00:00+00:00,0.93494,0.9351,0.93486,0.93504
EURCHF,2026-08-11 02:00:00+00:00,0.93502,0.9353,0.93499,0.93524
EURCHF,2026-08-11 03:00:00+00:00,0.93524,0.9353,0.9351,0.93526
EURCHF,2026-08-11 04:00:00+00:00,0.93526,0.93534,0.93516,0.93518
EURCHF,2026-08-11 05:00:00+00:00,0.93521,0.93536,0.93505,0.93524
EURCHF,2026-08-11 06:00:00+00:00,0.93522,0.93572,0.93515,0.93539
EURCHF,2026-08-11 07:00:00+00:00,0.93539,0.93556,0.93498,0.93546
EURCHF,2026-08-11 08:00:00+00:00,0.93544,0.93578,0.93538,0.93566
EURCHF,2026-08-11 09:00:00+00:00,0.93566,0.93598,0.93556,0.93568
EURCHF,2026-08-11 10:00:00+00:00,0.93568,0.93568,0.93512,0.93554
EURCHF,2026-08-11 11:00:00+00:00,0.93552,0.9356,0.93502,0.93558
EURCHF,2026-08-11 12:00:00+00:00,0.9356,0.93574,0.93498,0.93569
EURCHF,2026-08-11 13:00:00+00:00,0.93565,0.93568,0.93506,0.93545
EURCHF,2026-08-11 14:00:00+00:00,0.93546,0.93584,0.93527,0.93576
EURCHF,2026-08-11 15:00:00+00:00,0.93576,0.93648,0.93574,0.93606
EURCHF,2026-08-11 16:00:00+00:00,0.93606,0.9362,0.93591,0.9362
EURCHF,2026-08-11 17:00:00+00:00,0.93622,0.93677,0.93612,0.93666
EURCHF,2026-08-11 18:00:00+00:00,0.93666,0.93681,0.93568,0.93615
EURCHF,2026-08-11 19:00:00+00:00,0.93614,0.93644,0.93579,0.93583
EURCHF,2026-08-11 20:00:00+00:00,0.93584,0.9362,0.93582,0.936
EURCHF,2026-08-11 21:00:00+00:00,0.93588,0.93611,0.93577,0.93607
EURCHF,2026-08-11 22:00:00+00:00,0.93606,0.93613,0.93574,0.93606
EURCHF,2026-08-11 23:00:00+00:00,0.93606,0.93627,0.93606,0.93626
EURCHF,2026-08-12 00:00:00+00:00,0.93625,0.93662,0.93624,0.93652
EURCHF,2026-08-12 01:00:00+00:00,0.93652,0.93657,0.93636,0.93639
EURCHF,2026-08-12 02:00:00+00:00,0.9364,0.93658,0.93632,0.93654
EURCHF,2026-08-12 03:00:00+00:00,0.93654,0.93685,0.93654,0.9368
EURCHF,2026-08-12 04:00:00+00:00,0.9368,0.93697,0.93678,0.93686
EURCHF,2026-08-12 05:00:00+00:00,0.93688,0.93696,0.9367,0.93672
EURCHF,2026-08-12 06:00:00+00:00,0.93672,0.93687,0.93614,0.9364
EURCHF,2026-08-12 07:00:00+00:00,0.93641,0.93744,0.93641,0.93732
EURCHF,2026-08-12 08:00:00+00:00,0.93732,0.938,0.93726,0.93771
EURCHF,2026-08-12 09:00:00+00:00,0.93772,0.93776,0.93683,0.9373
EURCHF,2026-08-12 10:00:00+00:00,0.9373,0.93751,0.93712,0.93727
EURCHF,2026-08-12 11:00:00+00:00,0.93725,0.9373,0.93646,0.93666
EURCHF,2026-08-12 12:00:00+00:00,0.93668,0.93704,0.93567,0.93602
EURCHF,2026-08-12 13:00:00+00:00,0.93603,0.93714,0.93595,0.93696
EURCHF,2026-08-12 14:00:00+00:00,0.93698,0.93704,0.93635,0.93662
EURCHF,2026-08-12 15:00:00+00:00,0.93661,0.93698,0.93656,0.9367
EURCHF,2026-08-12 16:00:00+00:00,0.9367,0.93722,0.93654,0.93704
EURCHF,2026-08-12 17:00:00+00:00,0.93703,0.93764,0.93702,0.93746
EURCHF,2026-08-12 18:00:00+00:00,0.93745,0.9376,0.93733,0.93754
EURCHF,2026-08-12 19:00:00+00:00,0.93754,0.93778,0.93746,0.93764
EURCHF,2026-08-12 20:00:00+00:00,0.93764,0.93786,0.93758,0.93765
EURCHF,2026-08-12 21:00:00+00:00,0.9369,0.9376,0.93674,0.93745
EURCHF,2026-08-12 22:00:00+00:00,0.93746,0.9377,0.93746,0.93764
EURCHF,2026-08-12 23:00:00+00:00,0.93763,0.93767,0.93746,0.93746
EURCHF,2026-08-13 00:00:00+00:00,0.93746,0.93751,0.93698,0.93713
EURCHF,2026-08-13 01:00:00+00:00,0.93712,0.93783,0.93698,0.9377
EURCHF,2026-08-13 02:00:00+00:00,0.9377,0.93785,0.93762,0.93782
EURCHF,2026-08-13 03:00:00+00:00,0.93782,0.93823,0.9377,0.9382
EURCHF,2026-08-13 04:00:00+00:00,0.93822,0.93826,0.93788,0.93791
EURCHF,2026-08-13 05:00:00+00:00,0.93791,0.93806,0.93768,0.9378
EURCHF,2026-08-13 06:00:00+00:00,0.93774,0.93784,0.93732,0.93742
EURCHF,2026-08-13 07:00:00+00:00,0.93744,0.93774,0.9367,0.93701
EURCHF,2026-08-13 08:00:00+00:00,0.93699,0.9371,0.93664,0.9368
EURCHF,2026-08-13 09:00:00+00:00,0.93679,0.93684,0.93641,0.9368
EURCHF,2026-08-13 10:00:00+00:00,0.9368,0.93718,0.9364,0.9368
EURCHF,2026-08-13 11:00:00+00:00,0.93678,0.93723,0.93668,0.93718
EURCHF,2026-08-13 12:00:00+00:00,0.93717,0.93764,0.93676,0.9369
EURCHF,2026-08-13 13:00:00+00:00,0.93688,0.9373,0.93681,0.93722
EURCHF,2026-08-13 14:00:00+00:00,0.93722,0.9373,0.93645,0.93711
EURCHF,2026-08-13 15:00:00+00:00,0.93715,0.93747,0.93685,0.93742
EURCHF,2026-08-13 16:00:00+00:00,0.93742,0.93778,0.93735,0.93754
EURCHF,2026-08-13 17:00:00+00:00,0.93754,0.93786,0.93744,0.93779
EURCHF,2026-08-13 18:00:00+00:00,0.93782,0.93838,0.93767,0.93834
EURCHF,2026-08-13 19:00:00+00:00,0.93834,0.93913,0.93833,0.93912
EURCHF,2026-08-13 20:00:00+00:00,0.93912,0.93921,0.93858,0.93864
EURCHF,2026-08-13 21:00:00+00:00,0.93788,0.93896,0.93787,0.93844
EURCHF,2026-08-13 22:00:00+00:00,0.9385,0.93882,0.9385,0.93877
EURCHF,2026-08-13 23:00:00+00:00,0.93876,0.93908,0.93874,0.93905
EURCHF,2026-08-14 00:00:00+00:00,0.93904,0.9391,0.9389,0.93893
EURCHF,2026-08-14 01:00:00+00:00,0.93892,0.93926,0.93892,0.93905
EURCHF,2026-08-14 02:00:00+00:00,0.93906,0.93908,0.93884,0.93898
EURCHF,2026-08-14 03:00:00+00:00,0.93899,0.93899,0.93882,0.9389
EURCHF,2026-08-14 04:00:00+00:00,0.93889,0.93892,0.93876,0.93878
EURCHF,2026-08-14 05:00:00+00:00,0.93878,0.9389,0.93852,0.93878
EURCHF,2026-08-14 06:00:00+00:00,0.93881,0.93926,0.93875,0.9392
EURCHF,2026-08-14 07:00:00+00:00,0.93918,0.9398,0.93912,0.9397
EURCHF,2026-08-14 08:00:00+00:00,0.9397,0.94054,0.9396,0.9401
EURCHF,2026-08-14 09:00:00+00:00,0.94008,0.94009,0.93934,0.93942
EURCHF,2026-08-14 10:00:00+00:00,0.93942,0.93991,0.93924,0.93948
EURCHF,2026-08-14 11:00:00+00:00,0.93946,0.93954,0.93898,0.93905
EURCHF,2026-08-14 12:00:00+00:00,0.93902,0.93905,0.93816,0.93886
EURCHF,2026-08-14 13:00:00+00:00,0.93886,0.93948,0.93878,0.9392
EURCHF,2026-08-14 14:00:00+00:00,0.93919,0.93998,0.93912,0.9397
EURCHF,2026-08-14 15:00:00+00:00,0.9397,0.93999,0.9395,0.9399
EURCHF,2026-08-14 16:00:00+00:00,0.93988,0.94028,0.93982,0.94024
EURCHF,2026-08-14 17:00:00+00:00,0.94024,0.94076,0.94024,0.94044
EURCHF,2026-08-14 18:00:00+00:00,0.94046,0.94048,0.94023,0.94037
EURCHF,2026-08-14 19:00:00+00:00,0.94036,0.941,0.94035,0.94078
EURCHF,2026-08-14 20:00:00+00:00,0.94078,0.9412,0.94068,0.94115
EURCHF,2026-08-16 21:00:00+00:00,0.93989,0.94048,0.93912,0.94047
EURCHF,2026-08-16 22:00:00+00:00,0.94046,0.94101,0.94042,0.94085
EURCHF,2026-08-16 23:00:00+00:00,0.94084,0.94085,0.94058,0.9406
EURCHF,2026-08-17 00:00:00+00:00,0.94059,0.94063,0.93998,0.9401
EURCHF,2026-08-17 01:00:00+00:00,0.94012,0.94052,0.93998,0.94036
EURCHF,2026-08-17 02:00:00+00:00,0.94036,0.94045,0.94007,0.94011
EURCHF,2026-08-17 03:00:00+00:00,0.94013,0.9402,0.94001,0.9401
EURCHF,2026-08-17 04:00:00+00:00,0.94008,0.94027,0.93999,0.94021
EURCHF,2026-08-17 05:00:00+00:00,0.9402,0.94021,0.93994,0.94012
EURCHF,2026-08-17 06:00:00+00:00,0.9401,0.94027,0.93983,0.94012
EURCHF,2026-08-17 07:00:00+00:00,0.94014,0.94036,0.93794,0.93817
EURCHF,2026-08-17 08:00:00+00:00,0.93818,0.93859,0.93742,0.9384
EURCHF,2026-08-17 09:00:00+00:00,0.9384,0.93906,0.93809,0.93895
EURCHF,2026-08-17 10:00:00+00:00,0.93892,0.93944,0.93882,0.93932
EURCHF,2026-08-17 11:00:00+00:00,0.93934,0.93942,0.93872,0.93882
EURCHF,2026-08-17 12:00:00+00:00,0.93882,0.93936,0.93871,0.93873
EURCHF,2026-08-17 13:00:00+00:00,0.93872,0.93894,0.93769,0.9379
EURCHF,2026-08-17 14:00:00+00:00,0.93792,0.93836,0.93736,0.93796
EURCHF,2026-08-17 15:00:00+00:00,0.93798,0.93852,0.93771,0.93832
EURCHF,2026-08-17 16:00:00+00:00,0.93832,0.93876,0.93819,0.93876
EURCHF,2026-08-17 17:00:00+00:00,0.93876,0.93951,0.93874,0.93934
EURCHF,2026-08-17 18:00:00+00:00,0.93932,0.93943,0.93913,0.93914
EURCHF,2026-08-17 19:00:00+00:00,0.93914,0.93932,0.93874,0.9389
EURCHF,2026-08-17 20:00:00+00:00,0.93888,0.93916,0.93887,0.93901
EURCHF,2026-08-17 21:00:00+00:00,0.93896,0.93903,0.93852,0.93884
EURCHF,2026-08-17 22:00:00+00:00,0.93873,0.9392,0.93873,0.93904
EURCHF,2026-08-17 23:00:00+00:00,0.93906,0.9391,0.93888,0.93898
EURCHF,2026-08-18 00:00:00+00:00,0.93896,0.93922,0.9389,0.93908
EURCHF,2026-08-18 01:00:00+00:00,0.93909,0.93924,0.93888,0.93918
EURCHF,2026-08-18 02:00:00+00:00,0.93922,0.9393,0.93895,0.93906
EURCHF,2026-08-18 03:00:00+00:00,0.93907,0.93928,0.93898,0.93926
EURCHF,2026-08-18 04:00:00+00:00,0.93927,0.93941,0.93921,0.93936
EURCHF,2026-08-18 05:00:00+00:00,0.93936,0.93946,0.93916,0.93931
EURCHF,2026-08-18 06:00:00+00:00,0.9393,0.93966,0.93904,0.93904
EURCHF,2026-08-18 07:00:00+00:00,0.93904,0.93934,0.93849,0.93893
EURCHF,2026-08-18 08:00:00+00:00,0.93892,0.93963,0.93876,0.93942
EURCHF,2026-08-18 09:00:00+00:00,0.93942,0.93986,0.93925,0.93984
EURCHF,2026-08-18 10:00:00+00:00,0.93984,0.94042,0.93976,0.94018
EURCHF,2026-08-18 11:00:00+00:00,0.9402,0.94069,0.94016,0.9405
EURCHF,2026-08-18 12:00:00+00:00,0.94051,0.94068,0.94016,0.94017
EURCHF,2026-08-18 13:00:00+00:00,0.94018,0.94091,0.93989,0.9401
EURCHF,2026-08-18 14:00:00+00:00,0.94007,0.94056,0.93992,0.94025
EURCHF,2026-08-18 15:00:00+00:00,0.94024,0.94098,0.94006,0.94038
EURCHF,2026-08-18 16:00:00+00:00,0.94036,0.94036,0.9399,0.94019
EURCHF,2026-08-18 17:00:00+00:00,0.94019,0.94036,0.94014,0.94024
EURCHF,2026-08-18 18:00:00+00:00,0.94024,0.94056,0.94021,0.94046
EURCHF,2026-08-18 19:00:00+00:00,0.94046,0.94063,0.94038,0.94052
EURCHF,2026-08-18 20:00:00+00:00,0.94051,0.94056,0.94042,0.94044
EURCHF,2026-08-18 21:00:00+00:00,0.94046,0.94067,0.93994,0.94017
EURCHF,2026-08-18 22:00:00+00:00,0.94012,0.94051,0.94011,0.94045
EURCHF,2026-08-18 23:00:00+00:00,0.94044,0.94063,0.94024,0.94027
EURCHF,2026-08-19 00:00:00+00:00,0.94026,0.94044,0.94,0.94011
EURCHF,2026-08-19 01:00:00+00:00,0.94012,0.94048,0.93998,0.94002
EURCHF,2026-08-19 02:00:00+00:00,0.94001,0.94006,0.93962,0.94001
EURCHF,2026-08-19 03:00:00+00:00,0.94002,0.94013,0.93982,0.93996
EURCHF,2026-08-19 04:00:00+00:00,0.93996,0.94,0.9397,0.93978
EURCHF,2026-08-19 05:00:00+00:00,0.93978,0.94016,0.93962,0.94006
EURCHF,2026-08-19 06:00:00+00:00,0.94009,0.94012,0.93952,0.93994
EURCHF,2026-08-19 07:00:00+00:00,0.9399,0.94046,0.93971,0.94044
EURCHF,2026-08-19 08:00:00+00:00,0.94044,0.94074,0.94028,0.94046
EURCHF,2026-08-19 09:00:00+00:00,0.94047,0.94057,0.94025,0.94035
EURCHF,2026-08-19 10:00:00+00:00,0.94034,0.94066,0.94024,0.9406
EURCHF,2026-08-19 11:00:00+00:00,0.94058,0.94062,0.94008,0.94012
EURCHF,2026-08-19 12:00:00+00:00,0.94012,0.94028,0.93854,0.93894
EURCHF,2026-08-19 13:00:00+00:00,0.93896,0.93916,0.9353,0.93552
EURCHF,2026-08-19 14:00:00+00:00,0.9355,0.93567,0.93233,0.93481
EURCHF,2026-08-19 15:00:00+00:00,0.93478,0.93512,0.93222,0.93295
EURCHF,2026-08-19 16:00:00+00:00,0.933,0.93349,0.93224,0.93269
EURCHF,2026-08-19 17:00:00+00:00,0.9327,0.93325,0.93244,0.9331
EURCHF,2026-08-19 18:00:00+00:00,0.93323,0.93323,0.93137,0.93146
EURCHF,2026-08-19 19:00:00+00:00,0.93144,0.93156,0.93082,0.93105
EURCHF,2026-08-19 20:00:00+00:00,0.93102,0.93134,0.93075,0.93104
EURCHF,2026-08-19 21:00:00+00:00,0.93126,0.93144,0.93071,0.93144
EURCHF,2026-08-19 22:00:00+00:00,0.93143,0.93148,0.93088,0.93106
EURCHF,2026-08-19 23:00:00+00:00,0.93106,0.93137,0.93095,0.93134
EURCHF,2026-08-20 00:00:00+00:00,0.93133,0.93282,0.93104,0.93276
EURCHF,2026-08-20 01:00:00+00:00,0.9328,0.93383,0.93267,0.93338
EURCHF,2026-08-20 02:00:00+00:00,0.93338,0.93391,0.93322,0.93389
EURCHF,2026-08-20 03:00:00+00:00,0.93388,0.93416,0.93348,0.93382
EURCHF,2026-08-20 04:00:00+00:00,0.9338,0.93428,0.93362,0.93386
EURCHF,2026-08-20 05:00:00+00:00,0.93386,0.93424,0.93369,0.934
EURCHF,2026-08-20 06:00:00+00:00,0.93396,0.93404,0.93323,0.93328
EURCHF,2026-08-20 07:00:00+00:00,0.93326,0.93451,0.93314,0.93362
EURCHF,2026-08-20 08:00:00+00:00,0.93361,0.93397,0.93306,0.93326
EURCHF,2026-08-20 09:00:00+00:00,0.93328,0.93332,0.93096,0.9316
EURCHF,2026-08-20 10:00:00+00:00,0.93163,0.93197,0.93086,0.93185
EURCHF,2026-08-20 11:00:00+00:00,0.93186,0.9332,0.9316,0.93284
EURCHF,2026-08-20 12:00:00+00:00,0.9328,0.93326,0.9321,0.93232
EURCHF,2026-08-20 13:00:00+00:00,0.9323,0.93326,0.93226,0.93304
EURCHF,2026-08-20 14:00:00+00:00,0.93303,0.93376,0.93269,0.93304
EURCHF,2026-08-20 15:00:00+00:00,0.93303,0.9346,0.93244,0.9341
EURCHF,2026-08-20 16:00:00+00:00,0.9341,0.93468,0.93374,0.93432
EURCHF,2026-08-20 17:00:00+00:00,0.93432,0.93481,0.93424,0.93455
EURCHF,2026-08-20 18:00:00+00:00,0.93456,0.935,0.9345,0.93488
EURCHF,2026-08-20 19:00:00+00:00,0.93488,0.93504,0.93475,0.93491
EURCHF,2026-08-20 20:00:00+00:00,0.93489,0.93502,0.93478,0.93479
EURCHF,2026-08-20 21:00:00+00:00,0.93456,0.93506,0.93456,0.93483
EURCHF,2026-08-20 22:00:00+00:00,0.93479,0.9351,0.93458,0.93464
EURCHF,2026-08-20 23:00:00+00:00,0.93462,0.93473,0.93445,0.93458
EURCAD,2026-06-24 08:00:00+00:00,1.61504,1.61569,1.61428,1.6153
EURCAD,2026-06-24 09:00:00+00:00,1.61528,1.61564,1.6146,1.6148
EURCAD,2026-06-24 10:00:00+00:00,1.6148,1.61489,1.61308,1.61308
EURCAD,2026-06-24 11:00:00+00:00,1.61314,1.61418,1.61292,1.61352
EURCAD,2026-06-24 12:00:00+00:00,1.61351,1.61446,1.61268,1.61318
EURCAD,2026-06-24 13:00:00+00:00,1.61318,1.61463,1.61278,1.61422
EURCAD,2026-06-24 14:00:00+00:00,1.61422,1.61581,1.61388,1.61513
EURCAD,2026-06-24 15:00:00+00:00,1.61514,1.61653,1.61496,1.6157
EURCAD,2026-06-24 16:00:00+00:00,1.61573,1.6161,1.61466,1.61517
EURCAD,2026-06-24 17:00:00+00:00,1.61517,1.61604,1.6149,1.6156
EURCAD,2026-06-24 18:00:00+00:00,1.6156,1.61698,1.61559,1.61654
EURCAD,2026-06-24 19:00:00+00:00,1.61654,1.61678,1.61578,1.61582
EURCAD,2026-06-24 20:00:00+00:00,1.61582,1.61692,1.6156,1.61664
EURCAD,2026-06-24 21:00:00+00:00,1.617,1.61725,1.61578,1.61664
EURCAD,2026-06-24 22:00:00+00:00,1.61633,1.61654,1.61613,1.61619
EURCAD,2026-06-24 23:00:00+00:00,1.61618,1.6163,1.616,1.61611
EURCAD,2026-06-25 00:00:00+00:00,1.6161,1.61658,1.6159,1.61614
EURCAD,2026-06-25 01:00:00+00:00,1.61612,1.61727,1.61612,1.61666
EURCAD,2026-06-25 02:00:00+00:00,1.61666,1.61725,1.61658,1.61713
EURCAD,2026-06-25 03:00:00+00:00,1.61714,1.61792,1.61706,1.61768
EURCAD,2026-06-25 04:00:00+00:00,1.61768,1.61784,1.61726,1.61741
EURCAD,2026-06-25 05:00:00+00:00,1.61736,1.61771,1.61724,1.61752
EURCAD,2026-06-25 06:00:00+00:00,1.61754,1.618,1.61639,1.61639
EURCAD,2026-06-25 07:00:00+00:00,1.61638,1.61735,1.61556,1.61638
EURCAD,2026-06-25 08:00:00+00:00,1.6164,1.61756,1.61601,1.61724
EURCAD,2026-06-25 09:00:00+00:00,1.61724,1.61824,1.6168,1.61704
EURCAD,2026-06-25 10:00:00+00:00,1.61705,1.61706,1.61538,1.61572
EURCAD,2026-06-25 11:00:00+00:00,1.61574,1.61584,1.6141,1.61448
EURCAD,2026-06-25 12:00:00+00:00,1.61448,1.61655,1.61433,1.61616
EURCAD,2026-06-25 13:00:00+00:00,1.61616,1.61631,1.6146,1.6151
EURCAD,2026-06-25 14:00:00+00:00,1.61512,1.61632,1.6146,1.61548
EURCAD,2026-06-25 15:00:00+00:00,1.61548,1.61636,1.61508,1.6154
EURCAD,2026-06-25 16:00:00+00:00,1.6154,1.61546,1.61374,1.61382
EURCAD,2026-06-25 17:00:00+00:00,1.61378,1.61466,1.61366,1.61443
EURCAD,2026-06-25 18:00:00+00:00,1.61444,1.6153,1.6142,1.61444
EURCAD,2026-06-25 19:00:00+00:00,1.61442,1.61498,1.61412,1.6142
EURCAD,2026-06-25 20:00:00+00:00,1.61421,1.61475,1.61415,1.6145
EURCAD,2026-06-25 21:00:00+00:00,1.61492,1.61505,1.61404,1.6145
EURCAD,2026-06-25 22:00:00+00:00,1.61463,1.61464,1.61324,1.61352
EURCAD,2026-06-25 23:00:00+00:00,1.6135,1.6139,1.61322,1.61341
EURCAD,2026-06-26 00:00:00+00:00,1.61344,1.61382,1.61319,1.61351
EURCAD,2026-06-26 01:00:00+00:00,1.6135,1.61376,1.61238,1.61288
EURCAD,2026-06-26 02:00:00+00:00,1.61287,1.61352,1.61284,1.61341
EURCAD,2026-06-26 03:00:00+00:00,1.61342,1.61407,1.61338,1.61406
EURCAD,2026-06-26 04:00:00+00:00,1.61402,1.61453,1.61376,1.61449
EURCAD,2026-06-26 05:00:00+00:00,1.6145,1.61461,1.6141,1.61423
EURCAD,2026-06-26 06:00:00+00:00,1.61422,1.61526,1.61414,1.61425
EURCAD,2026-06-26 07:00:00+00:00,1.61421,1.61708,1.61421,1.61664
EURCAD,2026-06-26 08:00:00+00:00,1.61662,1.6178,1.61611,1.6174
EURCAD,2026-06-26 09:00:00+00:00,1.61739,1.61838,1.61667,1.61806
EURCAD,2026-06-26 10:00:00+00:00,1.61806,1.61811,1.61693,1.6172
EURCAD,2026-06-26 11:00:00+00:00,1.61721,1.61756,1.61662,1.61702
EURCAD,2026-06-26 12:00:00+00:00,1.61702,1.62076,1.61657,1.62002
EURCAD,2026-06-26 13:00:00+00:00,1.62008,1.6203,1.61781,1.61942
EURCAD,2026-06-26 14:00:00+00:00,1.61941,1.61972,1.61762,1.61793
EURCAD,2026-06-26 15:00:00+00:00,1.61794,1.61872,1.61687,1.61733
EURCAD,2026-06-26 16:00:00+00:00,1.61731,1.61734,1.61582,1.61644
EURCAD,2026-06-26 17:00:00+00:00,1.61643,1.61663,1.61565,1.61587
EURCAD,2026-06-26 18:00:00+00:00,1.6159,1.6162,1.61569,1.61591
EURCAD,2026-06-26 19:00:00+00:00,1.6159,1.61606,1.6146,1.6147
EURCAD,2026-06-26 20:00:00+00:00,1.61473,1.61628,1.61454,1.61626
EURCAD,2026-06-28 21:00:00+00:00,1.61668,1.61678,1.61514,1.61552
EURCAD,2026-06-28 22:00:00+00:00,1.6156,1.6159,1.6153,1.61561
EURCAD,2026-06-28 23:00:00+00:00,1.61562,1.61574,1.61524,1.61553
EURCAD,2026-06-29 00:00:00+00:00,1.61552,1.61646,1.61547,1.61602
EURCAD,2026-06-29 01:00:00+00:00,1.61604,1.61634,1.61552,1.6156
EURCAD,2026-06-29 02:00:00+00:00,1.6156,1.61588,1.61552,1.61581
EURCAD,2026-06-29 03:00:00+00:00,1.6158,1.61586,1.61538,1.6154
EURCAD,2026-06-29 04:00:00+00:00,1.61538,1.6156,1.61526,1.61544
EURCAD,2026-06-29 05:00:00+00:00,1.61544,1.61644,1.61538,1.6162
EURCAD,2026-06-29 06:00:00+00:00,1.61613,1.61808,1.61613,1.61782
EURCAD,2026-06-29 07:00:00+00:00,1.61779,1.61824,1.61702,1.61785
EURCAD,2026-06-29 08:00:00+00:00,1.61784,1.61846,1.61757,1.61784
EURCAD,2026-06-29 09:00:00+00:00,1.61785,1.61825,1.61748,1.61799
EURCAD,2026-06-29 10:00:00+00:00,1.61801,1.6188,1.61771,1.61877
EURCAD,2026-06-29 11:00:00+00:00,1.61876,1.6208,1.61854,1.62052
EURCAD,2026-06-29 12:00:00+00:00,1.62054,1.62064,1.6193,1.61964
EURCAD,2026-06-29 13:00:00+00:00,1.61964,1.6215,1.61956,1.62126
EURCAD,2026-06-29 14:00:00+00:00,1.62128,1.6232,1.62098,1.623
EURCAD,2026-06-29 15:00:00+00:00,1.623,1.62372,1.62213,1.6235
EURCAD,2026-06-29 16:00:00+00:00,1.62352,1.62364,1.62232,1.62264
EURCAD,2026-06-29 17:00:00+00:00,1.62262,1.62316,1.62218,1.62237
EURCAD,2026-06-29 18:00:00+00:00,1.62238,1.62298,1.62228,1.6227
EURCAD,2026-06-29 19:00:00+00:00,1.6227,1.62288,1.6224,1.62274
EURCAD,2026-06-29 20:00:00+00:00,1.62276,1.62374,1.62266,1.6234
EURCAD,2026-06-29 21:00:00+00:00,1.62318,1.62399,1.62308,1.6234
EURCAD,2026-06-29 22:00:00+00:00,1.6233,1.62354,1.62252,1.6226
EURCAD,2026-06-29 23:00:00+00:00,1.62258,1.62308,1.6224,1.62282
EURCAD,2026-06-30 00:00:00+00:00,1.62282,1.62351,1.62256,1.62303
EURCAD,2026-06-30 01:00:00+00:00,1.62305,1.62316,1.62212,1.62251
EURCAD,2026-06-30 02:00:00+00:00,1.62252,1.62309,1.62249,1.62263
EURCAD,2026-06-30 03:00:00+00:00,1.62264,1.62284,1.62204,1.62228
EURCAD,2026-06-30 04:00:00+00:00,1.62226,1.62233,1.62137,1.62148
EURCAD,2026-06-30 05:00:00+00:00,1.62148,1.62168,1.62043,1.62067
EURCAD,2026-06-30 06:00:00+00:00,1.62068,1.62264,1.62064,1.62242
EURCAD,2026-06-30 07:00:00+00:00,1.62239,1.62292,1.62187,1.62196
EURCAD,2026-06-30 08:00:00+00:00,1.62197,1.62218,1.6204,1.6217
EURCAD,2026-06-30 09:00:00+00:00,1.6217,1.62286,1.62117,1.62248
EURCAD,2026-06-30 10:00:00+00:00,1.62249,1.62293,1.62188,1.62261
EURCAD,2026-06-30 11:00:00+00:00,1.62265,1.62302,1.6219,1.62202
EURCAD,2026-06-30 12:00:00+00:00,1.62201,1.62239,1.6212,1.62142
EURCAD,2026-06-30 13:00:00+00:00,1.62143,1.62176,1.62082,1.6212
EURCAD,2026-06-30 14:00:00+00:00,1.62118,1.62234,1.62015,1.62212
EURCAD,2026-06-30 15:00:00+00:00,1.62212,1.6226,1.62148,1.62186
EURCAD,2026-06-30 16:00:00+00:00,1.62192,1.62212,1.6214,1.62174
EURCAD,2026-06-30 17:00:00+00:00,1.62175,1.62257,1.62175,1.62226
EURCAD,2026-06-30 18:00:00+00:00,1.62227,1.62296,1.62199,1.62216
EURCAD,2026-06-30 19:00:00+00:00,1.62215,1.62256,1.62033,1.62064
EURCAD,2026-06-30 20:00:00+00:00,1.62067,1.62174,1.62006,1.62147
EURCAD,2026-06-30 21:00:00+00:00,1.62158,1.62174,1.6209,1.62149
EURCAD,2026-06-30 22:00:00+00:00,1.62134,1.62148,1.62094,1.62111
EURCAD,2026-06-30 23:00:00+00:00,1.62112,1.62153,1.62075,1.62152
EURCAD,2026-07-01 00:00:00+00:00,1.62152,1.62208,1.6212,1.62158
EURCAD,2026-07-01 01:00:00+00:00,1.62159,1.62203,1.62145,1.62158
EURCAD,2026-07-01 02:00:00+00:00,1.62161,1.62186,1.62127,1.62168
EURCAD,2026-07-01 03:00:00+00:00,1.62168,1.62189,1.62124,1.62132
EURCAD,2026-07-01 04:00:00+00:00,1.62132,1.62173,1.62123,1.6216
EURCAD,2026-07-01 05:00:00+00:00,1.6216,1.6217,1.6206,1.6208
EURCAD,2026-07-01 06:00:00+00:00,1.62087,1.62152,1.62076,1.621
EURCAD,2026-07-01 07:00:00+00:00,1.62102,1.62112,1.6199,1.621
EURCAD,2026-07-01 08:00:00+00:00,1.62104,1.62175,1.62064,1.62078
EURCAD,2026-07-01 09:00:00+00:00,1.62078,1.62114,1.6194,1.61979
EURCAD,2026-07-01 10:00:00+00:00,1.61978,1.62038,1.61958,1.62016
EURCAD,2026-07-01 11:00:00+00:00,1.62016,1.6203,1.61902,1.61914
EURCAD,2026-07-01 12:00:00+00:00,1.61917,1.6194,1.61806,1.61828
EURCAD,2026-07-01 13:00:00+00:00,1.61818,1.61972,1.61716,1.61922
EURCAD,2026-07-01 14:00:00+00:00,1.61936,1.61972,1.61786,1.6185
EURCAD,2026-07-01 15:00:00+00:00,1.61851,1.61859,1.61654,1.61714
EURCAD,2026-07-01 16:00:00+00:00,1.61715,1.61788,1.61689,1.61728
EURCAD,2026-07-01 17:00:00+00:00,1.6173,1.61786,1.61716,1.61758
EURCAD,2026-07-01 18:00:00+00:00,1.61758,1.6178,1.61714,1.61766
EURCAD,2026-07-01 19:00:00+00:00,1.61764,1.61776,1.61736,1.6174
EURCAD,2026-07-01 20:00:00+00:00,1.61736,1.61769,1.61704,1.6174
EURCAD,2026-07-01 21:00:00+00:00,1.61691,1.61754,1.61685,1.61743
EURCAD,2026-07-01 22:00:00+00:00,1.61732,1.6178,1.61718,1.61766
EURCAD,2026-07-01 23:00:00+00:00,1.61765,1.61798,1.61748,1.61759
EURCAD,2026-07-02 00:00:00+00:00,1.61756,1.6185,1.61738,1.6174
EURCAD,2026-07-02 01:00:00+00:00,1.61741,1.61794,1.6173,1.61774
EURCAD,2026-07-02 02:00:00+00:00,1.61775,1.61804,1.61768,1.61789
EURCAD,2026-07-02 03:00:00+00:00,1.6179,1.61813,1.61769,1.61809
EURCAD,2026-07-02 04:00:00+00:00,1.6181,1.61862,1.61807,1.61838
EURCAD,2026-07-02 05:00:00+00:00,1.61842,1.61868,1.61797,1.6183
EURCAD,2026-07-02 06:00:00+00:00,1.61824,1.61856,1.61762,1.61802
EURCAD,2026-07-02 07:00:00+00:00,1.61806,1.61982,1.6179,1.61974
EURCAD,2026-07-02 08:00:00+00:00,1.61974,1.62051,1.6193,1.62036
EURCAD,2026-07-02 09:00:00+00:00,1.62035,1.62061,1.61954,1.61957
EURCAD,2026-07-02 10:00:00+00:00,1.61958,1.62086,1.61918,1.62082
EURCAD,2026-07-02 11:00:00+00:00,1.62084,1.6217,1.62018,1.62078
EURCAD,2026-07-02 12:00:00+00:00,1.62078,1.62357,1.61994,1.62304
EURCAD,2026-07-02 13:00:00+00:00,1.62303,1.62365,1.62104,1.62253
EURCAD,2026-07-02 14:00:00+00:00,1.6226,1.62373,1.62156,1.62252
EURCAD,2026-07-02 15:00:00+00:00,1.62253,1.62356,1.6222,1.62344
EURCAD,2026-07-02 16:00:00+00:00,1.62348,1.62364,1.6215,1.62164
EURCAD,2026-07-02 17:00:00+00:00,1.62162,1.62184,1.62074,1.62088
EURCAD,2026-07-02 18:00:00+00:00,1.62094,1.62138,1.62062,1.62121
EURCAD,2026-07-02 19:00:00+00:00,1.62122,1.62144,1.62072,1.62094
EURCAD,2026-07-02 20:00:00+00:00,1.62091,1.62177,1.6208,1.62126
EURCAD,2026-07-02 21:00:00+00:00,1.6214,1.62216,1.6212,1.62128
EURCAD,2026-07-02 22:00:00+00:00,1.62134,1.62164,1.621,1.62114
EURCAD,2026-07-02 23:00:00+00:00,1.62115,1.6213,1.62071,1.62088
EURCAD,2026-07-03 00:00:00+00:00,1.62088,1.6215,1.62073,1.62146
EURCAD,2026-07-03 01:00:00+00:00,1.62142,1.62232,1.62132,1.62159
EURCAD,2026-07-03 02:00:00+00:00,1.6216,1.62184,1.62098,1.6211
EURCAD,2026-07-03 03:00:00+00:00,1.62112,1.62138,1.62087,1.62125
EURCAD,2026-07-03 04:00:00+00:00,1.62126,1.62137,1.62086,1.62134
EURCAD,2026-07-03 05:00:00+00:00,1.62132,1.62206,1.62128,1.62152
EURCAD,2026-07-03 06:00:00+00:00,1.6215,1.62343,1.62142,1.62308
EURCAD,2026-07-03 07:00:00+00:00,1.6231,1.62408,1.62272,1.62374
EURCAD,2026-07-03 08:00:00+00:00,1.62373,1.62438,1.6234,1.624
EURCAD,2026-07-03 09:00:00+00:00,1.62401,1.6242,1.62266,1.6229
EURCAD,2026-07-03 10:00:00+00:00,1.62292,1.62426,1.6228,1.6238
EURCAD,2026-07-03 11:00:00+00:00,1.62382,1.62544,1.62379,1.62524
EURCAD,2026-07-03 12:00:00+00:00,1.6253,1.62613,1.62528,1.6257
EURCAD,2026-07-03 13:00:00+00:00,1.62571,1.62582,1.62417,1.6244
EURCAD,2026-07-03 14:00:00+00:00,1.62438,1.62509,1.62413,1.62446
EURCAD,2026-07-03 15:00:00+00:00,1.62447,1.62533,1.62394,1.62408
EURCAD,2026-07-03 16:00:00+00:00,1.62407,1.62498,1.62402,1.62433
EURCAD,2026-07-03 17:00:00+00:00,1.62434,1.62502,1.62432,1.62464
EURCAD,2026-07-03 18:00:00+00:00,1.62464,1.62474,1.6239,1.62409
EURCAD,2026-07-03 19:00:00+00:00,1.62408,1.6246,1.62395,1.62412
EURCAD,2026-07-03 20:00:00+00:00,1.62414,1.62524,1.62376,1.62414
EURCAD,2026-07-05 21:00:00+00:00,1.62371,1.62432,1.62359,1.62412
EURCAD,2026-07-05 22:00:00+00:00,1.62416,1.62476,1.62393,1.62442
EURCAD,2026-07-05 23:00:00+00:00,1.62442,1.62461,1.62416,1.6245
EURCAD,2026-07-06 00:00:00+00:00,1.62446,1.62538,1.62446,1.62479
EURCAD,2026-07-06 01:00:00+00:00,1.6248,1.62484,1.62408,1.6241
EURCAD,2026-07-06 02:00:00+00:00,1.62406,1.62464,1.62376,1.62447
EURCAD,2026-07-06 03:00:00+00:00,1.62446,1.62464,1.62422,1.6244
EURCAD,2026-07-06 04:00:00+00:00,1.62438,1.62448,1.62414,1.62428
EURCAD,2026-07-06 05:00:00+00:00,1.62427,1.62432,1.62326,1.62339
EURCAD,2026-07-06 06:00:00+00:00,1.62338,1.62398,1.62324,1.62388
EURCAD,2026-07-06 07:00:00+00:00,1.6239,1.62469,1.62332,1.62465
EURCAD,2026-07-06 08:00:00+00:00,1.62466,1.62488,1.62373,1.62486
EURCAD,2026-07-06 09:00:00+00:00,1.62485,1.62518,1.62373,1.62392
EURCAD,2026-07-06 10:00:00+00:00,1.62388,1.62402,1.62246,1.62356
EURCAD,2026-07-06 11:00:00+00:00,1.62356,1.62382,1.62312,1.6234
EURCAD,2026-07-06 12:00:00+00:00,1.62341,1.62516,1.62329,1.62462
EURCAD,2026-07-06 13:00:00+00:00,1.62461,1.62486,1.623,1.62356
EURCAD,2026-07-06 14:00:00+00:00,1.62354,1.6248,1.62326,1.62399
EURCAD,2026-07-06 15:00:00+00:00,1.62398,1.6243,1.62306,1.62407
EURCAD,2026-07-06 16:00:00+00:00,1.62412,1.6251,1.62408,1.62497
EURCAD,2026-07-06 17:00:00+00:00,1.62496,1.62578,1.62494,1.6256
EURCAD,2026-07-06 18:00:00+00:00,1.6256,1.62614,1.62534,1.62587
EURCAD,2026-07-06 19:00:00+00:00,1.62581,1.62601,1.62497,1.62522
EURCAD,2026-07-06 20:00:00+00:00,1.62523,1.62574,1.62507,1.62509
EURCAD,2026-07-06 21:00:00+00:00,1.62512,1.62636,1.62512,1.62592
EURCAD,2026-07-06 22:00:00+00:00,1.62599,1.62602,1.62504,1.62587
EURCAD,2026-07-06 23:00:00+00:00,1.62588,1.62608,1.62553,1.62558
EURCAD,2026-07-07 00:00:00+00:00,1.62556,1.62606,1.62527,1.62576
EURCAD,2026-07-07 01:00:00+00:00,1.62577,1.6268,1.62577,1.62629
EURCAD,2026-07-07 02:00:00+00:00,1.62628,1.62646,1.62606,1.62612
EURCAD,2026-07-07 03:00:00+00:00,1.62612,1.62626,1.62584,1.62591
EURCAD,2026-07-07 04:00:00+00:00,1.62594,1.62602,1.6257,1.62582
EURCAD,2026-07-07 05:00:00+00:00,1.62576,1.62593,1.6251,1.62528
EURCAD,2026-07-07 06:00:00+00:00,1.62533,1.62534,1.62438,1.6245
EURCAD,2026-07-07 07:00:00+00:00,1.6245,1.62492,1.6242,1.62473
EURCAD,2026-07-07 08:00:00+00:00,1.62474,1.62558,1.62396,1.62423
EURCAD,2026-07-07 09:00:00+00:00,1.6243,1.62433,1.62382,1.62399
EURCAD,2026-07-07 10:00:00+00:00,1.624,1.62488,1.62388,1.62478
EURCAD,2026-07-07 11:00:00+00:00,1.62479,1.6253,1.62398,1.62508
EURCAD,2026-07-07 12:00:00+00:00,1.62514,1.62661,1.62505,1.62616
EURCAD,2026-07-07 13:00:00+00:00,1.62618,1.6264,1.62426,1.62445
EURCAD,2026-07-07 14:00:00+00:00,1.62446,1.62452,1.62242,1.62287
EURCAD,2026-07-07 15:00:00+00:00,1.62284,1.62304,1.62114,1.62144
EURCAD,2026-07-07 16:00:00+00:00,1.62146,1.62159,1.62042,1.62119
EURCAD,2026-07-07 17:00:00+00:00,1.62118,1.62144,1.62078,1.62116
EURCAD,2026-07-07 18:00:00+00:00,1.62118,1.62169,1.6206,1.62084
EURCAD,2026-07-07 19:00:00+00:00,1.62088,1.62098,1.62038,1.62067
EURCAD,2026-07-07 20:00:00+00:00,1.62066,1.62092,1.62026,1.62038
EURCAD,2026-07-07 21:00:00+00:00,1.62027,1.6207,1.6192,1.6199
EURCAD,2026-07-07 22:00:00+00:00,1.62009,1.62049,1.61956,1.61968
EURCAD,2026-07-07 23:00:00+00:00,1.61968,1.6198,1.61932,1.6195
EURCAD,2026-07-08 00:00:00+00:00,1.6195,1.62026,1.6192,1.62004
EURCAD,2026-07-08 01:00:00+00:00,1.62007,1.62014,1.6193,1.6197
EURCAD,2026-07-08 02:00:00+00:00,1.61974,1.62001,1.61941,1.61994
EURCAD,2026-07-08 03:00:00+00:00,1.61998,1.62052,1.61985,1.6204
EURCAD,2026-07-08 04:00:00+00:00,1.62041,1.62044,1.61994,1.61998
EURCAD,2026-07-08 05:00:00+00:00,1.61997,1.62003,1.61932,1.61984
EURCAD,2026-07-08 06:00:00+00:00,1.61985,1.62012,1.61888,1.61947
EURCAD,2026-07-08 07:00:00+00:00,1.6195,1.61962,1.61807,1.61814
EURCAD,2026-07-08 08:00:00+00:00,1.61815,1.6184,1.61578,1.6161
EURCAD,2026-07-08 09:00:00+00:00,1.61608,1.61626,1.6146,1.61482
EURCAD,2026-07-08 10:00:00+00:00,1.61484,1.61654,1.61463,1.61622
EURCAD,2026-07-08 11:00:00+00:00,1.6162,1.61778,1.61615,1.61712
EURCAD,2026-07-08 12:00:00+00:00,1.6171,1.61774,1.61646,1.61674
EURCAD,2026-07-08 13:00:00+00:00,1.61672,1.61798,1.61589,1.61736
EURCAD,2026-07-08 14:00:00+00:00,1.61734,1.61758,1.61559,1.6169
EURCAD,2026-07-08 15:00:00+00:00,1.61694,1.61724,1.61615,1.61686
EURCAD,2026-07-08 16:00:00+00:00,1.61689,1.61782,1.61631,1.61782
EURCAD,2026-07-08 17:00:00+00:00,1.61778,1.61915,1.61758,1.6187
EURCAD,2026-07-08 18:00:00+00:00,1.61878,1.61913,1.61837,1.61873
EURCAD,2026-07-08 19:00:00+00:00,1.61875,1.61896,1.61799,1.61862
EURCAD,2026-07-08 20:00:00+00:00,1.61857,1.61868,1.61754,1.61805
EURCAD,2026-07-08 21:00:00+00:00,1.61756,1.61864,1.61746,1.61822
EURCAD,2026-07-08 22:00:00+00:00,1.61822,1.6184,1.61776,1.61794
EURCAD,2026-07-08 23:00:00+00:00,1.61796,1.61822,1.61764,1.61802
EURCAD,2026-07-09 00:00:00+00:00,1.6181,1.6185,1.6179,1.61808
EURCAD,2026-07-09 01:00:00+00:00,1.61808,1.61822,1.6178,1.61808
EURCAD,2026-07-09 02:00:00+00:00,1.61808,1.61848,1.61799,1.61814
EURCAD,2026-07-09 03:00:00+00:00,1.61814,1.6187,1.61798,1.61854
EURCAD,2026-07-09 04:00:00+00:00,1.61853,1.61861,1.61822,1.61829
EURCAD,2026-07-09 05:00:00+00:00,1.61828,1.61908,1.61824,1.61895
EURCAD,2026-07-09 06:00:00+00:00,1.61897,1.62047,1.61896,1.62009
EURCAD,2026-07-09 07:00:00+00:00,1.6201,1.62148,1.61994,1.62118
EURCAD,2026-07-09 08:00:00+00:00,1.62117,1.62215,1.62088,1.62104
EURCAD,2026-07-09 09:00:00+00:00,1.621,1.62122,1.62029,1.62042
EURCAD,2026-07-09 10:00:00+00:00,1.62043,1.62044,1.61902,1.61917
EURCAD,2026-07-09 11:00:00+00:00,1.61917,1.62024,1.61916,1.61989
EURCAD,2026-07-09 12:00:00+00:00,1.6199,1.62032,1.61913,1.61945
EURCAD,2026-07-09 13:00:00+00:00,1.61951,1.62192,1.61935,1.6219
EURCAD,2026-07-09 14:00:00+00:00,1.62189,1.6223,1.6197,1.62006
EURCAD,2026-07-09 15:00:00+00:00,1.62006,1.62048,1.61924,1.62001
EURCAD,2026-07-09 16:00:00+00:00,1.62,1.62025,1.61942,1.6198
EURCAD,2026-07-09 17:00:00+00:00,1.6198,1.62017,1.61954,1.61992
EURCAD,2026-07-09 18:00:00+00:00,1.61992,1.62016,1.61931,1.6196
EURCAD,2026-07-09 19:00:00+00:00,1.61958,1.61984,1.61906,1.61936
EURCAD,2026-07-09 20:00:00+00:00,1.61937,1.61964,1.619,1.61926
EURCAD,2026-07-09 21:00:00+00:00,1.6196,1.62034,1.61938,1.61985
EURCAD,2026-07-09 22:00:00+00:00,1.61988,1.6202,1.6192,1.62004
EURCAD,2026-07-09 23:00:00+00:00,1.62005,1.62014,1.61968,1.61973
EURCAD,2026-07-10 00:00:00+00:00,1.61972,1.62034,1.6197,1.62008
EURCAD,2026-07-10 01:00:00+00:00,1.62005,1.62026,1.61974,1.61995
EURCAD,2026-07-10 02:00:00+00:00,1.61997,1.62066,1.61986,1.61993
EURCAD,2026-07-10 03:00:00+00:00,1.61994,1.62005,1.61955,1.61976
EURCAD,2026-07-10 04:00:00+00:00,1.61972,1.61996,1.61954,1.61972
EURCAD,2026-07-10 05:00:00+00:00,1.61972,1.62005,1.6195,1.61995
EURCAD,2026-07-10 06:00:00+00:00,1.61996,1.62077,1.61952,1.61963
EURCAD,2026-07-10 07:00:00+00:00,1.61966,1.62038,1.61952,1.62002
EURCAD,2026-07-10 08:00:00+00:00,1.62003,1.6206,1.61937,1.61951
EURCAD,2026-07-10 09:00:00+00:00,1.61954,1.62008,1.61903,1.61916
EURCAD,2026-07-10 10:00:00+00:00,1.6192,1.61993,1.61896,1.61945
EURCAD,2026-07-10 11:00:00+00:00,1.61945,1.61991,1.61783,1.61816
EURCAD,2026-07-10 12:00:00+00:00,1.6182,1.6186,1.61599,1.61654
EURCAD,2026-07-10 13:00:00+00:00,1.61654,1.61792,1.616,1.6175
EURCAD,2026-07-10 14:00:00+00:00,1.61752,1.61814,1.61602,1.61634
EURCAD,2026-07-10 15:00:00+00:00,1.61633,1.6169,1.6159,1.61649
EURCAD,2026-07-10 16:00:00+00:00,1.6165,1.61672,1.61427,1.61428
EURCAD,2026-07-10 17:00:00+00:00,1.6143,1.6151,1.61414,1.61496
EURCAD,2026-07-10 18:00:00+00:00,1.61498,1.61556,1.61477,1.61556
EURCAD,2026-07-10 19:00:00+00:00,1.61556,1.61608,1.61544,1.616
EURCAD,2026-07-10 20:00:00+00:00,1.61601,1.61636,1.61548,1.61587
EURCAD,2026-07-12 21:00:00+00:00,1.61424,1.61549,1.61416,1.61506
EURCAD,2026-07-12 22:00:00+00:00,1.61508,1.61524,1.61364,1.61453
EURCAD,2026-07-12 23:00:00+00:00,1.61452,1.61529,1.61438,1.61525
EURCAD,2026-07-13 00:00:00+00:00,1.61524,1.61568,1.61448,1.61456
EURCAD,2026-07-13 01:00:00+00:00,1.61456,1.61458,1.61366,1.61402
EURCAD,2026-07-13 02:00:00+00:00,1.61403,1.61456,1.61384,1.61432
EURCAD,2026-07-13 03:00:00+00:00,1.61432,1.6145,1.61404,1.61422
EURCAD,2026-07-13 04:00:00+00:00,1.61421,1.61427,1.61394,1.61406
EURCAD,2026-07-13 05:00:00+00:00,1.61407,1.61468,1.61404,1.61445
EURCAD,2026-07-13 06:00:00+00:00,1.61446,1.61546,1.61385,1.61458
EURCAD,2026-07-13 07:00:00+00:00,1.61459,1.61612,1.61442,1.61582
EURCAD,2026-07-13 08:00:00+00:00,1.61583,1.61766,1.61569,1.61648
EURCAD,2026-07-13 09:00:00+00:00,1.61648,1.61686,1.6159,1.61644
EURCAD,2026-07-13 10:00:00+00:00,1.61644,1.6166,1.61548,1.61558
EURCAD,2026-07-13 11:00:00+00:00,1.61562,1.61571,1.61446,1.61516
EURCAD,2026-07-13 12:00:00+00:00,1.61513,1.61569,1.61458,1.61564
EURCAD,2026-07-13 13:00:00+00:00,1.61566,1.61593,1.6141,1.61426
EURCAD,2026-07-13 14:00:00+00:00,1.61428,1.61468,1.61222,1.61306
EURCAD,2026-07-13 15:00:00+00:00,1.61308,1.61319,1.61128,1.61228
EURCAD,2026-07-13 16:00:00+00:00,1.61228,1.61232,1.61064,1.61132
EURCAD,2026-07-13 17:00:00+00:00,1.61135,1.61182,1.61074,1.61082
EURCAD,2026-07-13 18:00:00+00:00,1.61082,1.61152,1.61066,1.61134
EURCAD,2026-07-13 19:00:00+00:00,1.61128,1.61186,1.61112,1.61132
EURCAD,2026-07-13 20:00:00+00:00,1.61133,1.61144,1.61056,1.61106
EURCAD,2026-07-13 21:00:00+00:00,1.61117,1.61184,1.61104,1.6115
EURCAD,2026-07-13 22:00:00+00:00,1.61145,1.61145,1.61068,1.61069
EURCAD,2026-07-13 23:00:00+00:00,1.61068,1.61101,1.6104,1.61062
EURCAD,2026-07-14 00:00:00+00:00,1.61061,1.61112,1.61039,1.61068
EURCAD,2026-07-14 01:00:00+00:00,1.61068,1.61102,1.61052,1.6107
EURCAD,2026-07-14 02:00:00+00:00,1.61072,1.61088,1.60973,1.60981
EURCAD,2026-07-14 03:00:00+00:00,1.6098,1.61023,1.60948,1.61007
EURCAD,2026-07-14 04:00:00+00:00,1.61008,1.61016,1.60944,1.60962
EURCAD,2026-07-14 05:00:00+00:00,1.60962,1.61024,1.6096,1.60981
EURCAD,2026-07-14 06:00:00+00:00,1.60982,1.60986,1.60902,1.6093
EURCAD,2026-07-14 07:00:00+00:00,1.60934,1.60936,1.60676,1.6073
EURCAD,2026-07-14 08:00:00+00:00,1.6073,1.60816,1.60644,1.60644
EURCAD,2026-07-14 09:00:00+00:00,1.60646,1.60646,1.6051,1.60582
EURCAD,2026-07-14 10:00:00+00:00,1.60582,1.60705,1.60564,1.60696
EURCAD,2026-07-14 11:00:00+00:00,1.60696,1.6101,1.60684,1.60991
EURCAD,2026-07-14 12:00:00+00:00,1.6099,1.61278,1.60818,1.61077
EURCAD,2026-07-14 13:00:00+00:00,1.6108,1.61126,1.60932,1.61116
EURCAD,2026-07-14 14:00:00+00:00,1.61122,1.61126,1.60828,1.6088
EURCAD,2026-07-14 15:00:00+00:00,1.60876,1.60918,1.60738,1.60752
EURCAD,2026-07-14 16:00:00+00:00,1.60756,1.60807,1.6071,1.60726
EURCAD,2026-07-14 17:00:00+00:00,1.60726,1.60772,1.60674,1.6071
EURCAD,2026-07-14 18:00:00+00:00,1.60712,1.60742,1.60665,1.60682
EURCAD,2026-07-14 19:00:00+00:00,1.60681,1.60732,1.60631,1.60643
EURCAD,2026-07-14 20:00:00+00:00,1.60648,1.60677,1.6054,1.60572
EURCAD,2026-07-14 21:00:00+00:00,1.6063,1.60691,1.60596,1.6061
EURCAD,2026-07-14 22:00:00+00:00,1.60622,1.6065,1.60535,1.60563
EURCAD,2026-07-14 23:00:00+00:00,1.60564,1.60584,1.60504,1.60532
EURCAD,2026-07-15 00:00:00+00:00,1.60536,1.6063,1.60534,1.60601
EURCAD,2026-07-15 01:00:00+00:00,1.606,1.6067,1.60579,1.60616
EURCAD,2026-07-15 02:00:00+00:00,1.60613,1.60649,1.6059,1.60628
EURCAD,2026-07-15 03:00:00+00:00,1.60629,1.60668,1.60626,1.60654
EURCAD,2026-07-15 04:00:00+00:00,1.60655,1.60691,1.60642,1.60674
EURCAD,2026-07-15 05:00:00+00:00,1.60678,1.60776,1.60649,1.60763
EURCAD,2026-07-15 06:00:00+00:00,1.60766,1.6081,1.60659,1.60665
EURCAD,2026-07-15 07:00:00+00:00,1.60664,1.60676,1.60488,1.60522
EURCAD,2026-07-15 08:00:00+00:00,1.60523,1.60575,1.60478,1.60568
EURCAD,2026-07-15 09:00:00+00:00,1.6057,1.60586,1.605,1.60513
EURCAD,2026-07-15 10:00:00+00:00,1.60512,1.60576,1.60494,1.60569
EURCAD,2026-07-15 11:00:00+00:00,1.60568,1.60638,1.60521,1.60549
EURCAD,2026-07-15 12:00:00+00:00,1.60554,1.60639,1.6052,1.60606
EURCAD,2026-07-15 13:00:00+00:00,1.60608,1.60809,1.60589,1.60772
EURCAD,2026-07-15 14:00:00+00:00,1.60774,1.60818,1.60668,1.60704
EURCAD,2026-07-15 15:00:00+00:00,1.60704,1.60758,1.60572,1.60644
EURCAD,2026-07-15 16:00:00+00:00,1.60642,1.6077,1.60608,1.60743
EURCAD,2026-07-15 17:00:00+00:00,1.60744,1.61014,1.6074,1.60986
EURCAD,2026-07-15 18:00:00+00:00,1.60986,1.61046,1.60972,1.61016
EURCAD,2026-07-15 19:00:00+00:00,1.61011,1.6107,1.6094,1.6097
EURCAD,2026-07-15 20:00:00+00:00,1.60968,1.6101,1.60928,1.6096
EURCAD,2026-07-15 21:00:00+00:00,1.60915,1.60997,1.60897,1.60964
EURCAD,2026-07-15 22:00:00+00:00,1.60953,1.60992,1.60948,1.6099
EURCAD,2026-07-15 23:00:00+00:00,1.60991,1.60996,1.60966,1.60996
EURCAD,2026-07-16 00:00:00+00:00,1.60994,1.61076,1.60988,1.6106
EURCAD,2026-07-16 01:00:00+00:00,1.61058,1.61084,1.61041,1.61064
EURCAD,2026-07-16 02:00:00+00:00,1.61062,1.61074,1.61012,1.61064
EURCAD,2026-07-16 03:00:00+00:00,1.61064,1.61076,1.61046,1.61052
EURCAD,2026-07-16 04:00:00+00:00,1.61052,1.61054,1.61008,1.61049
EURCAD,2026-07-16 05:00:00+00:00,1.61051,1.61095,1.6103,1.61042
EURCAD,2026-07-16 06:00:00+00:00,1.6105,1.61102,1.61016,1.61017
EURCAD,2026-07-16 07:00:00+00:00,1.6102,1.61153,1.61013,1.61086
EURCAD,2026-07-16 08:00:00+00:00,1.61091,1.61109,1.60971,1.6098
EURCAD,2026-07-16 09:00:00+00:00,1.60979,1.61012,1.60958,1.60979
EURCAD,2026-07-16 10:00:00+00:00,1.60982,1.60982,1.60842,1.60851
EURCAD,2026-07-16 11:00:00+00:00,1.60845,1.60928,1.60784,1.60912
EURCAD,2026-07-16 12:00:00+00:00,1.60912,1.60914,1.60563,1.6057
EURCAD,2026-07-16 13:00:00+00:00,1.60574,1.60592,1.60486,1.6053
EURCAD,2026-07-16 14:00:00+00:00,1.6053,1.60598,1.60424,1.6055
EURCAD,2026-07-16 15:00:00+00:00,1.60548,1.60682,1.60528,1.60632
EURCAD,2026-07-16 16:00:00+00:00,1.60631,1.60672,1.60594,1.60646
EURCAD,2026-07-16 17:00:00+00:00,1.60647,1.60722,1.60634,1.60699
EURCAD,2026-07-16 18:00:00+00:00,1.607,1.60731,1.60666,1.60672
EURCAD,2026-07-16 19:00:00+00:00,1.60673,1.60722,1.60646,1.60701
EURCAD,2026-07-16 20:00:00+00:00,1.60696,1.60748,1.60656,1.60668
EURCAD,2026-07-16 21:00:00+00:00,1.60686,1.60734,1.60678,1.60707
EURCAD,2026-07-16 22:00:00+00:00,1.60718,1.60718,1.6065,1.60683
EURCAD,2026-07-16 23:00:00+00:00,1.60684,1.60694,1.60654,1.60667
EURCAD,2026-07-17 00:00:00+00:00,1.60666,1.6069,1.60612,1.60641
EURCAD,2026-07-17 01:00:00+00:00,1.6064,1.60662,1.60544,1.60578
EURCAD,2026-07-17 02:00:00+00:00,1.60578,1.60608,1.60567,1.6058
EURCAD,2026-07-17 03:00:00+00:00,1.60581,1.606,1.6055,1.6056
EURCAD,2026-07-17 04:00:00+00:00,1.60561,1.60569,1.60509,1.60528
EURCAD,2026-07-17 05:00:00+00:00,1.60529,1.60592,1.60509,1.60571
EURCAD,2026-07-17 06:00:00+00:00,1.60574,1.60694,1.60568,1.60652
EURCAD,2026-07-17 07:00:00+00:00,1.60653,1.60668,1.60555,1.60556
EURCAD,2026-07-17 08:00:00+00:00,1.60554,1.6062,1.60492,1.60528
EURCAD,2026-07-17 09:00:00+00:00,1.60529,1.60552,1.605,1.60516
EURCAD,2026-07-17 10:00:00+00:00,1.60519,1.60522,1.6037,1.60399
EURCAD,2026-07-17 11:00:00+00:00,1.60404,1.60434,1.60288,1.60314
EURCAD,2026-07-17 12:00:00+00:00,1.60316,1.60371,1.60224,1.6029
EURCAD,2026-07-17 13:00:00+00:00,1.60289,1.60292,1.60119,1.6022
EURCAD,2026-07-17 14:00:00+00:00,1.60219,1.60332,1.60166,1.60301
EURCAD,2026-07-17 15:00:00+00:00,1.60302,1.60386,1.60244,1.60334
EURCAD,2026-07-17 16:00:00+00:00,1.60333,1.60342,1.60198,1.60245
EURCAD,2026-07-17 17:00:00+00:00,1.60244,1.60274,1.60216,1.60251
EURCAD,2026-07-17 18:00:00+00:00,1.60249,1.60266,1.60202,1.60222
EURCAD,2026-07-17 19:00:00+00:00,1.6022,1.60334,1.60218,1.60286
EURCAD,2026-07-17 20:00:00+00:00,1.60287,1.60378,1.6027,1.60375
EURCAD,2026-07-19 21:00:00+00:00,1.60141,1.60246,1.60136,1.60218
EURCAD,2026-07-19 22:00:00+00:00,1.60202,1.60278,1.60193,1.60196
EURCAD,2026-07-19 23:00:00+00:00,1.60194,1.60216,1.60158,1.60206
EURCAD,2026-07-20 00:00:00+00:00,1.60206,1.60224,1.6019,1.60208
EURCAD,2026-07-20 01:00:00+00:00,1.60211,1.60224,1.60165,1.60188
EURCAD,2026-07-20 02:00:00+00:00,1.60184,1.60273,1.60164,1.60254
EURCAD,2026-07-20 03:00:00+00:00,1.60258,1.60285,1.60249,1.60261
EURCAD,2026-07-20 04:00:00+00:00,1.6026,1.6028,1.60254,1.60278
EURCAD,2026-07-20 05:00:00+00:00,1.60278,1.60312,1.60268,1.6028
EURCAD,2026-07-20 06:00:00+00:00,1.6028,1.60296,1.60174,1.60198
EURCAD,2026-07-20 07:00:00+00:00,1.602,1.60387,1.60152,1.60381
EURCAD,2026-07-20 08:00:00+00:00,1.60382,1.60459,1.60361,1.60403
EURCAD,2026-07-20 09:00:00+00:00,1.60402,1.60413,1.60332,1.60364
EURCAD,2026-07-20 10:00:00+00:00,1.60366,1.60383,1.60292,1.6033
EURCAD,2026-07-20 11:00:00+00:00,1.60328,1.60468,1.60282,1.60418
EURCAD,2026-07-20 12:00:00+00:00,1.60419,1.60496,1.60282,1.60445
EURCAD,2026-07-20 13:00:00+00:00,1.60446,1.6049,1.60296,1.60296
EURCAD,2026-07-20 14:00:00+00:00,1.60294,1.6034,1.60214,1.60338
EURCAD,2026-07-20 15:00:00+00:00,1.60339,1.60489,1.60314,1.6044
EURCAD,2026-07-20 16:00:00+00:00,1.60439,1.60462,1.60386,1.60412
EURCAD,2026-07-20 17:00:00+00:00,1.60412,1.60484,1.60405,1.60433
EURCAD,2026-07-20 18:00:00+00:00,1.60434,1.60496,1.60432,1.60483
EURCAD,2026-07-20 19:00:00+00:00,1.60484,1.60572,1.60469,1.6056
EURCAD,2026-07-20 20:00:00+00:00,1.60558,1.60602,1.60538,1.60591
EURCAD,2026-07-20 21:00:00+00:00,1.60681,1.60788,1.60679,1.60702
EURCAD,2026-07-20 22:00:00+00:00,1.60712,1.60731,1.60652,1.60673
EURCAD,2026-07-20 23:00:00+00:00,1.60672,1.60677,1.60616,1.60637
EURCAD,2026-07-21 00:00:00+00:00,1.60638,1.60672,1.60625,1.60631
EURCAD,2026-07-21 01:00:00+00:00,1.6063,1.60684,1.60619,1.60652
EURCAD,2026-07-21 02:00:00+00:00,1.60652,1.60698,1.60633,1.60669
EURCAD,2026-07-21 03:00:00+00:00,1.6067,1.60708,1.60616,1.60674
EURCAD,2026-07-21 04:00:00+00:00,1.60676,1.60692,1.60636,1.60662
EURCAD,2026-07-21 05:00:00+00:00,1.60661,1.60682,1.60623,1.60654
EURCAD,2026-07-21 06:00:00+00:00,1.60652,1.60752,1.60614,1.60618
EURCAD,2026-07-21 07:00:00+00:00,1.6062,1.6068,1.60605,1.60656
EURCAD,2026-07-21 08:00:00+00:00,1.60657,1.60702,1.6063,1.60648
EURCAD,2026-07-21 09:00:00+00:00,1.60647,1.60678,1.60556,1.60566
EURCAD,2026-07-21 10:00:00+00:00,1.60565,1.60657,1.60551,1.6057
EURCAD,2026-07-21 11:00:00+00:00,1.60568,1.60684,1.60539,1.60618
EURCAD,2026-07-21 12:00:00+00:00,1.60618,1.60746,1.60612,1.60698
EURCAD,2026-07-21 13:00:00+00:00,1.60699,1.608,1.6062,1.60764
EURCAD,2026-07-21 14:00:00+00:00,1.60764,1.60812,1.60706,1.60724
EURCAD,2026-07-21 15:00:00+00:00,1.60716,1.60837,1.60693,1.60814
EURCAD,2026-07-21 16:00:00+00:00,1.60814,1.60912,1.60813,1.60828
EURCAD,2026-07-21 17:00:00+00:00,1.60829,1.60906,1.60808,1.60856
EURCAD,2026-07-21 18:00:00+00:00,1.60858,1.60878,1.60812,1.60858
EURCAD,2026-07-21 19:00:00+00:00,1.60854,1.60876,1.6082,1.60823
EURCAD,2026-07-21 20:00:00+00:00,1.60824,1.60839,1.6079,1.60812
EURCAD,2026-07-21 21:00:00+00:00,1.60834,1.60881,1.60822,1.60866
EURCAD,2026-07-21 22:00:00+00:00,1.60873,1.60876,1.60794,1.60834
EURCAD,2026-07-21 23:00:00+00:00,1.60836,1.60855,1.60824,1.6083
EURCAD,2026-07-22 00:00:00+00:00,1.60828,1.60876,1.60826,1.60852
EURCAD,2026-07-22 01:00:00+00:00,1.60851,1.60852,1.60783,1.60822
EURCAD,2026-07-22 02:00:00+00:00,1.60821,1.60914,1.6081,1.60874
EURCAD,2026-07-22 03:00:00+00:00,1.60874,1.60902,1.60862,1.60898
EURCAD,2026-07-22 04:00:00+00:00,1.60896,1.60916,1.60888,1.60912
EURCAD,2026-07-22 05:00:00+00:00,1.60915,1.60922,1.60882,1.60905
EURCAD,2026-07-22 06:00:00+00:00,1.60898,1.60923,1.60861,1.60886
EURCAD,2026-07-22 07:00:00+00:00,1.60885,1.60889,1.60696,1.60752
EURCAD,2026-07-22 08:00:00+00:00,1.60752,1.60819,1.60736,1.6081
EURCAD,2026-07-22 09:00:00+00:00,1.6081,1.60861,1.60749,1.60758
EURCAD,2026-07-22 10:00:00+00:00,1.60758,1.60874,1.60754,1.60796
EURCAD,2026-07-22 11:00:00+00:00,1.60798,1.60804,1.60691,1.60721
EURCAD,2026-07-22 12:00:00+00:00,1.60724,1.60764,1.60668,1.60748
EURCAD,2026-07-22 13:00:00+00:00,1.60748,1.60876,1.60724,1.6081
EURCAD,2026-07-22 14:00:00+00:00,1.60816,1.60826,1.60656,1.60687
EURCAD,2026-07-22 15:00:00+00:00,1.60686,1.60762,1.60673,1.6076
EURCAD,2026-07-22 16:00:00+00:00,1.60757,1.60804,1.6071,1.60791
EURCAD,2026-07-22 17:00:00+00:00,1.60792,1.60812,1.60778,1.60792
EURCAD,2026-07-22 18:00:00+00:00,1.6079,1.60797,1.60714,1.60721
EURCAD,2026-07-22 19:00:00+00:00,1.6072,1.60754,1.60708,1.60714
EURCAD,2026-07-22 20:00:00+00:00,1.60714,1.60772,1.60677,1.60758
EURCAD,2026-07-22 21:00:00+00:00,1.60696,1.60736,1.60679,1.60706
EURCAD,2026-07-22 22:00:00+00:00,1.60706,1.6071,1.60684,1.60702
EURCAD,2026-07-22 23:00:00+00:00,1.60704,1.6073,1.60699,1.60722
EURCAD,2026-07-23 00:00:00+00:00,1.60722,1.60751,1.6071,1.60732
EURCAD,2026-07-23 01:00:00+00:00,1.60736,1.6074,1.60652,1.60661
EURCAD,2026-07-23 02:00:00+00:00,1.60662,1.60744,1.60658,1.60713
EURCAD,2026-07-23 03:00:00+00:00,1.60714,1.60746,1.60703,1.6073
EURCAD,2026-07-23 04:00:00+00:00,1.60729,1.60787,1.60718,1.6078
EURCAD,2026-07-23 05:00:00+00:00,1.60779,1.60801,1.60724,1.60736
EURCAD,2026-07-23 06:00:00+00:00,1.60735,1.60745,1.60664,1.60694
EURCAD,2026-07-23 07:00:00+00:00,1.60693,1.60749,1.60595,1.6072
EURCAD,2026-07-23 08:00:00+00:00,1.60722,1.60735,1.60555,1.606
EURCAD,2026-07-23 09:00:00+00:00,1.606,1.60694,1.60597,1.60691
EURCAD,2026-07-23 10:00:00+00:00,1.60692,1.60702,1.60597,1.60603
EURCAD,2026-07-23 11:00:00+00:00,1.60601,1.60608,1.60356,1.6041
EURCAD,2026-07-23 12:00:00+00:00,1.60411,1.60416,1.60247,1.60313
EURCAD,2026-07-23 13:00:00+00:00,1.60312,1.60318,1.60089,1.60097
EURCAD,2026-07-23 14:00:00+00:00,1.60104,1.60207,1.60034,1.6016
EURCAD,2026-07-23 15:00:00+00:00,1.6016,1.60279,1.6016,1.60201
EURCAD,2026-07-23 16:00:00+00:00,1.60202,1.60272,1.60167,1.60178
EURCAD,2026-07-23 17:00:00+00:00,1.6018,1.60188,1.60096,1.601
EURCAD,2026-07-23 18:00:00+00:00,1.601,1.60156,1.60098,1.60111
EURCAD,2026-07-23 19:00:00+00:00,1.60115,1.60232,1.60115,1.60213
EURCAD,2026-07-23 20:00:00+00:00,1.60218,1.60307,1.60214,1.60228
EURCAD,2026-07-23 21:00:00+00:00,1.60228,1.60262,1.60182,1.60208
EURCAD,2026-07-23 22:00:00+00:00,1.60209,1.60264,1.60194,1.60252
EURCAD,2026-07-23 23:00:00+00:00,1.60254,1.60268,1.60228,1.60239
EURCAD,2026-07-24 00:00:00+00:00,1.60234,1.60244,1.60138,1.6018
EURCAD,2026-07-24 01:00:00+00:00,1.60179,1.60216,1.60158,1.60199
EURCAD,2026-07-24 02:00:00+00:00,1.60198,1.6025,1.60194,1.60222
EURCAD,2026-07-24 03:00:00+00:00,1.60222,1.60234,1.60182,1.60224
EURCAD,2026-07-24 04:00:00+00:00,1.60224,1.60247,1.60215,1.60236
EURCAD,2026-07-24 05:00:00+00:00,1.60238,1.60251,1.60212,1.6023
EURCAD,2026-07-24 06:00:00+00:00,1.6023,1.60288,1.60222,1.60268
EURCAD,2026-07-24 07:00:00+00:00,1.60268,1.60384,1.60256,1.6032
EURCAD,2026-07-24 08:00:00+00:00,1.60324,1.6033,1.60234,1.6026
EURCAD,2026-07-24 09:00:00+00:00,1.60261,1.60387,1.60259,1.60354
EURCAD,2026-07-24 10:00:00+00:00,1.60354,1.6037,1.60215,1.60254
EURCAD,2026-07-24 11:00:00+00:00,1.60252,1.60356,1.6021,1.60244
EURCAD,2026-07-24 12:00:00+00:00,1.60244,1.60386,1.60224,1.60382
EURCAD,2026-07-24 13:00:00+00:00,1.60382,1.6046,1.60306,1.60382
EURCAD,2026-07-24 14:00:00+00:00,1.60381,1.60389,1.60209,1.6022
EURCAD,2026-07-24 15:00:00+00:00,1.6022,1.60369,1.60204,1.60288
EURCAD,2026-07-24 16:00:00+00:00,1.60288,1.60314,1.60247,1.60252
EURCAD,2026-07-24 17:00:00+00:00,1.60253,1.60286,1.60222,1.60276
EURCAD,2026-07-24 18:00:00+00:00,1.60276,1.60289,1.60248,1.60269
EURCAD,2026-07-24 19:00:00+00:00,1.60274,1.60344,1.60262,1.6032
EURCAD,2026-07-24 20:00:00+00:00,1.60322,1.60359,1.6025,1.60252
EURCAD,2026-07-26 21:00:00+00:00,1.60548,1.60552,1.60441,1.60458
EURCAD,2026-07-26 22:00:00+00:00,1.60442,1.60552,1.60442,1.60474
EURCAD,2026-07-26 23:00:00+00:00,1.60476,1.60519,1.60442,1.60512
EURCAD,2026-07-27 00:00:00+00:00,1.60511,1.60642,1.60484,1.60543
EURCAD,2026-07-27 01:00:00+00:00,1.60542,1.60611,1.60533,1.6061
EURCAD,2026-07-27 02:00:00+00:00,1.60609,1.60614,1.60565,1.60568
EURCAD,2026-07-27 03:00:00+00:00,1.60568,1.60604,1.60565,1.60587
EURCAD,2026-07-27 04:00:00+00:00,1.60586,1.60626,1.60585,1.60598
EURCAD,2026-07-27 05:00:00+00:00,1.60597,1.60656,1.6059,1.60654
EURCAD,2026-07-27 06:00:00+00:00,1.60652,1.60917,1.60652,1.60816
EURCAD,2026-07-27 07:00:00+00:00,1.60816,1.60841,1.60652,1.60656
EURCAD,2026-07-27 08:00:00+00:00,1.60653,1.60756,1.60606,1.60748
EURCAD,2026-07-27 09:00:00+00:00,1.60752,1.60778,1.60718,1.60754
EURCAD,2026-07-27 10:00:00+00:00,1.60755,1.60795,1.60702,1.60748
EURCAD,2026-07-27 11:00:00+00:00,1.60748,1.60754,1.60622,1.60637
EURCAD,2026-07-27 12:00:00+00:00,1.60638,1.60672,1.605,1.60601
EURCAD,2026-07-27 13:00:00+00:00,1.60602,1.60638,1.60364,1.60383
EURCAD,2026-07-27 14:00:00+00:00,1.60382,1.60541,1.6037,1.60497
EURCAD,2026-07-27 15:00:00+00:00,1.60497,1.60554,1.60445,1.60518
EURCAD,2026-07-27 16:00:00+00:00,1.60516,1.6063,1.60514,1.60588
EURCAD,2026-07-27 17:00:00+00:00,1.60588,1.60604,1.60515,1.60582
EURCAD,2026-07-27 18:00:00+00:00,1.60581,1.60606,1.6055,1.60572
EURCAD,2026-07-27 19:00:00+00:00,1.60573,1.60588,1.60536,1.60556
EURCAD,2026-07-27 20:00:00+00:00,1.60556,1.60613,1.60554,1.60562
EURCAD,2026-07-27 21:00:00+00:00,1.60557,1.60646,1.60548,1.60612
EURCAD,2026-07-27 22:00:00+00:00,1.60616,1.60618,1.6055,1.60562
EURCAD,2026-07-27 23:00:00+00:00,1.60563,1.60592,1.60562,1.60583
EURCAD,2026-07-28 00:00:00+00:00,1.60582,1.60638,1.60548,1.60573
EURCAD,2026-07-28 01:00:00+00:00,1.60571,1.60614,1.60548,1.60598
EURCAD,2026-07-28 02:00:00+00:00,1.606,1.60622,1.60566,1.60602
EURCAD,2026-07-28 03:00:00+00:00,1.60602,1.6062,1.60554,1.6056
EURCAD,2026-07-28 04:00:00+00:00,1.6056,1.60568,1.60504,1.60508
EURCAD,2026-07-28 05:00:00+00:00,1.60506,1.60524,1.60438,1.60455
EURCAD,2026-07-28 06:00:00+00:00,1.60454,1.60549,1.60449,1.60543
EURCAD,2026-07-28 07:00:00+00:00,1.60546,1.60564,1.60416,1.60446
EURCAD,2026-07-28 08:00:00+00:00,1.60444,1.60502,1.60426,1.60476
EURCAD,2026-07-28 09:00:00+00:00,1.60474,1.60482,1.60297,1.60302
EURCAD,2026-07-28 10:00:00+00:00,1.603,1.6034,1.60258,1.6028
EURCAD,2026-07-28 11:00:00+00:00,1.60278,1.60376,1.60256,1.60327
EURCAD,2026-07-28 12:00:00+00:00,1.6034,1.60431,1.60295,1.60406
EURCAD,2026-07-28 13:00:00+00:00,1.60406,1.60412,1.60291,1.60344
EURCAD,2026-07-28 14:00:00+00:00,1.60344,1.60593,1.60309,1.60587
EURCAD,2026-07-28 15:00:00+00:00,1.60586,1.6066,1.60526,1.60653
EURCAD,2026-07-28 16:00:00+00:00,1.60652,1.60701,1.60546,1.60546
EURCAD,2026-07-28 17:00:00+00:00,1.60547,1.60691,1.60544,1.60644
EURCAD,2026-07-28 18:00:00+00:00,1.60645,1.60672,1.60579,1.60609
EURCAD,2026-07-28 19:00:00+00:00,1.6061,1.60684,1.60599,1.60673
EURCAD,2026-07-28 20:00:00+00:00,1.60674,1.60694,1.60616,1.6064
EURCAD,2026-07-28 21:00:00+00:00,1.60649,1.60708,1.6064,1.6066
EURCAD,2026-07-28 22:00:00+00:00,1.60655,1.60663,1.60556,1.60586
EURCAD,2026-07-28 23:00:00+00:00,1.6059,1.6062,1.60559,1.60615
EURCAD,2026-07-29 00:00:00+00:00,1.60618,1.60641,1.60588,1.6062
EURCAD,2026-07-29 01:00:00+00:00,1.60622,1.6063,1.60563,1.606
EURCAD,2026-07-29 02:00:00+00:00,1.60601,1.60645,1.60584,1.6063
EURCAD,2026-07-29 03:00:00+00:00,1.60629,1.6067,1.60604,1.60612
EURCAD,2026-07-29 04:00:00+00:00,1.6061,1.6067,1.60608,1.60644
EURCAD,2026-07-29 05:00:00+00:00,1.60643,1.60655,1.60597,1.60614
EURCAD,2026-07-29 06:00:00+00:00,1.60608,1.60626,1.60522,1.6059
EURCAD,2026-07-29 07:00:00+00:00,1.6059,1.60674,1.60561,1.6065
EURCAD,2026-07-29 08:00:00+00:00,1.60652,1.60694,1.60605,1.60668
EURCAD,2026-07-29 09:00:00+00:00,1.60668,1.60672,1.60606,1.60648
EURCAD,2026-07-29 10:00:00+00:00,1.60648,1.60696,1.60505,1.60528
EURCAD,2026-07-29 11:00:00+00:00,1.60527,1.60546,1.60452,1.60474
EURCAD,2026-07-29 12:00:00+00:00,1.60472,1.60525,1.60328,1.60348
EURCAD,2026-07-29 13:00:00+00:00,1.60348,1.60458,1.6034,1.60402
EURCAD,2026-07-29 14:00:00+00:00,1.60402,1.60508,1.60358,1.60372
EURCAD,2026-07-29 15:00:00+00:00,1.6037,1.60412,1.60318,1.60352
EURCAD,2026-07-29 16:00:00+00:00,1.60355,1.60475,1.60306,1.6047
EURCAD,2026-07-29 17:00:00+00:00,1.6047,1.60663,1.60464,1.60589
EURCAD,2026-07-29 18:00:00+00:00,1.60594,1.60862,1.60504,1.60784
EURCAD,2026-07-29 19:00:00+00:00,1.60783,1.60972,1.60658,1.60924
EURCAD,2026-07-29 20:00:00+00:00,1.60924,1.61134,1.60846,1.6108
EURCAD,2026-07-29 21:00:00+00:00,1.60975,1.61026,1.60917,1.6098
EURCAD,2026-07-29 22:00:00+00:00,1.60968,1.61049,1.60946,1.61046
EURCAD,2026-07-29 23:00:00+00:00,1.61046,1.61064,1.60926,1.60938
EURCAD,2026-07-30 00:00:00+00:00,1.60939,1.60954,1.6086,1.60892
EURCAD,2026-07-30 01:00:00+00:00,1.60892,1.60929,1.60868,1.60894
EURCAD,2026-07-30 02:00:00+00:00,1.60891,1.60914,1.60874,1.60892
EURCAD,2026-07-30 03:00:00+00:00,1.60892,1.6091,1.60849,1.6088
EURCAD,2026-07-30 04:00:00+00:00,1.60882,1.60962,1.60874,1.60926
EURCAD,2026-07-30 05:00:00+00:00,1.60928,1.60942,1.60876,1.60889
EURCAD,2026-07-30 06:00:00+00:00,1.60888,1.60914,1.60831,1.60863
EURCAD,2026-07-30 07:00:00+00:00,1.60864,1.60923,1.60799,1.6087
EURCAD,2026-07-30 08:00:00+00:00,1.60867,1.61024,1.60864,1.60918
EURCAD,2026-07-30 09:00:00+00:00,1.6092,1.61081,1.6092,1.61034
EURCAD,2026-07-30 10:00:00+00:00,1.61033,1.61225,1.61014,1.61107
EURCAD,2026-07-30 11:00:00+00:00,1.61108,1.61144,1.61037,1.61137
EURCAD,2026-07-30 12:00:00+00:00,1.61138,1.61262,1.6109,1.61232
EURCAD,2026-07-30 13:00:00+00:00,1.61231,1.61488,1.61139,1.61432
EURCAD,2026-07-30 14:00:00+00:00,1.61432,1.61574,1.61215,1.6123
EURCAD,2026-07-30 15:00:00+00:00,1.6123,1.61404,1.6119,1.61318
EURCAD,2026-07-30 16:00:00+00:00,1.61318,1.61452,1.61276,1.61324
EURCAD,2026-07-30 17:00:00+00:00,1.61322,1.61354,1.61228,1.6134
EURCAD,2026-07-30 18:00:00+00:00,1.61342,1.61436,1.61335,1.61423
EURCAD,2026-07-30 19:00:00+00:00,1.61426,1.61484,1.61418,1.61454
EURCAD,2026-07-30 20:00:00+00:00,1.61455,1.61502,1.61428,1.61494
EURCAD,2026-07-30 21:00:00+00:00,1.61502,1.6155,1.61492,1.61518
EURCAD,2026-07-30 22:00:00+00:00,1.61506,1.61516,1.61432,1.61467
EURCAD,2026-07-30 23:00:00+00:00,1.61468,1.61487,1.6144,1.61462
EURCAD,2026-07-31 00:00:00+00:00,1.61466,1.61491,1.61364,1.61422
EURCAD,2026-07-31 01:00:00+00:00,1.61423,1.61434,1.61341,1.61346
EURCAD,2026-07-31 02:00:00+00:00,1.61347,1.61398,1.61325,1.61361
EURCAD,2026-07-31 03:00:00+00:00,1.61362,1.61413,1.61341,1.61408
EURCAD,2026-07-31 04:00:00+00:00,1.61407,1.61408,1.61294,1.61342
EURCAD,2026-07-31 05:00:00+00:00,1.6134,1.61347,1.6129,1.6132
EURCAD,2026-07-31 06:00:00+00:00,1.61321,1.61452,1.61306,1.61407
EURCAD,2026-07-31 07:00:00+00:00,1.61408,1.61498,1.6137,1.61442
EURCAD,2026-07-31 08:00:00+00:00,1.61442,1.6146,1.61288,1.61415
EURCAD,2026-07-31 09:00:00+00:00,1.61402,1.6142,1.61229,1.61239
EURCAD,2026-07-31 10:00:00+00:00,1.61238,1.61312,1.61232,1.61281
EURCAD,2026-07-31 11:00:00+00:00,1.6128,1.61282,1.61158,1.61206
EURCAD,2026-07-31 12:00:00+00:00,1.61206,1.61368,1.61174,1.61257
EURCAD,2026-07-31 13:00:00+00:00,1.61257,1.61322,1.60712,1.60992
EURCAD,2026-07-31 14:00:00+00:00,1.60993,1.61428,1.60964,1.61412
EURCAD,2026-07-31 15:00:00+00:00,1.61412,1.61604,1.61256,1.61597
EURCAD,2026-07-31 16:00:00+00:00,1.616,1.61605,1.61493,1.61586
EURCAD,2026-07-31 17:00:00+00:00,1.61586,1.61713,1.61559,1.61685
EURCAD,2026-07-31 18:00:00+00:00,1.61686,1.61718,1.61604,1.61648
EURCAD,2026-07-31 19:00:00+00:00,1.6165,1.61691,1.61546,1.61641
EURCAD,2026-07-31 20:00:00+00:00,1.6164,1.61795,1.61548,1.61596
EURCAD,2026-08-02 21:00:00+00:00,1.61803,1.61833,1.61719,1.61816
EURCAD,2026-08-02 22:00:00+00:00,1.61814,1.61908,1.6176,1.61798
EURCAD,2026-08-02 23:00:00+00:00,1.61796,1.61822,1.6175,1.61765
EURCAD,2026-08-03 00:00:00+00:00,1.61763,1.6184,1.61665,1.61838
EURCAD,2026-08-03 01:00:00+00:00,1.61838,1.61897,1.61734,1.61806
EURCAD,2026-08-03 02:00:00+00:00,1.61804,1.6185,1.61791,1.61798
EURCAD,2026-08-03 03:00:00+00:00,1.61798,1.61812,1.61762,1.61802
EURCAD,2026-08-03 04:00:00+00:00,1.61804,1.61872,1.61788,1.61858
EURCAD,2026-08-03 05:00:00+00:00,1.61861,1.61868,1.61832,1.61848
EURCAD,2026-08-03 06:00:00+00:00,1.61848,1.61858,1.61749,1.6181
EURCAD,2026-08-03 07:00:00+00:00,1.6181,1.6189,1.61774,1.61844
EURCAD,2026-08-03 08:00:00+00:00,1.61845,1.61854,1.61768,1.61794
EURCAD,2026-08-03 09:00:00+00:00,1.61794,1.61863,1.61762,1.61793
EURCAD,2026-08-03 10:00:00+00:00,1.61793,1.61826,1.61725,1.61812
EURCAD,2026-08-03 11:00:00+00:00,1.61812,1.61852,1.61737,1.61786
EURCAD,2026-08-03 12:00:00+00:00,1.61784,1.61853,1.61776,1.61836
EURCAD,2026-08-03 13:00:00+00:00,1.61838,1.61949,1.61818,1.61868
EURCAD,2026-08-03 14:00:00+00:00,1.61869,1.61869,1.61594,1.61604
EURCAD,2026-08-03 15:00:00+00:00,1.61604,1.61625,1.61506,1.61596
EURCAD,2026-08-03 16:00:00+00:00,1.616,1.61612,1.61526,1.61586
EURCAD,2026-08-03 17:00:00+00:00,1.61586,1.61624,1.61563,1.61612
EURCAD,2026-08-03 18:00:00+00:00,1.6161,1.61716,1.6161,1.61702
EURCAD,2026-08-03 19:00:00+00:00,1.61702,1.61702,1.61653,1.61658
EURCAD,2026-08-03 20:00:00+00:00,1.61659,1.61664,1.61624,1.61646
EURCAD,2026-08-03 21:00:00+00:00,1.61694,1.617,1.6162,1.61684
EURCAD,2026-08-03 22:00:00+00:00,1.61692,1.61692,1.61625,1.61638
EURCAD,2026-08-03 23:00:00+00:00,1.61641,1.61658,1.6162,1.61632
EURCAD,2026-08-04 00:00:00+00:00,1.61634,1.61681,1.61569,1.61576
EURCAD,2026-08-04 01:00:00+00:00,1.61577,1.61698,1.61565,1.61683
EURCAD,2026-08-04 02:00:00+00:00,1.61684,1.617,1.61649,1.61653
EURCAD,2026-08-04 03:00:00+00:00,1.61654,1.61673,1.61608,1.61612
EURCAD,2026-08-04 04:00:00+00:00,1.61611,1.61656,1.61589,1.6165
EURCAD,2026-08-04 05:00:00+00:00,1.6165,1.6169,1.61632,1.61684
EURCAD,2026-08-04 06:00:00+00:00,1.61682,1.61826,1.61678,1.6181
EURCAD,2026-08-04 07:00:00+00:00,1.6181,1.61834,1.61723,1.61732
EURCAD,2026-08-04 08:00:00+00:00,1.61734,1.61751,1.61549,1.61556
EURCAD,2026-08-04 09:00:00+00:00,1.61553,1.61578,1.61508,1.6154
EURCAD,2026-08-04 10:00:00+00:00,1.61539,1.6168,1.61536,1.61672
EURCAD,2026-08-04 11:00:00+00:00,1.61672,1.61912,1.61664,1.6188
EURCAD,2026-08-04 12:00:00+00:00,1.61883,1.61956,1.61882,1.61931
EURCAD,2026-08-04 13:00:00+00:00,1.61932,1.62116,1.6191,1.62081
EURCAD,2026-08-04 14:00:00+00:00,1.62088,1.62102,1.61913,1.6198
EURCAD,2026-08-04 15:00:00+00:00,1.6198,1.62198,1.61978,1.62197
EURCAD,2026-08-04 16:00:00+00:00,1.62199,1.62202,1.62104,1.62136
EURCAD,2026-08-04 17:00:00+00:00,1.62137,1.62188,1.62128,1.6217
EURCAD,2026-08-04 18:00:00+00:00,1.62169,1.62248,1.62162,1.62211
EURCAD,2026-08-04 19:00:00+00:00,1.62213,1.62216,1.62156,1.62201
EURCAD,2026-08-04 20:00:00+00:00,1.62201,1.62214,1.6214,1.62159
EURCAD,2026-08-04 21:00:00+00:00,1.62154,1.62241,1.62144,1.62179
EURCAD,2026-08-04 22:00:00+00:00,1.62184,1.62196,1.6216,1.62186
EURCAD,2026-08-04 23:00:00+00:00,1.62183,1.62216,1.62168,1.62201
EURCAD,2026-08-05 00:00:00+00:00,1.622,1.62248,1.6219,1.62218
EURCAD,2026-08-05 01:00:00+00:00,1.6222,1.62222,1.6218,1.6222
EURCAD,2026-08-05 02:00:00+00:00,1.62218,1.62377,1.62212,1.6232
EURCAD,2026-08-05 03:00:00+00:00,1.6232,1.62337,1.62284,1.62337
EURCAD,2026-08-05 04:00:00+00:00,1.62338,1.62345,1.62318,1.6234
EURCAD,2026-08-05 05:00:00+00:00,1.62341,1.62372,1.6229,1.62332
EURCAD,2026-08-05 06:00:00+00:00,1.62334,1.62486,1.6233,1.62472
EURCAD,2026-08-05 07:00:00+00:00,1.62472,1.62484,1.62292,1.623
EURCAD,2026-08-05 08:00:00+00:00,1.623,1.62393,1.62278,1.62291
EURCAD,2026-08-05 09:00:00+00:00,1.62291,1.6236,1.62268,1.62294
EURCAD,2026-08-05 10:00:00+00:00,1.62295,1.62322,1.62241,1.62308
EURCAD,2026-08-05 11:00:00+00:00,1.62306,1.62392,1.62268,1.62338
EURCAD,2026-08-05 12:00:00+00:00,1.62337,1.6234,1.62206,1.62226
EURCAD,2026-08-05 13:00:00+00:00,1.62226,1.62299,1.62088,1.6213
EURCAD,2026-08-05 14:00:00+00:00,1.62131,1.62164,1.61923,1.61964
EURCAD,2026-08-05 15:00:00+00:00,1.61965,1.61984,1.61828,1.61866
EURCAD,2026-08-05 16:00:00+00:00,1.61868,1.61964,1.61819,1.61942
EURCAD,2026-08-05 17:00:00+00:00,1.6194,1.61958,1.6189,1.61909
EURCAD,2026-08-05 18:00:00+00:00,1.6191,1.61912,1.61826,1.61836
EURCAD,2026-08-05 19:00:00+00:00,1.61838,1.61884,1.61798,1.61852
EURCAD,2026-08-05 20:00:00+00:00,1.61848,1.61885,1.6181,1.6188
EURCAD,2026-08-05 21:00:00+00:00,1.6189,1.61948,1.61882,1.61884
EURCAD,2026-08-05 22:00:00+00:00,1.6188,1.61906,1.61844,1.61874
EURCAD,2026-08-05 23:00:00+00:00,1.61874,1.61904,1.61866,1.619
EURCAD,2026-08-06 00:00:00+00:00,1.619,1.619,1.6185,1.6186
EURCAD,2026-08-06 01:00:00+00:00,1.6186,1.61866,1.61798,1.6182
EURCAD,2026-08-06 02:00:00+00:00,1.6182,1.61871,1.61816,1.61835
EURCAD,2026-08-06 03:00:00+00:00,1.61838,1.61838,1.61802,1.6182
EURCAD,2026-08-06 04:00:00+00:00,1.61822,1.61837,1.6181,1.6183
EURCAD,2026-08-06 05:00:00+00:00,1.6183,1.61831,1.61796,1.61818
EURCAD,2026-08-06 06:00:00+00:00,1.6182,1.6183,1.61744,1.61766
EURCAD,2026-08-06 07:00:00+00:00,1.61767,1.61792,1.61728,1.61754
EURCAD,2026-08-06 08:00:00+00:00,1.61754,1.6176,1.6167,1.61707
EURCAD,2026-08-06 09:00:00+00:00,1.61706,1.6171,1.61618,1.61654
EURCAD,2026-08-06 10:00:00+00:00,1.61654,1.61662,1.61535,1.61552
EURCAD,2026-08-06 11:00:00+00:00,1.6155,1.61594,1.61492,1.61518
EURCAD,2026-08-06 12:00:00+00:00,1.61516,1.61624,1.61494,1.616
EURCAD,2026-08-06 13:00:00+00:00,1.61604,1.618,1.61601,1.61763
EURCAD,2026-08-06 14:00:00+00:00,1.61762,1.61772,1.61632,1.61718
EURCAD,2026-08-06 15:00:00+00:00,1.61718,1.6177,1.61626,1.6163
EURCAD,2026-08-06 16:00:00+00:00,1.61631,1.61643,1.61516,1.61526
EURCAD,2026-08-06 17:00:00+00:00,1.61528,1.61552,1.6143,1.61491
EURCAD,2026-08-06 18:00:00+00:00,1.61491,1.61504,1.61451,1.61472
EURCAD,2026-08-06 19:00:00+00:00,1.61472,1.615,1.61428,1.61479
EURCAD,2026-08-06 20:00:00+00:00,1.61476,1.6149,1.61442,1.6148
EURCAD,2026-08-06 21:00:00+00:00,1.61496,1.61496,1.61414,1.61444
EURCAD,2026-08-06 22:00:00+00:00,1.61449,1.61495,1.61449,1.61476
EURCAD,2026-08-06 23:00:00+00:00,1.61476,1.6149,1.61463,1.61489
EURCAD,2026-08-07 00:00:00+00:00,1.6149,1.61512,1.61451,1.61476
EURCAD,2026-08-07 01:00:00+00:00,1.61475,1.61506,1.61464,1.61481
EURCAD,2026-08-07 02:00:00+00:00,1.6148,1.6154,1.61474,1.6153
EURCAD,2026-08-07 03:00:00+00:00,1.61528,1.61538,1.61514,1.61534
EURCAD,2026-08-07 04:00:00+00:00,1.61534,1.6155,1.61512,1.61544
EURCAD,2026-08-07 05:00:00+00:00,1.61543,1.61597,1.61542,1.61592
EURCAD,2026-08-07 06:00:00+00:00,1.61592,1.61636,1.61564,1.61576
EURCAD,2026-08-07 07:00:00+00:00,1.61577,1.61596,1.61508,1.61583
EURCAD,2026-08-07 08:00:00+00:00,1.61585,1.61619,1.61552,1.61588
EURCAD,2026-08-07 09:00:00+00:00,1.61588,1.6161,1.61535,1.61582
EURCAD,2026-08-07 10:00:00+00:00,1.61589,1.61646,1.61586,1.61622
EURCAD,2026-08-07 11:00:00+00:00,1.61621,1.6163,1.6157,1.6159
EURCAD,2026-08-07 12:00:00+00:00,1.61591,1.61791,1.61344,1.61413
EURCAD,2026-08-07 13:00:00+00:00,1.61409,1.6145,1.61216,1.6122
EURCAD,2026-08-07 14:00:00+00:00,1.61219,1.61226,1.61018,1.61082
EURCAD,2026-08-07 15:00:00+00:00,1.61082,1.6112,1.6097,1.61053
EURCAD,2026-08-07 16:00:00+00:00,1.61052,1.61154,1.61044,1.61073
EURCAD,2026-08-07 17:00:00+00:00,1.6107,1.6115,1.61044,1.61134
EURCAD,2026-08-07 18:00:00+00:00,1.61132,1.61186,1.61116,1.61169
EURCAD,2026-08-07 19:00:00+00:00,1.6117,1.61284,1.61164,1.61194
EURCAD,2026-08-07 20:00:00+00:00,1.61194,1.61268,1.61092,1.61124
EURCAD,2026-08-09 21:00:00+00:00,1.6135,1.61357,1.61252,1.6128
EURCAD,2026-08-09 22:00:00+00:00,1.61275,1.6128,1.61114,1.61146
EURCAD,2026-08-09 23:00:00+00:00,1.61148,1.61228,1.61142,1.61224
EURCAD,2026-08-10 00:00:00+00:00,1.61224,1.6125,1.61194,1.61228
EURCAD,2026-08-10 01:00:00+00:00,1.6123,1.61261,1.6117,1.61198
EURCAD,2026-08-10 02:00:00+00:00,1.61198,1.61234,1.6119,1.61214
EURCAD,2026-08-10 03:00:00+00:00,1.61213,1.6128,1.61211,1.61242
EURCAD,2026-08-10 04:00:00+00:00,1.61242,1.61282,1.6124,1.61258
EURCAD,2026-08-10 05:00:00+00:00,1.61259,1.613,1.61246,1.61274
EURCAD,2026-08-10 06:00:00+00:00,1.61274,1.61288,1.61214,1.61237
EURCAD,2026-08-10 07:00:00+00:00,1.61238,1.61264,1.61168,1.61178
EURCAD,2026-08-10 08:00:00+00:00,1.61178,1.612,1.61125,1.61164
EURCAD,2026-08-10 09:00:00+00:00,1.61163,1.61193,1.61133,1.61136
EURCAD,2026-08-10 10:00:00+00:00,1.61136,1.61169,1.61058,1.61078
EURCAD,2026-08-10 11:00:00+00:00,1.61076,1.61083,1.60998,1.6104
EURCAD,2026-08-10 12:00:00+00:00,1.6104,1.61118,1.61026,1.61054
EURCAD,2026-08-10 13:00:00+00:00,1.61055,1.61208,1.61042,1.61056
EURCAD,2026-08-10 14:00:00+00:00,1.61059,1.61112,1.61036,1.61062
EURCAD,2026-08-10 15:00:00+00:00,1.61062,1.61082,1.60858,1.60892
EURCAD,2026-08-10 16:00:00+00:00,1.60892,1.6095,1.60832,1.60888
EURCAD,2026-08-10 17:00:00+00:00,1.60886,1.60994,1.60876,1.60966
EURCAD,2026-08-10 18:00:00+00:00,1.60966,1.60979,1.60882,1.6092
EURCAD,2026-08-10 19:00:00+00:00,1.6092,1.60925,1.60855,1.60878
EURCAD,2026-08-10 20:00:00+00:00,1.60878,1.6091,1.60862,1.60904
EURCAD,2026-08-10 21:00:00+00:00,1.60904,1.60953,1.60874,1.60902
EURCAD,2026-08-10 22:00:00+00:00,1.60893,1.60926,1.60882,1.6089
EURCAD,2026-08-10 23:00:00+00:00,1.60886,1.60902,1.60865,1.60874
EURCAD,2026-08-11 00:00:00+00:00,1.60875,1.609,1.60856,1.60862
EURCAD,2026-08-11 01:00:00+00:00,1.60862,1.60893,1.60845,1.6086
EURCAD,2026-08-11 02:00:00+00:00,1.6086,1.60866,1.60796,1.60802
EURCAD,2026-08-11 03:00:00+00:00,1.60803,1.60834,1.60797,1.60802
EURCAD,2026-08-11 04:00:00+00:00,1.60802,1.60836,1.60766,1.60794
EURCAD,2026-08-11 05:00:00+00:00,1.60795,1.60796,1.6073,1.60746
EURCAD,2026-08-11 06:00:00+00:00,1.60748,1.60784,1.60671,1.60732
EURCAD,2026-08-11 07:00:00+00:00,1.60732,1.60834,1.6073,1.60797
EURCAD,2026-08-11 08:00:00+00:00,1.608,1.6083,1.60736,1.60743
EURCAD,2026-08-11 09:00:00+00:00,1.60743,1.60755,1.60696,1.60738
EURCAD,2026-08-11 10:00:00+00:00,1.60739,1.60766,1.60691,1.60724
EURCAD,2026-08-11 11:00:00+00:00,1.60724,1.60842,1.607,1.60802
EURCAD,2026-08-11 12:00:00+00:00,1.60804,1.60844,1.60748,1.60811
EURCAD,2026-08-11 13:00:00+00:00,1.60812,1.60948,1.60811,1.60896
EURCAD,2026-08-11 14:00:00+00:00,1.60896,1.609,1.6072,1.60748
EURCAD,2026-08-11 15:00:00+00:00,1.60748,1.608,1.60675,1.60724
EURCAD,2026-08-11 16:00:00+00:00,1.60726,1.60732,1.60586,1.60588
EURCAD,2026-08-11 17:00:00+00:00,1.60588,1.60643,1.60568,1.60628
EURCAD,2026-08-11 18:00:00+00:00,1.60626,1.6064,1.60584,1.60635
EURCAD,2026-08-11 19:00:00+00:00,1.60636,1.6073,1.60632,1.60728
EURCAD,2026-08-11 20:00:00+00:00,1.60727,1.60742,1.60692,1.60733
EURCAD,2026-08-11 21:00:00+00:00,1.60697,1.60724,1.60676,1.60694
EURCAD,2026-08-11 22:00:00+00:00,1.60688,1.60738,1.60662,1.6067
EURCAD,2026-08-11 23:00:00+00:00,1.6067,1.60704,1.6066,1.60688
EURCAD,2026-08-12 00:00:00+00:00,1.60688,1.60698,1.60664,1.60681
EURCAD,2026-08-12 01:00:00+00:00,1.6068,1.60718,1.60662,1.6071
EURCAD,2026-08-12 02:00:00+00:00,1.60709,1.60724,1.60679,1.60692
EURCAD,2026-08-12 03:00:00+00:00,1.60692,1.60698,1.60662,1.60668
EURCAD,2026-08-12 04:00:00+00:00,1.60668,1.60702,1.60657,1.60691
EURCAD,2026-08-12 05:00:00+00:00,1.60692,1.60702,1.60663,1.60665
EURCAD,2026-08-12 06:00:00+00:00,1.60668,1.60718,1.60649,1.60706
EURCAD,2026-08-12 07:00:00+00:00,1.60706,1.60774,1.60684,1.60704
EURCAD,2026-08-12 08:00:00+00:00,1.60705,1.60756,1.60689,1.60722
EURCAD,2026-08-12 09:00:00+00:00,1.60722,1.60872,1.60722,1.60762
EURCAD,2026-08-12 10:00:00+00:00,1.60762,1.60772,1.60702,1.60715
EURCAD,2026-08-12 11:00:00+00:00,1.60716,1.60832,1.60707,1.60756
EURCAD,2026-08-12 12:00:00+00:00,1.60759,1.609,1.60626,1.60804
EURCAD,2026-08-12 13:00:00+00:00,1.60808,1.6085,1.60662,1.60738
EURCAD,2026-08-12 14:00:00+00:00,1.60738,1.60746,1.60656,1.60711
EURCAD,2026-08-12 15:00:00+00:00,1.6071,1.60712,1.60608,1.60634
EURCAD,2026-08-12 16:00:00+00:00,1.60635,1.60718,1.60622,1.60713
EURCAD,2026-08-12 17:00:00+00:00,1.60714,1.60776,1.6066,1.60663
EURCAD,2026-08-12 18:00:00+00:00,1.60664,1.6068,1.60626,1.60672
EURCAD,2026-08-12 19:00:00+00:00,1.60672,1.60694,1.60612,1.60629
EURCAD,2026-08-12 20:00:00+00:00,1.60628,1.60682,1.60617,1.60644
EURCAD,2026-08-12 21:00:00+00:00,1.60686,1.607,1.60614,1.60649
EURCAD,2026-08-12 22:00:00+00:00,1.60638,1.6068,1.60638,1.60662
EURCAD,2026-08-12 23:00:00+00:00,1.60662,1.60692,1.60658,1.60689
EURCAD,2026-08-13 00:00:00+00:00,1.60688,1.60712,1.60678,1.60686
EURCAD,2026-08-13 01:00:00+00:00,1.60686,1.60746,1.60676,1.60699
EURCAD,2026-08-13 02:00:00+00:00,1.607,1.60714,1.60675,1.60682
EURCAD,2026-08-13 03:00:00+00:00,1.60682,1.60718,1.60678,1.60704
EURCAD,2026-08-13 04:00:00+00:00,1.60703,1.60723,1.60674,1.60716
EURCAD,2026-08-13 05:00:00+00:00,1.60714,1.60732,1.60692,1.60707
EURCAD,2026-08-13 06:00:00+00:00,1.6071,1.60718,1.60642,1.6071
EURCAD,2026-08-13 07:00:00+00:00,1.6071,1.60823,1.60684,1.60798
EURCAD,2026-08-13 08:00:00+00:00,1.60802,1.60838,1.60759,1.60784
EURCAD,2026-08-13 09:00:00+00:00,1.60787,1.60828,1.60731,1.60758
EURCAD,2026-08-13 10:00:00+00:00,1.60756,1.60818,1.60748,1.60799
EURCAD,2026-08-13 11:00:00+00:00,1.608,1.60838,1.60777,1.60828
EURCAD,2026-08-13 12:00:00+00:00,1.6083,1.60874,1.6073,1.60805
EURCAD,2026-08-13 13:00:00+00:00,1.60806,1.60922,1.60725,1.6092
EURCAD,2026-08-13 14:00:00+00:00,1.60924,1.60958,1.60847,1.60946
EURCAD,2026-08-13 15:00:00+00:00,1.60947,1.60948,1.60685,1.60692
EURCAD,2026-08-13 16:00:00+00:00,1.60694,1.6071,1.60568,1.60607
EURCAD,2026-08-13 17:00:00+00:00,1.60606,1.6065,1.60578,1.60635
EURCAD,2026-08-13 18:00:00+00:00,1.60634,1.6069,1.60632,1.60646
EURCAD,2026-08-13 19:00:00+00:00,1.60647,1.60657,1.60556,1.60565
EURCAD,2026-08-13 20:00:00+00:00,1.60564,1.60626,1.60548,1.60599
EURCAD,2026-08-13 21:00:00+00:00,1.60604,1.60653,1.60582,1.60618
EURCAD,2026-08-13 22:00:00+00:00,1.60626,1.6064,1.60592,1.60629
EURCAD,2026-08-13 23:00:00+00:00,1.60628,1.60654,1.60616,1.60634
EURCAD,2026-08-14 00:00:00+00:00,1.60633,1.6064,1.60604,1.60627
EURCAD,2026-08-14 01:00:00+00:00,1.60622,1.60678,1.60616,1.60656
EURCAD,2026-08-14 02:00:00+00:00,1.60658,1.60677,1.60602,1.6061
EURCAD,2026-08-14 03:00:00+00:00,1.6061,1.60644,1.60596,1.606
EURCAD,2026-08-14 04:00:00+00:00,1.60601,1.60628,1.60597,1.60603
EURCAD,2026-08-14 05:00:00+00:00,1.60606,1.6061,1.6055,1.6056
EURCAD,2026-08-14 06:00:00+00:00,1.6056,1.60577,1.60467,1.60498
EURCAD,2026-08-14 07:00:00+00:00,1.60497,1.6051,1.60397,1.60432
EURCAD,2026-08-14 08:00:00+00:00,1.60434,1.60543,1.60429,1.60528
EURCAD,2026-08-14 09:00:00+00:00,1.6052,1.60532,1.60445,1.6048
EURCAD,2026-08-14 10:00:00+00:00,1.60482,1.60492,1.60436,1.60484
EURCAD,2026-08-14 11:00:00+00:00,1.60484,1.60627,1.60438,1.60553
EURCAD,2026-08-14 12:00:00+00:00,1.60554,1.60594,1.60448,1.60548
EURCAD,2026-08-14 13:00:00+00:00,1.60548,1.6066,1.60474,1.60607
EURCAD,2026-08-14 14:00:00+00:00,1.60606,1.6073,1.60562,1.60725
EURCAD,2026-08-14 15:00:00+00:00,1.60726,1.60758,1.60618,1.60653
EURCAD,2026-08-14 16:00:00+00:00,1.60655,1.60672,1.60504,1.60518
EURCAD,2026-08-14 17:00:00+00:00,1.60518,1.60536,1.60455,1.60489
EURCAD,2026-08-14 18:00:00+00:00,1.6049,1.60496,1.60451,1.60486
EURCAD,2026-08-14 19:00:00+00:00,1.6049,1.6053,1.60472,1.60524
EURCAD,2026-08-14 20:00:00+00:00,1.60522,1.60544,1.60466,1.60531
EURCAD,2026-08-16 21:00:00+00:00,1.60491,1.60527,1.60448,1.60476
EURCAD,2026-08-16 22:00:00+00:00,1.60472,1.6056,1.60448,1.60542
EURCAD,2026-08-16 23:00:00+00:00,1.60538,1.60562,1.6053,1.60548
EURCAD,2026-08-17 00:00:00+00:00,1.60548,1.6058,1.60536,1.60573
EURCAD,2026-08-17 01:00:00+00:00,1.60574,1.60634,1.60568,1.60614
EURCAD,2026-08-17 02:00:00+00:00,1.60614,1.60623,1.60578,1.6059
EURCAD,2026-08-17 03:00:00+00:00,1.60589,1.6061,1.60568,1.60599
EURCAD,2026-08-17 04:00:00+00:00,1.606,1.60632,1.60582,1.60608
EURCAD,2026-08-17 05:00:00+00:00,1.60608,1.60634,1.60586,1.60626
EURCAD,2026-08-17 06:00:00+00:00,1.60628,1.60725,1.60604,1.60688
EURCAD,2026-08-17 07:00:00+00:00,1.6069,1.60858,1.60666,1.60829
EURCAD,2026-08-17 08:00:00+00:00,1.60828,1.60888,1.607,1.6073
EURCAD,2026-08-17 09:00:00+00:00,1.60732,1.60758,1.6068,1.60696
EURCAD,2026-08-17 10:00:00+00:00,1.60695,1.60725,1.60612,1.60647
EURCAD,2026-08-17 11:00:00+00:00,1.60648,1.60718,1.60614,1.60685
EURCAD,2026-08-17 12:00:00+00:00,1.60684,1.60703,1.60546,1.60636
EURCAD,2026-08-17 13:00:00+00:00,1.60639,1.6073,1.60564,1.60607
EURCAD,2026-08-17 14:00:00+00:00,1.60608,1.60686,1.60517,1.6068
EURCAD,2026-08-17 15:00:00+00:00,1.6068,1.60733,1.60614,1.60732
EURCAD,2026-08-17 16:00:00+00:00,1.6073,1.60773,1.60689,1.60718
EURCAD,2026-08-17 17:00:00+00:00,1.6072,1.6075,1.60574,1.60579
EURCAD,2026-08-17 18:00:00+00:00,1.60579,1.60582,1.60545,1.60578
EURCAD,2026-08-17 19:00:00+00:00,1.60584,1.60641,1.60582,1.60638
EURCAD,2026-08-17 20:00:00+00:00,1.60636,1.60672,1.60602,1.60659
EURCAD,2026-08-17 21:00:00+00:00,1.6066,1.60703,1.6058,1.60666
EURCAD,2026-08-17 22:00:00+00:00,1.60662,1.60676,1.60614,1.60614
EURCAD,2026-08-17 23:00:00+00:00,1.60614,1.60662,1.6061,1.60656
EURCAD,2026-08-18 00:00:00+00:00,1.60654,1.60658,1.60624,1.60647
EURCAD,2026-08-18 01:00:00+00:00,1.60648,1.60694,1.60604,1.6062
EURCAD,2026-08-18 02:00:00+00:00,1.60619,1.60626,1.60538,1.60568
EURCAD,2026-08-18 03:00:00+00:00,1.60568,1.60571,1.60512,1.60543
EURCAD,2026-08-18 04:00:00+00:00,1.60544,1.6059,1.6053,1.60561
EURCAD,2026-08-18 05:00:00+00:00,1.60562,1.60586,1.60543,1.60577
EURCAD,2026-08-18 06:00:00+00:00,1.60578,1.60587,1.60446,1.6053
EURCAD,2026-08-18 07:00:00+00:00,1.60529,1.60546,1.60467,1.60472
EURCAD,2026-08-18 08:00:00+00:00,1.60474,1.60536,1.60442,1.60528
EURCAD,2026-08-18 09:00:00+00:00,1.60528,1.60567,1.60475,1.6056
EURCAD,2026-08-18 10:00:00+00:00,1.60561,1.60586,1.60526,1.60582
EURCAD,2026-08-18 11:00:00+00:00,1.60584,1.60626,1.60564,1.60617
EURCAD,2026-08-18 12:00:00+00:00,1.60614,1.60638,1.60532,1.60575
EURCAD,2026-08-18 13:00:00+00:00,1.60574,1.60743,1.60502,1.60668
EURCAD,2026-08-18 14:00:00+00:00,1.60668,1.6086,1.60656,1.6081
EURCAD,2026-08-18 15:00:00+00:00,1.6081,1.6087,1.6078,1.60836
EURCAD,2026-08-18 16:00:00+00:00,1.60837,1.60946,1.60836,1.60916
EURCAD,2026-08-18 17:00:00+00:00,1.60916,1.60954,1.60878,1.60952
EURCAD,2026-08-18 18:00:00+00:00,1.60953,1.61014,1.60941,1.60966
EURCAD,2026-08-18 19:00:00+00:00,1.60966,1.60978,1.60846,1.60872
EURCAD,2026-08-18 20:00:00+00:00,1.60879,1.60884,1.60836,1.6085
EURCAD,2026-08-18 21:00:00+00:00,1.60816,1.60874,1.6081,1.60844
EURCAD,2026-08-18 22:00:00+00:00,1.60832,1.60889,1.60829,1.60885
EURCAD,2026-08-18 23:00:00+00:00,1.60885,1.60903,1.6087,1.6089
EURCAD,2026-08-19 00:00:00+00:00,1.60894,1.6094,1.60878,1.60902
EURCAD,2026-08-19 01:00:00+00:00,1.60903,1.60948,1.60885,1.60905
EURCAD,2026-08-19 02:00:00+00:00,1.60904,1.60912,1.60694,1.60738
EURCAD,2026-08-19 03:00:00+00:00,1.60738,1.60786,1.60722,1.60781
EURCAD,2026-08-19 04:00:00+00:00,1.6078,1.60828,1.60743,1.60814
EURCAD,2026-08-19 05:00:00+00:00,1.60816,1.60875,1.60798,1.60851
EURCAD,2026-08-19 06:00:00+00:00,1.60852,1.6096,1.60838,1.6092
EURCAD,2026-08-19 07:00:00+00:00,1.6092,1.60923,1.60846,1.60897
EURCAD,2026-08-19 08:00:00+00:00,1.60898,1.61044,1.6089,1.60953
EURCAD,2026-08-19 09:00:00+00:00,1.60954,1.61003,1.60901,1.60994
EURCAD,2026-08-19 10:00:00+00:00,1.60992,1.6101,1.60959,1.6098
EURCAD,2026-08-19 11:00:00+00:00,1.6098,1.6104,1.60952,1.6097
EURCAD,2026-08-19 12:00:00+00:00,1.6097,1.6136,1.60952,1.6127
EURCAD,2026-08-19 13:00:00+00:00,1.61276,1.61301,1.61105,1.61106
EURCAD,2026-08-19 14:00:00+00:00,1.61104,1.61262,1.61032,1.6111
EURCAD,2026-08-19 15:00:00+00:00,1.61111,1.61272,1.6107,1.61211
EURCAD,2026-08-19 16:00:00+00:00,1.6121,1.6123,1.61152,1.61166
EURCAD,2026-08-19 17:00:00+00:00,1.61166,1.61224,1.61136,1.61168
EURCAD,2026-08-19 18:00:00+00:00,1.61167,1.6124,1.61118,1.6121
EURCAD,2026-08-19 19:00:00+00:00,1.61212,1.61308,1.61186,1.61272
EURCAD,2026-08-19 20:00:00+00:00,1.61274,1.61282,1.61227,1.61236
EURCAD,2026-08-19 21:00:00+00:00,1.61222,1.61242,1.61199,1.61211
EURCAD,2026-08-19 22:00:00+00:00,1.61204,1.61268,1.61192,1.61195
EURCAD,2026-08-19 23:00:00+00:00,1.61196,1.61209,1.61166,1.61208
EURCAD,2026-08-20 00:00:00+00:00,1.61211,1.61231,1.61166,1.61202
EURCAD,2026-08-20 01:00:00+00:00,1.61202,1.61228,1.61134,1.61141
EURCAD,2026-08-20 02:00:00+00:00,1.61142,1.61221,1.61127,1.6119
EURCAD,2026-08-20 03:00:00+00:00,1.6119,1.61214,1.61117,1.61148
EURCAD,2026-08-20 04:00:00+00:00,1.61148,1.61156,1.61086,1.61102
EURCAD,2026-08-20 05:00:00+00:00,1.61106,1.6112,1.61045,1.61075
EURCAD,2026-08-20 06:00:00+00:00,1.61076,1.61167,1.61054,1.61158
EURCAD,2026-08-20 07:00:00+00:00,1.61156,1.61162,1.61002,1.61111
EURCAD,2026-08-20 08:00:00+00:00,1.61112,1.6112,1.60986,1.61076
EURCAD,2026-08-20 09:00:00+00:00,1.61076,1.61172,1.61076,1.61123
EURCAD,2026-08-20 10:00:00+00:00,1.6112,1.61138,1.60992,1.61028
EURCAD,2026-08-20 11:00:00+00:00,1.61027,1.61032,1.60834,1.60866
EURCAD,2026-08-20 12:00:00+00:00,1.60872,1.61079,1.60806,1.6103
EURCAD,2026-08-20 13:00:00+00:00,1.61034,1.61066,1.60888,1.60898
EURCAD,2026-08-20 14:00:00+00:00,1.60898,1.61032,1.60868,1.60993
EURCAD,2026-08-20 15:00:00+00:00,1.60995,1.6105,1.60879,1.60937
EURCAD,2026-08-20 16:00:00+00:00,1.6094,1.60982,1.60916,1.60972
EURCAD,2026-08-20 17:00:00+00:00,1.6097,1.60994,1.60916,1.60948
EURCAD,2026-08-20 18:00:00+00:00,1.6095,1.60993,1.60933,1.60992
EURCAD,2026-08-20 19:00:00+00:00,1.60992,1.61072,1.60963,1.61072
EURCAD,2026-08-20 20:00:00+00:00,1.6107,1.61078,1.6099,1.61024
EURCAD,2026-08-20 21:00:00+00:00,1.6105,1.6105,1.60991,1.61
EURCAD,2026-08-20 22:00:00+00:00,1.60986,1.61054,1.60986,1.61036
EURCAD,2026-08-20 23:00:00+00:00,1.61035,1.61074,1.61021,1.61072
EURJPY,2026-06-24 08:00:00+00:00,183.576,183.653,183.392,183.637
EURJPY,2026-06-24 09:00:00+00:00,183.636,183.65,183.495,183.512
EURJPY,2026-06-24 10:00:00+00:00,183.512,183.522,183.336,183.354
EURJPY,2026-06-24 11:00:00+00:00,183.355,183.466,183.298,183.324
EURJPY,2026-06-24 12:00:00+00:00,183.323,183.398,183.172,183.253
EURJPY,2026-06-24 13:00:00+00:00,183.253,183.536,183.171,183.496
EURJPY,2026-06-24 14:00:00+00:00,183.497,183.582,183.364,183.5
EURJPY,2026-06-24 15:00:00+00:00,183.5,183.774,183.487,183.568
EURJPY,2026-06-24 16:00:00+00:00,183.571,183.822,183.548,183.752
EURJPY,2026-06-24 17:00:00+00:00,183.751,183.771,183.63,183.656
EURJPY,2026-06-24 18:00:00+00:00,183.656,183.8,183.656,183.682
EURJPY,2026-06-24 19:00:00+00:00,183.683,183.774,183.677,183.725
EURJPY,2026-06-24 20:00:00+00:00,183.724,183.825,183.714,183.795
EURJPY,2026-06-24 21:00:00+00:00,183.815,183.838,183.69,183.764
EURJPY,2026-06-24 22:00:00+00:00,183.766,183.776,183.686,183.693
EURJPY,2026-06-24 23:00:00+00:00,183.692,183.717,183.664,183.68
EURJPY,2026-06-25 00:00:00+00:00,183.68,183.688,183.532,183.602
EURJPY,2026-06-25 01:00:00+00:00,183.601,183.791,183.6,183.681
EURJPY,2026-06-25 02:00:00+00:00,183.682,183.77,183.654,183.766
EURJPY,2026-06-25 03:00:00+00:00,183.767,183.906,183.758,183.882
EURJPY,2026-06-25 04:00:00+00:00,183.882,183.904,183.841,183.881
EURJPY,2026-06-25 05:00:00+00:00,183.88,183.894,183.793,183.85
EURJPY,2026-06-25 06:00:00+00:00,183.849,183.916,183.756,183.786
EURJPY,2026-06-25 07:00:00+00:00,183.786,183.86,183.664,183.81
EURJPY,2026-06-25 08:00:00+00:00,183.812,183.998,183.805,183.928
EURJPY,2026-06-25 09:00:00+00:00,183.928,184.034,183.85,183.851
EURJPY,2026-06-25 10:00:00+00:00,183.85,183.851,183.631,183.663
EURJPY,2026-06-25 11:00:00+00:00,183.664,183.672,183.406,183.519
EURJPY,2026-06-25 12:00:00+00:00,183.522,183.867,183.522,183.746
EURJPY,2026-06-25 13:00:00+00:00,183.745,183.93,183.688,183.799
EURJPY,2026-06-25 14:00:00+00:00,183.803,183.987,183.792,183.908
EURJPY,2026-06-25 15:00:00+00:00,183.908,184.096,183.904,184.056
EURJPY,2026-06-25 16:00:00+00:00,184.058,184.099,183.963,183.994
EURJPY,2026-06-25 17:00:00+00:00,183.996,184.048,183.964,184.018
EURJPY,2026-06-25 18:00:00+00:00,184.015,184.104,183.998,184.012
EURJPY,2026-06-25 19:00:00+00:00,184.013,184.074,183.964,184.0
EURJPY,2026-06-25 20:00:00+00:00,183.998,184.034,183.974,183.979
EURJPY,2026-06-25 21:00:00+00:00,183.954,184.065,183.906,184.012
EURJPY,2026-06-25 22:00:00+00:00,184.012,184.012,183.898,183.953
EURJPY,2026-06-25 23:00:00+00:00,183.953,183.954,183.821,183.839
EURJPY,2026-06-26 00:00:00+00:00,183.836,183.964,183.821,183.921
EURJPY,2026-06-26 01:00:00+00:00,183.92,183.974,183.755,183.808
EURJPY,2026-06-26 02:00:00+00:00,183.81,183.855,183.724,183.768
EURJPY,2026-06-26 03:00:00+00:00,183.767,183.834,183.722,183.828
EURJPY,2026-06-26 04:00:00+00:00,183.828,183.898,183.721,183.886
EURJPY,2026-06-26 05:00:00+00:00,183.885,183.9,183.81,183.811
EURJPY,2026-06-26 06:00:00+00:00,183.816,184.024,183.8,183.96
EURJPY,2026-06-26 07:00:00+00:00,183.954,184.082,183.897,184.039
EURJPY,2026-06-26 08:00:00+00:00,184.038,184.34,183.978,184.232
EURJPY,2026-06-26 09:00:00+00:00,184.232,184.374,184.122,184.346
EURJPY,2026-06-26 10:00:00+00:00,184.346,184.358,184.26,184.324
EURJPY,2026-06-26 11:00:00+00:00,184.326,184.358,184.214,184.272
EURJPY,2026-06-26 12:00:00+00:00,184.272,184.83,184.255,184.732
EURJPY,2026-06-26 13:00:00+00:00,184.733,184.777,184.546,184.664
EURJPY,2026-06-26 14:00:00+00:00,184.657,184.704,184.26,184.276
EURJPY,2026-06-26 15:00:00+00:00,184.28,184.402,184.255,184.352
EURJPY,2026-06-26 16:00:00+00:00,184.354,184.358,184.144,184.238
EURJPY,2026-06-26 17:00:00+00:00,184.238,184.273,184.162,184.202
EURJPY,2026-06-26 18:00:00+00:00,184.206,184.255,184.152,184.154
EURJPY,2026-06-26 19:00:00+00:00,184.154,184.217,184.075,184.192
EURJPY,2026-06-26 20:00:00+00:00,184.194,184.262,184.114,184.162
EURJPY,2026-06-28 21:00:00+00:00,184.231,184.321,184.116,184.204
EURJPY,2026-06-28 22:00:00+00:00,184.211,184.286,184.144,184.208
EURJPY,2026-06-28 23:00:00+00:00,184.201,184.236,184.161,184.206
EURJPY,2026-06-29 00:00:00+00:00,184.206,184.224,184.126,184.208
EURJPY,2026-06-29 01:00:00+00:00,184.209,184.268,184.167,184.204
EURJPY,2026-06-29 02:00:00+00:00,184.205,184.3,184.166,184.24
EURJPY,2026-06-29 03:00:00+00:00,184.239,184.276,184.178,184.178
EURJPY,2026-06-29 04:00:00+00:00,184.178,184.226,184.148,184.189
EURJPY,2026-06-29 05:00:00+00:00,184.19,184.37,184.187,184.366
EURJPY,2026-06-29 06:00:00+00:00,184.364,184.676,184.331,184.643
EURJPY,2026-06-29 07:00:00+00:00,184.642,184.662,184.483,184.522
EURJPY,2026-06-29 08:00:00+00:00,184.524,184.584,184.384,184.45
EURJPY,2026-06-29 09:00:00+00:00,184.45,184.613,184.419,184.604
EURJPY,2026-06-29 10:00:00+00:00,184.604,184.638,184.534,184.592
EURJPY,2026-06-29 11:00:00+00:00,184.592,184.669,184.49,184.642
EURJPY,2026-06-29 12:00:00+00:00,184.644,184.652,184.56,184.604
EURJPY,2026-06-29 13:00:00+00:00,184.603,184.8,184.582,184.796
EURJPY,2026-06-29 14:00:00+00:00,184.796,184.978,184.658,184.955
EURJPY,2026-06-29 15:00:00+00:00,184.954,185.014,184.87,184.992
EURJPY,2026-06-29 16:00:00+00:00,184.988,185.087,184.983,185.034
EURJPY,2026-06-29 17:00:00+00:00,185.038,185.063,184.969,185.042
EURJPY,2026-06-29 18:00:00+00:00,185.048,185.1,185.034,185.063
EURJPY,2026-06-29 19:00:00+00:00,185.062,185.066,184.996,185.032
EURJPY,2026-06-29 20:00:00+00:00,185.031,185.058,184.992,185.006
EURJPY,2026-06-29 21:00:00+00:00,184.976,185.02,184.962,185.008
EURJPY,2026-06-29 22:00:00+00:00,184.996,185.029,184.97,184.995
EURJPY,2026-06-29 23:00:00+00:00,184.994,184.998,184.904,184.906
EURJPY,2026-06-30 00:00:00+00:00,184.904,185.363,184.851,185.102
EURJPY,2026-06-30 01:00:00+00:00,185.101,185.179,184.935,184.957
EURJPY,2026-06-30 02:00:00+00:00,184.958,184.988,184.874,184.909
EURJPY,2026-06-30 03:00:00+00:00,184.904,184.974,184.746,184.856
EURJPY,2026-06-30 04:00:00+00:00,184.854,184.88,184.728,184.736
EURJPY,2026-06-30 05:00:00+00:00,184.737,184.849,184.676,184.768
EURJPY,2026-06-30 06:00:00+00:00,184.77,185.024,184.764,184.964
EURJPY,2026-06-30 07:00:00+00:00,184.964,185.028,184.908,184.954
EURJPY,2026-06-30 08:00:00+00:00,184.95,184.982,184.822,184.94
EURJPY,2026-06-30 09:00:00+00:00,184.94,184.991,184.851,184.971
EURJPY,2026-06-30 10:00:00+00:00,184.972,185.094,184.932,185.072
EURJPY,2026-06-30 11:00:00+00:00,185.077,185.116,184.926,185.042
EURJPY,2026-06-30 12:00:00+00:00,185.041,185.168,184.646,185.079
EURJPY,2026-06-30 13:00:00+00:00,185.08,185.205,185.048,185.164
EURJPY,2026-06-30 14:00:00+00:00,185.164,185.84,185.066,185.805
EURJPY,2026-06-30 15:00:00+00:00,185.804,185.866,185.615,185.658
EURJPY,2026-06-30 16:00:00+00:00,185.659,185.691,185.6,185.65
EURJPY,2026-06-30 17:00:00+00:00,185.649,185.701,185.632,185.696
EURJPY,2026-06-30 18:00:00+00:00,185.698,185.798,185.68,185.718
EURJPY,2026-06-30 19:00:00+00:00,185.719,185.791,185.652,185.776
EURJPY,2026-06-30 20:00:00+00:00,185.777,185.794,185.686,185.707
EURJPY,2026-06-30 21:00:00+00:00,185.691,185.768,185.68,185.706
EURJPY,2026-06-30 22:00:00+00:00,185.712,185.746,185.689,185.697
EURJPY,2026-06-30 23:00:00+00:00,185.698,185.698,185.59,185.618
EURJPY,2026-07-01 00:00:00+00:00,185.618,185.714,185.596,185.62
EURJPY,2026-07-01 01:00:00+00:00,185.618,185.631,185.448,185.534
EURJPY,2026-07-01 02:00:00+00:00,185.532,185.686,185.526,185.628
EURJPY,2026-07-01 03:00:00+00:00,185.628,185.711,185.62,185.66
EURJPY,2026-07-01 04:00:00+00:00,185.661,185.666,185.45,185.652
EURJPY,2026-07-01 05:00:00+00:00,185.652,185.701,185.534,185.589
EURJPY,2026-07-01 06:00:00+00:00,185.589,185.663,185.473,185.504
EURJPY,2026-07-01 07:00:00+00:00,185.502,185.517,185.328,185.481
EURJPY,2026-07-01 08:00:00+00:00,185.482,185.514,185.326,185.384
EURJPY,2026-07-01 09:00:00+00:00,185.384,185.44,185.252,185.322
EURJPY,2026-07-01 10:00:00+00:00,185.321,185.466,185.288,185.437
EURJPY,2026-07-01 11:00:00+00:00,185.437,185.444,185.234,185.242
EURJPY,2026-07-01 12:00:00+00:00,185.242,185.285,185.004,185.008
EURJPY,2026-07-01 13:00:00+00:00,185.008,185.226,184.885,185.073
EURJPY,2026-07-01 14:00:00+00:00,185.096,185.162,184.94,185.056
EURJPY,2026-07-01 15:00:00+00:00,185.06,185.068,184.867,184.892
EURJPY,2026-07-01 16:00:00+00:00,184.892,184.994,184.857,184.916
EURJPY,2026-07-01 17:00:00+00:00,184.919,185.014,184.886,184.98
EURJPY,2026-07-01 18:00:00+00:00,184.982,184.995,184.925,184.95
EURJPY,2026-07-01 19:00:00+00:00,184.95,184.997,184.93,184.99
EURJPY,2026-07-01 20:00:00+00:00,184.986,185.024,184.954,185.01
EURJPY,2026-07-01 21:00:00+00:00,184.99,185.0,184.964,184.97
EURJPY,2026-07-01 22:00:00+00:00,184.98,184.982,184.952,184.958
EURJPY,2026-07-01 23:00:00+00:00,184.959,184.996,184.913,184.944
EURJPY,2026-07-02 00:00:00+00:00,184.944,185.014,184.905,184.944
EURJPY,2026-07-02 01:00:00+00:00,184.944,185.034,184.928,184.992
EURJPY,2026-07-02 02:00:00+00:00,184.993,185.091,184.971,184.988
EURJPY,2026-07-02 03:00:00+00:00,184.988,185.018,184.88,184.921
EURJPY,2026-07-02 04:00:00+00:00,184.922,184.968,184.878,184.962
EURJPY,2026-07-02 05:00:00+00:00,184.964,184.973,184.796,184.834
EURJPY,2026-07-02 06:00:00+00:00,184.832,184.838,183.76,184.396
EURJPY,2026-07-02 07:00:00+00:00,184.398,184.513,184.092,184.166
EURJPY,2026-07-02 08:00:00+00:00,184.167,184.217,183.762,183.896
EURJPY,2026-07-02 09:00:00+00:00,183.896,184.148,183.876,183.928
EURJPY,2026-07-02 10:00:00+00:00,183.928,184.214,183.924,184.12
EURJPY,2026-07-02 11:00:00+00:00,184.12,184.21,184.075,184.15
EURJPY,2026-07-02 12:00:00+00:00,184.15,184.431,183.928,184.402
EURJPY,2026-07-02 13:00:00+00:00,184.406,184.444,184.186,184.194
EURJPY,2026-07-02 14:00:00+00:00,184.198,184.35,184.158,184.297
EURJPY,2026-07-02 15:00:00+00:00,184.298,184.3,184.04,184.204
EURJPY,2026-07-02 16:00:00+00:00,184.2,184.238,184.119,184.134
EURJPY,2026-07-02 17:00:00+00:00,184.134,184.186,184.101,184.12
EURJPY,2026-07-02 18:00:00+00:00,184.12,184.184,184.105,184.13
EURJPY,2026-07-02 19:00:00+00:00,184.13,184.201,184.124,184.183
EURJPY,2026-07-02 20:00:00+00:00,184.184,184.246,184.167,184.22
EURJPY,2026-07-02 21:00:00+00:00,184.169,184.262,184.135,184.209
EURJPY,2026-07-02 22:00:00+00:00,184.22,184.335,184.2,184.306
EURJPY,2026-07-02 23:00:00+00:00,184.303,184.436,184.278,184.423
EURJPY,2026-07-03 00:00:00+00:00,184.424,184.486,184.242,184.253
EURJPY,2026-07-03 01:00:00+00:00,184.25,184.432,184.147,184.41
EURJPY,2026-07-03 02:00:00+00:00,184.41,184.486,184.347,184.38
EURJPY,2026-07-03 03:00:00+00:00,184.376,184.416,184.352,184.4
EURJPY,2026-07-03 04:00:00+00:00,184.4,184.49,184.37,184.432
EURJPY,2026-07-03 05:00:00+00:00,184.43,184.574,184.371,184.514
EURJPY,2026-07-03 06:00:00+00:00,184.51,184.514,183.925,184.264
EURJPY,2026-07-03 07:00:00+00:00,184.27,184.336,184.107,184.192
EURJPY,2026-07-03 08:00:00+00:00,184.194,184.436,184.158,184.432
EURJPY,2026-07-03 09:00:00+00:00,184.432,184.458,184.303,184.346
EURJPY,2026-07-03 10:00:00+00:00,184.344,184.468,184.342,184.404
EURJPY,2026-07-03 11:00:00+00:00,184.406,184.566,184.403,184.49
EURJPY,2026-07-03 12:00:00+00:00,184.488,184.534,184.442,184.495
EURJPY,2026-07-03 13:00:00+00:00,184.495,184.548,184.46,184.484
EURJPY,2026-07-03 14:00:00+00:00,184.485,184.56,184.474,184.548
EURJPY,2026-07-03 15:00:00+00:00,184.548,184.606,184.481,184.504
EURJPY,2026-07-03 16:00:00+00:00,184.504,184.583,184.495,184.546
EURJPY,2026-07-03 17:00:00+00:00,184.548,184.61,184.494,184.538
EURJPY,2026-07-03 18:00:00+00:00,184.536,184.595,184.528,184.576
EURJPY,2026-07-03 19:00:00+00:00,184.572,184.599,184.53,184.546
EURJPY,2026-07-03 20:00:00+00:00,184.548,184.618,184.506,184.571
EURJPY,2026-07-05 21:00:00+00:00,184.51,184.527,184.479,184.527
EURJPY,2026-07-05 22:00:00+00:00,184.533,184.652,184.483,184.61
EURJPY,2026-07-05 23:00:00+00:00,184.608,184.69,184.608,184.659
EURJPY,2026-07-06 00:00:00+00:00,184.662,184.852,184.66,184.766
EURJPY,2026-07-06 01:00:00+00:00,184.766,184.937,184.75,184.926
EURJPY,2026-07-06 02:00:00+00:00,184.926,184.985,184.909,184.97
EURJPY,2026-07-06 03:00:00+00:00,184.97,185.025,184.926,185.016
EURJPY,2026-07-06 04:00:00+00:00,185.016,185.15,184.995,185.146
EURJPY,2026-07-06 05:00:00+00:00,185.148,185.186,185.05,185.152
EURJPY,2026-07-06 06:00:00+00:00,185.152,185.37,185.15,185.34
EURJPY,2026-07-06 07:00:00+00:00,185.336,185.411,185.258,185.294
EURJPY,2026-07-06 08:00:00+00:00,185.295,185.361,185.214,185.298
EURJPY,2026-07-06 09:00:00+00:00,185.297,185.332,185.234,185.274
EURJPY,2026-07-06 10:00:00+00:00,185.273,185.382,185.229,185.35
EURJPY,2026-07-06 11:00:00+00:00,185.351,185.364,185.261,185.308
EURJPY,2026-07-06 12:00:00+00:00,185.308,185.4,185.296,185.348
EURJPY,2026-07-06 13:00:00+00:00,185.349,185.422,185.208,185.271
EURJPY,2026-07-06 14:00:00+00:00,185.27,185.409,185.245,185.37
EURJPY,2026-07-06 15:00:00+00:00,185.369,185.447,185.31,185.416
EURJPY,2026-07-06 16:00:00+00:00,185.422,185.505,185.414,185.476
EURJPY,2026-07-06 17:00:00+00:00,185.476,185.534,185.452,185.47
EURJPY,2026-07-06 18:00:00+00:00,185.47,185.53,185.408,185.432
EURJPY,2026-07-06 19:00:00+00:00,185.43,185.472,185.388,185.412
EURJPY,2026-07-06 20:00:00+00:00,185.411,185.462,185.39,185.45
EURJPY,2026-07-06 21:00:00+00:00,185.462,185.57,185.448,185.524
EURJPY,2026-07-06 22:00:00+00:00,185.546,185.546,185.444,185.493
EURJPY,2026-07-06 23:00:00+00:00,185.49,185.494,185.428,185.462
EURJPY,2026-07-07 00:00:00+00:00,185.462,185.532,185.45,185.46
EURJPY,2026-07-07 01:00:00+00:00,185.458,185.481,185.074,185.246
EURJPY,2026-07-07 02:00:00+00:00,185.247,185.267,185.176,185.232
EURJPY,2026-07-07 03:00:00+00:00,185.234,185.263,185.11,185.134
EURJPY,2026-07-07 04:00:00+00:00,185.134,185.166,184.946,185.02
EURJPY,2026-07-07 05:00:00+00:00,185.022,185.058,184.94,185.048
EURJPY,2026-07-07 06:00:00+00:00,185.045,185.206,184.999,185.197
EURJPY,2026-07-07 07:00:00+00:00,185.196,185.23,184.804,185.047
EURJPY,2026-07-07 08:00:00+00:00,185.046,185.152,184.99,185.019
EURJPY,2026-07-07 09:00:00+00:00,185.022,185.062,184.926,185.02
EURJPY,2026-07-07 10:00:00+00:00,185.019,185.162,184.993,185.158
EURJPY,2026-07-07 11:00:00+00:00,185.16,185.196,185.042,185.116
EURJPY,2026-07-07 12:00:00+00:00,185.12,185.145,185.03,185.09
EURJPY,2026-07-07 13:00:00+00:00,185.092,185.21,185.036,185.152
EURJPY,2026-07-07 14:00:00+00:00,185.152,185.188,185.044,185.118
EURJPY,2026-07-07 15:00:00+00:00,185.118,185.154,184.948,184.955
EURJPY,2026-07-07 16:00:00+00:00,184.956,184.988,184.879,184.988
EURJPY,2026-07-07 17:00:00+00:00,184.988,185.022,184.951,185.013
EURJPY,2026-07-07 18:00:00+00:00,185.014,185.036,184.904,184.904
EURJPY,2026-07-07 19:00:00+00:00,184.905,185.039,184.899,185.036
EURJPY,2026-07-07 20:00:00+00:00,185.034,185.038,184.972,185.0
EURJPY,2026-07-07 21:00:00+00:00,185.016,185.042,184.9,184.972
EURJPY,2026-07-07 22:00:00+00:00,184.984,185.051,184.91,185.002
EURJPY,2026-07-07 23:00:00+00:00,185.003,185.126,184.982,185.12
EURJPY,2026-07-08 00:00:00+00:00,185.12,185.264,185.072,185.206
EURJPY,2026-07-08 01:00:00+00:00,185.206,185.234,185.142,185.178
EURJPY,2026-07-08 02:00:00+00:00,185.178,185.322,185.162,185.258
EURJPY,2026-07-08 03:00:00+00:00,185.258,185.313,185.24,185.306
EURJPY,2026-07-08 04:00:00+00:00,185.308,185.375,185.274,185.336
EURJPY,2026-07-08 05:00:00+00:00,185.334,185.384,185.26,185.339
EURJPY,2026-07-08 06:00:00+00:00,185.342,185.358,185.147,185.28
EURJPY,2026-07-08 07:00:00+00:00,185.282,185.418,185.244,185.354
EURJPY,2026-07-08 08:00:00+00:00,185.354,185.468,185.192,185.407
EURJPY,2026-07-08 09:00:00+00:00,185.404,185.413,185.158,185.282
EURJPY,2026-07-08 10:00:00+00:00,185.282,185.389,185.222,185.363
EURJPY,2026-07-08 11:00:00+00:00,185.36,185.392,185.189,185.268
EURJPY,2026-07-08 12:00:00+00:00,185.268,185.341,185.205,185.214
EURJPY,2026-07-08 13:00:00+00:00,185.214,185.502,185.207,185.458
EURJPY,2026-07-08 14:00:00+00:00,185.457,185.504,185.392,185.496
EURJPY,2026-07-08 15:00:00+00:00,185.496,185.559,185.339,185.368
EURJPY,2026-07-08 16:00:00+00:00,185.372,185.53,185.348,185.524
EURJPY,2026-07-08 17:00:00+00:00,185.528,185.668,185.51,185.59
EURJPY,2026-07-08 18:00:00+00:00,185.589,185.678,185.582,185.637
EURJPY,2026-07-08 19:00:00+00:00,185.638,185.712,185.638,185.673
EURJPY,2026-07-08 20:00:00+00:00,185.675,185.689,185.614,185.671
EURJPY,2026-07-08 21:00:00+00:00,185.624,185.714,185.589,185.618
EURJPY,2026-07-08 22:00:00+00:00,185.624,185.66,185.621,185.635
EURJPY,2026-07-08 23:00:00+00:00,185.636,185.67,185.586,185.644
EURJPY,2026-07-09 00:00:00+00:00,185.649,185.649,185.531,185.608
EURJPY,2026-07-09 01:00:00+00:00,185.608,185.705,185.571,185.608
EURJPY,2026-07-09 02:00:00+00:00,185.608,185.666,185.608,185.616
EURJPY,2026-07-09 03:00:00+00:00,185.613,185.662,185.601,185.631
EURJPY,2026-07-09 04:00:00+00:00,185.63,185.639,185.541,185.608
EURJPY,2026-07-09 05:00:00+00:00,185.608,185.659,185.584,185.602
EURJPY,2026-07-09 06:00:00+00:00,185.606,185.78,185.606,185.702
EURJPY,2026-07-09 07:00:00+00:00,185.704,185.736,185.606,185.656
EURJPY,2026-07-09 08:00:00+00:00,185.655,185.692,185.528,185.565
EURJPY,2026-07-09 09:00:00+00:00,185.566,185.656,185.543,185.64
EURJPY,2026-07-09 10:00:00+00:00,185.64,185.668,185.588,185.618
EURJPY,2026-07-09 11:00:00+00:00,185.618,185.713,185.598,185.7
EURJPY,2026-07-09 12:00:00+00:00,185.704,185.726,185.558,185.59
EURJPY,2026-07-09 13:00:00+00:00,185.59,185.708,185.578,185.708
EURJPY,2026-07-09 14:00:00+00:00,185.706,185.818,185.618,185.637
EURJPY,2026-07-09 15:00:00+00:00,185.636,185.701,185.595,185.64
EURJPY,2026-07-09 16:00:00+00:00,185.642,185.672,185.606,185.641
EURJPY,2026-07-09 17:00:00+00:00,185.642,185.66,185.601,185.62
EURJPY,2026-07-09 18:00:00+00:00,185.62,185.638,185.595,185.608
EURJPY,2026-07-09 19:00:00+00:00,185.607,185.62,185.558,185.573
EURJPY,2026-07-09 20:00:00+00:00,185.588,185.622,185.548,185.618
EURJPY,2026-07-09 21:00:00+00:00,185.644,185.673,185.567,185.611
EURJPY,2026-07-09 22:00:00+00:00,185.608,185.661,185.57,185.634
EURJPY,2026-07-09 23:00:00+00:00,185.634,185.65,185.613,185.637
EURJPY,2026-07-10 00:00:00+00:00,185.638,185.682,185.226,185.396
EURJPY,2026-07-10 01:00:00+00:00,185.397,185.422,185.022,185.144
EURJPY,2026-07-10 02:00:00+00:00,185.146,185.166,184.828,184.998
EURJPY,2026-07-10 03:00:00+00:00,184.998,185.04,184.834,184.93
EURJPY,2026-07-10 04:00:00+00:00,184.928,185.042,184.918,184.95
EURJPY,2026-07-10 05:00:00+00:00,184.954,184.972,184.764,184.852
EURJPY,2026-07-10 06:00:00+00:00,184.849,184.908,184.733,184.884
EURJPY,2026-07-10 07:00:00+00:00,184.888,185.08,184.87,184.936
EURJPY,2026-07-10 08:00:00+00:00,184.937,184.948,184.734,184.819
EURJPY,2026-07-10 09:00:00+00:00,184.818,184.998,184.798,184.923
EURJPY,2026-07-10 10:00:00+00:00,184.918,185.01,184.854,184.957
EURJPY,2026-07-10 11:00:00+00:00,184.956,185.032,184.882,185.01
EURJPY,2026-07-10 12:00:00+00:00,185.015,185.036,184.84,184.922
EURJPY,2026-07-10 13:00:00+00:00,184.921,184.932,184.734,184.75
EURJPY,2026-07-10 14:00:00+00:00,184.75,184.878,184.696,184.849
EURJPY,2026-07-10 15:00:00+00:00,184.848,184.88,184.466,184.518
EURJPY,2026-07-10 16:00:00+00:00,184.514,184.659,184.496,184.603
EURJPY,2026-07-10 17:00:00+00:00,184.602,184.623,184.518,184.568
EURJPY,2026-07-10 18:00:00+00:00,184.567,184.604,184.551,184.593
EURJPY,2026-07-10 19:00:00+00:00,184.592,184.638,184.574,184.638
EURJPY,2026-07-10 20:00:00+00:00,184.637,184.666,184.568,184.591
EURJPY,2026-07-12 21:00:00+00:00,184.408,184.562,184.392,184.494
EURJPY,2026-07-12 22:00:00+00:00,184.494,184.666,184.452,184.626
EURJPY,2026-07-12 23:00:00+00:00,184.628,184.686,184.608,184.62
EURJPY,2026-07-13 00:00:00+00:00,184.622,184.724,184.572,184.717
EURJPY,2026-07-13 01:00:00+00:00,184.718,184.752,184.545,184.612
EURJPY,2026-07-13 02:00:00+00:00,184.614,184.714,184.596,184.675
EURJPY,2026-07-13 03:00:00+00:00,184.676,184.744,184.658,184.744
EURJPY,2026-07-13 04:00:00+00:00,184.743,184.761,184.69,184.74
EURJPY,2026-07-13 05:00:00+00:00,184.741,185.056,184.718,184.966
EURJPY,2026-07-13 06:00:00+00:00,184.967,185.106,184.936,184.972
EURJPY,2026-07-13 07:00:00+00:00,184.972,185.28,184.664,185.204
EURJPY,2026-07-13 08:00:00+00:00,185.198,185.472,185.188,185.356
EURJPY,2026-07-13 09:00:00+00:00,185.352,185.378,185.124,185.186
EURJPY,2026-07-13 10:00:00+00:00,185.188,185.351,185.184,185.335
EURJPY,2026-07-13 11:00:00+00:00,185.338,185.34,185.23,185.264
EURJPY,2026-07-13 12:00:00+00:00,185.265,185.338,185.208,185.308
EURJPY,2026-07-13 13:00:00+00:00,185.311,185.318,185.16,185.172
EURJPY,2026-07-13 14:00:00+00:00,185.174,185.228,185.078,185.176
EURJPY,2026-07-13 15:00:00+00:00,185.176,185.196,185.014,185.075
EURJPY,2026-07-13 16:00:00+00:00,185.074,185.099,184.912,185.012
EURJPY,2026-07-13 17:00:00+00:00,185.014,185.036,184.96,184.988
EURJPY,2026-07-13 18:00:00+00:00,184.988,185.012,184.881,184.888
EURJPY,2026-07-13 19:00:00+00:00,184.888,184.936,184.882,184.929
EURJPY,2026-07-13 20:00:00+00:00,184.929,184.93,184.858,184.888
EURJPY,2026-07-13 21:00:00+00:00,184.908,185.006,184.908,184.954
EURJPY,2026-07-13 22:00:00+00:00,184.938,184.952,184.874,184.883
EURJPY,2026-07-13 23:00:00+00:00,184.882,184.901,184.848,184.895
EURJPY,2026-07-14 00:00:00+00:00,184.893,184.949,184.766,184.87
EURJPY,2026-07-14 01:00:00+00:00,184.869,184.986,184.849,184.954
EURJPY,2026-07-14 02:00:00+00:00,184.952,184.998,184.9,184.902
EURJPY,2026-07-14 03:00:00+00:00,184.903,184.958,184.868,184.908
EURJPY,2026-07-14 04:00:00+00:00,184.908,184.942,184.839,184.89
EURJPY,2026-07-14 05:00:00+00:00,184.891,184.941,184.856,184.876
EURJPY,2026-07-14 06:00:00+00:00,184.876,184.942,184.822,184.851
EURJPY,2026-07-14 07:00:00+00:00,184.856,185.014,184.839,185.007
EURJPY,2026-07-14 08:00:00+00:00,185.01,185.086,184.798,184.99
EURJPY,2026-07-14 09:00:00+00:00,184.992,185.005,184.842,184.908
EURJPY,2026-07-14 10:00:00+00:00,184.908,184.914,184.826,184.842
EURJPY,2026-07-14 11:00:00+00:00,184.845,185.054,184.812,185.016
EURJPY,2026-07-14 12:00:00+00:00,185.017,185.366,184.946,185.324
EURJPY,2026-07-14 13:00:00+00:00,185.326,185.486,185.294,185.429
EURJPY,2026-07-14 14:00:00+00:00,185.43,185.494,185.295,185.377
EURJPY,2026-07-14 15:00:00+00:00,185.376,185.438,185.283,185.286
EURJPY,2026-07-14 16:00:00+00:00,185.289,185.376,185.28,185.333
EURJPY,2026-07-14 17:00:00+00:00,185.332,185.359,185.257,185.282
EURJPY,2026-07-14 18:00:00+00:00,185.279,185.317,185.254,185.286
EURJPY,2026-07-14 19:00:00+00:00,185.284,185.294,185.224,185.254
EURJPY,2026-07-14 20:00:00+00:00,185.254,185.33,185.23,185.324
EURJPY,2026-07-14 21:00:00+00:00,185.266,185.304,185.253,185.268
EURJPY,2026-07-14 22:00:00+00:00,185.276,185.304,185.252,185.287
EURJPY,2026-07-14 23:00:00+00:00,185.285,185.298,185.25,185.298
EURJPY,2026-07-15 00:00:00+00:00,185.298,185.385,185.276,185.33
EURJPY,2026-07-15 01:00:00+00:00,185.329,185.38,185.231,185.366
EURJPY,2026-07-15 02:00:00+00:00,185.364,185.468,185.336,185.457
EURJPY,2026-07-15 03:00:00+00:00,185.458,185.479,185.42,185.461
EURJPY,2026-07-15 04:00:00+00:00,185.464,185.574,185.444,185.524
EURJPY,2026-07-15 05:00:00+00:00,185.526,185.626,185.483,185.57
EURJPY,2026-07-15 06:00:00+00:00,185.57,185.6,185.378,185.386
EURJPY,2026-07-15 07:00:00+00:00,185.393,185.45,185.335,185.367
EURJPY,2026-07-15 08:00:00+00:00,185.369,185.462,185.366,185.418
EURJPY,2026-07-15 09:00:00+00:00,185.424,185.438,185.344,185.374
EURJPY,2026-07-15 10:00:00+00:00,185.373,185.404,185.279,185.31
EURJPY,2026-07-15 11:00:00+00:00,185.313,185.408,185.248,185.266
EURJPY,2026-07-15 12:00:00+00:00,185.27,185.414,185.212,185.333
EURJPY,2026-07-15 13:00:00+00:00,185.332,185.449,185.327,185.405
EURJPY,2026-07-15 14:00:00+00:00,185.41,185.54,185.384,185.442
EURJPY,2026-07-15 15:00:00+00:00,185.443,185.525,185.35,185.402
EURJPY,2026-07-15 16:00:00+00:00,185.404,185.556,185.366,185.552
EURJPY,2026-07-15 17:00:00+00:00,185.552,185.884,185.551,185.855
EURJPY,2026-07-15 18:00:00+00:00,185.854,185.912,185.784,185.814
EURJPY,2026-07-15 19:00:00+00:00,185.81,186.002,185.796,185.977
EURJPY,2026-07-15 20:00:00+00:00,185.976,185.978,185.914,185.93
EURJPY,2026-07-15 21:00:00+00:00,185.88,185.942,185.863,185.874
EURJPY,2026-07-15 22:00:00+00:00,185.882,185.952,185.858,185.914
EURJPY,2026-07-15 23:00:00+00:00,185.912,185.923,185.87,185.909
EURJPY,2026-07-16 00:00:00+00:00,185.908,186.001,185.872,185.994
EURJPY,2026-07-16 01:00:00+00:00,185.99,185.996,185.832,185.878
EURJPY,2026-07-16 02:00:00+00:00,185.874,185.92,185.829,185.908
EURJPY,2026-07-16 03:00:00+00:00,185.909,185.91,185.866,185.87
EURJPY,2026-07-16 04:00:00+00:00,185.871,185.908,185.844,185.874
EURJPY,2026-07-16 05:00:00+00:00,185.875,185.94,185.866,185.898
EURJPY,2026-07-16 06:00:00+00:00,185.898,185.98,185.896,185.934
EURJPY,2026-07-16 07:00:00+00:00,185.936,185.956,185.786,185.906
EURJPY,2026-07-16 08:00:00+00:00,185.906,185.95,185.824,185.922
EURJPY,2026-07-16 09:00:00+00:00,185.923,185.967,185.857,185.961
EURJPY,2026-07-16 10:00:00+00:00,185.962,185.996,185.818,185.836
EURJPY,2026-07-16 11:00:00+00:00,185.833,185.994,185.798,185.976
EURJPY,2026-07-16 12:00:00+00:00,185.976,186.036,185.786,185.798
EURJPY,2026-07-16 13:00:00+00:00,185.8,185.946,185.762,185.866
EURJPY,2026-07-16 14:00:00+00:00,185.867,185.966,185.832,185.892
EURJPY,2026-07-16 15:00:00+00:00,185.892,185.972,185.816,185.937
EURJPY,2026-07-16 16:00:00+00:00,185.936,185.94,185.797,185.802
EURJPY,2026-07-16 17:00:00+00:00,185.803,185.816,185.752,185.756
EURJPY,2026-07-16 18:00:00+00:00,185.755,185.762,185.718,185.756
EURJPY,2026-07-16 19:00:00+00:00,185.758,185.808,185.734,185.806
EURJPY,2026-07-16 20:00:00+00:00,185.805,185.834,185.746,185.81
EURJPY,2026-07-16 21:00:00+00:00,185.834,185.84,185.78,185.816
EURJPY,2026-07-16 22:00:00+00:00,185.818,185.822,185.77,185.802
EURJPY,2026-07-16 23:00:00+00:00,185.8,185.865,185.79,185.858
EURJPY,2026-07-17 00:00:00+00:00,185.858,185.928,185.793,185.923
EURJPY,2026-07-17 01:00:00+00:00,185.926,185.958,185.827,185.854
EURJPY,2026-07-17 02:00:00+00:00,185.854,185.864,185.687,185.71
EURJPY,2026-07-17 03:00:00+00:00,185.713,185.788,185.708,185.777
EURJPY,2026-07-17 04:00:00+00:00,185.777,185.79,185.724,185.752
EURJPY,2026-07-17 05:00:00+00:00,185.75,185.829,185.743,185.792
EURJPY,2026-07-17 06:00:00+00:00,185.796,185.964,185.662,185.796
EURJPY,2026-07-17 07:00:00+00:00,185.796,185.813,185.636,185.748
EURJPY,2026-07-17 08:00:00+00:00,185.744,185.829,185.683,185.802
EURJPY,2026-07-17 09:00:00+00:00,185.8,185.863,185.748,185.758
EURJPY,2026-07-17 10:00:00+00:00,185.756,185.765,185.532,185.534
EURJPY,2026-07-17 11:00:00+00:00,185.533,185.637,185.484,185.59
EURJPY,2026-07-17 12:00:00+00:00,185.589,185.666,185.546,185.628
EURJPY,2026-07-17 13:00:00+00:00,185.632,185.735,185.577,185.685
EURJPY,2026-07-17 14:00:00+00:00,185.686,185.82,185.646,185.798
EURJPY,2026-07-17 15:00:00+00:00,185.798,185.842,185.751,185.833
EURJPY,2026-07-17 16:00:00+00:00,185.832,185.914,185.79,185.801
EURJPY,2026-07-17 17:00:00+00:00,185.802,185.81,185.755,185.757
EURJPY,2026-07-17 18:00:00+00:00,185.758,185.798,185.738,185.771
EURJPY,2026-07-17 19:00:00+00:00,185.77,185.844,185.749,185.796
EURJPY,2026-07-17 20:00:00+00:00,185.795,185.821,185.744,185.772
EURJPY,2026-07-19 21:00:00+00:00,185.645,185.701,185.592,185.642
EURJPY,2026-07-19 22:00:00+00:00,185.635,185.805,185.626,185.696
EURJPY,2026-07-19 23:00:00+00:00,185.695,185.738,185.67,185.72
EURJPY,2026-07-20 00:00:00+00:00,185.726,185.767,185.593,185.61
EURJPY,2026-07-20 01:00:00+00:00,185.61,185.681,185.59,185.68
EURJPY,2026-07-20 02:00:00+00:00,185.679,185.778,185.656,185.768
EURJPY,2026-07-20 03:00:00+00:00,185.768,185.79,185.732,185.782
EURJPY,2026-07-20 04:00:00+00:00,185.78,185.828,185.778,185.79
EURJPY,2026-07-20 05:00:00+00:00,185.791,185.804,185.726,185.76
EURJPY,2026-07-20 06:00:00+00:00,185.757,185.788,185.666,185.721
EURJPY,2026-07-20 07:00:00+00:00,185.721,185.878,185.71,185.812
EURJPY,2026-07-20 08:00:00+00:00,185.813,185.83,185.713,185.736
EURJPY,2026-07-20 09:00:00+00:00,185.736,185.754,185.616,185.642
EURJPY,2026-07-20 10:00:00+00:00,185.64,185.715,185.628,185.649
EURJPY,2026-07-20 11:00:00+00:00,185.648,185.726,185.538,185.554
EURJPY,2026-07-20 12:00:00+00:00,185.554,185.594,185.422,185.534
EURJPY,2026-07-20 13:00:00+00:00,185.534,185.544,185.387,185.471
EURJPY,2026-07-20 14:00:00+00:00,185.472,185.581,185.348,185.388
EURJPY,2026-07-20 15:00:00+00:00,185.387,185.521,185.387,185.516
EURJPY,2026-07-20 16:00:00+00:00,185.514,185.568,185.452,185.468
EURJPY,2026-07-20 17:00:00+00:00,185.47,185.478,185.426,185.437
EURJPY,2026-07-20 18:00:00+00:00,185.438,185.512,185.436,185.506
EURJPY,2026-07-20 19:00:00+00:00,185.505,185.526,185.472,185.526
EURJPY,2026-07-20 20:00:00+00:00,185.528,185.533,185.466,185.477
EURJPY,2026-07-20 21:00:00+00:00,185.499,185.544,185.43,185.452
EURJPY,2026-07-20 22:00:00+00:00,185.452,185.467,185.418,185.467
EURJPY,2026-07-20 23:00:00+00:00,185.468,185.5,185.452,185.497
EURJPY,2026-07-21 00:00:00+00:00,185.496,185.529,185.456,185.506
EURJPY,2026-07-21 01:00:00+00:00,185.508,185.52,185.422,185.498
EURJPY,2026-07-21 02:00:00+00:00,185.5,185.536,185.416,185.426
EURJPY,2026-07-21 03:00:00+00:00,185.425,185.468,185.408,185.438
EURJPY,2026-07-21 04:00:00+00:00,185.438,185.536,185.434,185.526
EURJPY,2026-07-21 05:00:00+00:00,185.527,185.586,185.508,185.548
EURJPY,2026-07-21 06:00:00+00:00,185.548,185.678,185.539,185.629
EURJPY,2026-07-21 07:00:00+00:00,185.628,185.778,185.628,185.738
EURJPY,2026-07-21 08:00:00+00:00,185.74,185.842,185.717,185.806
EURJPY,2026-07-21 09:00:00+00:00,185.807,185.896,185.779,185.81
EURJPY,2026-07-21 10:00:00+00:00,185.813,185.923,185.768,185.772
EURJPY,2026-07-21 11:00:00+00:00,185.77,185.896,185.767,185.825
EURJPY,2026-07-21 12:00:00+00:00,185.825,185.886,185.75,185.787
EURJPY,2026-07-21 13:00:00+00:00,185.788,185.874,185.712,185.858
EURJPY,2026-07-21 14:00:00+00:00,185.858,186.032,185.818,185.937
EURJPY,2026-07-21 15:00:00+00:00,185.938,185.972,185.862,185.96
EURJPY,2026-07-21 16:00:00+00:00,185.96,185.988,185.93,185.96
EURJPY,2026-07-21 17:00:00+00:00,185.961,185.991,185.936,185.968
EURJPY,2026-07-21 18:00:00+00:00,185.97,186.124,185.933,186.084
EURJPY,2026-07-21 19:00:00+00:00,186.084,186.112,186.054,186.084
EURJPY,2026-07-21 20:00:00+00:00,186.075,186.122,186.003,186.01
EURJPY,2026-07-21 21:00:00+00:00,186.002,186.05,185.98,186.029
EURJPY,2026-07-21 22:00:00+00:00,186.031,186.051,186.006,186.048
EURJPY,2026-07-21 23:00:00+00:00,186.046,186.094,186.04,186.074
EURJPY,2026-07-22 00:00:00+00:00,186.079,186.094,185.964,186.042
EURJPY,2026-07-22 01:00:00+00:00,186.043,186.088,186.013,186.041
EURJPY,2026-07-22 02:00:00+00:00,186.046,186.096,186.028,186.048
EURJPY,2026-07-22 03:00:00+00:00,186.05,186.126,186.048,186.12
EURJPY,2026-07-22 04:00:00+00:00,186.12,186.162,186.104,186.153
EURJPY,2026-07-22 05:00:00+00:00,186.154,186.166,186.048,186.078
EURJPY,2026-07-22 06:00:00+00:00,186.076,186.166,186.053,186.122
EURJPY,2026-07-22 07:00:00+00:00,186.125,186.192,185.735,185.908
EURJPY,2026-07-22 08:00:00+00:00,185.912,186.063,185.858,185.938
EURJPY,2026-07-22 09:00:00+00:00,185.934,186.035,185.924,185.936
EURJPY,2026-07-22 10:00:00+00:00,185.938,186.01,185.886,185.902
EURJPY,2026-07-22 11:00:00+00:00,185.911,186.028,185.872,186.02
EURJPY,2026-07-22 12:00:00+00:00,186.018,186.116,186.002,186.072
EURJPY,2026-07-22 13:00:00+00:00,186.069,186.202,186.052,186.11
EURJPY,2026-07-22 14:00:00+00:00,186.11,186.188,186.05,186.104
EURJPY,2026-07-22 15:00:00+00:00,186.106,186.172,186.064,186.136
EURJPY,2026-07-22 16:00:00+00:00,186.132,186.142,186.041,186.098
EURJPY,2026-07-22 17:00:00+00:00,186.103,186.186,186.098,186.166
EURJPY,2026-07-22 18:00:00+00:00,186.166,186.182,186.101,186.146
EURJPY,2026-07-22 19:00:00+00:00,186.147,186.189,186.143,186.176
EURJPY,2026-07-22 20:00:00+00:00,186.174,186.211,186.166,186.202
EURJPY,2026-07-22 21:00:00+00:00,186.145,186.148,186.072,186.113
EURJPY,2026-07-22 22:00:00+00:00,186.114,186.126,186.046,186.086
EURJPY,2026-07-22 23:00:00+00:00,186.087,186.13,186.076,186.108
EURJPY,2026-07-23 00:00:00+00:00,186.111,186.193,186.108,186.17
EURJPY,2026-07-23 01:00:00+00:00,186.17,186.214,186.106,186.162
EURJPY,2026-07-23 02:00:00+00:00,186.16,186.358,186.158,186.35
EURJPY,2026-07-23 03:00:00+00:00,186.351,186.375,186.296,186.345
EURJPY,2026-07-23 04:00:00+00:00,186.344,186.462,186.334,186.434
EURJPY,2026-07-23 05:00:00+00:00,186.435,186.475,186.384,186.434
EURJPY,2026-07-23 06:00:00+00:00,186.433,186.488,186.324,186.362
EURJPY,2026-07-23 07:00:00+00:00,186.364,186.666,186.352,186.583
EURJPY,2026-07-23 08:00:00+00:00,186.584,186.615,186.368,186.38
EURJPY,2026-07-23 09:00:00+00:00,186.38,186.47,186.375,186.456
EURJPY,2026-07-23 10:00:00+00:00,186.454,186.46,186.302,186.324
EURJPY,2026-07-23 11:00:00+00:00,186.319,186.34,186.046,186.296
EURJPY,2026-07-23 12:00:00+00:00,186.296,186.351,186.128,186.342
EURJPY,2026-07-23 13:00:00+00:00,186.344,186.519,186.206,186.469
EURJPY,2026-07-23 14:00:00+00:00,186.474,186.492,186.31,186.406
EURJPY,2026-07-23 15:00:00+00:00,186.406,186.432,186.224,186.294
EURJPY,2026-07-23 16:00:00+00:00,186.294,186.378,186.293,186.37
EURJPY,2026-07-23 17:00:00+00:00,186.37,186.375,186.298,186.314
EURJPY,2026-07-23 18:00:00+00:00,186.314,186.349,186.296,186.348
EURJPY,2026-07-23 19:00:00+00:00,186.345,186.412,186.333,186.39
EURJPY,2026-07-23 20:00:00+00:00,186.394,186.457,186.388,186.443
EURJPY,2026-07-23 21:00:00+00:00,186.401,186.441,186.352,186.36
EURJPY,2026-07-23 22:00:00+00:00,186.362,186.458,186.362,186.454
EURJPY,2026-07-23 23:00:00+00:00,186.455,186.46,186.379,186.394
EURJPY,2026-07-24 00:00:00+00:00,186.393,186.533,186.38,186.486
EURJPY,2026-07-24 01:00:00+00:00,186.487,186.54,186.418,186.444
EURJPY,2026-07-24 02:00:00+00:00,186.443,186.47,186.392,186.394
EURJPY,2026-07-24 03:00:00+00:00,186.396,186.48,186.372,186.448
EURJPY,2026-07-24 04:00:00+00:00,186.448,186.492,186.394,186.422
EURJPY,2026-07-24 05:00:00+00:00,186.422,186.48,186.399,186.413
EURJPY,2026-07-24 06:00:00+00:00,186.413,186.501,186.365,186.478
EURJPY,2026-07-24 07:00:00+00:00,186.48,186.606,186.396,186.532
EURJPY,2026-07-24 08:00:00+00:00,186.533,186.54,186.377,186.384
EURJPY,2026-07-24 09:00:00+00:00,186.382,186.47,186.38,186.428
EURJPY,2026-07-24 10:00:00+00:00,186.431,186.524,186.41,186.446
EURJPY,2026-07-24 11:00:00+00:00,186.446,186.5,186.298,186.33
EURJPY,2026-07-24 12:00:00+00:00,186.327,186.389,186.24,186.296
EURJPY,2026-07-24 13:00:00+00:00,186.296,186.364,186.244,186.328
EURJPY,2026-07-24 14:00:00+00:00,186.326,186.372,186.243,186.324
EURJPY,2026-07-24 15:00:00+00:00,186.329,186.443,186.316,186.38
EURJPY,2026-07-24 16:00:00+00:00,186.38,186.406,186.334,186.348
EURJPY,2026-07-24 17:00:00+00:00,186.35,186.363,186.24,186.25
EURJPY,2026-07-24 18:00:00+00:00,186.252,186.296,186.231,186.286
EURJPY,2026-07-24 19:00:00+00:00,186.286,186.314,186.262,186.302
EURJPY,2026-07-24 20:00:00+00:00,186.301,186.344,186.271,186.307
EURJPY,2026-07-26 21:00:00+00:00,186.416,186.534,186.352,186.394
EURJPY,2026-07-26 22:00:00+00:00,186.384,186.498,186.38,186.44
EURJPY,2026-07-26 23:00:00+00:00,186.44,186.464,186.409,186.443
EURJPY,2026-07-27 00:00:00+00:00,186.444,186.642,186.411,186.566
EURJPY,2026-07-27 01:00:00+00:00,186.567,186.614,186.528,186.601
EURJPY,2026-07-27 02:00:00+00:00,186.602,186.62,186.546,186.57
EURJPY,2026-07-27 03:00:00+00:00,186.571,186.586,186.53,186.538
EURJPY,2026-07-27 04:00:00+00:00,186.54,186.56,186.516,186.54
EURJPY,2026-07-27 05:00:00+00:00,186.541,186.608,186.526,186.596
EURJPY,2026-07-27 06:00:00+00:00,186.594,186.738,186.547,186.55
EURJPY,2026-07-27 07:00:00+00:00,186.552,186.552,186.298,186.36
EURJPY,2026-07-27 08:00:00+00:00,186.358,186.463,186.336,186.452
EURJPY,2026-07-27 09:00:00+00:00,186.45,186.495,186.351,186.374
EURJPY,2026-07-27 10:00:00+00:00,186.374,186.474,186.367,186.42
EURJPY,2026-07-27 11:00:00+00:00,186.42,186.442,186.31,186.343
EURJPY,2026-07-27 12:00:00+00:00,186.344,186.394,186.228,186.337
EURJPY,2026-07-27 13:00:00+00:00,186.336,186.368,186.228,186.254
EURJPY,2026-07-27 14:00:00+00:00,186.254,186.268,186.166,186.18
EURJPY,2026-07-27 15:00:00+00:00,186.18,186.247,186.126,186.228
EURJPY,2026-07-27 16:00:00+00:00,186.227,186.286,186.202,186.236
EURJPY,2026-07-27 17:00:00+00:00,186.235,186.24,186.128,186.196
EURJPY,2026-07-27 18:00:00+00:00,186.198,186.201,186.14,186.192
EURJPY,2026-07-27 19:00:00+00:00,186.193,186.2,186.144,186.172
EURJPY,2026-07-27 20:00:00+00:00,186.172,186.214,186.138,186.145
EURJPY,2026-07-27 21:00:00+00:00,186.116,186.243,186.116,186.211
EURJPY,2026-07-27 22:00:00+00:00,186.219,186.219,186.155,186.168
EURJPY,2026-07-27 23:00:00+00:00,186.17,186.206,186.143,186.205
EURJPY,2026-07-28 00:00:00+00:00,186.207,186.276,186.188,186.252
EURJPY,2026-07-28 01:00:00+00:00,186.254,186.304,186.231,186.255
EURJPY,2026-07-28 02:00:00+00:00,186.256,186.296,186.214,186.26
EURJPY,2026-07-28 03:00:00+00:00,186.26,186.321,186.242,186.278
EURJPY,2026-07-28 04:00:00+00:00,186.277,186.28,186.154,186.166
EURJPY,2026-07-28 05:00:00+00:00,186.166,186.178,186.046,186.108
EURJPY,2026-07-28 06:00:00+00:00,186.108,186.166,186.064,186.118
EURJPY,2026-07-28 07:00:00+00:00,186.12,186.226,186.102,186.14
EURJPY,2026-07-28 08:00:00+00:00,186.141,186.314,186.138,186.312
EURJPY,2026-07-28 09:00:00+00:00,186.313,186.32,186.1,186.109
EURJPY,2026-07-28 10:00:00+00:00,186.106,186.278,186.074,186.245
EURJPY,2026-07-28 11:00:00+00:00,186.244,186.356,186.178,186.316
EURJPY,2026-07-28 12:00:00+00:00,186.315,186.338,186.202,186.263
EURJPY,2026-07-28 13:00:00+00:00,186.266,186.338,186.257,186.322
EURJPY,2026-07-28 14:00:00+00:00,186.318,186.588,186.306,186.574
EURJPY,2026-07-28 15:00:00+00:00,186.576,186.624,186.516,186.568
EURJPY,2026-07-28 16:00:00+00:00,186.568,186.688,186.568,186.604
EURJPY,2026-07-28 17:00:00+00:00,186.606,186.626,186.558,186.564
EURJPY,2026-07-28 18:00:00+00:00,186.564,186.588,186.526,186.584
EURJPY,2026-07-28 19:00:00+00:00,186.585,186.64,186.576,186.59
EURJPY,2026-07-28 20:00:00+00:00,186.596,186.618,186.561,186.588
EURJPY,2026-07-28 21:00:00+00:00,186.571,186.657,186.563,186.6
EURJPY,2026-07-28 22:00:00+00:00,186.599,186.618,186.538,186.548
EURJPY,2026-07-28 23:00:00+00:00,186.548,186.586,186.512,186.584
EURJPY,2026-07-29 00:00:00+00:00,186.587,186.594,186.408,186.48
EURJPY,2026-07-29 01:00:00+00:00,186.48,186.548,186.456,186.507
EURJPY,2026-07-29 02:00:00+00:00,186.505,186.574,186.478,186.558
EURJPY,2026-07-29 03:00:00+00:00,186.558,186.592,186.47,186.488
EURJPY,2026-07-29 04:00:00+00:00,186.484,186.503,186.188,186.326
EURJPY,2026-07-29 05:00:00+00:00,186.327,186.367,186.242,186.358
EURJPY,2026-07-29 06:00:00+00:00,186.352,186.418,186.262,186.296
EURJPY,2026-07-29 07:00:00+00:00,186.296,186.58,186.279,186.562
EURJPY,2026-07-29 08:00:00+00:00,186.562,186.58,186.417,186.433
EURJPY,2026-07-29 09:00:00+00:00,186.434,186.446,186.312,186.386
EURJPY,2026-07-29 10:00:00+00:00,186.387,186.444,186.318,186.336
EURJPY,2026-07-29 11:00:00+00:00,186.339,186.404,186.256,186.266
EURJPY,2026-07-29 12:00:00+00:00,186.264,186.412,186.242,186.38
EURJPY,2026-07-29 13:00:00+00:00,186.38,186.553,186.339,186.547
EURJPY,2026-07-29 14:00:00+00:00,186.548,186.67,186.502,186.52
EURJPY,2026-07-29 15:00:00+00:00,186.518,186.548,186.442,186.521
EURJPY,2026-07-29 16:00:00+00:00,186.52,186.6,186.466,186.6
EURJPY,2026-07-29 17:00:00+00:00,186.6,186.71,186.59,186.65
EURJPY,2026-07-29 18:00:00+00:00,186.65,187.065,186.484,187.032
EURJPY,2026-07-29 19:00:00+00:00,187.03,187.262,186.976,187.187
EURJPY,2026-07-29 20:00:00+00:00,187.19,187.478,187.186,187.414
EURJPY,2026-07-29 21:00:00+00:00,187.265,187.356,187.21,187.319
EURJPY,2026-07-29 22:00:00+00:00,187.318,187.442,187.318,187.432
EURJPY,2026-07-29 23:00:00+00:00,187.432,187.433,187.258,187.262
EURJPY,2026-07-30 00:00:00+00:00,187.262,187.334,187.158,187.329
EURJPY,2026-07-30 01:00:00+00:00,187.33,187.334,187.245,187.262
EURJPY,2026-07-30 02:00:00+00:00,187.267,187.27,187.214,187.24
EURJPY,2026-07-30 03:00:00+00:00,187.24,187.286,187.202,187.204
EURJPY,2026-07-30 04:00:00+00:00,187.206,187.254,187.194,187.214
EURJPY,2026-07-30 05:00:00+00:00,187.215,187.31,187.213,187.252
EURJPY,2026-07-30 06:00:00+00:00,187.253,187.358,187.212,187.32
EURJPY,2026-07-30 07:00:00+00:00,187.322,187.355,187.154,187.27
EURJPY,2026-07-30 08:00:00+00:00,187.269,187.428,187.262,187.358
EURJPY,2026-07-30 09:00:00+00:00,187.36,187.41,187.204,187.232
EURJPY,2026-07-30 10:00:00+00:00,187.23,187.232,186.306,186.81
EURJPY,2026-07-30 11:00:00+00:00,186.81,186.944,186.74,186.938
EURJPY,2026-07-30 12:00:00+00:00,186.938,187.012,186.79,186.952
EURJPY,2026-07-30 13:00:00+00:00,186.956,186.956,184.079,184.092
EURJPY,2026-07-30 14:00:00+00:00,184.092,184.24,182.107,183.225
EURJPY,2026-07-30 15:00:00+00:00,183.224,183.756,182.849,183.732
EURJPY,2026-07-30 16:00:00+00:00,183.732,184.006,183.712,183.964
EURJPY,2026-07-30 17:00:00+00:00,183.964,184.136,182.676,183.321
EURJPY,2026-07-30 18:00:00+00:00,183.32,183.444,183.214,183.296
EURJPY,2026-07-30 19:00:00+00:00,183.307,183.84,183.307,183.749
EURJPY,2026-07-30 20:00:00+00:00,183.75,183.998,183.724,183.926
EURJPY,2026-07-30 21:00:00+00:00,183.841,184.026,183.831,184.003
EURJPY,2026-07-30 22:00:00+00:00,184.005,184.178,183.768,184.065
EURJPY,2026-07-30 23:00:00+00:00,184.066,184.623,183.98,184.588
EURJPY,2026-07-31 00:00:00+00:00,184.587,185.098,184.566,184.908
EURJPY,2026-07-31 01:00:00+00:00,184.906,185.031,184.712,185.01
EURJPY,2026-07-31 02:00:00+00:00,185.008,185.01,184.702,184.784
EURJPY,2026-07-31 03:00:00+00:00,184.784,185.17,184.738,184.924
EURJPY,2026-07-31 04:00:00+00:00,184.926,185.05,184.868,184.92
EURJPY,2026-07-31 05:00:00+00:00,184.92,184.944,184.765,184.797
EURJPY,2026-07-31 06:00:00+00:00,184.79,184.854,184.28,184.614
EURJPY,2026-07-31 07:00:00+00:00,184.616,185.029,184.467,184.468
EURJPY,2026-07-31 08:00:00+00:00,184.468,184.726,182.726,183.134
EURJPY,2026-07-31 09:00:00+00:00,183.132,184.174,182.772,184.084
EURJPY,2026-07-31 10:00:00+00:00,184.085,184.218,183.924,184.022
EURJPY,2026-07-31 11:00:00+00:00,184.022,184.144,183.947,184.007
EURJPY,2026-07-31 12:00:00+00:00,184.01,184.287,183.954,184.244
EURJPY,2026-07-31 13:00:00+00:00,184.239,184.372,182.56,182.89
EURJPY,2026-07-31 14:00:00+00:00,182.892,183.392,182.206,183.2
EURJPY,2026-07-31 15:00:00+00:00,183.2,183.388,182.748,183.336
EURJPY,2026-07-31 16:00:00+00:00,183.337,183.552,183.256,183.548
EURJPY,2026-07-31 17:00:00+00:00,183.551,183.778,182.45,182.815
EURJPY,2026-07-31 18:00:00+00:00,182.815,183.401,182.637,183.224
EURJPY,2026-07-31 19:00:00+00:00,183.224,183.572,183.224,183.554
EURJPY,2026-07-31 20:00:00+00:00,183.55,183.569,181.4,181.551
EURJPY,2026-08-02 21:00:00+00:00,181.516,181.979,181.494,181.918
EURJPY,2026-08-02 22:00:00+00:00,181.918,181.93,181.381,181.669
EURJPY,2026-08-02 23:00:00+00:00,181.672,182.239,181.401,181.915
EURJPY,2026-08-03 00:00:00+00:00,181.913,182.154,179.369,180.21
EURJPY,2026-08-03 01:00:00+00:00,180.21,180.494,179.443,180.319
EURJPY,2026-08-03 02:00:00+00:00,180.32,180.622,180.202,180.446
EURJPY,2026-08-03 03:00:00+00:00,180.448,180.574,180.212,180.474
EURJPY,2026-08-03 04:00:00+00:00,180.474,180.55,180.346,180.467
EURJPY,2026-08-03 05:00:00+00:00,180.466,180.518,180.365,180.444
EURJPY,2026-08-03 06:00:00+00:00,180.44,180.812,180.366,180.718
EURJPY,2026-08-03 07:00:00+00:00,180.703,180.752,180.458,180.708
EURJPY,2026-08-03 08:00:00+00:00,180.709,180.902,180.478,180.891
EURJPY,2026-08-03 09:00:00+00:00,180.89,181.156,180.774,181.006
EURJPY,2026-08-03 10:00:00+00:00,181.006,181.012,180.549,180.701
EURJPY,2026-08-03 11:00:00+00:00,180.704,180.931,180.529,180.676
EURJPY,2026-08-03 12:00:00+00:00,180.677,180.82,180.582,180.786
EURJPY,2026-08-03 13:00:00+00:00,180.784,180.858,180.186,180.37
EURJPY,2026-08-03 14:00:00+00:00,180.335,180.45,180.039,180.263
EURJPY,2026-08-03 15:00:00+00:00,180.266,180.688,180.233,180.666
EURJPY,2026-08-03 16:00:00+00:00,180.668,180.672,180.219,180.534
EURJPY,2026-08-03 17:00:00+00:00,180.534,180.624,180.498,180.612
EURJPY,2026-08-03 18:00:00+00:00,180.608,180.679,180.409,180.512
EURJPY,2026-08-03 19:00:00+00:00,180.518,180.681,180.494,180.662
EURJPY,2026-08-03 20:00:00+00:00,180.661,180.944,180.598,180.905
EURJPY,2026-08-03 21:00:00+00:00,180.965,180.974,180.902,180.974
EURJPY,2026-08-03 22:00:00+00:00,180.967,181.171,180.928,181.107
EURJPY,2026-08-03 23:00:00+00:00,181.108,181.428,181.022,181.282
EURJPY,2026-08-04 00:00:00+00:00,181.285,181.312,181.004,181.211
EURJPY,2026-08-04 01:00:00+00:00,181.212,181.456,181.209,181.45
EURJPY,2026-08-04 02:00:00+00:00,181.451,181.558,181.439,181.505
EURJPY,2026-08-04 03:00:00+00:00,181.504,181.515,181.268,181.429
EURJPY,2026-08-04 04:00:00+00:00,181.428,181.44,181.252,181.34
EURJPY,2026-08-04 05:00:00+00:00,181.344,181.485,181.274,181.484
EURJPY,2026-08-04 06:00:00+00:00,181.483,181.521,181.32,181.456
EURJPY,2026-08-04 07:00:00+00:00,181.458,181.684,181.428,181.656
EURJPY,2026-08-04 08:00:00+00:00,181.658,181.688,181.531,181.601
EURJPY,2026-08-04 09:00:00+00:00,181.602,181.782,181.586,181.729
EURJPY,2026-08-04 10:00:00+00:00,181.727,181.8,181.661,181.718
EURJPY,2026-08-04 11:00:00+00:00,181.715,181.74,181.27,181.342
EURJPY,2026-08-04 12:00:00+00:00,181.33,181.47,181.182,181.396
EURJPY,2026-08-04 13:00:00+00:00,181.396,181.434,181.182,181.42
EURJPY,2026-08-04 14:00:00+00:00,181.426,181.612,181.336,181.556
EURJPY,2026-08-04 15:00:00+00:00,181.556,181.622,181.33,181.472
EURJPY,2026-08-04 16:00:00+00:00,181.476,181.55,181.394,181.512
EURJPY,2026-08-04 17:00:00+00:00,181.51,181.652,181.483,181.627
EURJPY,2026-08-04 18:00:00+00:00,181.628,181.831,181.626,181.818
EURJPY,2026-08-04 19:00:00+00:00,181.818,181.988,181.808,181.922
EURJPY,2026-08-04 20:00:00+00:00,181.921,181.938,181.854,181.922
EURJPY,2026-08-04 21:00:00+00:00,181.891,181.957,181.851,181.876
EURJPY,2026-08-04 22:00:00+00:00,181.879,181.941,181.83,181.914
EURJPY,2026-08-04 23:00:00+00:00,181.913,181.97,181.826,181.872
EURJPY,2026-08-05 00:00:00+00:00,181.87,181.938,181.588,181.69
EURJPY,2026-08-05 01:00:00+00:00,181.692,181.764,181.641,181.719
EURJPY,2026-08-05 02:00:00+00:00,181.72,181.81,181.54,181.624
EURJPY,2026-08-05 03:00:00+00:00,181.626,181.726,181.586,181.628
EURJPY,2026-08-05 04:00:00+00:00,181.626,181.892,181.588,181.87
EURJPY,2026-08-05 05:00:00+00:00,181.875,181.902,181.808,181.85
EURJPY,2026-08-05 06:00:00+00:00,181.848,182.024,181.768,181.967
EURJPY,2026-08-05 07:00:00+00:00,181.966,181.994,181.803,181.974
EURJPY,2026-08-05 08:00:00+00:00,181.974,182.174,181.952,182.058
EURJPY,2026-08-05 09:00:00+00:00,182.059,182.142,182.002,182.044
EURJPY,2026-08-05 10:00:00+00:00,182.044,182.108,181.979,181.986
EURJPY,2026-08-05 11:00:00+00:00,181.988,182.06,181.864,182.029
EURJPY,2026-08-05 12:00:00+00:00,182.03,182.088,181.92,181.993
EURJPY,2026-08-05 13:00:00+00:00,181.992,182.076,181.767,181.879
EURJPY,2026-08-05 14:00:00+00:00,181.866,182.017,181.784,181.97
EURJPY,2026-08-05 15:00:00+00:00,181.97,182.045,181.877,182.04
EURJPY,2026-08-05 16:00:00+00:00,182.037,182.134,181.978,182.134
EURJPY,2026-08-05 17:00:00+00:00,182.136,182.228,182.092,182.228
EURJPY,2026-08-05 18:00:00+00:00,182.227,182.242,182.156,182.17
EURJPY,2026-08-05 19:00:00+00:00,182.174,182.205,182.122,182.185
EURJPY,2026-08-05 20:00:00+00:00,182.186,182.292,182.176,182.28
EURJPY,2026-08-05 21:00:00+00:00,182.271,182.294,182.15,182.198
EURJPY,2026-08-05 22:00:00+00:00,182.197,182.228,182.168,182.196
EURJPY,2026-08-05 23:00:00+00:00,182.195,182.195,182.098,182.154
EURJPY,2026-08-06 00:00:00+00:00,182.153,182.338,182.152,182.276
EURJPY,2026-08-06 01:00:00+00:00,182.277,182.295,182.132,182.182
EURJPY,2026-08-06 02:00:00+00:00,182.182,182.216,182.138,182.17
EURJPY,2026-08-06 03:00:00+00:00,182.17,182.216,182.125,182.168
EURJPY,2026-08-06 04:00:00+00:00,182.166,182.18,182.13,182.176
EURJPY,2026-08-06 05:00:00+00:00,182.178,182.214,182.134,182.194
EURJPY,2026-08-06 06:00:00+00:00,182.196,182.258,182.162,182.212
EURJPY,2026-08-06 07:00:00+00:00,182.212,182.262,182.094,182.242
EURJPY,2026-08-06 08:00:00+00:00,182.246,182.266,182.13,182.201
EURJPY,2026-08-06 09:00:00+00:00,182.2,182.212,182.135,182.16
EURJPY,2026-08-06 10:00:00+00:00,182.16,182.208,182.11,182.202
EURJPY,2026-08-06 11:00:00+00:00,182.202,182.33,182.185,182.25
EURJPY,2026-08-06 12:00:00+00:00,182.25,182.286,182.16,182.202
EURJPY,2026-08-06 13:00:00+00:00,182.202,182.304,182.176,182.226
EURJPY,2026-08-06 14:00:00+00:00,182.226,182.572,182.206,182.494
EURJPY,2026-08-06 15:00:00+00:00,182.494,182.642,182.48,182.548
EURJPY,2026-08-06 16:00:00+00:00,182.548,182.632,182.256,182.614
EURJPY,2026-08-06 17:00:00+00:00,182.614,182.619,182.484,182.528
EURJPY,2026-08-06 18:00:00+00:00,182.53,182.548,182.448,182.457
EURJPY,2026-08-06 19:00:00+00:00,182.456,182.588,182.444,182.532
EURJPY,2026-08-06 20:00:00+00:00,182.531,182.631,182.524,182.61
EURJPY,2026-08-06 21:00:00+00:00,182.612,182.63,182.523,182.562
EURJPY,2026-08-06 22:00:00+00:00,182.601,182.644,182.57,182.591
EURJPY,2026-08-06 23:00:00+00:00,182.591,182.599,182.518,182.576
EURJPY,2026-08-07 00:00:00+00:00,182.572,182.694,182.565,182.617
EURJPY,2026-08-07 01:00:00+00:00,182.62,182.638,182.336,182.434
EURJPY,2026-08-07 02:00:00+00:00,182.434,182.492,182.43,182.481
EURJPY,2026-08-07 03:00:00+00:00,182.479,182.577,182.47,182.546
EURJPY,2026-08-07 04:00:00+00:00,182.545,182.57,182.506,182.517
EURJPY,2026-08-07 05:00:00+00:00,182.515,182.541,182.435,182.446
EURJPY,2026-08-07 06:00:00+00:00,182.443,182.489,182.408,182.476
EURJPY,2026-08-07 07:00:00+00:00,182.477,182.592,182.399,182.534
EURJPY,2026-08-07 08:00:00+00:00,182.532,182.572,182.488,182.513
EURJPY,2026-08-07 09:00:00+00:00,182.516,182.602,182.506,182.58
EURJPY,2026-08-07 10:00:00+00:00,182.58,182.622,182.42,182.49
EURJPY,2026-08-07 11:00:00+00:00,182.491,182.614,182.473,182.613
EURJPY,2026-08-07 12:00:00+00:00,182.614,182.694,181.312,182.152
EURJPY,2026-08-07 13:00:00+00:00,182.144,182.366,182.01,182.318
EURJPY,2026-08-07 14:00:00+00:00,182.315,182.498,182.234,182.464
EURJPY,2026-08-07 15:00:00+00:00,182.464,182.5,182.03,182.114
EURJPY,2026-08-07 16:00:00+00:00,182.114,182.134,181.901,182.005
EURJPY,2026-08-07 17:00:00+00:00,182.003,182.09,181.973,182.084
EURJPY,2026-08-07 18:00:00+00:00,182.083,182.252,182.074,182.202
EURJPY,2026-08-07 19:00:00+00:00,182.204,182.284,182.11,182.178
EURJPY,2026-08-07 20:00:00+00:00,182.178,182.482,182.148,182.396
EURJPY,2026-08-09 21:00:00+00:00,182.428,182.442,182.288,182.344
EURJPY,2026-08-09 22:00:00+00:00,182.344,182.53,182.338,182.503
EURJPY,2026-08-09 23:00:00+00:00,182.502,182.511,182.408,182.476
EURJPY,2026-08-10 00:00:00+00:00,182.476,182.58,182.442,182.566
EURJPY,2026-08-10 01:00:00+00:00,182.568,182.91,182.552,182.875
EURJPY,2026-08-10 02:00:00+00:00,182.874,182.899,182.78,182.786
EURJPY,2026-08-10 03:00:00+00:00,182.786,182.794,182.693,182.714
EURJPY,2026-08-10 04:00:00+00:00,182.714,182.918,182.714,182.91
EURJPY,2026-08-10 05:00:00+00:00,182.909,182.986,182.892,182.968
EURJPY,2026-08-10 06:00:00+00:00,182.969,183.104,182.96,183.02
EURJPY,2026-08-10 07:00:00+00:00,183.02,183.28,183.006,183.233
EURJPY,2026-08-10 08:00:00+00:00,183.234,183.472,183.173,183.438
EURJPY,2026-08-10 09:00:00+00:00,183.438,183.641,183.438,183.59
EURJPY,2026-08-10 10:00:00+00:00,183.592,183.625,183.447,183.492
EURJPY,2026-08-10 11:00:00+00:00,183.492,183.538,183.406,183.479
EURJPY,2026-08-10 12:00:00+00:00,183.48,183.558,183.064,183.54
EURJPY,2026-08-10 13:00:00+00:00,183.541,183.652,183.503,183.59
EURJPY,2026-08-10 14:00:00+00:00,183.586,183.654,183.485,183.61
EURJPY,2026-08-10 15:00:00+00:00,183.611,183.658,183.505,183.567
EURJPY,2026-08-10 16:00:00+00:00,183.566,183.666,183.56,183.646
EURJPY,2026-08-10 17:00:00+00:00,183.647,183.756,183.638,183.697
EURJPY,2026-08-10 18:00:00+00:00,183.697,183.926,183.67,183.801
EURJPY,2026-08-10 19:00:00+00:00,183.802,183.94,183.774,183.867
EURJPY,2026-08-10 20:00:00+00:00,183.866,183.924,183.859,183.89
EURJPY,2026-08-10 21:00:00+00:00,183.837,183.887,183.812,183.839
EURJPY,2026-08-10 22:00:00+00:00,183.85,183.902,183.817,183.836
EURJPY,2026-08-10 23:00:00+00:00,183.836,183.863,183.742,183.768
EURJPY,2026-08-11 00:00:00+00:00,183.764,183.842,183.553,183.753
EURJPY,2026-08-11 01:00:00+00:00,183.752,183.804,183.683,183.782
EURJPY,2026-08-11 02:00:00+00:00,183.782,183.858,183.762,183.791
EURJPY,2026-08-11 03:00:00+00:00,183.79,183.814,183.729,183.768
EURJPY,2026-08-11 04:00:00+00:00,183.771,183.798,183.744,183.752
EURJPY,2026-08-11 05:00:00+00:00,183.754,183.76,183.69,183.742
EURJPY,2026-08-11 06:00:00+00:00,183.747,183.768,183.642,183.683
EURJPY,2026-08-11 07:00:00+00:00,183.682,183.837,183.678,183.779
EURJPY,2026-08-11 08:00:00+00:00,183.778,183.855,183.729,183.842
EURJPY,2026-08-11 09:00:00+00:00,183.842,183.874,183.738,183.768
EURJPY,2026-08-11 10:00:00+00:00,183.77,183.822,183.659,183.697
EURJPY,2026-08-11 11:00:00+00:00,183.697,183.732,183.604,183.721
EURJPY,2026-08-11 12:00:00+00:00,183.72,183.85,183.702,183.824
EURJPY,2026-08-11 13:00:00+00:00,183.823,183.86,183.736,183.821
EURJPY,2026-08-11 14:00:00+00:00,183.822,183.848,183.752,183.8
EURJPY,2026-08-11 15:00:00+00:00,183.8,183.848,183.734,183.826
EURJPY,2026-08-11 16:00:00+00:00,183.826,183.828,183.731,183.788
EURJPY,2026-08-11 17:00:00+00:00,183.79,183.832,183.757,183.817
EURJPY,2026-08-11 18:00:00+00:00,183.818,183.846,183.792,183.802
EURJPY,2026-08-11 19:00:00+00:00,183.801,183.875,183.801,183.862
EURJPY,2026-08-11 20:00:00+00:00,183.863,183.92,183.83,183.866
EURJPY,2026-08-11 21:00:00+00:00,183.83,183.846,183.786,183.83
EURJPY,2026-08-11 22:00:00+00:00,183.826,183.884,183.826,183.856
EURJPY,2026-08-11 23:00:00+00:00,183.853,183.874,183.837,183.86
EURJPY,2026-08-12 00:00:00+00:00,183.862,183.916,183.778,183.894
EURJPY,2026-08-12 01:00:00+00:00,183.894,183.915,183.82,183.846
EURJPY,2026-08-12 02:00:00+00:00,183.846,183.948,183.838,183.925
EURJPY,2026-08-12 03:00:00+00:00,183.924,183.969,183.9,183.909
EURJPY,2026-08-12 04:00:00+00:00,183.908,183.926,183.852,183.901
EURJPY,2026-08-12 05:00:00+00:00,183.9,183.902,183.778,183.858
EURJPY,2026-08-12 06:00:00+00:00,183.858,183.888,183.815,183.884
EURJPY,2026-08-12 07:00:00+00:00,183.884,183.926,183.836,183.876
EURJPY,2026-08-12 08:00:00+00:00,183.876,183.88,183.794,183.81
EURJPY,2026-08-12 09:00:00+00:00,183.81,183.835,183.154,183.608
EURJPY,2026-08-12 10:00:00+00:00,183.605,183.678,183.55,183.616
EURJPY,2026-08-12 11:00:00+00:00,183.616,183.676,183.541,183.659
EURJPY,2026-08-12 12:00:00+00:00,183.661,183.726,183.379,183.572
EURJPY,2026-08-12 13:00:00+00:00,183.571,183.722,183.478,183.706
EURJPY,2026-08-12 14:00:00+00:00,183.71,183.83,183.689,183.77
EURJPY,2026-08-12 15:00:00+00:00,183.772,183.818,183.718,183.744
EURJPY,2026-08-12 16:00:00+00:00,183.746,183.759,183.7,183.745
EURJPY,2026-08-12 17:00:00+00:00,183.746,183.834,183.742,183.77
EURJPY,2026-08-12 18:00:00+00:00,183.77,183.817,183.741,183.758
EURJPY,2026-08-12 19:00:00+00:00,183.758,183.785,183.723,183.777
EURJPY,2026-08-12 20:00:00+00:00,183.774,183.797,183.71,183.738
EURJPY,2026-08-12 21:00:00+00:00,183.761,183.761,183.687,183.709
EURJPY,2026-08-12 22:00:00+00:00,183.716,183.767,183.714,183.724
EURJPY,2026-08-12 23:00:00+00:00,183.723,183.723,183.647,183.68
EURJPY,2026-08-13 00:00:00+00:00,183.682,183.748,183.623,183.678
EURJPY,2026-08-13 01:00:00+00:00,183.678,183.705,183.639,183.649
EURJPY,2026-08-13 02:00:00+00:00,183.648,183.732,183.64,183.698
EURJPY,2026-08-13 03:00:00+00:00,183.699,183.75,183.678,183.704
EURJPY,2026-08-13 04:00:00+00:00,183.705,183.746,183.44,183.557
EURJPY,2026-08-13 05:00:00+00:00,183.554,183.676,183.534,183.58
EURJPY,2026-08-13 06:00:00+00:00,183.58,183.657,183.542,183.584
EURJPY,2026-08-13 07:00:00+00:00,183.583,183.703,183.57,183.678
EURJPY,2026-08-13 08:00:00+00:00,183.678,183.75,183.656,183.703
EURJPY,2026-08-13 09:00:00+00:00,183.704,183.808,183.696,183.791
EURJPY,2026-08-13 10:00:00+00:00,183.794,183.852,183.79,183.82
EURJPY,2026-08-13 11:00:00+00:00,183.82,183.828,183.741,183.78
EURJPY,2026-08-13 12:00:00+00:00,183.779,183.796,183.659,183.75
EURJPY,2026-08-13 13:00:00+00:00,183.755,183.786,183.68,183.707
EURJPY,2026-08-13 14:00:00+00:00,183.708,183.826,183.553,183.744
EURJPY,2026-08-13 15:00:00+00:00,183.744,183.836,183.74,183.748
EURJPY,2026-08-13 16:00:00+00:00,183.748,183.888,183.738,183.879
EURJPY,2026-08-13 17:00:00+00:00,183.878,183.926,183.842,183.893
EURJPY,2026-08-13 18:00:00+00:00,183.896,183.918,183.865,183.898
EURJPY,2026-08-13 19:00:00+00:00,183.899,183.928,183.88,183.909
EURJPY,2026-08-13 20:00:00+00:00,183.908,183.946,183.88,183.908
EURJPY,2026-08-13 21:00:00+00:00,183.872,183.915,183.831,183.88
EURJPY,2026-08-13 22:00:00+00:00,183.883,183.938,183.883,183.893
EURJPY,2026-08-13 23:00:00+00:00,183.894,183.93,183.886,183.89
EURJPY,2026-08-14 00:00:00+00:00,183.894,183.976,183.859,183.892
EURJPY,2026-08-14 01:00:00+00:00,183.892,183.948,183.856,183.908
EURJPY,2026-08-14 02:00:00+00:00,183.906,183.93,183.866,183.876
EURJPY,2026-08-14 03:00:00+00:00,183.875,183.912,183.832,183.884
EURJPY,2026-08-14 04:00:00+00:00,183.884,183.904,183.854,183.875
EURJPY,2026-08-14 05:00:00+00:00,183.875,183.884,183.716,183.818
EURJPY,2026-08-14 06:00:00+00:00,183.819,183.844,183.696,183.838
EURJPY,2026-08-14 07:00:00+00:00,183.84,183.94,183.81,183.897
EURJPY,2026-08-14 08:00:00+00:00,183.9,183.947,183.75,183.944
EURJPY,2026-08-14 09:00:00+00:00,183.94,183.954,183.816,183.885
EURJPY,2026-08-14 10:00:00+00:00,183.882,183.946,183.826,183.942
EURJPY,2026-08-14 11:00:00+00:00,183.945,184.099,183.943,184.02
EURJPY,2026-08-14 12:00:00+00:00,184.02,184.036,183.604,183.811
EURJPY,2026-08-14 13:00:00+00:00,183.804,184.08,183.787,184.063
EURJPY,2026-08-14 14:00:00+00:00,184.062,184.19,184.058,184.169
EURJPY,2026-08-14 15:00:00+00:00,184.168,184.408,184.127,184.378
EURJPY,2026-08-14 16:00:00+00:00,184.382,184.454,184.37,184.405
EURJPY,2026-08-14 17:00:00+00:00,184.406,184.412,184.282,184.302
EURJPY,2026-08-14 18:00:00+00:00,184.302,184.358,184.284,184.333
EURJPY,2026-08-14 19:00:00+00:00,184.334,184.388,184.321,184.356
EURJPY,2026-08-14 20:00:00+00:00,184.356,184.364,184.296,184.345
EURJPY,2026-08-16 21:00:00+00:00,184.262,184.325,184.244,184.256
EURJPY,2026-08-16 22:00:00+00:00,184.257,184.372,184.22,184.221
EURJPY,2026-08-16 23:00:00+00:00,184.221,184.312,184.205,184.288
EURJPY,2026-08-17 00:00:00+00:00,184.284,184.336,184.13,184.148
EURJPY,2026-08-17 01:00:00+00:00,184.151,184.276,184.12,184.25
EURJPY,2026-08-17 02:00:00+00:00,184.25,184.268,184.134,184.167
EURJPY,2026-08-17 03:00:00+00:00,184.169,184.3,184.169,184.29
EURJPY,2026-08-17 04:00:00+00:00,184.29,184.354,184.279,184.339
EURJPY,2026-08-17 05:00:00+00:00,184.34,184.346,184.21,184.337
EURJPY,2026-08-17 06:00:00+00:00,184.34,184.363,184.279,184.33
EURJPY,2026-08-17 07:00:00+00:00,184.329,184.536,184.257,184.492
EURJPY,2026-08-17 08:00:00+00:00,184.49,184.638,184.476,184.57
EURJPY,2026-08-17 09:00:00+00:00,184.572,184.636,184.525,184.586
EURJPY,2026-08-17 10:00:00+00:00,184.589,184.598,184.471,184.508
EURJPY,2026-08-17 11:00:00+00:00,184.509,184.606,184.483,184.598
EURJPY,2026-08-17 12:00:00+00:00,184.596,184.692,184.56,184.688
EURJPY,2026-08-17 13:00:00+00:00,184.687,184.77,184.658,184.664
EURJPY,2026-08-17 14:00:00+00:00,184.666,184.69,184.53,184.566
EURJPY,2026-08-17 15:00:00+00:00,184.568,184.692,184.542,184.682
EURJPY,2026-08-17 16:00:00+00:00,184.683,184.728,184.65,184.678
EURJPY,2026-08-17 17:00:00+00:00,184.678,184.724,184.636,184.648
EURJPY,2026-08-17 18:00:00+00:00,184.648,184.708,184.635,184.692
EURJPY,2026-08-17 19:00:00+00:00,184.684,184.703,184.582,184.639
EURJPY,2026-08-17 20:00:00+00:00,184.638,184.678,184.624,184.654
EURJPY,2026-08-17 21:00:00+00:00,184.646,184.706,184.502,184.589
EURJPY,2026-08-17 22:00:00+00:00,184.589,184.662,184.568,184.584
EURJPY,2026-08-17 23:00:00+00:00,184.584,184.591,184.535,184.554
EURJPY,2026-08-18 00:00:00+00:00,184.554,184.732,184.546,184.662
EURJPY,2026-08-18 01:00:00+00:00,184.664,184.724,184.632,184.703
EURJPY,2026-08-18 02:00:00+00:00,184.702,184.73,184.61,184.659
EURJPY,2026-08-18 03:00:00+00:00,184.662,184.676,184.613,184.659
EURJPY,2026-08-18 04:00:00+00:00,184.658,184.852,184.652,184.794
EURJPY,2026-08-18 05:00:00+00:00,184.793,184.809,184.732,184.782
EURJPY,2026-08-18 06:00:00+00:00,184.78,184.862,184.732,184.83
EURJPY,2026-08-18 07:00:00+00:00,184.83,184.912,184.822,184.863
EURJPY,2026-08-18 08:00:00+00:00,184.862,184.866,184.784,184.842
EURJPY,2026-08-18 09:00:00+00:00,184.841,184.846,184.754,184.819
EURJPY,2026-08-18 10:00:00+00:00,184.818,184.883,184.775,184.878
EURJPY,2026-08-18 11:00:00+00:00,184.879,184.904,184.842,184.877
EURJPY,2026-08-18 12:00:00+00:00,184.876,184.891,184.796,184.803
EURJPY,2026-08-18 13:00:00+00:00,184.806,184.87,184.788,184.803
EURJPY,2026-08-18 14:00:00+00:00,184.804,184.856,184.712,184.782
EURJPY,2026-08-18 15:00:00+00:00,184.782,184.826,184.717,184.798
EURJPY,2026-08-18 16:00:00+00:00,184.8,184.858,184.78,184.782
EURJPY,2026-08-18 17:00:00+00:00,184.782,184.786,184.744,184.767
EURJPY,2026-08-18 18:00:00+00:00,184.766,184.777,184.743,184.754
EURJPY,2026-08-18 19:00:00+00:00,184.754,184.824,184.736,184.784
EURJPY,2026-08-18 20:00:00+00:00,184.784,184.796,184.754,184.773
EURJPY,2026-08-18 21:00:00+00:00,184.809,184.836,184.73,184.75
EURJPY,2026-08-18 22:00:00+00:00,184.745,184.786,184.732,184.746
EURJPY,2026-08-18 23:00:00+00:00,184.75,184.754,184.674,184.704
EURJPY,2026-08-19 00:00:00+00:00,184.7,184.7,184.546,184.565
EURJPY,2026-08-19 01:00:00+00:00,184.564,184.63,184.552,184.601
EURJPY,2026-08-19 02:00:00+00:00,184.602,184.627,184.532,184.58
EURJPY,2026-08-19 03:00:00+00:00,184.584,184.673,184.581,184.636
EURJPY,2026-08-19 04:00:00+00:00,184.636,184.64,184.486,184.598
EURJPY,2026-08-19 05:00:00+00:00,184.597,184.63,184.472,184.602
EURJPY,2026-08-19 06:00:00+00:00,184.598,184.684,184.506,184.639
EURJPY,2026-08-19 07:00:00+00:00,184.638,184.66,184.517,184.581
EURJPY,2026-08-19 08:00:00+00:00,184.582,184.648,184.5,184.608
EURJPY,2026-08-19 09:00:00+00:00,184.61,184.733,184.608,184.649
EURJPY,2026-08-19 10:00:00+00:00,184.65,184.711,184.606,184.66
EURJPY,2026-08-19 11:00:00+00:00,184.658,184.694,184.622,184.652
EURJPY,2026-08-19 12:00:00+00:00,184.654,184.665,183.926,184.536
EURJPY,2026-08-19 13:00:00+00:00,184.538,184.757,184.432,184.685
EURJPY,2026-08-19 14:00:00+00:00,184.68,184.746,184.546,184.688
EURJPY,2026-08-19 15:00:00+00:00,184.688,184.844,184.688,184.822
EURJPY,2026-08-19 16:00:00+00:00,184.822,184.894,184.77,184.814
EURJPY,2026-08-19 17:00:00+00:00,184.817,184.942,184.801,184.914
EURJPY,2026-08-19 18:00:00+00:00,184.914,184.926,184.756,184.814
EURJPY,2026-08-19 19:00:00+00:00,184.818,184.856,184.6,184.677
EURJPY,2026-08-19 20:00:00+00:00,184.677,184.746,184.616,184.688
EURJPY,2026-08-19 21:00:00+00:00,184.663,184.712,184.612,184.644
EURJPY,2026-08-19 22:00:00+00:00,184.642,184.708,184.58,184.694
EURJPY,2026-08-19 23:00:00+00:00,184.696,184.768,184.696,184.764
EURJPY,2026-08-20 00:00:00+00:00,184.762,184.944,184.728,184.928
EURJPY,2026-08-20 01:00:00+00:00,184.928,185.124,184.923,185.11
EURJPY,2026-08-20 02:00:00+00:00,185.112,185.126,184.956,184.984
EURJPY,2026-08-20 03:00:00+00:00,184.983,185.066,184.966,185.042
EURJPY,2026-08-20 04:00:00+00:00,185.042,185.211,185.027,185.103
EURJPY,2026-08-20 05:00:00+00:00,185.107,185.249,185.094,185.226
EURJPY,2026-08-20 06:00:00+00:00,185.226,185.244,185.06,185.098
EURJPY,2026-08-20 07:00:00+00:00,185.094,185.286,184.98,185.262
EURJPY,2026-08-20 08:00:00+00:00,185.262,185.469,185.208,185.419
EURJPY,2026-08-20 09:00:00+00:00,185.418,185.42,185.238,185.374
EURJPY,2026-08-20 10:00:00+00:00,185.374,185.39,185.277,185.366
EURJPY,2026-08-20 11:00:00+00:00,185.367,185.47,185.354,185.392
EURJPY,2026-08-20 12:00:00+00:00,185.396,185.49,185.386,185.43
EURJPY,2026-08-20 13:00:00+00:00,185.432,185.464,185.348,185.436
EURJPY,2026-08-20 14:00:00+00:00,185.438,185.502,185.409,185.44
EURJPY,2026-08-20 15:00:00+00:00,185.44,185.586,185.258,185.527
EURJPY,2026-08-20 16:00:00+00:00,185.53,185.706,185.522,185.604
EURJPY,2026-08-20 17:00:00+00:00,185.606,185.705,185.578,185.688
EURJPY,2026-08-20 18:00:00+00:00,185.686,185.82,185.674,185.815
EURJPY,2026-08-20 19:00:00+00:00,185.816,185.837,185.784,185.818
EURJPY,2026-08-20 20:00:00+00:00,185.818,185.832,185.764,185.768
EURJPY,2026-08-20 21:00:00+00:00,185.742,185.804,185.722,185.731
EURJPY,2026-08-20 22:00:00+00:00,185.738,185.8,185.708,185.716
EURJPY,2026-08-20 23:00:00+00:00,185.718,185.742,185.671,185.71
CADCHF,2026-06-24 08:00:00+00:00,0.57052,0.57069,0.57017,0.5704
CADCHF,2026-06-24 09:00:00+00:00,0.5704,0.57075,0.57024,0.57061
CADCHF,2026-06-24 10:00:00+00:00,0.57056,0.57126,0.57056,0.57124
CADCHF,2026-06-24 11:00:00+00:00,0.57122,0.57142,0.57086,0.57112
CADCHF,2026-06-24 12:00:00+00:00,0.57112,0.57148,0.57064,0.57139
CADCHF,2026-06-24 13:00:00+00:00,0.57136,0.57146,0.57072,0.57106
CADCHF,2026-06-24 14:00:00+00:00,0.57108,0.57137,0.57066,0.5711
CADCHF,2026-06-24 15:00:00+00:00,0.57108,0.57116,0.57025,0.57076
CADCHF,2026-06-24 16:00:00+00:00,0.5708,0.57112,0.57068,0.57102
CADCHF,2026-06-24 17:00:00+00:00,0.57098,0.5712,0.57078,0.57106
CADCHF,2026-06-24 18:00:00+00:00,0.57102,0.57107,0.57054,0.57068
CADCHF,2026-06-24 19:00:00+00:00,0.57064,0.57114,0.5706,0.57111
CADCHF,2026-06-24 20:00:00+00:00,0.57114,0.5712,0.57068,0.57078
CADCHF,2026-06-24 21:00:00+00:00,0.57073,0.57109,0.57058,0.57064
CADCHF,2026-06-24 22:00:00+00:00,0.57076,0.57085,0.57062,0.57079
CADCHF,2026-06-24 23:00:00+00:00,0.5708,0.57093,0.5707,0.57092
CADCHF,2026-06-25 00:00:00+00:00,0.57088,0.57098,0.57068,0.57074
CADCHF,2026-06-25 01:00:00+00:00,0.57074,0.57078,0.5702,0.57038
CADCHF,2026-06-25 02:00:00+00:00,0.5704,0.57042,0.56994,0.57019
CADCHF,2026-06-25 03:00:00+00:00,0.57018,0.5702,0.56975,0.56988
CADCHF,2026-06-25 04:00:00+00:00,0.56994,0.57003,0.56977,0.57
CADCHF,2026-06-25 05:00:00+00:00,0.57002,0.57024,0.5699,0.57014
CADCHF,2026-06-25 06:00:00+00:00,0.57014,0.57042,0.56999,0.57032
CADCHF,2026-06-25 07:00:00+00:00,0.57034,0.57068,0.56998,0.57017
CADCHF,2026-06-25 08:00:00+00:00,0.57021,0.57025,0.56969,0.56996
CADCHF,2026-06-25 09:00:00+00:00,0.57002,0.5702,0.56986,0.5702
CADCHF,2026-06-25 10:00:00+00:00,0.57024,0.57066,0.57021,0.57058
CADCHF,2026-06-25 11:00:00+00:00,0.57056,0.5711,0.57051,0.57108
CADCHF,2026-06-25 12:00:00+00:00,0.57106,0.57123,0.57028,0.57058
CADCHF,2026-06-25 13:00:00+00:00,0.57054,0.57074,0.57024,0.57055
CADCHF,2026-06-25 14:00:00+00:00,0.57054,0.57076,0.5701,0.57038
CADCHF,2026-06-25 15:00:00+00:00,0.57038,0.57066,0.57014,0.5704
CADCHF,2026-06-25 16:00:00+00:00,0.5704,0.5709,0.5704,0.57086
CADCHF,2026-06-25 17:00:00+00:00,0.57088,0.57096,0.57056,0.57062
CADCHF,2026-06-25 18:00:00+00:00,0.57066,0.57082,0.57028,0.57045
CADCHF,2026-06-25 19:00:00+00:00,0.57048,0.57061,0.57028,0.5705
CADCHF,2026-06-25 20:00:00+00:00,0.57051,0.57066,0.57038,0.57058
CADCHF,2026-06-25 21:00:00+00:00,0.56991,0.57066,0.56991,0.57048
CADCHF,2026-06-25 22:00:00+00:00,0.57054,0.57093,0.57047,0.57082
CADCHF,2026-06-25 23:00:00+00:00,0.57083,0.571,0.57078,0.57089
CADCHF,2026-06-26 00:00:00+00:00,0.57092,0.57098,0.57065,0.5708
CADCHF,2026-06-26 01:00:00+00:00,0.57082,0.57116,0.57072,0.57098
CADCHF,2026-06-26 02:00:00+00:00,0.57098,0.571,0.57066,0.5707
CADCHF,2026-06-26 03:00:00+00:00,0.57068,0.57069,0.57023,0.5703
CADCHF,2026-06-26 04:00:00+00:00,0.57032,0.57042,0.56976,0.5698
CADCHF,2026-06-26 05:00:00+00:00,0.56984,0.5702,0.5698,0.57008
CADCHF,2026-06-26 06:00:00+00:00,0.57008,0.57018,0.5697,0.57018
CADCHF,2026-06-26 07:00:00+00:00,0.57018,0.57025,0.56919,0.56957
CADCHF,2026-06-26 08:00:00+00:00,0.56956,0.57004,0.5694,0.56987
CADCHF,2026-06-26 09:00:00+00:00,0.56988,0.57023,0.5695,0.56973
CADCHF,2026-06-26 10:00:00+00:00,0.5697,0.57017,0.5697,0.5701
CADCHF,2026-06-26 11:00:00+00:00,0.57014,0.5703,0.56992,0.57008
CADCHF,2026-06-26 12:00:00+00:00,0.57008,0.57034,0.56934,0.5694
CADCHF,2026-06-26 13:00:00+00:00,0.56936,0.56996,0.56919,0.56928
CADCHF,2026-06-26 14:00:00+00:00,0.56927,0.5701,0.56916,0.56986
CADCHF,2026-06-26 15:00:00+00:00,0.56986,0.57006,0.56944,0.5698
CADCHF,2026-06-26 16:00:00+00:00,0.56984,0.57048,0.56984,0.57034
CADCHF,2026-06-26 17:00:00+00:00,0.57035,0.57064,0.57035,0.5706
CADCHF,2026-06-26 18:00:00+00:00,0.57062,0.5708,0.57042,0.57056
CADCHF,2026-06-26 19:00:00+00:00,0.57055,0.57098,0.57048,0.57087
CADCHF,2026-06-26 20:00:00+00:00,0.57086,0.57112,0.57044,0.57048
CADCHF,2026-06-28 21:00:00+00:00,0.57074,0.57112,0.57074,0.57093
CADCHF,2026-06-28 22:00:00+00:00,0.57086,0.57098,0.57068,0.57088
CADCHF,2026-06-28 23:00:00+00:00,0.57082,0.57099,0.5708,0.57086
CADCHF,2026-06-29 00:00:00+00:00,0.57084,0.57087,0.57042,0.5706
CADCHF,2026-06-29 01:00:00+00:00,0.57062,0.57088,0.57048,0.57084
CADCHF,2026-06-29 02:00:00+00:00,0.57082,0.57084,0.57062,0.57064
CADCHF,2026-06-29 03:00:00+00:00,0.57068,0.57079,0.57055,0.57076
CADCHF,2026-06-29 04:00:00+00:00,0.57077,0.57078,0.57066,0.57072
CADCHF,2026-06-29 05:00:00+00:00,0.57072,0.57074,0.57044,0.5705
CADCHF,2026-06-29 06:00:00+00:00,0.57056,0.57064,0.5703,0.57032
CADCHF,2026-06-29 07:00:00+00:00,0.57029,0.57047,0.57004,0.57004
CADCHF,2026-06-29 08:00:00+00:00,0.57001,0.57025,0.5698,0.56986
CADCHF,2026-06-29 09:00:00+00:00,0.56984,0.5701,0.56963,0.56988
CADCHF,2026-06-29 10:00:00+00:00,0.56993,0.56996,0.56947,0.56947
CADCHF,2026-06-29 11:00:00+00:00,0.56947,0.56953,0.56886,0.56895
CADCHF,2026-06-29 12:00:00+00:00,0.56896,0.5695,0.56892,0.56936
CADCHF,2026-06-29 13:00:00+00:00,0.56936,0.56942,0.56868,0.56876
CADCHF,2026-06-29 14:00:00+00:00,0.56876,0.56916,0.56828,0.56896
CADCHF,2026-06-29 15:00:00+00:00,0.56898,0.56924,0.56854,0.56862
CADCHF,2026-06-29 16:00:00+00:00,0.56862,0.56888,0.56854,0.56872
CADCHF,2026-06-29 17:00:00+00:00,0.56874,0.56878,0.56848,0.5687
CADCHF,2026-06-29 18:00:00+00:00,0.56866,0.56868,0.56841,0.56852
CADCHF,2026-06-29 19:00:00+00:00,0.56852,0.56856,0.56831,0.56838
CADCHF,2026-06-29 20:00:00+00:00,0.56842,0.56844,0.56812,0.56832
CADCHF,2026-06-29 21:00:00+00:00,0.56879,0.56879,0.56822,0.56836
CADCHF,2026-06-29 22:00:00+00:00,0.56828,0.56858,0.56812,0.56854
CADCHF,2026-06-29 23:00:00+00:00,0.56854,0.5686,0.56829,0.56844
CADCHF,2026-06-30 00:00:00+00:00,0.56846,0.56852,0.56815,0.56828
CADCHF,2026-06-30 01:00:00+00:00,0.56832,0.56863,0.56825,0.56848
CADCHF,2026-06-30 02:00:00+00:00,0.56849,0.56852,0.56828,0.56842
CADCHF,2026-06-30 03:00:00+00:00,0.56842,0.56864,0.56834,0.56854
CADCHF,2026-06-30 04:00:00+00:00,0.56855,0.56875,0.56851,0.56872
CADCHF,2026-06-30 05:00:00+00:00,0.56876,0.56908,0.56868,0.569
CADCHF,2026-06-30 06:00:00+00:00,0.56902,0.56905,0.56832,0.56836
CADCHF,2026-06-30 07:00:00+00:00,0.56832,0.56884,0.56816,0.5688
CADCHF,2026-06-30 08:00:00+00:00,0.56879,0.56896,0.56869,0.56871
CADCHF,2026-06-30 09:00:00+00:00,0.56875,0.56898,0.56858,0.56868
CADCHF,2026-06-30 10:00:00+00:00,0.56872,0.56876,0.56831,0.56834
CADCHF,2026-06-30 11:00:00+00:00,0.56833,0.56862,0.56794,0.56862
CADCHF,2026-06-30 12:00:00+00:00,0.56858,0.56882,0.56837,0.56874
CADCHF,2026-06-30 13:00:00+00:00,0.56876,0.56902,0.56854,0.56874
CADCHF,2026-06-30 14:00:00+00:00,0.56874,0.56945,0.56824,0.56858
CADCHF,2026-06-30 15:00:00+00:00,0.56858,0.56906,0.56852,0.56896
CADCHF,2026-06-30 16:00:00+00:00,0.56895,0.56924,0.56892,0.56918
CADCHF,2026-06-30 17:00:00+00:00,0.56916,0.56916,0.5688,0.56896
CADCHF,2026-06-30 18:00:00+00:00,0.569,0.56904,0.56862,0.56904
CADCHF,2026-06-30 19:00:00+00:00,0.56902,0.5698,0.56888,0.56965
CADCHF,2026-06-30 20:00:00+00:00,0.56968,0.56986,0.56922,0.5695
CADCHF,2026-06-30 21:00:00+00:00,0.56924,0.56952,0.569,0.56916
CADCHF,2026-06-30 22:00:00+00:00,0.56908,0.56952,0.56908,0.5695
CADCHF,2026-06-30 23:00:00+00:00,0.56946,0.56952,0.56926,0.56926
CADCHF,2026-07-01 00:00:00+00:00,0.5693,0.56936,0.56902,0.56915
CADCHF,2026-07-01 01:00:00+00:00,0.56919,0.56925,0.56904,0.5691
CADCHF,2026-07-01 02:00:00+00:00,0.5691,0.56924,0.56902,0.56918
CADCHF,2026-07-01 03:00:00+00:00,0.56918,0.5694,0.5691,0.56934
CADCHF,2026-07-01 04:00:00+00:00,0.56932,0.56943,0.56916,0.56926
CADCHF,2026-07-01 05:00:00+00:00,0.56923,0.5695,0.56918,0.56946
CADCHF,2026-07-01 06:00:00+00:00,0.56945,0.56952,0.56922,0.56944
CADCHF,2026-07-01 07:00:00+00:00,0.56943,0.56974,0.56939,0.56946
CADCHF,2026-07-01 08:00:00+00:00,0.56946,0.5696,0.56924,0.56942
CADCHF,2026-07-01 09:00:00+00:00,0.56942,0.56981,0.5693,0.5698
CADCHF,2026-07-01 10:00:00+00:00,0.56978,0.56989,0.56959,0.56964
CADCHF,2026-07-01 11:00:00+00:00,0.5696,0.57024,0.5696,0.5702
CADCHF,2026-07-01 12:00:00+00:00,0.57018,0.57042,0.57007,0.57026
CADCHF,2026-07-01 13:00:00+00:00,0.57025,0.5705,0.56946,0.56968
CADCHF,2026-07-01 14:00:00+00:00,0.5696,0.56975,0.56896,0.56913
CADCHF,2026-07-01 15:00:00+00:00,0.5691,0.56954,0.56901,0.5692
CADCHF,2026-07-01 16:00:00+00:00,0.56916,0.5692,0.56888,0.5692
CADCHF,2026-07-01 17:00:00+00:00,0.56915,0.5693,0.56902,0.56906
CADCHF,2026-07-01 18:00:00+00:00,0.5691,0.56942,0.56906,0.56924
CADCHF,2026-07-01 19:00:00+00:00,0.56923,0.56942,0.56922,0.56941
CADCHF,2026-07-01 20:00:00+00:00,0.5694,0.56961,0.56927,0.56947
CADCHF,2026-07-01 21:00:00+00:00,0.56949,0.56994,0.5691,0.56944
CADCHF,2026-07-01 22:00:00+00:00,0.56936,0.56954,0.56926,0.5693
CADCHF,2026-07-01 23:00:00+00:00,0.56929,0.5694,0.56916,0.56918
CADCHF,2026-07-02 00:00:00+00:00,0.56922,0.56944,0.56886,0.56932
CADCHF,2026-07-02 01:00:00+00:00,0.56933,0.56937,0.5691,0.56923
CADCHF,2026-07-02 02:00:00+00:00,0.56924,0.56924,0.56905,0.56911
CADCHF,2026-07-02 03:00:00+00:00,0.5691,0.5692,0.56895,0.56898
CADCHF,2026-07-02 04:00:00+00:00,0.56897,0.56903,0.56882,0.569
CADCHF,2026-07-02 05:00:00+00:00,0.569,0.5691,0.56886,0.56898
CADCHF,2026-07-02 06:00:00+00:00,0.56898,0.56929,0.56888,0.56905
CADCHF,2026-07-02 07:00:00+00:00,0.56906,0.5691,0.56814,0.56818
CADCHF,2026-07-02 08:00:00+00:00,0.56815,0.56815,0.56676,0.56682
CADCHF,2026-07-02 09:00:00+00:00,0.56686,0.5673,0.5666,0.5673
CADCHF,2026-07-02 10:00:00+00:00,0.56733,0.56769,0.56716,0.56719
CADCHF,2026-07-02 11:00:00+00:00,0.56718,0.5677,0.56713,0.56747
CADCHF,2026-07-02 12:00:00+00:00,0.56746,0.56798,0.56587,0.56662
CADCHF,2026-07-02 13:00:00+00:00,0.56666,0.5671,0.56626,0.56634
CADCHF,2026-07-02 14:00:00+00:00,0.56634,0.56649,0.5657,0.56592
CADCHF,2026-07-02 15:00:00+00:00,0.56588,0.56606,0.56547,0.5657
CADCHF,2026-07-02 16:00:00+00:00,0.56566,0.56635,0.56558,0.56634
CADCHF,2026-07-02 17:00:00+00:00,0.56638,0.56696,0.56634,0.56682
CADCHF,2026-07-02 18:00:00+00:00,0.56686,0.56698,0.56668,0.56668
CADCHF,2026-07-02 19:00:00+00:00,0.56664,0.56677,0.56649,0.56668
CADCHF,2026-07-02 20:00:00+00:00,0.5667,0.5667,0.56635,0.5667
CADCHF,2026-07-02 21:00:00+00:00,0.56667,0.56672,0.56618,0.56654
CADCHF,2026-07-02 22:00:00+00:00,0.56655,0.56688,0.56642,0.56676
CADCHF,2026-07-02 23:00:00+00:00,0.56676,0.56693,0.56671,0.5669
CADCHF,2026-07-03 00:00:00+00:00,0.56688,0.56694,0.56664,0.56666
CADCHF,2026-07-03 01:00:00+00:00,0.56666,0.56668,0.5662,0.56654
CADCHF,2026-07-03 02:00:00+00:00,0.56654,0.56667,0.56632,0.56662
CADCHF,2026-07-03 03:00:00+00:00,0.56661,0.56669,0.56648,0.56656
CADCHF,2026-07-03 04:00:00+00:00,0.56656,0.56668,0.56649,0.56649
CADCHF,2026-07-03 05:00:00+00:00,0.5665,0.5665,0.56628,0.56644
CADCHF,2026-07-03 06:00:00+00:00,0.56646,0.56646,0.56556,0.5657
CADCHF,2026-07-03 07:00:00+00:00,0.56576,0.56608,0.56544,0.56568
CADCHF,2026-07-03 08:00:00+00:00,0.56574,0.56598,0.56554,0.56598
CADCHF,2026-07-03 09:00:00+00:00,0.56597,0.56635,0.56584,0.56632
CADCHF,2026-07-03 10:00:00+00:00,0.5663,0.56635,0.56586,0.56614
CADCHF,2026-07-03 11:00:00+00:00,0.56618,0.56623,0.56546,0.56546
CADCHF,2026-07-03 12:00:00+00:00,0.5655,0.5656,0.56513,0.56554
CADCHF,2026-07-03 13:00:00+00:00,0.56558,0.56596,0.56554,0.56594
CADCHF,2026-07-03 14:00:00+00:00,0.5659,0.56604,0.56556,0.56583
CADCHF,2026-07-03 15:00:00+00:00,0.56584,0.56586,0.5655,0.56578
CADCHF,2026-07-03 16:00:00+00:00,0.56574,0.56587,0.56556,0.56582
CADCHF,2026-07-03 17:00:00+00:00,0.56582,0.56582,0.56554,0.56575
CADCHF,2026-07-03 18:00:00+00:00,0.56574,0.56602,0.56562,0.56596
CADCHF,2026-07-03 19:00:00+00:00,0.56598,0.56608,0.56574,0.56602
CADCHF,2026-07-03 20:00:00+00:00,0.56606,0.56611,0.56554,0.56575
CADCHF,2026-07-05 21:00:00+00:00,0.56597,0.56598,0.56568,0.56598
CADCHF,2026-07-05 22:00:00+00:00,0.56596,0.56601,0.56574,0.56594
CADCHF,2026-07-05 23:00:00+00:00,0.56591,0.56603,0.56582,0.5659
CADCHF,2026-07-06 00:00:00+00:00,0.56592,0.56592,0.56559,0.56571
CADCHF,2026-07-06 01:00:00+00:00,0.5657,0.56624,0.5657,0.56624
CADCHF,2026-07-06 02:00:00+00:00,0.56624,0.56634,0.56601,0.56608
CADCHF,2026-07-06 03:00:00+00:00,0.56608,0.56624,0.56604,0.56614
CADCHF,2026-07-06 04:00:00+00:00,0.56612,0.56626,0.56611,0.56622
CADCHF,2026-07-06 05:00:00+00:00,0.56622,0.56658,0.56621,0.56656
CADCHF,2026-07-06 06:00:00+00:00,0.56658,0.56686,0.56637,0.56675
CADCHF,2026-07-06 07:00:00+00:00,0.56674,0.56686,0.56594,0.56594
CADCHF,2026-07-06 08:00:00+00:00,0.56596,0.56634,0.56592,0.56608
CADCHF,2026-07-06 09:00:00+00:00,0.56611,0.56648,0.56605,0.56644
CADCHF,2026-07-06 10:00:00+00:00,0.56642,0.56685,0.56642,0.5667
CADCHF,2026-07-06 11:00:00+00:00,0.5667,0.567,0.56662,0.56674
CADCHF,2026-07-06 12:00:00+00:00,0.56676,0.56682,0.56626,0.5665
CADCHF,2026-07-06 13:00:00+00:00,0.56652,0.5673,0.56635,0.56709
CADCHF,2026-07-06 14:00:00+00:00,0.56712,0.56735,0.56678,0.56703
CADCHF,2026-07-06 15:00:00+00:00,0.56702,0.56748,0.56696,0.56723
CADCHF,2026-07-06 16:00:00+00:00,0.56724,0.56726,0.56688,0.56701
CADCHF,2026-07-06 17:00:00+00:00,0.56698,0.56702,0.56664,0.56664
CADCHF,2026-07-06 18:00:00+00:00,0.56664,0.5668,0.56637,0.5665
CADCHF,2026-07-06 19:00:00+00:00,0.56654,0.5669,0.56644,0.56688
CADCHF,2026-07-06 20:00:00+00:00,0.56692,0.56693,0.56672,0.56686
CADCHF,2026-07-06 21:00:00+00:00,0.56662,0.56699,0.56632,0.56646
CADCHF,2026-07-06 22:00:00+00:00,0.56654,0.56696,0.56654,0.56669
CADCHF,2026-07-06 23:00:00+00:00,0.56668,0.56669,0.56648,0.56668
CADCHF,2026-07-07 00:00:00+00:00,0.5667,0.56697,0.56662,0.56691
CADCHF,2026-07-07 01:00:00+00:00,0.5669,0.5669,0.56632,0.56658
CADCHF,2026-07-07 02:00:00+00:00,0.56662,0.56675,0.56655,0.5667
CADCHF,2026-07-07 03:00:00+00:00,0.56673,0.56673,0.56658,0.56662
CADCHF,2026-07-07 04:00:00+00:00,0.56661,0.56676,0.56661,0.56672
CADCHF,2026-07-07 05:00:00+00:00,0.56669,0.5671,0.56669,0.56702
CADCHF,2026-07-07 06:00:00+00:00,0.56698,0.56746,0.56696,0.56712
CADCHF,2026-07-07 07:00:00+00:00,0.56713,0.56742,0.56703,0.56738
CADCHF,2026-07-07 08:00:00+00:00,0.56737,0.56753,0.56709,0.56734
CADCHF,2026-07-07 09:00:00+00:00,0.56733,0.56784,0.56728,0.56781
CADCHF,2026-07-07 10:00:00+00:00,0.56782,0.56792,0.56756,0.5676
CADCHF,2026-07-07 11:00:00+00:00,0.56764,0.56773,0.56719,0.56727
CADCHF,2026-07-07 12:00:00+00:00,0.56723,0.56726,0.56658,0.5668
CADCHF,2026-07-07 13:00:00+00:00,0.5668,0.5676,0.5668,0.5676
CADCHF,2026-07-07 14:00:00+00:00,0.56755,0.56814,0.56752,0.5679
CADCHF,2026-07-07 15:00:00+00:00,0.56794,0.56866,0.56787,0.5685
CADCHF,2026-07-07 16:00:00+00:00,0.5685,0.56888,0.56848,0.56872
CADCHF,2026-07-07 17:00:00+00:00,0.56872,0.56878,0.56856,0.56869
CADCHF,2026-07-07 18:00:00+00:00,0.5687,0.56903,0.56857,0.56898
CADCHF,2026-07-07 19:00:00+00:00,0.56896,0.56938,0.56896,0.56928
CADCHF,2026-07-07 20:00:00+00:00,0.56932,0.56945,0.56919,0.56936
CADCHF,2026-07-07 21:00:00+00:00,0.56905,0.56936,0.56886,0.56922
CADCHF,2026-07-07 22:00:00+00:00,0.56928,0.56944,0.56916,0.56942
CADCHF,2026-07-07 23:00:00+00:00,0.56942,0.56958,0.56934,0.56958
CADCHF,2026-07-08 00:00:00+00:00,0.56959,0.5699,0.5695,0.56958
CADCHF,2026-07-08 01:00:00+00:00,0.56958,0.56988,0.56952,0.5697
CADCHF,2026-07-08 02:00:00+00:00,0.56974,0.56987,0.56964,0.5697
CADCHF,2026-07-08 03:00:00+00:00,0.5697,0.5697,0.5694,0.56948
CADCHF,2026-07-08 04:00:00+00:00,0.56949,0.56963,0.56944,0.56954
CADCHF,2026-07-08 05:00:00+00:00,0.5696,0.56986,0.56952,0.5696
CADCHF,2026-07-08 06:00:00+00:00,0.56957,0.5696,0.56913,0.56916
CADCHF,2026-07-08 07:00:00+00:00,0.56913,0.56974,0.56913,0.5696
CADCHF,2026-07-08 08:00:00+00:00,0.56956,0.57045,0.56947,0.57038
CADCHF,2026-07-08 09:00:00+00:00,0.57036,0.57071,0.57021,0.57064
CADCHF,2026-07-08 10:00:00+00:00,0.57059,0.57079,0.57004,0.57018
CADCHF,2026-07-08 11:00:00+00:00,0.57014,0.57052,0.56994,0.57026
CADCHF,2026-07-08 12:00:00+00:00,0.57025,0.57032,0.5699,0.57016
CADCHF,2026-07-08 13:00:00+00:00,0.5702,0.57094,0.57014,0.57078
CADCHF,2026-07-08 14:00:00+00:00,0.57079,0.57122,0.57055,0.57082
CADCHF,2026-07-08 15:00:00+00:00,0.57082,0.57136,0.57076,0.57128
CADCHF,2026-07-08 16:00:00+00:00,0.57126,0.57136,0.57069,0.5707
CADCHF,2026-07-08 17:00:00+00:00,0.57069,0.57074,0.5701,0.5703
CADCHF,2026-07-08 18:00:00+00:00,0.57025,0.57042,0.57,0.57008
CADCHF,2026-07-08 19:00:00+00:00,0.57004,0.57048,0.56994,0.57034
CADCHF,2026-07-08 20:00:00+00:00,0.5703,0.57072,0.57028,0.57042
CADCHF,2026-07-08 21:00:00+00:00,0.5704,0.57078,0.5699,0.57052
CADCHF,2026-07-08 22:00:00+00:00,0.57046,0.57054,0.57042,0.57044
CADCHF,2026-07-08 23:00:00+00:00,0.57048,0.57056,0.57042,0.57045
CADCHF,2026-07-09 00:00:00+00:00,0.57046,0.57046,0.57,0.57022
CADCHF,2026-07-09 01:00:00+00:00,0.57018,0.57036,0.57004,0.57008
CADCHF,2026-07-09 02:00:00+00:00,0.57011,0.57027,0.57005,0.57022
CADCHF,2026-07-09 03:00:00+00:00,0.57021,0.57022,0.5698,0.56988
CADCHF,2026-07-09 04:00:00+00:00,0.56986,0.57,0.56984,0.5699
CADCHF,2026-07-09 05:00:00+00:00,0.56989,0.56994,0.56957,0.56964
CADCHF,2026-07-09 06:00:00+00:00,0.56963,0.56963,0.56888,0.56923
CADCHF,2026-07-09 07:00:00+00:00,0.56926,0.56957,0.56876,0.5688
CADCHF,2026-07-09 08:00:00+00:00,0.5688,0.56891,0.56826,0.5689
CADCHF,2026-07-09 09:00:00+00:00,0.56893,0.56945,0.56885,0.56923
CADCHF,2026-07-09 10:00:00+00:00,0.56918,0.56986,0.56916,0.56977
CADCHF,2026-07-09 11:00:00+00:00,0.56977,0.56977,0.56946,0.56964
CADCHF,2026-07-09 12:00:00+00:00,0.56964,0.5699,0.56928,0.56976
CADCHF,2026-07-09 13:00:00+00:00,0.5697,0.56977,0.56902,0.56904
CADCHF,2026-07-09 14:00:00+00:00,0.56905,0.56968,0.56885,0.56934
CADCHF,2026-07-09 15:00:00+00:00,0.56939,0.56971,0.56927,0.56932
CADCHF,2026-07-09 16:00:00+00:00,0.56936,0.56956,0.5693,0.56947
CADCHF,2026-07-09 17:00:00+00:00,0.56946,0.56946,0.56906,0.56918
CADCHF,2026-07-09 18:00:00+00:00,0.5692,0.56948,0.56908,0.56943
CADCHF,2026-07-09 19:00:00+00:00,0.56937,0.56964,0.56929,0.5695
CADCHF,2026-07-09 20:00:00+00:00,0.56949,0.56978,0.56936,0.56966
CADCHF,2026-07-09 21:00:00+00:00,0.5692,0.56984,0.56906,0.5694
CADCHF,2026-07-09 22:00:00+00:00,0.56954,0.56963,0.56927,0.56928
CADCHF,2026-07-09 23:00:00+00:00,0.5693,0.56936,0.56924,0.56934
CADCHF,2026-07-10 00:00:00+00:00,0.5693,0.56937,0.56886,0.56895
CADCHF,2026-07-10 01:00:00+00:00,0.56896,0.56906,0.56844,0.56854
CADCHF,2026-07-10 02:00:00+00:00,0.56848,0.56852,0.56812,0.56821
CADCHF,2026-07-10 03:00:00+00:00,0.5682,0.56836,0.5681,0.56824
CADCHF,2026-07-10 04:00:00+00:00,0.56829,0.56853,0.56818,0.56845
CADCHF,2026-07-10 05:00:00+00:00,0.56845,0.56852,0.56822,0.56832
CADCHF,2026-07-10 06:00:00+00:00,0.56833,0.5688,0.56808,0.56874
CADCHF,2026-07-10 07:00:00+00:00,0.56871,0.56891,0.56848,0.56862
CADCHF,2026-07-10 08:00:00+00:00,0.56858,0.56918,0.56832,0.5691
CADCHF,2026-07-10 09:00:00+00:00,0.56914,0.56947,0.56902,0.56947
CADCHF,2026-07-10 10:00:00+00:00,0.56943,0.56962,0.56926,0.5695
CADCHF,2026-07-10 11:00:00+00:00,0.56957,0.57008,0.56932,0.56994
CADCHF,2026-07-10 12:00:00+00:00,0.56992,0.5709,0.56976,0.57057
CADCHF,2026-07-10 13:00:00+00:00,0.57056,0.57102,0.5702,0.57042
CADCHF,2026-07-10 14:00:00+00:00,0.57046,0.57106,0.5703,0.57099
CADCHF,2026-07-10 15:00:00+00:00,0.571,0.57102,0.57041,0.57052
CADCHF,2026-07-10 16:00:00+00:00,0.57055,0.57152,0.57044,0.57152
CADCHF,2026-07-10 17:00:00+00:00,0.57154,0.57158,0.5713,0.57142
CADCHF,2026-07-10 18:00:00+00:00,0.57146,0.5716,0.57132,0.57134
CADCHF,2026-07-10 19:00:00+00:00,0.57136,0.57142,0.57119,0.57122
CADCHF,2026-07-10 20:00:00+00:00,0.57123,0.57138,0.57092,0.57101
CADCHF,2026-07-12 21:00:00+00:00,0.57102,0.57116,0.57016,0.57112
CADCHF,2026-07-12 22:00:00+00:00,0.57114,0.57187,0.57114,0.57164
CADCHF,2026-07-12 23:00:00+00:00,0.57167,0.57191,0.5715,0.5715
CADCHF,2026-07-13 00:00:00+00:00,0.5715,0.57186,0.57133,0.57185
CADCHF,2026-07-13 01:00:00+00:00,0.57188,0.5721,0.57183,0.57186
CADCHF,2026-07-13 02:00:00+00:00,0.57187,0.57207,0.5718,0.57189
CADCHF,2026-07-13 03:00:00+00:00,0.57188,0.57206,0.57182,0.57187
CADCHF,2026-07-13 04:00:00+00:00,0.5719,0.57196,0.57178,0.57188
CADCHF,2026-07-13 05:00:00+00:00,0.57186,0.57202,0.57178,0.57183
CADCHF,2026-07-13 06:00:00+00:00,0.57186,0.57228,0.57136,0.5715
CADCHF,2026-07-13 07:00:00+00:00,0.57146,0.57207,0.5712,0.57176
CADCHF,2026-07-13 08:00:00+00:00,0.5718,0.57187,0.57136,0.57179
CADCHF,2026-07-13 09:00:00+00:00,0.5718,0.57246,0.57176,0.57235
CADCHF,2026-07-13 10:00:00+00:00,0.57234,0.57292,0.57228,0.57262
CADCHF,2026-07-13 11:00:00+00:00,0.57261,0.57291,0.57251,0.5728
CADCHF,2026-07-13 12:00:00+00:00,0.57276,0.5732,0.57265,0.57282
CADCHF,2026-07-13 13:00:00+00:00,0.57278,0.5735,0.5727,0.57336
CADCHF,2026-07-13 14:00:00+00:00,0.57336,0.57434,0.57318,0.57398
CADCHF,2026-07-13 15:00:00+00:00,0.57402,0.57476,0.57398,0.57446
CADCHF,2026-07-13 16:00:00+00:00,0.57444,0.57518,0.57442,0.57506
CADCHF,2026-07-13 17:00:00+00:00,0.57502,0.5755,0.57496,0.5755
CADCHF,2026-07-13 18:00:00+00:00,0.57554,0.57579,0.5753,0.57534
CADCHF,2026-07-13 19:00:00+00:00,0.57533,0.57552,0.57522,0.5754
CADCHF,2026-07-13 20:00:00+00:00,0.57542,0.5757,0.5754,0.57559
CADCHF,2026-07-13 21:00:00+00:00,0.57556,0.5757,0.57544,0.5755
CADCHF,2026-07-13 22:00:00+00:00,0.57556,0.57574,0.57552,0.57571
CADCHF,2026-07-13 23:00:00+00:00,0.57574,0.5759,0.57563,0.57578
CADCHF,2026-07-14 00:00:00+00:00,0.57578,0.57599,0.57558,0.5758
CADCHF,2026-07-14 01:00:00+00:00,0.57576,0.57588,0.57566,0.57574
CADCHF,2026-07-14 02:00:00+00:00,0.57574,0.57583,0.57548,0.57581
CADCHF,2026-07-14 03:00:00+00:00,0.5758,0.57592,0.57559,0.57571
CADCHF,2026-07-14 04:00:00+00:00,0.57574,0.57604,0.57572,0.57592
CADCHF,2026-07-14 05:00:00+00:00,0.57594,0.57597,0.57553,0.57592
CADCHF,2026-07-14 06:00:00+00:00,0.57588,0.57632,0.57584,0.57632
CADCHF,2026-07-14 07:00:00+00:00,0.57634,0.57722,0.57632,0.57692
CADCHF,2026-07-14 08:00:00+00:00,0.57687,0.57697,0.57612,0.57662
CADCHF,2026-07-14 09:00:00+00:00,0.57666,0.57696,0.57647,0.57652
CADCHF,2026-07-14 10:00:00+00:00,0.57648,0.57661,0.57618,0.57623
CADCHF,2026-07-14 11:00:00+00:00,0.57622,0.5763,0.57492,0.57504
CADCHF,2026-07-14 12:00:00+00:00,0.57502,0.57553,0.57319,0.57424
CADCHF,2026-07-14 13:00:00+00:00,0.57422,0.57465,0.57376,0.5738
CADCHF,2026-07-14 14:00:00+00:00,0.5738,0.57469,0.57343,0.57454
CADCHF,2026-07-14 15:00:00+00:00,0.57452,0.57528,0.57418,0.57518
CADCHF,2026-07-14 16:00:00+00:00,0.57513,0.57532,0.57492,0.5752
CADCHF,2026-07-14 17:00:00+00:00,0.57521,0.57554,0.57502,0.57533
CADCHF,2026-07-14 18:00:00+00:00,0.57533,0.5755,0.57518,0.57528
CADCHF,2026-07-14 19:00:00+00:00,0.57526,0.57554,0.5751,0.57546
CADCHF,2026-07-14 20:00:00+00:00,0.57549,0.57576,0.5754,0.57562
CADCHF,2026-07-14 21:00:00+00:00,0.5756,0.5756,0.57482,0.57546
CADCHF,2026-07-14 22:00:00+00:00,0.57536,0.57588,0.57536,0.57571
CADCHF,2026-07-14 23:00:00+00:00,0.57572,0.5759,0.57567,0.57581
CADCHF,2026-07-15 00:00:00+00:00,0.57578,0.57579,0.57546,0.57556
CADCHF,2026-07-15 01:00:00+00:00,0.57552,0.57573,0.5753,0.5757
CADCHF,2026-07-15 02:00:00+00:00,0.5757,0.57605,0.57561,0.576
CADCHF,2026-07-15 03:00:00+00:00,0.57601,0.57619,0.57586,0.5761
CADCHF,2026-07-15 04:00:00+00:00,0.57608,0.57614,0.57594,0.57603
CADCHF,2026-07-15 05:00:00+00:00,0.57604,0.57622,0.57554,0.5756
CADCHF,2026-07-15 06:00:00+00:00,0.57563,0.57568,0.57536,0.57566
CADCHF,2026-07-15 07:00:00+00:00,0.5757,0.57635,0.57567,0.57623
CADCHF,2026-07-15 08:00:00+00:00,0.57618,0.57654,0.57618,0.57637
CADCHF,2026-07-15 09:00:00+00:00,0.57636,0.57678,0.57624,0.57676
CADCHF,2026-07-15 10:00:00+00:00,0.57672,0.57681,0.57642,0.57645
CADCHF,2026-07-15 11:00:00+00:00,0.57644,0.57664,0.5763,0.57652
CADCHF,2026-07-15 12:00:00+00:00,0.57648,0.57664,0.5756,0.5757
CADCHF,2026-07-15 13:00:00+00:00,0.57566,0.57579,0.57448,0.57465
CADCHF,2026-07-15 14:00:00+00:00,0.57468,0.57515,0.5744,0.57461
CADCHF,2026-07-15 15:00:00+00:00,0.57458,0.57465,0.57396,0.57428
CADCHF,2026-07-15 16:00:00+00:00,0.57424,0.57456,0.57411,0.57447
CADCHF,2026-07-15 17:00:00+00:00,0.57447,0.57448,0.57326,0.57329
CADCHF,2026-07-15 18:00:00+00:00,0.57325,0.57334,0.57282,0.57302
CADCHF,2026-07-15 19:00:00+00:00,0.57306,0.57352,0.57292,0.57342
CADCHF,2026-07-15 20:00:00+00:00,0.57346,0.57366,0.57326,0.57354
CADCHF,2026-07-15 21:00:00+00:00,0.57326,0.57363,0.5729,0.57344
CADCHF,2026-07-15 22:00:00+00:00,0.57354,0.57358,0.57322,0.5734
CADCHF,2026-07-15 23:00:00+00:00,0.57336,0.57344,0.57326,0.57332
CADCHF,2026-07-16 00:00:00+00:00,0.57332,0.5735,0.57313,0.57332
CADCHF,2026-07-16 01:00:00+00:00,0.57336,0.57362,0.5733,0.57354
CADCHF,2026-07-16 02:00:00+00:00,0.57354,0.57398,0.57354,0.57381
CADCHF,2026-07-16 03:00:00+00:00,0.57381,0.57386,0.57355,0.57374
CADCHF,2026-07-16 04:00:00+00:00,0.57376,0.57405,0.57374,0.57393
CADCHF,2026-07-16 05:00:00+00:00,0.57392,0.57406,0.57376,0.57398
CADCHF,2026-07-16 06:00:00+00:00,0.57397,0.57408,0.5737,0.57404
CADCHF,2026-07-16 07:00:00+00:00,0.57402,0.57404,0.57376,0.574
CADCHF,2026-07-16 08:00:00+00:00,0.57398,0.57481,0.57394,0.57472
CADCHF,2026-07-16 09:00:00+00:00,0.57472,0.57501,0.57464,0.57499
CADCHF,2026-07-16 10:00:00+00:00,0.57501,0.57533,0.57495,0.57524
CADCHF,2026-07-16 11:00:00+00:00,0.57528,0.57533,0.57486,0.57489
CADCHF,2026-07-16 12:00:00+00:00,0.57492,0.57621,0.57492,0.57618
CADCHF,2026-07-16 13:00:00+00:00,0.57614,0.57666,0.57602,0.57628
CADCHF,2026-07-16 14:00:00+00:00,0.57628,0.57675,0.57592,0.57632
CADCHF,2026-07-16 15:00:00+00:00,0.57632,0.57635,0.57554,0.57576
CADCHF,2026-07-16 16:00:00+00:00,0.57578,0.57625,0.57574,0.57614
CADCHF,2026-07-16 17:00:00+00:00,0.57618,0.5762,0.5756,0.57568
CADCHF,2026-07-16 18:00:00+00:00,0.57567,0.57592,0.57557,0.57584
CADCHF,2026-07-16 19:00:00+00:00,0.57584,0.576,0.5758,0.57581
CADCHF,2026-07-16 20:00:00+00:00,0.57584,0.57608,0.57567,0.57598
CADCHF,2026-07-16 21:00:00+00:00,0.57595,0.57595,0.57547,0.57576
CADCHF,2026-07-16 22:00:00+00:00,0.57584,0.57599,0.57578,0.57591
CADCHF,2026-07-16 23:00:00+00:00,0.5759,0.576,0.57586,0.57594
CADCHF,2026-07-17 00:00:00+00:00,0.5759,0.57601,0.57582,0.57591
CADCHF,2026-07-17 01:00:00+00:00,0.5759,0.57634,0.57586,0.57633
CADCHF,2026-07-17 02:00:00+00:00,0.57632,0.57638,0.57612,0.57627
CADCHF,2026-07-17 03:00:00+00:00,0.57628,0.57634,0.57614,0.57634
CADCHF,2026-07-17 04:00:00+00:00,0.57632,0.5765,0.57628,0.57645
CADCHF,2026-07-17 05:00:00+00:00,0.57644,0.57658,0.57612,0.5762
CADCHF,2026-07-17 06:00:00+00:00,0.5762,0.5762,0.57556,0.57582
CADCHF,2026-07-17 07:00:00+00:00,0.57583,0.57584,0.57526,0.57542
CADCHF,2026-07-17 08:00:00+00:00,0.57544,0.5755,0.57482,0.57485
CADCHF,2026-07-17 09:00:00+00:00,0.57484,0.57576,0.57483,0.57558
CADCHF,2026-07-17 10:00:00+00:00,0.57554,0.57583,0.57538,0.5756
CADCHF,2026-07-17 11:00:00+00:00,0.57557,0.57557,0.57522,0.57552
CADCHF,2026-07-17 12:00:00+00:00,0.5755,0.57589,0.5754,0.57574
CADCHF,2026-07-17 13:00:00+00:00,0.57578,0.5765,0.57578,0.57631
CADCHF,2026-07-17 14:00:00+00:00,0.57637,0.57654,0.5757,0.5757
CADCHF,2026-07-17 15:00:00+00:00,0.57568,0.57582,0.57533,0.5757
CADCHF,2026-07-17 16:00:00+00:00,0.5757,0.57638,0.5757,0.57631
CADCHF,2026-07-17 17:00:00+00:00,0.5763,0.57637,0.57613,0.57622
CADCHF,2026-07-17 18:00:00+00:00,0.57621,0.57642,0.57611,0.57634
CADCHF,2026-07-17 19:00:00+00:00,0.5763,0.57648,0.57607,0.5762
CADCHF,2026-07-17 20:00:00+00:00,0.57614,0.57632,0.57586,0.57596
CADCHF,2026-07-19 21:00:00+00:00,0.57702,0.57718,0.57634,0.57656
CADCHF,2026-07-19 22:00:00+00:00,0.57658,0.5768,0.57644,0.5768
CADCHF,2026-07-19 23:00:00+00:00,0.5768,0.57696,0.57666,0.57673
CADCHF,2026-07-20 00:00:00+00:00,0.57669,0.57684,0.57664,0.5767
CADCHF,2026-07-20 01:00:00+00:00,0.57669,0.57692,0.57658,0.57682
CADCHF,2026-07-20 02:00:00+00:00,0.57683,0.57688,0.57648,0.57652
CADCHF,2026-07-20 03:00:00+00:00,0.5765,0.5765,0.57632,0.57642
CADCHF,2026-07-20 04:00:00+00:00,0.57642,0.57644,0.57624,0.57628
CADCHF,2026-07-20 05:00:00+00:00,0.57626,0.57631,0.57608,0.57628
CADCHF,2026-07-20 06:00:00+00:00,0.57628,0.57638,0.57614,0.57632
CADCHF,2026-07-20 07:00:00+00:00,0.57632,0.57663,0.57543,0.57544
CADCHF,2026-07-20 08:00:00+00:00,0.5754,0.57559,0.57509,0.5755
CADCHF,2026-07-20 09:00:00+00:00,0.57555,0.57606,0.5755,0.57594
CADCHF,2026-07-20 10:00:00+00:00,0.57598,0.57608,0.57576,0.57606
CADCHF,2026-07-20 11:00:00+00:00,0.57606,0.57632,0.57537,0.57556
CADCHF,2026-07-20 12:00:00+00:00,0.57562,0.57648,0.5756,0.5759
CADCHF,2026-07-20 13:00:00+00:00,0.57586,0.5765,0.57576,0.5765
CADCHF,2026-07-20 14:00:00+00:00,0.57652,0.57696,0.57638,0.57648
CADCHF,2026-07-20 15:00:00+00:00,0.57649,0.57666,0.57615,0.57636
CADCHF,2026-07-20 16:00:00+00:00,0.5764,0.5766,0.5763,0.57646
CADCHF,2026-07-20 17:00:00+00:00,0.57641,0.57642,0.57606,0.5763
CADCHF,2026-07-20 18:00:00+00:00,0.57628,0.57632,0.57612,0.57614
CADCHF,2026-07-20 19:00:00+00:00,0.57614,0.57624,0.5759,0.57596
CADCHF,2026-07-20 20:00:00+00:00,0.57597,0.57607,0.57582,0.57593
CADCHF,2026-07-20 21:00:00+00:00,0.57527,0.57548,0.57495,0.5754
CADCHF,2026-07-20 22:00:00+00:00,0.57534,0.57562,0.57532,0.57555
CADCHF,2026-07-20 23:00:00+00:00,0.57552,0.57575,0.57552,0.57566
CADCHF,2026-07-21 00:00:00+00:00,0.57568,0.57584,0.5756,0.57584
CADCHF,2026-07-21 01:00:00+00:00,0.57586,0.57588,0.5756,0.57585
CADCHF,2026-07-21 02:00:00+00:00,0.57581,0.57586,0.5756,0.5757
CADCHF,2026-07-21 03:00:00+00:00,0.5757,0.57594,0.57567,0.57584
CADCHF,2026-07-21 04:00:00+00:00,0.5758,0.5759,0.5757,0.57581
CADCHF,2026-07-21 05:00:00+00:00,0.57584,0.57596,0.57572,0.57586
CADCHF,2026-07-21 06:00:00+00:00,0.57586,0.57594,0.57536,0.57594
CADCHF,2026-07-21 07:00:00+00:00,0.5759,0.57598,0.57544,0.57576
CADCHF,2026-07-21 08:00:00+00:00,0.57577,0.57628,0.57558,0.57604
CADCHF,2026-07-21 09:00:00+00:00,0.57605,0.57632,0.5759,0.5762
CADCHF,2026-07-21 10:00:00+00:00,0.57616,0.57624,0.5757,0.57617
CADCHF,2026-07-21 11:00:00+00:00,0.57618,0.57652,0.57602,0.5763
CADCHF,2026-07-21 12:00:00+00:00,0.5763,0.57632,0.57593,0.57604
CADCHF,2026-07-21 13:00:00+00:00,0.57607,0.57666,0.57583,0.57608
CADCHF,2026-07-21 14:00:00+00:00,0.57604,0.57674,0.57584,0.57664
CADCHF,2026-07-21 15:00:00+00:00,0.57665,0.57672,0.57606,0.57618
CADCHF,2026-07-21 16:00:00+00:00,0.57614,0.57619,0.5759,0.57616
CADCHF,2026-07-21 17:00:00+00:00,0.5762,0.57627,0.57608,0.57622
CADCHF,2026-07-21 18:00:00+00:00,0.57621,0.57645,0.57612,0.57624
CADCHF,2026-07-21 19:00:00+00:00,0.57623,0.57634,0.57612,0.57616
CADCHF,2026-07-21 20:00:00+00:00,0.57615,0.57628,0.57604,0.57611
CADCHF,2026-07-21 21:00:00+00:00,0.57585,0.57614,0.57574,0.576
CADCHF,2026-07-21 22:00:00+00:00,0.5759,0.57622,0.5759,0.57618
CADCHF,2026-07-21 23:00:00+00:00,0.57618,0.57628,0.5761,0.57615
CADCHF,2026-07-22 00:00:00+00:00,0.57612,0.57628,0.57606,0.57622
CADCHF,2026-07-22 01:00:00+00:00,0.57624,0.57663,0.57616,0.57649
CADCHF,2026-07-22 02:00:00+00:00,0.57648,0.57652,0.5761,0.5762
CADCHF,2026-07-22 03:00:00+00:00,0.5762,0.57631,0.57617,0.57625
CADCHF,2026-07-22 04:00:00+00:00,0.57624,0.57642,0.57624,0.57638
CADCHF,2026-07-22 05:00:00+00:00,0.57638,0.57646,0.5762,0.57623
CADCHF,2026-07-22 06:00:00+00:00,0.57624,0.57635,0.57606,0.5763
CADCHF,2026-07-22 07:00:00+00:00,0.57634,0.57659,0.57614,0.57638
CADCHF,2026-07-22 08:00:00+00:00,0.57641,0.57642,0.57594,0.57604
CADCHF,2026-07-22 09:00:00+00:00,0.57605,0.57654,0.57594,0.57648
CADCHF,2026-07-22 10:00:00+00:00,0.57645,0.57652,0.57612,0.57631
CADCHF,2026-07-22 11:00:00+00:00,0.57634,0.57688,0.57631,0.57678
CADCHF,2026-07-22 12:00:00+00:00,0.57674,0.57696,0.57648,0.5767
CADCHF,2026-07-22 13:00:00+00:00,0.57669,0.57672,0.57624,0.57656
CADCHF,2026-07-22 14:00:00+00:00,0.57657,0.57772,0.57652,0.5777
CADCHF,2026-07-22 15:00:00+00:00,0.57774,0.57778,0.57732,0.57754
CADCHF,2026-07-22 16:00:00+00:00,0.57752,0.57786,0.5775,0.57786
CADCHF,2026-07-22 17:00:00+00:00,0.57788,0.57806,0.57777,0.57802
CADCHF,2026-07-22 18:00:00+00:00,0.57802,0.57842,0.57802,0.57838
CADCHF,2026-07-22 19:00:00+00:00,0.57839,0.57844,0.57828,0.57832
CADCHF,2026-07-22 20:00:00+00:00,0.5783,0.57845,0.57812,0.57814
CADCHF,2026-07-22 21:00:00+00:00,0.5782,0.57834,0.57814,0.57827
CADCHF,2026-07-22 22:00:00+00:00,0.57828,0.57844,0.57815,0.57822
CADCHF,2026-07-22 23:00:00+00:00,0.57818,0.57826,0.5781,0.57812
CADCHF,2026-07-23 00:00:00+00:00,0.57811,0.57822,0.57802,0.57814
CADCHF,2026-07-23 01:00:00+00:00,0.57814,0.57858,0.57811,0.57852
CADCHF,2026-07-23 02:00:00+00:00,0.57852,0.57858,0.57838,0.57846
CADCHF,2026-07-23 03:00:00+00:00,0.57847,0.57848,0.57831,0.57838
CADCHF,2026-07-23 04:00:00+00:00,0.57835,0.57842,0.57825,0.57828
CADCHF,2026-07-23 05:00:00+00:00,0.57828,0.57836,0.57818,0.57836
CADCHF,2026-07-23 06:00:00+00:00,0.5784,0.57886,0.57838,0.5788
CADCHF,2026-07-23 07:00:00+00:00,0.57878,0.57966,0.57878,0.57916
CADCHF,2026-07-23 08:00:00+00:00,0.57916,0.57935,0.57882,0.57888
CADCHF,2026-07-23 09:00:00+00:00,0.57889,0.57892,0.5786,0.5786
CADCHF,2026-07-23 10:00:00+00:00,0.57858,0.57892,0.57848,0.57882
CADCHF,2026-07-23 11:00:00+00:00,0.57882,0.57978,0.57878,0.57968
CADCHF,2026-07-23 12:00:00+00:00,0.57967,0.58015,0.5795,0.57996
CADCHF,2026-07-23 13:00:00+00:00,0.57998,0.58068,0.57988,0.5802
CADCHF,2026-07-23 14:00:00+00:00,0.58014,0.58038,0.57954,0.57969
CADCHF,2026-07-23 15:00:00+00:00,0.57964,0.58034,0.57936,0.58017
CADCHF,2026-07-23 16:00:00+00:00,0.58014,0.58015,0.57964,0.57994
CADCHF,2026-07-23 17:00:00+00:00,0.5799,0.58051,0.57974,0.58048
CADCHF,2026-07-23 18:00:00+00:00,0.58048,0.58054,0.5802,0.58046
CADCHF,2026-07-23 19:00:00+00:00,0.58042,0.58048,0.57998,0.58006
CADCHF,2026-07-23 20:00:00+00:00,0.58003,0.58013,0.57968,0.58008
CADCHF,2026-07-23 21:00:00+00:00,0.57974,0.58028,0.57974,0.58002
CADCHF,2026-07-23 22:00:00+00:00,0.58008,0.58008,0.57986,0.57993
CADCHF,2026-07-23 23:00:00+00:00,0.57994,0.58004,0.57988,0.58001
CADCHF,2026-07-24 00:00:00+00:00,0.58002,0.58038,0.58,0.58019
CADCHF,2026-07-24 01:00:00+00:00,0.58016,0.58026,0.58002,0.58022
CADCHF,2026-07-24 02:00:00+00:00,0.58018,0.58048,0.58014,0.58039
CADCHF,2026-07-24 03:00:00+00:00,0.58044,0.58058,0.58038,0.58042
CADCHF,2026-07-24 04:00:00+00:00,0.58041,0.5806,0.58032,0.58048
CADCHF,2026-07-24 05:00:00+00:00,0.58047,0.58048,0.58028,0.58035
CADCHF,2026-07-24 06:00:00+00:00,0.58036,0.58042,0.58018,0.58028
CADCHF,2026-07-24 07:00:00+00:00,0.58024,0.58034,0.5796,0.5799
CADCHF,2026-07-24 08:00:00+00:00,0.57993,0.5801,0.5797,0.58
CADCHF,2026-07-24 09:00:00+00:00,0.57998,0.58011,0.57968,0.57985
CADCHF,2026-07-24 10:00:00+00:00,0.57982,0.58042,0.57982,0.58025
CADCHF,2026-07-24 11:00:00+00:00,0.58024,0.58062,0.57996,0.58038
CADCHF,2026-07-24 12:00:00+00:00,0.58036,0.58061,0.57986,0.57994
CADCHF,2026-07-24 13:00:00+00:00,0.5799,0.58044,0.57972,0.58014
CADCHF,2026-07-24 14:00:00+00:00,0.58014,0.58062,0.57996,0.58062
CADCHF,2026-07-24 15:00:00+00:00,0.58062,0.58068,0.5798,0.58013
CADCHF,2026-07-24 16:00:00+00:00,0.58014,0.58035,0.5799,0.58035
CADCHF,2026-07-24 17:00:00+00:00,0.58034,0.58062,0.58024,0.58045
CADCHF,2026-07-24 18:00:00+00:00,0.58046,0.58064,0.58044,0.58046
CADCHF,2026-07-24 19:00:00+00:00,0.58045,0.58058,0.58028,0.58038
CADCHF,2026-07-24 20:00:00+00:00,0.58034,0.58068,0.58025,0.58054
CADCHF,2026-07-26 21:00:00+00:00,0.57922,0.5801,0.57912,0.5792
CADCHF,2026-07-26 22:00:00+00:00,0.57912,0.57978,0.57905,0.57974
CADCHF,2026-07-26 23:00:00+00:00,0.5797,0.57985,0.57946,0.57948
CADCHF,2026-07-27 00:00:00+00:00,0.5795,0.5795,0.57844,0.57888
CADCHF,2026-07-27 01:00:00+00:00,0.57884,0.57886,0.57846,0.57846
CADCHF,2026-07-27 02:00:00+00:00,0.57848,0.57884,0.57847,0.57883
CADCHF,2026-07-27 03:00:00+00:00,0.57882,0.57884,0.57866,0.57874
CADCHF,2026-07-27 04:00:00+00:00,0.57872,0.57876,0.57862,0.57875
CADCHF,2026-07-27 05:00:00+00:00,0.57875,0.57889,0.57871,0.5788
CADCHF,2026-07-27 06:00:00+00:00,0.57876,0.57876,0.57756,0.57788
CADCHF,2026-07-27 07:00:00+00:00,0.5779,0.57838,0.57764,0.57835
CADCHF,2026-07-27 08:00:00+00:00,0.57836,0.57859,0.57802,0.57804
CADCHF,2026-07-27 09:00:00+00:00,0.57804,0.5781,0.57762,0.57774
CADCHF,2026-07-27 10:00:00+00:00,0.57776,0.57791,0.57744,0.5778
CADCHF,2026-07-27 11:00:00+00:00,0.57779,0.57813,0.57776,0.57794
CADCHF,2026-07-27 12:00:00+00:00,0.57798,0.57875,0.57776,0.57867
CADCHF,2026-07-27 13:00:00+00:00,0.57871,0.58046,0.57871,0.5804
CADCHF,2026-07-27 14:00:00+00:00,0.58044,0.58048,0.57974,0.58006
CADCHF,2026-07-27 15:00:00+00:00,0.58004,0.58032,0.57986,0.58014
CADCHF,2026-07-27 16:00:00+00:00,0.58014,0.5802,0.57954,0.5797
CADCHF,2026-07-27 17:00:00+00:00,0.57971,0.58018,0.57964,0.58001
CADCHF,2026-07-27 18:00:00+00:00,0.58,0.58004,0.5798,0.57984
CADCHF,2026-07-27 19:00:00+00:00,0.57984,0.58023,0.57984,0.5801
CADCHF,2026-07-27 20:00:00+00:00,0.58007,0.58014,0.57994,0.58008
CADCHF,2026-07-27 21:00:00+00:00,0.57961,0.58004,0.57932,0.57988
CADCHF,2026-07-27 22:00:00+00:00,0.5795,0.58022,0.5795,0.5802
CADCHF,2026-07-27 23:00:00+00:00,0.58017,0.58022,0.57996,0.58014
CADCHF,2026-07-28 00:00:00+00:00,0.58014,0.58022,0.57974,0.58001
CADCHF,2026-07-28 01:00:00+00:00,0.58004,0.58017,0.57982,0.58002
CADCHF,2026-07-28 02:00:00+00:00,0.58001,0.58016,0.57984,0.57994
CADCHF,2026-07-28 03:00:00+00:00,0.57995,0.58008,0.57988,0.58008
CADCHF,2026-07-28 04:00:00+00:00,0.5801,0.5803,0.58003,0.58024
CADCHF,2026-07-28 05:00:00+00:00,0.58025,0.58048,0.58006,0.58041
CADCHF,2026-07-28 06:00:00+00:00,0.58042,0.58042,0.58006,0.58024
CADCHF,2026-07-28 07:00:00+00:00,0.58024,0.58085,0.58021,0.5808
CADCHF,2026-07-28 08:00:00+00:00,0.58081,0.58098,0.58042,0.58062
CADCHF,2026-07-28 09:00:00+00:00,0.58067,0.58114,0.58067,0.58108
CADCHF,2026-07-28 10:00:00+00:00,0.58112,0.58134,0.58102,0.58133
CADCHF,2026-07-28 11:00:00+00:00,0.58134,0.5814,0.58085,0.581
CADCHF,2026-07-28 12:00:00+00:00,0.58096,0.58126,0.58068,0.58075
CADCHF,2026-07-28 13:00:00+00:00,0.58076,0.5811,0.58046,0.58076
CADCHF,2026-07-28 14:00:00+00:00,0.58074,0.58088,0.58022,0.58025
CADCHF,2026-07-28 15:00:00+00:00,0.58022,0.58058,0.57974,0.57978
CADCHF,2026-07-28 16:00:00+00:00,0.5798,0.58052,0.5797,0.58052
CADCHF,2026-07-28 17:00:00+00:00,0.58048,0.58048,0.58013,0.58034
CADCHF,2026-07-28 18:00:00+00:00,0.5803,0.58082,0.58022,0.58068
CADCHF,2026-07-28 19:00:00+00:00,0.58068,0.58074,0.58041,0.5807
CADCHF,2026-07-28 20:00:00+00:00,0.58069,0.5809,0.58058,0.58076
CADCHF,2026-07-28 21:00:00+00:00,0.5808,0.58096,0.5802,0.58058
CADCHF,2026-07-28 22:00:00+00:00,0.58066,0.58119,0.58058,0.58104
CADCHF,2026-07-28 23:00:00+00:00,0.58104,0.58115,0.58096,0.58098
CADCHF,2026-07-29 00:00:00+00:00,0.58094,0.58108,0.58082,0.58087
CADCHF,2026-07-29 01:00:00+00:00,0.58086,0.581,0.58048,0.58063
CADCHF,2026-07-29 02:00:00+00:00,0.5806,0.58074,0.58038,0.58045
CADCHF,2026-07-29 03:00:00+00:00,0.58046,0.58055,0.58024,0.58046
CADCHF,2026-07-29 04:00:00+00:00,0.58042,0.58042,0.57986,0.58008
CADCHF,2026-07-29 05:00:00+00:00,0.58006,0.58038,0.57994,0.58038
CADCHF,2026-07-29 06:00:00+00:00,0.58038,0.58082,0.5803,0.58055
CADCHF,2026-07-29 07:00:00+00:00,0.58059,0.58104,0.58032,0.58089
CADCHF,2026-07-29 08:00:00+00:00,0.58092,0.58134,0.58092,0.58099
CADCHF,2026-07-29 09:00:00+00:00,0.581,0.58142,0.58096,0.58137
CADCHF,2026-07-29 10:00:00+00:00,0.5814,0.58176,0.58118,0.58158
CADCHF,2026-07-29 11:00:00+00:00,0.58156,0.58173,0.58135,0.58138
CADCHF,2026-07-29 12:00:00+00:00,0.58134,0.58198,0.58126,0.58168
CADCHF,2026-07-29 13:00:00+00:00,0.58169,0.58173,0.58104,0.58124
CADCHF,2026-07-29 14:00:00+00:00,0.58121,0.58222,0.5811,0.58221
CADCHF,2026-07-29 15:00:00+00:00,0.58222,0.5823,0.58177,0.58204
CADCHF,2026-07-29 16:00:00+00:00,0.58208,0.5823,0.58202,0.58206
CADCHF,2026-07-29 17:00:00+00:00,0.58204,0.58208,0.58147,0.58156
CADCHF,2026-07-29 18:00:00+00:00,0.58156,0.58176,0.58018,0.58047
CADCHF,2026-07-29 19:00:00+00:00,0.58044,0.58086,0.5799,0.58001
CADCHF,2026-07-29 20:00:00+00:00,0.58,0.58018,0.57898,0.57927
CADCHF,2026-07-29 21:00:00+00:00,0.5792,0.58021,0.57903,0.57982
CADCHF,2026-07-29 22:00:00+00:00,0.57974,0.57975,0.57922,0.5797
CADCHF,2026-07-29 23:00:00+00:00,0.57972,0.57977,0.5795,0.57957
CADCHF,2026-07-30 00:00:00+00:00,0.57956,0.58034,0.5795,0.58012
CADCHF,2026-07-30 01:00:00+00:00,0.58011,0.58028,0.58,0.58018
CADCHF,2026-07-30 02:00:00+00:00,0.5802,0.58028,0.5801,0.58026
CADCHF,2026-07-30 03:00:00+00:00,0.58024,0.58044,0.58021,0.58042
CADCHF,2026-07-30 04:00:00+00:00,0.5804,0.58044,0.58014,0.5803
CADCHF,2026-07-30 05:00:00+00:00,0.5803,0.58048,0.5801,0.58046
CADCHF,2026-07-30 06:00:00+00:00,0.58046,0.58076,0.58036,0.58052
CADCHF,2026-07-30 07:00:00+00:00,0.5805,0.58118,0.58,0.58104
CADCHF,2026-07-30 08:00:00+00:00,0.58106,0.58106,0.57984,0.58069
CADCHF,2026-07-30 09:00:00+00:00,0.58069,0.58072,0.5793,0.57959
CADCHF,2026-07-30 10:00:00+00:00,0.5796,0.57966,0.57842,0.57884
CADCHF,2026-07-30 11:00:00+00:00,0.5788,0.57927,0.57862,0.57865
CADCHF,2026-07-30 12:00:00+00:00,0.57868,0.57872,0.57794,0.57841
CADCHF,2026-07-30 13:00:00+00:00,0.57841,0.57841,0.5754,0.57566
CADCHF,2026-07-30 14:00:00+00:00,0.57563,0.57652,0.57403,0.57624
CADCHF,2026-07-30 15:00:00+00:00,0.57625,0.5763,0.57508,0.5754
CADCHF,2026-07-30 16:00:00+00:00,0.5754,0.5754,0.57452,0.57506
CADCHF,2026-07-30 17:00:00+00:00,0.57508,0.57554,0.57474,0.57486
CADCHF,2026-07-30 18:00:00+00:00,0.57484,0.57502,0.57448,0.57448
CADCHF,2026-07-30 19:00:00+00:00,0.57446,0.57485,0.57442,0.57468
CADCHF,2026-07-30 20:00:00+00:00,0.57466,0.57496,0.57461,0.57466
CADCHF,2026-07-30 21:00:00+00:00,0.57462,0.57561,0.57435,0.57488
CADCHF,2026-07-30 22:00:00+00:00,0.5747,0.57505,0.57466,0.57496
CADCHF,2026-07-30 23:00:00+00:00,0.57498,0.5752,0.57492,0.57512
CADCHF,2026-07-31 00:00:00+00:00,0.5751,0.57551,0.57496,0.57522
CADCHF,2026-07-31 01:00:00+00:00,0.5752,0.57568,0.57512,0.57568
CADCHF,2026-07-31 02:00:00+00:00,0.57568,0.57574,0.57538,0.57564
CADCHF,2026-07-31 03:00:00+00:00,0.57568,0.5757,0.57542,0.57559
CADCHF,2026-07-31 04:00:00+00:00,0.57558,0.57597,0.57558,0.57574
CADCHF,2026-07-31 05:00:00+00:00,0.57574,0.57618,0.5757,0.57616
CADCHF,2026-07-31 06:00:00+00:00,0.57615,0.5762,0.57526,0.5755
CADCHF,2026-07-31 07:00:00+00:00,0.57557,0.57594,0.57539,0.57564
CADCHF,2026-07-31 08:00:00+00:00,0.57564,0.57638,0.57534,0.57544
CADCHF,2026-07-31 09:00:00+00:00,0.57546,0.5769,0.57512,0.57675
CADCHF,2026-07-31 10:00:00+00:00,0.57676,0.57701,0.57664,0.57698
CADCHF,2026-07-31 11:00:00+00:00,0.57702,0.57742,0.57691,0.57696
CADCHF,2026-07-31 12:00:00+00:00,0.57692,0.57752,0.57685,0.57752
CADCHF,2026-07-31 13:00:00+00:00,0.57751,0.57886,0.57682,0.57886
CADCHF,2026-07-31 14:00:00+00:00,0.57886,0.57889,0.57658,0.57661
CADCHF,2026-07-31 15:00:00+00:00,0.57658,0.57708,0.57596,0.576
CADCHF,2026-07-31 16:00:00+00:00,0.57601,0.57676,0.57601,0.57652
CADCHF,2026-07-31 17:00:00+00:00,0.5765,0.57668,0.57599,0.57628
CADCHF,2026-07-31 18:00:00+00:00,0.57626,0.57672,0.57601,0.57655
CADCHF,2026-07-31 19:00:00+00:00,0.57651,0.57693,0.57641,0.57668
CADCHF,2026-07-31 20:00:00+00:00,0.57667,0.57698,0.57572,0.57584
CADCHF,2026-08-02 21:00:00+00:00,0.57569,0.57683,0.57569,0.57652
CADCHF,2026-08-02 22:00:00+00:00,0.57624,0.57642,0.57505,0.576
CADCHF,2026-08-02 23:00:00+00:00,0.57604,0.57614,0.57573,0.57594
CADCHF,2026-08-03 00:00:00+00:00,0.57592,0.57614,0.57513,0.57546
CADCHF,2026-08-03 01:00:00+00:00,0.57547,0.5766,0.57522,0.57648
CADCHF,2026-08-03 02:00:00+00:00,0.57645,0.57681,0.57638,0.57647
CADCHF,2026-08-03 03:00:00+00:00,0.57645,0.57678,0.57644,0.5766
CADCHF,2026-08-03 04:00:00+00:00,0.57658,0.57658,0.5762,0.57627
CADCHF,2026-08-03 05:00:00+00:00,0.57628,0.57632,0.576,0.5762
CADCHF,2026-08-03 06:00:00+00:00,0.57618,0.57662,0.57594,0.5765
CADCHF,2026-08-03 07:00:00+00:00,0.57651,0.57664,0.57559,0.57574
CADCHF,2026-08-03 08:00:00+00:00,0.57574,0.57634,0.57554,0.57611
CADCHF,2026-08-03 09:00:00+00:00,0.57607,0.57611,0.57547,0.57598
CADCHF,2026-08-03 10:00:00+00:00,0.576,0.57622,0.57584,0.57614
CADCHF,2026-08-03 11:00:00+00:00,0.57618,0.57652,0.57596,0.57596
CADCHF,2026-08-03 12:00:00+00:00,0.57598,0.57645,0.57591,0.57632
CADCHF,2026-08-03 13:00:00+00:00,0.57628,0.57648,0.57596,0.57596
CADCHF,2026-08-03 14:00:00+00:00,0.57617,0.57735,0.57606,0.57733
CADCHF,2026-08-03 15:00:00+00:00,0.57733,0.57791,0.57726,0.57736
CADCHF,2026-08-03 16:00:00+00:00,0.57732,0.57766,0.5772,0.57753
CADCHF,2026-08-03 17:00:00+00:00,0.57757,0.57771,0.57736,0.57746
CADCHF,2026-08-03 18:00:00+00:00,0.57746,0.5775,0.57668,0.57682
CADCHF,2026-08-03 19:00:00+00:00,0.57682,0.57692,0.5767,0.57686
CADCHF,2026-08-03 20:00:00+00:00,0.57691,0.57709,0.57684,0.57702
CADCHF,2026-08-03 21:00:00+00:00,0.57687,0.57732,0.57644,0.57666
CADCHF,2026-08-03 22:00:00+00:00,0.57672,0.57704,0.57669,0.57678
CADCHF,2026-08-03 23:00:00+00:00,0.57677,0.57697,0.57675,0.57696
CADCHF,2026-08-04 00:00:00+00:00,0.57694,0.577,0.5766,0.57694
CADCHF,2026-08-04 01:00:00+00:00,0.57697,0.57702,0.57658,0.57671
CADCHF,2026-08-04 02:00:00+00:00,0.57672,0.57692,0.57662,0.57686
CADCHF,2026-08-04 03:00:00+00:00,0.57687,0.57707,0.57672,0.57706
CADCHF,2026-08-04 04:00:00+00:00,0.57706,0.57712,0.57682,0.57688
CADCHF,2026-08-04 05:00:00+00:00,0.57688,0.577,0.5767,0.57678
CADCHF,2026-08-04 06:00:00+00:00,0.5768,0.5768,0.57597,0.57621
CADCHF,2026-08-04 07:00:00+00:00,0.57622,0.57668,0.57604,0.57663
CADCHF,2026-08-04 08:00:00+00:00,0.57668,0.57716,0.57655,0.57709
CADCHF,2026-08-04 09:00:00+00:00,0.57712,0.57722,0.57696,0.57718
CADCHF,2026-08-04 10:00:00+00:00,0.57714,0.57715,0.57672,0.57684
CADCHF,2026-08-04 11:00:00+00:00,0.57682,0.57685,0.57532,0.57546
CADCHF,2026-08-04 12:00:00+00:00,0.57549,0.5756,0.57499,0.57518
CADCHF,2026-08-04 13:00:00+00:00,0.57518,0.57562,0.57464,0.57476
CADCHF,2026-08-04 14:00:00+00:00,0.5748,0.57554,0.57465,0.5754
CADCHF,2026-08-04 15:00:00+00:00,0.57542,0.57562,0.57502,0.57504
CADCHF,2026-08-04 16:00:00+00:00,0.5751,0.57566,0.5751,0.57559
CADCHF,2026-08-04 17:00:00+00:00,0.57556,0.5757,0.57537,0.57562
CADCHF,2026-08-04 18:00:00+00:00,0.5756,0.57564,0.57524,0.57533
CADCHF,2026-08-04 19:00:00+00:00,0.57534,0.57549,0.57524,0.57536
CADCHF,2026-08-04 20:00:00+00:00,0.57532,0.57542,0.57514,0.57534
CADCHF,2026-08-04 21:00:00+00:00,0.57556,0.5756,0.5751,0.57513
CADCHF,2026-08-04 22:00:00+00:00,0.57516,0.57544,0.57513,0.5754
CADCHF,2026-08-04 23:00:00+00:00,0.5754,0.57554,0.57525,0.57525
CADCHF,2026-08-05 00:00:00+00:00,0.57522,0.5753,0.57492,0.57505
CADCHF,2026-08-05 01:00:00+00:00,0.57506,0.57516,0.57482,0.57486
CADCHF,2026-08-05 02:00:00+00:00,0.57486,0.5749,0.5741,0.57426
CADCHF,2026-08-05 03:00:00+00:00,0.57427,0.57433,0.57406,0.57412
CADCHF,2026-08-05 04:00:00+00:00,0.5741,0.57441,0.57406,0.57432
CADCHF,2026-08-05 05:00:00+00:00,0.57433,0.57448,0.5741,0.57425
CADCHF,2026-08-05 06:00:00+00:00,0.57427,0.57446,0.57394,0.57396
CADCHF,2026-08-05 07:00:00+00:00,0.57396,0.57529,0.57388,0.57523
CADCHF,2026-08-05 08:00:00+00:00,0.57524,0.57571,0.57498,0.57564
CADCHF,2026-08-05 09:00:00+00:00,0.57564,0.57569,0.5752,0.57542
CADCHF,2026-08-05 10:00:00+00:00,0.57546,0.57577,0.57542,0.57558
CADCHF,2026-08-05 11:00:00+00:00,0.57554,0.57563,0.57512,0.57544
CADCHF,2026-08-05 12:00:00+00:00,0.57546,0.57607,0.57546,0.57606
CADCHF,2026-08-05 13:00:00+00:00,0.57603,0.57607,0.57507,0.5754
CADCHF,2026-08-05 14:00:00+00:00,0.5754,0.5758,0.57478,0.5756
CADCHF,2026-08-05 15:00:00+00:00,0.57563,0.57622,0.57542,0.57618
CADCHF,2026-08-05 16:00:00+00:00,0.57621,0.57638,0.57568,0.57596
CADCHF,2026-08-05 17:00:00+00:00,0.57594,0.5761,0.5758,0.57591
CADCHF,2026-08-05 18:00:00+00:00,0.57594,0.57612,0.5759,0.5761
CADCHF,2026-08-05 19:00:00+00:00,0.57611,0.57637,0.57606,0.57614
CADCHF,2026-08-05 20:00:00+00:00,0.57614,0.57628,0.57596,0.57604
CADCHF,2026-08-05 21:00:00+00:00,0.57621,0.57634,0.57576,0.57616
CADCHF,2026-08-05 22:00:00+00:00,0.5761,0.57617,0.57588,0.57604
CADCHF,2026-08-05 23:00:00+00:00,0.57602,0.57604,0.57584,0.57584
CADCHF,2026-08-06 00:00:00+00:00,0.57586,0.57598,0.57571,0.57584
CADCHF,2026-08-06 01:00:00+00:00,0.57584,0.57594,0.57567,0.5757
CADCHF,2026-08-06 02:00:00+00:00,0.57569,0.57578,0.57552,0.57569
CADCHF,2026-08-06 03:00:00+00:00,0.5757,0.57612,0.57569,0.5761
CADCHF,2026-08-06 04:00:00+00:00,0.57604,0.57625,0.57602,0.5762
CADCHF,2026-08-06 05:00:00+00:00,0.57619,0.57632,0.57615,0.57621
CADCHF,2026-08-06 06:00:00+00:00,0.57622,0.57694,0.57617,0.5769
CADCHF,2026-08-06 07:00:00+00:00,0.5769,0.57714,0.57672,0.57714
CADCHF,2026-08-06 08:00:00+00:00,0.57711,0.5774,0.57699,0.57722
CADCHF,2026-08-06 09:00:00+00:00,0.5772,0.578,0.57718,0.5778
CADCHF,2026-08-06 10:00:00+00:00,0.57784,0.57836,0.57779,0.57833
CADCHF,2026-08-06 11:00:00+00:00,0.57829,0.57888,0.57824,0.57874
CADCHF,2026-08-06 12:00:00+00:00,0.57873,0.57874,0.57821,0.57822
CADCHF,2026-08-06 13:00:00+00:00,0.57821,0.57823,0.57722,0.5773
CADCHF,2026-08-06 14:00:00+00:00,0.57728,0.57804,0.57719,0.57794
CADCHF,2026-08-06 15:00:00+00:00,0.57791,0.5798,0.5778,0.57946
CADCHF,2026-08-06 16:00:00+00:00,0.57946,0.57963,0.57923,0.5794
CADCHF,2026-08-06 17:00:00+00:00,0.57936,0.58006,0.57928,0.57966
CADCHF,2026-08-06 18:00:00+00:00,0.57966,0.57982,0.57952,0.57963
CADCHF,2026-08-06 19:00:00+00:00,0.5796,0.57989,0.57947,0.57964
CADCHF,2026-08-06 20:00:00+00:00,0.57962,0.57997,0.57959,0.57973
CADCHF,2026-08-06 21:00:00+00:00,0.5798,0.58018,0.57966,0.5798
CADCHF,2026-08-06 22:00:00+00:00,0.5799,0.57991,0.5797,0.57984
CADCHF,2026-08-06 23:00:00+00:00,0.57986,0.57986,0.57974,0.57975
CADCHF,2026-08-07 00:00:00+00:00,0.57976,0.58002,0.57975,0.57982
CADCHF,2026-08-07 01:00:00+00:00,0.57981,0.57988,0.57964,0.57976
CADCHF,2026-08-07 02:00:00+00:00,0.57977,0.57978,0.57953,0.57964
CADCHF,2026-08-07 03:00:00+00:00,0.57966,0.5798,0.5796,0.57968
CADCHF,2026-08-07 04:00:00+00:00,0.5797,0.57986,0.57966,0.57966
CADCHF,2026-08-07 05:00:00+00:00,0.5797,0.5797,0.57944,0.57945
CADCHF,2026-08-07 06:00:00+00:00,0.5794,0.57942,0.57886,0.57902
CADCHF,2026-08-07 07:00:00+00:00,0.57906,0.57918,0.57868,0.57871
CADCHF,2026-08-07 08:00:00+00:00,0.57872,0.57874,0.5783,0.57856
CADCHF,2026-08-07 09:00:00+00:00,0.57854,0.57858,0.57813,0.57822
CADCHF,2026-08-07 10:00:00+00:00,0.57821,0.57821,0.5778,0.57794
CADCHF,2026-08-07 11:00:00+00:00,0.57793,0.57838,0.57786,0.5783
CADCHF,2026-08-07 12:00:00+00:00,0.57828,0.57914,0.57732,0.57868
CADCHF,2026-08-07 13:00:00+00:00,0.57865,0.57946,0.57844,0.57938
CADCHF,2026-08-07 14:00:00+00:00,0.57942,0.57996,0.57913,0.5798
CADCHF,2026-08-07 15:00:00+00:00,0.5798,0.57998,0.57944,0.57978
CADCHF,2026-08-07 16:00:00+00:00,0.57976,0.57978,0.57932,0.5796
CADCHF,2026-08-07 17:00:00+00:00,0.57966,0.57976,0.57942,0.57954
CADCHF,2026-08-07 18:00:00+00:00,0.57954,0.57962,0.57936,0.57946
CADCHF,2026-08-07 19:00:00+00:00,0.57946,0.57952,0.57888,0.57924
CADCHF,2026-08-07 20:00:00+00:00,0.57923,0.5799,0.57912,0.5797
CADCHF,2026-08-09 21:00:00+00:00,0.5795,0.57977,0.57844,0.57912
CADCHF,2026-08-09 22:00:00+00:00,0.57904,0.5798,0.57904,0.57961
CADCHF,2026-08-09 23:00:00+00:00,0.57963,0.57964,0.57925,0.57935
CADCHF,2026-08-10 00:00:00+00:00,0.57936,0.57964,0.57922,0.5795
CADCHF,2026-08-10 01:00:00+00:00,0.57946,0.57982,0.57932,0.5797
CADCHF,2026-08-10 02:00:00+00:00,0.57968,0.57979,0.5796,0.57964
CADCHF,2026-08-10 03:00:00+00:00,0.57966,0.57967,0.57936,0.57966
CADCHF,2026-08-10 04:00:00+00:00,0.57962,0.57973,0.57956,0.57966
CADCHF,2026-08-10 05:00:00+00:00,0.57967,0.57982,0.57956,0.57956
CADCHF,2026-08-10 06:00:00+00:00,0.57958,0.57984,0.5793,0.57936
CADCHF,2026-08-10 07:00:00+00:00,0.57934,0.57966,0.57868,0.57896
CADCHF,2026-08-10 08:00:00+00:00,0.57896,0.57984,0.57892,0.57974
CADCHF,2026-08-10 09:00:00+00:00,0.57975,0.5798,0.57946,0.57976
CADCHF,2026-08-10 10:00:00+00:00,0.57974,0.58014,0.57953,0.58008
CADCHF,2026-08-10 11:00:00+00:00,0.58006,0.58034,0.57984,0.58007
CADCHF,2026-08-10 12:00:00+00:00,0.58008,0.58044,0.5797,0.58033
CADCHF,2026-08-10 13:00:00+00:00,0.58034,0.58072,0.57991,0.58064
CADCHF,2026-08-10 14:00:00+00:00,0.58062,0.58067,0.57994,0.5801
CADCHF,2026-08-10 15:00:00+00:00,0.58006,0.58111,0.58001,0.58084
CADCHF,2026-08-10 16:00:00+00:00,0.58079,0.58118,0.58075,0.58106
CADCHF,2026-08-10 17:00:00+00:00,0.5811,0.58116,0.58074,0.58092
CADCHF,2026-08-10 18:00:00+00:00,0.58094,0.5813,0.58088,0.58112
CADCHF,2026-08-10 19:00:00+00:00,0.58112,0.58144,0.58112,0.58122
CADCHF,2026-08-10 20:00:00+00:00,0.58121,0.58139,0.58116,0.5813
CADCHF,2026-08-10 21:00:00+00:00,0.5812,0.58132,0.581,0.58112
CADCHF,2026-08-10 22:00:00+00:00,0.5812,0.58129,0.58106,0.58126
CADCHF,2026-08-10 23:00:00+00:00,0.58126,0.58133,0.58118,0.58122
CADCHF,2026-08-11 00:00:00+00:00,0.58122,0.58134,0.58113,0.5812
CADCHF,2026-08-11 01:00:00+00:00,0.5812,0.58129,0.58106,0.58126
CADCHF,2026-08-11 02:00:00+00:00,0.58126,0.58163,0.58122,0.58162
CADCHF,2026-08-11 03:00:00+00:00,0.5816,0.58164,0.58143,0.58162
CADCHF,2026-08-11 04:00:00+00:00,0.58161,0.58177,0.5815,0.5816
CADCHF,2026-08-11 05:00:00+00:00,0.5816,0.5819,0.58157,0.58182
CADCHF,2026-08-11 06:00:00+00:00,0.58178,0.58229,0.58167,0.58196
CADCHF,2026-08-11 07:00:00+00:00,0.58194,0.58195,0.58138,0.58174
CADCHF,2026-08-11 08:00:00+00:00,0.58174,0.58214,0.58164,0.58208
CADCHF,2026-08-11 09:00:00+00:00,0.5821,0.58238,0.58203,0.58213
CADCHF,2026-08-11 10:00:00+00:00,0.58212,0.5822,0.58174,0.5821
CADCHF,2026-08-11 11:00:00+00:00,0.58209,0.58218,0.58138,0.58184
CADCHF,2026-08-11 12:00:00+00:00,0.58183,0.58198,0.58133,0.58184
CADCHF,2026-08-11 13:00:00+00:00,0.58181,0.58181,0.58128,0.58142
CADCHF,2026-08-11 14:00:00+00:00,0.58142,0.58222,0.58142,0.58214
CADCHF,2026-08-11 15:00:00+00:00,0.5821,0.58281,0.582,0.58244
CADCHF,2026-08-11 16:00:00+00:00,0.5824,0.583,0.58235,0.583
CADCHF,2026-08-11 17:00:00+00:00,0.58302,0.5833,0.58294,0.58312
CADCHF,2026-08-11 18:00:00+00:00,0.58312,0.58329,0.58254,0.58281
CADCHF,2026-08-11 19:00:00+00:00,0.58278,0.58292,0.58224,0.58224
CADCHF,2026-08-11 20:00:00+00:00,0.58227,0.58258,0.58218,0.58233
CADCHF,2026-08-11 21:00:00+00:00,0.58237,0.58265,0.58208,0.5825
CADCHF,2026-08-11 22:00:00+00:00,0.58244,0.58264,0.58234,0.58262
CADCHF,2026-08-11 23:00:00+00:00,0.5826,0.58268,0.58258,0.58266
CADCHF,2026-08-12 00:00:00+00:00,0.58262,0.58294,0.58262,0.58286
CADCHF,2026-08-12 01:00:00+00:00,0.58288,0.5829,0.58264,0.58267
CADCHF,2026-08-12 02:00:00+00:00,0.58269,0.58286,0.58264,0.58282
CADCHF,2026-08-12 03:00:00+00:00,0.58282,0.5831,0.58282,0.5831
CADCHF,2026-08-12 04:00:00+00:00,0.58306,0.58318,0.58298,0.583
CADCHF,2026-08-12 05:00:00+00:00,0.58302,0.5831,0.58292,0.58303
CADCHF,2026-08-12 06:00:00+00:00,0.58304,0.58312,0.5825,0.58265
CADCHF,2026-08-12 07:00:00+00:00,0.58268,0.58334,0.58268,0.58328
CADCHF,2026-08-12 08:00:00+00:00,0.58323,0.58354,0.58309,0.58343
CADCHF,2026-08-12 09:00:00+00:00,0.58342,0.58346,0.5824,0.58303
CADCHF,2026-08-12 10:00:00+00:00,0.58306,0.5833,0.58298,0.58316
CADCHF,2026-08-12 11:00:00+00:00,0.58312,0.58314,0.58234,0.58267
CADCHF,2026-08-12 12:00:00+00:00,0.58266,0.58328,0.58164,0.5821
CADCHF,2026-08-12 13:00:00+00:00,0.58208,0.58312,0.58194,0.5829
CADCHF,2026-08-12 14:00:00+00:00,0.58292,0.58318,0.58256,0.5828
CADCHF,2026-08-12 15:00:00+00:00,0.58284,0.58331,0.58279,0.58312
CADCHF,2026-08-12 16:00:00+00:00,0.58312,0.58328,0.58298,0.58306
CADCHF,2026-08-12 17:00:00+00:00,0.58306,0.5835,0.58296,0.5835
CADCHF,2026-08-12 18:00:00+00:00,0.58355,0.58367,0.58342,0.58352
CADCHF,2026-08-12 19:00:00+00:00,0.58356,0.58376,0.58346,0.58373
CADCHF,2026-08-12 20:00:00+00:00,0.58374,0.58378,0.58362,0.5837
CADCHF,2026-08-12 21:00:00+00:00,0.58274,0.58381,0.58274,0.58356
CADCHF,2026-08-12 22:00:00+00:00,0.58362,0.58368,0.5835,0.5836
CADCHF,2026-08-12 23:00:00+00:00,0.58362,0.58364,0.58339,0.58339
CADCHF,2026-08-13 00:00:00+00:00,0.5834,0.5834,0.58306,0.5832
CADCHF,2026-08-13 01:00:00+00:00,0.58318,0.58356,0.58303,0.5835
CADCHF,2026-08-13 02:00:00+00:00,0.58351,0.58368,0.58342,0.58364
CADCHF,2026-08-13 03:00:00+00:00,0.58364,0.58384,0.5835,0.58382
CADCHF,2026-08-13 04:00:00+00:00,0.58382,0.5839,0.58353,0.58357
CADCHF,2026-08-13 05:00:00+00:00,0.58358,0.5837,0.58346,0.58356
CADCHF,2026-08-13 06:00:00+00:00,0.58354,0.58374,0.58326,0.58332
CADCHF,2026-08-13 07:00:00+00:00,0.58332,0.58348,0.58258,0.58272
CADCHF,2026-08-13 08:00:00+00:00,0.58276,0.58285,0.58238,0.58262
CADCHF,2026-08-13 09:00:00+00:00,0.58258,0.58283,0.5823,0.58272
CADCHF,2026-08-13 10:00:00+00:00,0.58276,0.58296,0.5823,0.58261
CADCHF,2026-08-13 11:00:00+00:00,0.58258,0.58282,0.58248,0.58272
CADCHF,2026-08-13 12:00:00+00:00,0.58269,0.58318,0.58251,0.58261
CADCHF,2026-08-13 13:00:00+00:00,0.58264,0.58306,0.5824,0.58242
CADCHF,2026-08-13 14:00:00+00:00,0.58242,0.5826,0.58198,0.58224
CADCHF,2026-08-13 15:00:00+00:00,0.58228,0.5834,0.58228,0.58339
CADCHF,2026-08-13 16:00:00+00:00,0.5834,0.58388,0.5833,0.58374
CADCHF,2026-08-13 17:00:00+00:00,0.58375,0.58394,0.58367,0.58378
CADCHF,2026-08-13 18:00:00+00:00,0.58374,0.58414,0.58353,0.58413
CADCHF,2026-08-13 19:00:00+00:00,0.58412,0.58489,0.58412,0.58488
CADCHF,2026-08-13 20:00:00+00:00,0.58485,0.58496,0.58441,0.58448
CADCHF,2026-08-13 21:00:00+00:00,0.58388,0.58458,0.58388,0.58438
CADCHF,2026-08-13 22:00:00+00:00,0.5845,0.58454,0.58434,0.58447
CADCHF,2026-08-13 23:00:00+00:00,0.58445,0.58464,0.58441,0.58458
CADCHF,2026-08-14 00:00:00+00:00,0.5846,0.58473,0.58453,0.58456
CADCHF,2026-08-14 01:00:00+00:00,0.58455,0.58468,0.58438,0.58452
CADCHF,2026-08-14 02:00:00+00:00,0.5845,0.58468,0.58441,0.58466
CADCHF,2026-08-14 03:00:00+00:00,0.58464,0.58466,0.58444,0.58464
CADCHF,2026-08-14 04:00:00+00:00,0.58464,0.58464,0.58448,0.58452
CADCHF,2026-08-14 05:00:00+00:00,0.58453,0.58475,0.5844,0.5847
CADCHF,2026-08-14 06:00:00+00:00,0.58466,0.5853,0.58464,0.58518
CADCHF,2026-08-14 07:00:00+00:00,0.58516,0.58584,0.58514,0.58574
CADCHF,2026-08-14 08:00:00+00:00,0.58574,0.58603,0.58556,0.5856
CADCHF,2026-08-14 09:00:00+00:00,0.58564,0.58566,0.58533,0.5854
CADCHF,2026-08-14 10:00:00+00:00,0.58536,0.58576,0.5853,0.5854
CADCHF,2026-08-14 11:00:00+00:00,0.5854,0.58556,0.58466,0.58491
CADCHF,2026-08-14 12:00:00+00:00,0.58485,0.5852,0.58438,0.58481
CADCHF,2026-08-14 13:00:00+00:00,0.58478,0.58534,0.58448,0.58478
CADCHF,2026-08-14 14:00:00+00:00,0.58482,0.58502,0.58465,0.58465
CADCHF,2026-08-14 15:00:00+00:00,0.58466,0.58513,0.5845,0.58502
CADCHF,2026-08-14 16:00:00+00:00,0.58503,0.5858,0.58499,0.58578
CADCHF,2026-08-14 17:00:00+00:00,0.58577,0.58621,0.58572,0.586
CADCHF,2026-08-14 18:00:00+00:00,0.586,0.58606,0.5859,0.58597
CADCHF,2026-08-14 19:00:00+00:00,0.58596,0.58636,0.58586,0.58606
CADCHF,2026-08-14 20:00:00+00:00,0.58608,0.58645,0.586,0.58622
CADCHF,2026-08-16 21:00:00+00:00,0.5854,0.58612,0.58476,0.58606
CADCHF,2026-08-16 22:00:00+00:00,0.58608,0.5864,0.58598,0.58602
CADCHF,2026-08-16 23:00:00+00:00,0.58603,0.58604,0.58584,0.58586
CADCHF,2026-08-17 00:00:00+00:00,0.58586,0.58588,0.58546,0.58546
CADCHF,2026-08-17 01:00:00+00:00,0.58552,0.58561,0.58524,0.58548
CADCHF,2026-08-17 02:00:00+00:00,0.58546,0.58554,0.58534,0.58544
CADCHF,2026-08-17 03:00:00+00:00,0.58544,0.58554,0.58532,0.58534
CADCHF,2026-08-17 04:00:00+00:00,0.58536,0.58542,0.58522,0.58541
CADCHF,2026-08-17 05:00:00+00:00,0.58542,0.58544,0.5852,0.5853
CADCHF,2026-08-17 06:00:00+00:00,0.5853,0.58538,0.58486,0.58505
CADCHF,2026-08-17 07:00:00+00:00,0.58505,0.58521,0.58312,0.58333
CADCHF,2026-08-17 08:00:00+00:00,0.58337,0.58402,0.58272,0.58384
CADCHF,2026-08-17 09:00:00+00:00,0.58381,0.58442,0.58362,0.5843
CADCHF,2026-08-17 10:00:00+00:00,0.58435,0.58482,0.58428,0.58471
CADCHF,2026-08-17 11:00:00+00:00,0.58472,0.58478,0.58417,0.58424
CADCHF,2026-08-17 12:00:00+00:00,0.58428,0.58509,0.58416,0.58438
CADCHF,2026-08-17 13:00:00+00:00,0.58434,0.58445,0.58364,0.58398
CADCHF,2026-08-17 14:00:00+00:00,0.58401,0.58438,0.58376,0.58376
CADCHF,2026-08-17 15:00:00+00:00,0.58377,0.58418,0.5836,0.58377
CADCHF,2026-08-17 16:00:00+00:00,0.5838,0.58412,0.58377,0.58412
CADCHF,2026-08-17 17:00:00+00:00,0.58411,0.58499,0.58401,0.58498
CADCHF,2026-08-17 18:00:00+00:00,0.58499,0.58512,0.58484,0.58484
CADCHF,2026-08-17 19:00:00+00:00,0.58479,0.58492,0.58442,0.58448
CADCHF,2026-08-17 20:00:00+00:00,0.58448,0.58464,0.58438,0.58448
CADCHF,2026-08-17 21:00:00+00:00,0.58404,0.58458,0.58401,0.58438
CADCHF,2026-08-17 22:00:00+00:00,0.58444,0.58468,0.58427,0.58465
CADCHF,2026-08-17 23:00:00+00:00,0.58468,0.58468,0.58441,0.58447
CADCHF,2026-08-18 00:00:00+00:00,0.58448,0.5847,0.58442,0.58458
CADCHF,2026-08-18 01:00:00+00:00,0.58454,0.58478,0.58432,0.58474
CADCHF,2026-08-18 02:00:00+00:00,0.58474,0.58494,0.58472,0.58482
CADCHF,2026-08-18 03:00:00+00:00,0.58478,0.58509,0.58478,0.58504
CADCHF,2026-08-18 04:00:00+00:00,0.58505,0.58516,0.58486,0.58504
CADCHF,2026-08-18 05:00:00+00:00,0.58505,0.58512,0.58486,0.58496
CADCHF,2026-08-18 06:00:00+00:00,0.58492,0.58552,0.58491,0.58498
CADCHF,2026-08-18 07:00:00+00:00,0.58496,0.58524,0.58468,0.58511
CADCHF,2026-08-18 08:00:00+00:00,0.58508,0.58554,0.58502,0.58522
CADCHF,2026-08-18 09:00:00+00:00,0.58522,0.58556,0.5852,0.58533
CADCHF,2026-08-18 10:00:00+00:00,0.58536,0.58582,0.58526,0.58547
CADCHF,2026-08-18 11:00:00+00:00,0.5855,0.58574,0.58543,0.58558
CADCHF,2026-08-18 12:00:00+00:00,0.58556,0.58584,0.58542,0.58546
CADCHF,2026-08-18 13:00:00+00:00,0.5855,0.58614,0.58484,0.58514
CADCHF,2026-08-18 14:00:00+00:00,0.58513,0.58526,0.58454,0.58472
CADCHF,2026-08-18 15:00:00+00:00,0.58468,0.58514,0.58451,0.58466
CADCHF,2026-08-18 16:00:00+00:00,0.58464,0.58464,0.58404,0.58428
CADCHF,2026-08-18 17:00:00+00:00,0.58432,0.58451,0.58417,0.58417
CADCHF,2026-08-18 18:00:00+00:00,0.5842,0.58432,0.58404,0.58428
CADCHF,2026-08-18 19:00:00+00:00,0.58424,0.58474,0.58424,0.58464
CADCHF,2026-08-18 20:00:00+00:00,0.58468,0.58476,0.58454,0.58467
CADCHF,2026-08-18 21:00:00+00:00,0.58486,0.58486,0.58444,0.58464
CADCHF,2026-08-18 22:00:00+00:00,0.58456,0.58468,0.58445,0.58458
CADCHF,2026-08-18 23:00:00+00:00,0.58454,0.58466,0.58441,0.58441
CADCHF,2026-08-19 00:00:00+00:00,0.5844,0.58447,0.58418,0.58428
CADCHF,2026-08-19 01:00:00+00:00,0.58427,0.58445,0.58418,0.5842
CADCHF,2026-08-19 02:00:00+00:00,0.58422,0.58488,0.58408,0.58482
CADCHF,2026-08-19 03:00:00+00:00,0.58481,0.5849,0.58461,0.58462
CADCHF,2026-08-19 04:00:00+00:00,0.58466,0.58474,0.58433,0.5844
CADCHF,2026-08-19 05:00:00+00:00,0.58438,0.58451,0.58424,0.58445
CADCHF,2026-08-19 06:00:00+00:00,0.58442,0.58447,0.5838,0.58412
CADCHF,2026-08-19 07:00:00+00:00,0.58408,0.58455,0.58397,0.5845
CADCHF,2026-08-19 08:00:00+00:00,0.58451,0.58458,0.58404,0.58428
CADCHF,2026-08-19 09:00:00+00:00,0.58433,0.58452,0.58406,0.58408
CADCHF,2026-08-19 10:00:00+00:00,0.58408,0.58438,0.58404,0.58426
CADCHF,2026-08-19 11:00:00+00:00,0.58428,0.58438,0.5839,0.58403
CADCHF,2026-08-19 12:00:00+00:00,0.58407,0.58414,0.58191,0.58222
CADCHF,2026-08-19 13:00:00+00:00,0.58221,0.58265,0.58038,0.58068
CADCHF,2026-08-19 14:00:00+00:00,0.58068,0.5808,0.57836,0.58024
CADCHF,2026-08-19 15:00:00+00:00,0.5802,0.5804,0.57828,0.57872
CADCHF,2026-08-19 16:00:00+00:00,0.57875,0.57918,0.57834,0.57872
CADCHF,2026-08-19 17:00:00+00:00,0.57868,0.57909,0.57854,0.57903
CADCHF,2026-08-19 18:00:00+00:00,0.57904,0.57904,0.5777,0.5778
CADCHF,2026-08-19 19:00:00+00:00,0.57776,0.57791,0.57706,0.57732
CADCHF,2026-08-19 20:00:00+00:00,0.57736,0.57752,0.57716,0.57747
CADCHF,2026-08-19 21:00:00+00:00,0.5776,0.5777,0.57738,0.5777
CADCHF,2026-08-19 22:00:00+00:00,0.57766,0.57766,0.57727,0.5776
CADCHF,2026-08-19 23:00:00+00:00,0.57764,0.57778,0.57749,0.57776
CADCHF,2026-08-20 00:00:00+00:00,0.57772,0.57874,0.57756,0.57864
CADCHF,2026-08-20 01:00:00+00:00,0.57866,0.57944,0.57862,0.57926
CADCHF,2026-08-20 02:00:00+00:00,0.57923,0.57939,0.57884,0.57936
CADCHF,2026-08-20 03:00:00+00:00,0.57932,0.5798,0.57912,0.57951
CADCHF,2026-08-20 04:00:00+00:00,0.57946,0.57987,0.5794,0.5797
CADCHF,2026-08-20 05:00:00+00:00,0.57968,0.58002,0.57956,0.57986
CADCHF,2026-08-20 06:00:00+00:00,0.57982,0.57984,0.5791,0.57912
CADCHF,2026-08-20 07:00:00+00:00,0.5791,0.5802,0.57902,0.57949
CADCHF,2026-08-20 08:00:00+00:00,0.57946,0.57993,0.57929,0.5794
CADCHF,2026-08-20 09:00:00+00:00,0.57942,0.57943,0.5778,0.57822
CADCHF,2026-08-20 10:00:00+00:00,0.57827,0.57886,0.5779,0.57868
CADCHF,2026-08-20 11:00:00+00:00,0.57868,0.58011,0.57868,0.57988
CADCHF,2026-08-20 12:00:00+00:00,0.57983,0.58032,0.57875,0.579
CADCHF,2026-08-20 13:00:00+00:00,0.57894,0.58002,0.57884,0.5799
CADCHF,2026-08-20 14:00:00+00:00,0.57991,0.58031,0.57922,0.57953
CADCHF,2026-08-20 15:00:00+00:00,0.57956,0.58075,0.57898,0.58038
CADCHF,2026-08-20 16:00:00+00:00,0.58036,0.58075,0.58012,0.58042
CADCHF,2026-08-20 17:00:00+00:00,0.58046,0.58089,0.58038,0.58066
CADCHF,2026-08-20 18:00:00+00:00,0.58065,0.58084,0.58058,0.58072
CADCHF,2026-08-20 19:00:00+00:00,0.58076,0.58085,0.58041,0.58041
CADCHF,2026-08-20 20:00:00+00:00,0.58044,0.58069,0.58044,0.58055
CADCHF,2026-08-20 21:00:00+00:00,0.58008,0.58081,0.58008,0.58066
CADCHF,2026-08-20 22:00:00+00:00,0.58061,0.58074,0.58034,0.58041
CADCHF,2026-08-20 23:00:00+00:00,0.58042,0.58042,0.5802,0.58022
NZDCAD,2026-06-24 08:00:00+00:00,0.8035,0.80368,0.80312,0.80342
NZDCAD,2026-06-24 09:00:00+00:00,0.80345,0.80348,0.80255,0.80262
NZDCAD,2026-06-24 10:00:00+00:00,0.80264,0.80264,0.8013,0.80155
NZDCAD,2026-06-24 11:00:00+00:00,0.80157,0.80285,0.80154,0.80266
NZDCAD,2026-06-24 12:00:00+00:00,0.80268,0.80323,0.80184,0.80222
NZDCAD,2026-06-24 13:00:00+00:00,0.80224,0.80356,0.80214,0.80342
NZDCAD,2026-06-24 14:00:00+00:00,0.8034,0.80356,0.80292,0.80339
NZDCAD,2026-06-24 15:00:00+00:00,0.8034,0.80399,0.80329,0.80365
NZDCAD,2026-06-24 16:00:00+00:00,0.80363,0.80384,0.80326,0.80352
NZDCAD,2026-06-24 17:00:00+00:00,0.80356,0.8036,0.80256,0.80263
NZDCAD,2026-06-24 18:00:00+00:00,0.80266,0.80322,0.80248,0.8028
NZDCAD,2026-06-24 19:00:00+00:00,0.8028,0.80343,0.80266,0.8031
NZDCAD,2026-06-24 20:00:00+00:00,0.80312,0.80432,0.80302,0.80424
NZDCAD,2026-06-24 21:00:00+00:00,0.80428,0.80504,0.80255,0.8036
NZDCAD,2026-06-24 22:00:00+00:00,0.80354,0.80422,0.80344,0.80362
NZDCAD,2026-06-24 23:00:00+00:00,0.80361,0.80374,0.80329,0.80334
NZDCAD,2026-06-25 00:00:00+00:00,0.80336,0.8037,0.80303,0.80348
NZDCAD,2026-06-25 01:00:00+00:00,0.80344,0.80422,0.80254,0.8026
NZDCAD,2026-06-25 02:00:00+00:00,0.80262,0.80298,0.80178,0.80236
NZDCAD,2026-06-25 03:00:00+00:00,0.80235,0.80306,0.8022,0.80294
NZDCAD,2026-06-25 04:00:00+00:00,0.80298,0.80363,0.80284,0.80356
NZDCAD,2026-06-25 05:00:00+00:00,0.80357,0.80388,0.8034,0.80353
NZDCAD,2026-06-25 06:00:00+00:00,0.80352,0.80376,0.80262,0.80278
NZDCAD,2026-06-25 07:00:00+00:00,0.80279,0.80311,0.80235,0.80311
NZDCAD,2026-06-25 08:00:00+00:00,0.8031,0.80373,0.80306,0.80339
NZDCAD,2026-06-25 09:00:00+00:00,0.80342,0.80408,0.80335,0.80376
NZDCAD,2026-06-25 10:00:00+00:00,0.80374,0.80374,0.80296,0.80318
NZDCAD,2026-06-25 11:00:00+00:00,0.80316,0.80326,0.80254,0.80256
NZDCAD,2026-06-25 12:00:00+00:00,0.80259,0.80392,0.80248,0.80352
NZDCAD,2026-06-25 13:00:00+00:00,0.80354,0.80382,0.80192,0.80202
NZDCAD,2026-06-25 14:00:00+00:00,0.80204,0.80299,0.8016,0.80236
NZDCAD,2026-06-25 15:00:00+00:00,0.80238,0.80296,0.80201,0.8028
NZDCAD,2026-06-25 16:00:00+00:00,0.80282,0.80286,0.80186,0.80196
NZDCAD,2026-06-25 17:00:00+00:00,0.80197,0.80228,0.8018,0.80209
NZDCAD,2026-06-25 18:00:00+00:00,0.80208,0.80238,0.80158,0.80204
NZDCAD,2026-06-25 19:00:00+00:00,0.80204,0.80214,0.80159,0.80174
NZDCAD,2026-06-25 20:00:00+00:00,0.80177,0.80214,0.80168,0.80206
NZDCAD,2026-06-25 21:00:00+00:00,0.80228,0.80352,0.80121,0.80196
NZDCAD,2026-06-25 22:00:00+00:00,0.80203,0.80206,0.80136,0.80139
NZDCAD,2026-06-25 23:00:00+00:00,0.80142,0.80162,0.80114,0.80128
NZDCAD,2026-06-26 00:00:00+00:00,0.80128,0.80157,0.801,0.801
NZDCAD,2026-06-26 01:00:00+00:00,0.801,0.80138,0.80047,0.80076
NZDCAD,2026-06-26 02:00:00+00:00,0.80078,0.80086,0.79944,0.80011
NZDCAD,2026-06-26 03:00:00+00:00,0.8001,0.80061,0.79998,0.80059
NZDCAD,2026-06-26 04:00:00+00:00,0.80061,0.80098,0.80032,0.8005
NZDCAD,2026-06-26 05:00:00+00:00,0.80051,0.80135,0.80045,0.80115
NZDCAD,2026-06-26 06:00:00+00:00,0.80114,0.80186,0.80092,0.80143
NZDCAD,2026-06-26 07:00:00+00:00,0.80144,0.80187,0.80126,0.8016
NZDCAD,2026-06-26 08:00:00+00:00,0.80158,0.80188,0.80116,0.80152
NZDCAD,2026-06-26 09:00:00+00:00,0.80154,0.80224,0.80124,0.80192
NZDCAD,2026-06-26 10:00:00+00:00,0.80194,0.80197,0.80152,0.80184
NZDCAD,2026-06-26 11:00:00+00:00,0.80187,0.80192,0.80114,0.80123
NZDCAD,2026-06-26 12:00:00+00:00,0.80121,0.80136,0.80068,0.80118
NZDCAD,2026-06-26 13:00:00+00:00,0.80121,0.80162,0.80056,0.80149
NZDCAD,2026-06-26 14:00:00+00:00,0.80159,0.80207,0.80136,0.80178
NZDCAD,2026-06-26 15:00:00+00:00,0.8018,0.80198,0.80115,0.8013
NZDCAD,2026-06-26 16:00:00+00:00,0.80129,0.80133,0.80058,0.80062
NZDCAD,2026-06-26 17:00:00+00:00,0.80063,0.80074,0.80018,0.80034
NZDCAD,2026-06-26 18:00:00+00:00,0.80034,0.80048,0.79991,0.80004
NZDCAD,2026-06-26 19:00:00+00:00,0.80002,0.80022,0.79972,0.79977
NZDCAD,2026-06-26 20:00:00+00:00,0.79979,0.80036,0.79929,0.80036
NZDCAD,2026-06-28 21:00:00+00:00,0.80128,0.80128,0.79998,0.8006
NZDCAD,2026-06-28 22:00:00+00:00,0.80054,0.80083,0.8001,0.80018
NZDCAD,2026-06-28 23:00:00+00:00,0.80015,0.80051,0.80015,0.80025
NZDCAD,2026-06-29 00:00:00+00:00,0.80024,0.80058,0.7994,0.79976
NZDCAD,2026-06-29 01:00:00+00:00,0.79978,0.80065,0.79957,0.80029
NZDCAD,2026-06-29 02:00:00+00:00,0.80031,0.80088,0.80022,0.80054
NZDCAD,2026-06-29 03:00:00+00:00,0.80059,0.80105,0.80055,0.80081
NZDCAD,2026-06-29 04:00:00+00:00,0.80079,0.80121,0.80075,0.80093
NZDCAD,2026-06-29 05:00:00+00:00,0.80092,0.8017,0.80083,0.80167
NZDCAD,2026-06-29 06:00:00+00:00,0.8017,0.80224,0.8016,0.80204
NZDCAD,2026-06-29 07:00:00+00:00,0.80206,0.80245,0.80164,0.80216
NZDCAD,2026-06-29 08:00:00+00:00,0.80219,0.80234,0.80178,0.80196
NZDCAD,2026-06-29 09:00:00+00:00,0.80198,0.80214,0.80154,0.80179
NZDCAD,2026-06-29 10:00:00+00:00,0.80181,0.80253,0.80172,0.80248
NZDCAD,2026-06-29 11:00:00+00:00,0.8025,0.80333,0.80232,0.80326
NZDCAD,2026-06-29 12:00:00+00:00,0.80326,0.80326,0.80225,0.80258
NZDCAD,2026-06-29 13:00:00+00:00,0.80261,0.80296,0.80241,0.80261
NZDCAD,2026-06-29 14:00:00+00:00,0.80262,0.80272,0.80166,0.80204
NZDCAD,2026-06-29 15:00:00+00:00,0.80206,0.80274,0.8017,0.8027
NZDCAD,2026-06-29 16:00:00+00:00,0.80272,0.80288,0.80242,0.80254
NZDCAD,2026-06-29 17:00:00+00:00,0.80252,0.80281,0.8023,0.80242
NZDCAD,2026-06-29 18:00:00+00:00,0.80244,0.80302,0.80242,0.803
NZDCAD,2026-06-29 19:00:00+00:00,0.803,0.80305,0.80276,0.80301
NZDCAD,2026-06-29 20:00:00+00:00,0.80297,0.80318,0.80276,0.80308
NZDCAD,2026-06-29 21:00:00+00:00,0.80333,0.8036,0.80296,0.80317
NZDCAD,2026-06-29 22:00:00+00:00,0.80316,0.80322,0.80273,0.80276
NZDCAD,2026-06-29 23:00:00+00:00,0.80278,0.80336,0.80265,0.803
NZDCAD,2026-06-30 00:00:00+00:00,0.80296,0.80319,0.80238,0.80261
NZDCAD,2026-06-30 01:00:00+00:00,0.80264,0.80388,0.80228,0.80329
NZDCAD,2026-06-30 02:00:00+00:00,0.8033,0.80344,0.80303,0.80332
NZDCAD,2026-06-30 03:00:00+00:00,0.80334,0.8039,0.80332,0.80372
NZDCAD,2026-06-30 04:00:00+00:00,0.8037,0.80432,0.8037,0.80394
NZDCAD,2026-06-30 05:00:00+00:00,0.80392,0.80434,0.8036,0.80368
NZDCAD,2026-06-30 06:00:00+00:00,0.80366,0.80486,0.80366,0.80452
NZDCAD,2026-06-30 07:00:00+00:00,0.80456,0.80514,0.80436,0.80445
NZDCAD,2026-06-30 08:00:00+00:00,0.80444,0.80485,0.8038,0.80444
NZDCAD,2026-06-30 09:00:00+00:00,0.80438,0.80532,0.80432,0.80504
NZDCAD,2026-06-30 10:00:00+00:00,0.80503,0.80594,0.80503,0.80583
NZDCAD,2026-06-30 11:00:00+00:00,0.80588,0.80596,0.8056,0.80567
NZDCAD,2026-06-30 12:00:00+00:00,0.80568,0.80597,0.8051,0.80525
NZDCAD,2026-06-30 13:00:00+00:00,0.80527,0.80587,0.80521,0.8055
NZDCAD,2026-06-30 14:00:00+00:00,0.80557,0.8072,0.80502,0.80682
NZDCAD,2026-06-30 15:00:00+00:00,0.80683,0.80709,0.80603,0.80612
NZDCAD,2026-06-30 16:00:00+00:00,0.80608,0.80624,0.80571,0.80606
NZDCAD,2026-06-30 17:00:00+00:00,0.80608,0.80661,0.80604,0.80627
NZDCAD,2026-06-30 18:00:00+00:00,0.80624,0.80694,0.80618,0.8068
NZDCAD,2026-06-30 19:00:00+00:00,0.8068,0.80682,0.80543,0.80553
NZDCAD,2026-06-30 20:00:00+00:00,0.80556,0.80614,0.80521,0.8059
NZDCAD,2026-06-30 21:00:00+00:00,0.80579,0.80644,0.80539,0.80612
NZDCAD,2026-06-30 22:00:00+00:00,0.80611,0.8063,0.8057,0.80584
NZDCAD,2026-06-30 23:00:00+00:00,0.80581,0.80627,0.8057,0.8062
NZDCAD,2026-07-01 00:00:00+00:00,0.80623,0.80664,0.80571,0.80575
NZDCAD,2026-07-01 01:00:00+00:00,0.8057,0.80606,0.80531,0.80558
NZDCAD,2026-07-01 02:00:00+00:00,0.80555,0.80569,0.80508,0.80542
NZDCAD,2026-07-01 03:00:00+00:00,0.80543,0.80601,0.80543,0.80596
NZDCAD,2026-07-01 04:00:00+00:00,0.80598,0.80664,0.80572,0.80648
NZDCAD,2026-07-01 05:00:00+00:00,0.80651,0.8068,0.80644,0.8065
NZDCAD,2026-07-01 06:00:00+00:00,0.80652,0.80673,0.806,0.80668
NZDCAD,2026-07-01 07:00:00+00:00,0.80668,0.80716,0.80635,0.8071
NZDCAD,2026-07-01 08:00:00+00:00,0.80712,0.80756,0.80694,0.80724
NZDCAD,2026-07-01 09:00:00+00:00,0.80722,0.80744,0.80684,0.80688
NZDCAD,2026-07-01 10:00:00+00:00,0.80692,0.80766,0.80666,0.80757
NZDCAD,2026-07-01 11:00:00+00:00,0.8076,0.80766,0.8069,0.80699
NZDCAD,2026-07-01 12:00:00+00:00,0.80701,0.80708,0.806,0.80606
NZDCAD,2026-07-01 13:00:00+00:00,0.80606,0.80746,0.80534,0.80703
NZDCAD,2026-07-01 14:00:00+00:00,0.80704,0.80738,0.80617,0.80634
NZDCAD,2026-07-01 15:00:00+00:00,0.80638,0.80656,0.80602,0.80642
NZDCAD,2026-07-01 16:00:00+00:00,0.80644,0.80693,0.80644,0.80664
NZDCAD,2026-07-01 17:00:00+00:00,0.80666,0.80688,0.80652,0.80652
NZDCAD,2026-07-01 18:00:00+00:00,0.80651,0.80661,0.80619,0.80628
NZDCAD,2026-07-01 19:00:00+00:00,0.80628,0.8066,0.80606,0.8061
NZDCAD,2026-07-01 20:00:00+00:00,0.80608,0.80648,0.80594,0.80648
NZDCAD,2026-07-01 21:00:00+00:00,0.80638,0.80655,0.80566,0.80616
NZDCAD,2026-07-01 22:00:00+00:00,0.80611,0.80692,0.80611,0.80686
NZDCAD,2026-07-01 23:00:00+00:00,0.80686,0.807,0.80668,0.80674
NZDCAD,2026-07-02 00:00:00+00:00,0.8068,0.8071,0.8063,0.80649
NZDCAD,2026-07-02 01:00:00+00:00,0.80651,0.80728,0.8064,0.80722
NZDCAD,2026-07-02 02:00:00+00:00,0.8072,0.80773,0.80686,0.80688
NZDCAD,2026-07-02 03:00:00+00:00,0.80686,0.80712,0.80588,0.80672
NZDCAD,2026-07-02 04:00:00+00:00,0.8067,0.80709,0.80664,0.80704
NZDCAD,2026-07-02 05:00:00+00:00,0.80705,0.8072,0.80658,0.80685
NZDCAD,2026-07-02 06:00:00+00:00,0.80682,0.80692,0.8061,0.80645
NZDCAD,2026-07-02 07:00:00+00:00,0.80648,0.80689,0.80618,0.8063
NZDCAD,2026-07-02 08:00:00+00:00,0.8063,0.80796,0.80626,0.80791
NZDCAD,2026-07-02 09:00:00+00:00,0.80787,0.80796,0.80708,0.8072
NZDCAD,2026-07-02 10:00:00+00:00,0.80718,0.8072,0.80648,0.807
NZDCAD,2026-07-02 11:00:00+00:00,0.80702,0.80707,0.80594,0.806
NZDCAD,2026-07-02 12:00:00+00:00,0.80603,0.80933,0.8058,0.80796
NZDCAD,2026-07-02 13:00:00+00:00,0.808,0.80931,0.80742,0.80896
NZDCAD,2026-07-02 14:00:00+00:00,0.80898,0.80935,0.80808,0.8087
NZDCAD,2026-07-02 15:00:00+00:00,0.80872,0.80962,0.80846,0.80916
NZDCAD,2026-07-02 16:00:00+00:00,0.80916,0.80924,0.80809,0.8081
NZDCAD,2026-07-02 17:00:00+00:00,0.80808,0.80819,0.80736,0.80736
NZDCAD,2026-07-02 18:00:00+00:00,0.80734,0.80792,0.80729,0.80778
NZDCAD,2026-07-02 19:00:00+00:00,0.80778,0.80796,0.8074,0.80774
NZDCAD,2026-07-02 20:00:00+00:00,0.80772,0.8082,0.80763,0.80808
NZDCAD,2026-07-02 21:00:00+00:00,0.80784,0.8092,0.80758,0.80841
NZDCAD,2026-07-02 22:00:00+00:00,0.80842,0.80854,0.80776,0.80782
NZDCAD,2026-07-02 23:00:00+00:00,0.80784,0.80794,0.80762,0.80774
NZDCAD,2026-07-03 00:00:00+00:00,0.80773,0.80808,0.8076,0.80794
NZDCAD,2026-07-03 01:00:00+00:00,0.80797,0.80916,0.80786,0.80906
NZDCAD,2026-07-03 02:00:00+00:00,0.80908,0.8097,0.8089,0.809
NZDCAD,2026-07-03 03:00:00+00:00,0.80901,0.8092,0.80876,0.80905
NZDCAD,2026-07-03 04:00:00+00:00,0.80906,0.80929,0.80874,0.80926
NZDCAD,2026-07-03 05:00:00+00:00,0.80925,0.80978,0.80914,0.8095
NZDCAD,2026-07-03 06:00:00+00:00,0.80949,0.8111,0.80949,0.81068
NZDCAD,2026-07-03 07:00:00+00:00,0.81066,0.8114,0.81054,0.81106
NZDCAD,2026-07-03 08:00:00+00:00,0.81105,0.81124,0.81065,0.81065
NZDCAD,2026-07-03 09:00:00+00:00,0.81068,0.81088,0.81032,0.81034
NZDCAD,2026-07-03 10:00:00+00:00,0.81032,0.81051,0.8102,0.81024
NZDCAD,2026-07-03 11:00:00+00:00,0.81022,0.81092,0.81014,0.81074
NZDCAD,2026-07-03 12:00:00+00:00,0.81077,0.8112,0.81073,0.81088
NZDCAD,2026-07-03 13:00:00+00:00,0.81091,0.81106,0.81046,0.81064
NZDCAD,2026-07-03 14:00:00+00:00,0.81062,0.81076,0.8103,0.81032
NZDCAD,2026-07-03 15:00:00+00:00,0.81032,0.81104,0.81031,0.81058
NZDCAD,2026-07-03 16:00:00+00:00,0.81058,0.81092,0.81058,0.81084
NZDCAD,2026-07-03 17:00:00+00:00,0.81082,0.81091,0.81062,0.81066
NZDCAD,2026-07-03 18:00:00+00:00,0.81066,0.81086,0.81048,0.81052
NZDCAD,2026-07-03 19:00:00+00:00,0.81055,0.81066,0.81029,0.81046
NZDCAD,2026-07-03 20:00:00+00:00,0.81048,0.81162,0.81022,0.81133
NZDCAD,2026-07-05 21:00:00+00:00,0.81082,0.8114,0.81082,0.81123
NZDCAD,2026-07-05 22:00:00+00:00,0.81125,0.81125,0.80998,0.81008
NZDCAD,2026-07-05 23:00:00+00:00,0.81007,0.81014,0.8097,0.80984
NZDCAD,2026-07-06 00:00:00+00:00,0.80982,0.81027,0.8095,0.80976
NZDCAD,2026-07-06 01:00:00+00:00,0.80979,0.80979,0.80814,0.80816
NZDCAD,2026-07-06 02:00:00+00:00,0.80818,0.80856,0.80786,0.80846
NZDCAD,2026-07-06 03:00:00+00:00,0.80844,0.80856,0.80766,0.8082
NZDCAD,2026-07-06 04:00:00+00:00,0.8082,0.80858,0.80818,0.8084
NZDCAD,2026-07-06 05:00:00+00:00,0.80844,0.80844,0.80758,0.8076
NZDCAD,2026-07-06 06:00:00+00:00,0.80764,0.80828,0.80756,0.80822
NZDCAD,2026-07-06 07:00:00+00:00,0.80824,0.80903,0.80805,0.80899
NZDCAD,2026-07-06 08:00:00+00:00,0.80896,0.80904,0.8083,0.80856
NZDCAD,2026-07-06 09:00:00+00:00,0.80852,0.80864,0.80824,0.80832
NZDCAD,2026-07-06 10:00:00+00:00,0.80834,0.80842,0.8079,0.80818
NZDCAD,2026-07-06 11:00:00+00:00,0.8082,0.80861,0.80804,0.80839
NZDCAD,2026-07-06 12:00:00+00:00,0.80835,0.80896,0.80814,0.80832
NZDCAD,2026-07-06 13:00:00+00:00,0.80834,0.80858,0.80768,0.80812
NZDCAD,2026-07-06 14:00:00+00:00,0.80814,0.80912,0.80796,0.8085
NZDCAD,2026-07-06 15:00:00+00:00,0.80853,0.80892,0.80822,0.80885
NZDCAD,2026-07-06 16:00:00+00:00,0.80886,0.80957,0.80878,0.8095
NZDCAD,2026-07-06 17:00:00+00:00,0.80953,0.81018,0.80951,0.81
NZDCAD,2026-07-06 18:00:00+00:00,0.80998,0.81058,0.80998,0.8105
NZDCAD,2026-07-06 19:00:00+00:00,0.8105,0.8105,0.80996,0.81003
NZDCAD,2026-07-06 20:00:00+00:00,0.81,0.81016,0.80988,0.80996
NZDCAD,2026-07-06 21:00:00+00:00,0.80981,0.81044,0.80954,0.80976
NZDCAD,2026-07-06 22:00:00+00:00,0.8097,0.81027,0.80963,0.81008
NZDCAD,2026-07-06 23:00:00+00:00,0.8101,0.81042,0.80986,0.80998
NZDCAD,2026-07-07 00:00:00+00:00,0.80994,0.81042,0.80988,0.81
NZDCAD,2026-07-07 01:00:00+00:00,0.80998,0.81082,0.80988,0.81054
NZDCAD,2026-07-07 02:00:00+00:00,0.81056,0.8107,0.81003,0.81004
NZDCAD,2026-07-07 03:00:00+00:00,0.81005,0.81062,0.80996,0.81025
NZDCAD,2026-07-07 04:00:00+00:00,0.81027,0.81048,0.80965,0.80965
NZDCAD,2026-07-07 05:00:00+00:00,0.80966,0.80971,0.80879,0.80923
NZDCAD,2026-07-07 06:00:00+00:00,0.8092,0.80926,0.8085,0.80912
NZDCAD,2026-07-07 07:00:00+00:00,0.8091,0.80918,0.80872,0.80876
NZDCAD,2026-07-07 08:00:00+00:00,0.80874,0.80944,0.80868,0.80885
NZDCAD,2026-07-07 09:00:00+00:00,0.80885,0.80891,0.80856,0.80878
NZDCAD,2026-07-07 10:00:00+00:00,0.80876,0.80884,0.80822,0.80837
NZDCAD,2026-07-07 11:00:00+00:00,0.80834,0.8094,0.80818,0.80897
NZDCAD,2026-07-07 12:00:00+00:00,0.80898,0.81004,0.80898,0.80966
NZDCAD,2026-07-07 13:00:00+00:00,0.80969,0.8097,0.80764,0.80768
NZDCAD,2026-07-07 14:00:00+00:00,0.8077,0.8081,0.8073,0.80758
NZDCAD,2026-07-07 15:00:00+00:00,0.80754,0.80764,0.8068,0.80696
NZDCAD,2026-07-07 16:00:00+00:00,0.80696,0.80702,0.8066,0.80696
NZDCAD,2026-07-07 17:00:00+00:00,0.80692,0.80737,0.80692,0.8073
NZDCAD,2026-07-07 18:00:00+00:00,0.80731,0.80734,0.80656,0.80666
NZDCAD,2026-07-07 19:00:00+00:00,0.80666,0.80666,0.80563,0.80652
NZDCAD,2026-07-07 20:00:00+00:00,0.80648,0.80654,0.80579,0.80634
NZDCAD,2026-07-07 21:00:00+00:00,0.80612,0.80678,0.8057,0.80622
NZDCAD,2026-07-07 22:00:00+00:00,0.80628,0.80646,0.80581,0.80611
NZDCAD,2026-07-07 23:00:00+00:00,0.80614,0.80678,0.80603,0.80609
NZDCAD,2026-07-08 00:00:00+00:00,0.80608,0.80739,0.80575,0.80736
NZDCAD,2026-07-08 01:00:00+00:00,0.80738,0.8079,0.80722,0.80754
NZDCAD,2026-07-08 02:00:00+00:00,0.8075,0.81,0.80746,0.80906
NZDCAD,2026-07-08 03:00:00+00:00,0.80904,0.8101,0.80855,0.80968
NZDCAD,2026-07-08 04:00:00+00:00,0.80966,0.81062,0.80914,0.8106
NZDCAD,2026-07-08 05:00:00+00:00,0.81058,0.81114,0.81022,0.81086
NZDCAD,2026-07-08 06:00:00+00:00,0.81084,0.81096,0.80943,0.81
NZDCAD,2026-07-08 07:00:00+00:00,0.81002,0.81008,0.80891,0.80963
NZDCAD,2026-07-08 08:00:00+00:00,0.80961,0.80966,0.80638,0.80656
NZDCAD,2026-07-08 09:00:00+00:00,0.8066,0.80668,0.80598,0.80632
NZDCAD,2026-07-08 10:00:00+00:00,0.80634,0.8077,0.80619,0.80736
NZDCAD,2026-07-08 11:00:00+00:00,0.80733,0.8076,0.80628,0.80722
NZDCAD,2026-07-08 12:00:00+00:00,0.80726,0.80848,0.80692,0.80764
NZDCAD,2026-07-08 13:00:00+00:00,0.8076,0.80804,0.80696,0.80712
NZDCAD,2026-07-08 14:00:00+00:00,0.80708,0.80722,0.80624,0.8067
NZDCAD,2026-07-08 15:00:00+00:00,0.80665,0.80694,0.80604,0.80624
NZDCAD,2026-07-08 16:00:00+00:00,0.80621,0.80735,0.80618,0.80728
NZDCAD,2026-07-08 17:00:00+00:00,0.80725,0.80834,0.80716,0.80794
NZDCAD,2026-07-08 18:00:00+00:00,0.80794,0.8088,0.80768,0.80863
NZDCAD,2026-07-08 19:00:00+00:00,0.80863,0.80863,0.80803,0.8082
NZDCAD,2026-07-08 20:00:00+00:00,0.80822,0.80828,0.80726,0.80794
NZDCAD,2026-07-08 21:00:00+00:00,0.80847,0.8087,0.80668,0.80833
NZDCAD,2026-07-08 22:00:00+00:00,0.80849,0.8085,0.8076,0.8081
NZDCAD,2026-07-08 23:00:00+00:00,0.80811,0.80962,0.80806,0.80961
NZDCAD,2026-07-09 00:00:00+00:00,0.80963,0.81118,0.8096,0.81058
NZDCAD,2026-07-09 01:00:00+00:00,0.81058,0.81086,0.80968,0.8103
NZDCAD,2026-07-09 02:00:00+00:00,0.81033,0.8107,0.81,0.81009
NZDCAD,2026-07-09 03:00:00+00:00,0.81008,0.81082,0.80994,0.81065
NZDCAD,2026-07-09 04:00:00+00:00,0.81064,0.81089,0.81036,0.81086
NZDCAD,2026-07-09 05:00:00+00:00,0.81086,0.81112,0.81047,0.8109
NZDCAD,2026-07-09 06:00:00+00:00,0.81094,0.81178,0.81094,0.81134
NZDCAD,2026-07-09 07:00:00+00:00,0.81128,0.81286,0.81116,0.81279
NZDCAD,2026-07-09 08:00:00+00:00,0.8128,0.81384,0.81267,0.81366
NZDCAD,2026-07-09 09:00:00+00:00,0.81362,0.81366,0.81274,0.8131
NZDCAD,2026-07-09 10:00:00+00:00,0.81312,0.81352,0.8123,0.81258
NZDCAD,2026-07-09 11:00:00+00:00,0.81259,0.8131,0.81248,0.81284
NZDCAD,2026-07-09 12:00:00+00:00,0.81288,0.8142,0.81282,0.81402
NZDCAD,2026-07-09 13:00:00+00:00,0.81402,0.81512,0.81385,0.81511
NZDCAD,2026-07-09 14:00:00+00:00,0.8151,0.81524,0.81446,0.8146
NZDCAD,2026-07-09 15:00:00+00:00,0.8146,0.81592,0.81453,0.81573
NZDCAD,2026-07-09 16:00:00+00:00,0.81571,0.81596,0.81538,0.8155
NZDCAD,2026-07-09 17:00:00+00:00,0.81551,0.81618,0.81544,0.81603
NZDCAD,2026-07-09 18:00:00+00:00,0.81602,0.81614,0.81547,0.81586
NZDCAD,2026-07-09 19:00:00+00:00,0.81586,0.81588,0.8154,0.81558
NZDCAD,2026-07-09 20:00:00+00:00,0.8156,0.81592,0.81504,0.81542
NZDCAD,2026-07-09 21:00:00+00:00,0.81513,0.81604,0.81421,0.81584
NZDCAD,2026-07-09 22:00:00+00:00,0.81568,0.81594,0.81532,0.8159
NZDCAD,2026-07-09 23:00:00+00:00,0.81593,0.8163,0.81584,0.81626
NZDCAD,2026-07-10 00:00:00+00:00,0.81629,0.81758,0.81602,0.81752
NZDCAD,2026-07-10 01:00:00+00:00,0.8175,0.81878,0.81726,0.81854
NZDCAD,2026-07-10 02:00:00+00:00,0.81852,0.81894,0.81832,0.8184
NZDCAD,2026-07-10 03:00:00+00:00,0.81838,0.8186,0.81808,0.81813
NZDCAD,2026-07-10 04:00:00+00:00,0.81816,0.8183,0.81745,0.81754
NZDCAD,2026-07-10 05:00:00+00:00,0.81756,0.81767,0.81694,0.817
NZDCAD,2026-07-10 06:00:00+00:00,0.81702,0.8182,0.81697,0.81718
NZDCAD,2026-07-10 07:00:00+00:00,0.81718,0.81746,0.81692,0.81725
NZDCAD,2026-07-10 08:00:00+00:00,0.81723,0.81772,0.8168,0.8171
NZDCAD,2026-07-10 09:00:00+00:00,0.81711,0.81774,0.81688,0.81761
NZDCAD,2026-07-10 10:00:00+00:00,0.81764,0.81779,0.81724,0.8173
NZDCAD,2026-07-10 11:00:00+00:00,0.81729,0.81752,0.81658,0.81682
NZDCAD,2026-07-10 12:00:00+00:00,0.81685,0.81742,0.81578,0.81605
NZDCAD,2026-07-10 13:00:00+00:00,0.81608,0.81719,0.816,0.81661
NZDCAD,2026-07-10 14:00:00+00:00,0.81658,0.81674,0.81494,0.81528
NZDCAD,2026-07-10 15:00:00+00:00,0.8153,0.81612,0.81519,0.81588
NZDCAD,2026-07-10 16:00:00+00:00,0.8159,0.81597,0.81516,0.81516
NZDCAD,2026-07-10 17:00:00+00:00,0.81514,0.8156,0.81512,0.81529
NZDCAD,2026-07-10 18:00:00+00:00,0.81532,0.81584,0.81526,0.81578
NZDCAD,2026-07-10 19:00:00+00:00,0.81575,0.8159,0.8156,0.81586
NZDCAD,2026-07-10 20:00:00+00:00,0.8159,0.81616,0.81573,0.8159
NZDCAD,2026-07-12 21:00:00+00:00,0.81586,0.81614,0.81523,0.81534
NZDCAD,2026-07-12 22:00:00+00:00,0.81542,0.81584,0.81458,0.81478
NZDCAD,2026-07-12 23:00:00+00:00,0.81476,0.81553,0.81444,0.81553
NZDCAD,2026-07-13 00:00:00+00:00,0.81552,0.8159,0.81452,0.81477
NZDCAD,2026-07-13 01:00:00+00:00,0.81476,0.81726,0.8146,0.81699
NZDCAD,2026-07-13 02:00:00+00:00,0.817,0.81702,0.81635,0.81644
NZDCAD,2026-07-13 03:00:00+00:00,0.81644,0.81651,0.81526,0.81546
NZDCAD,2026-07-13 04:00:00+00:00,0.81548,0.81548,0.81458,0.81498
NZDCAD,2026-07-13 05:00:00+00:00,0.815,0.8155,0.81466,0.81508
NZDCAD,2026-07-13 06:00:00+00:00,0.81511,0.81588,0.81452,0.81576
NZDCAD,2026-07-13 07:00:00+00:00,0.8158,0.81678,0.8154,0.81652
NZDCAD,2026-07-13 08:00:00+00:00,0.81655,0.81802,0.8165,0.81753
NZDCAD,2026-07-13 09:00:00+00:00,0.81752,0.81755,0.81716,0.81746
NZDCAD,2026-07-13 10:00:00+00:00,0.81747,0.81749,0.81656,0.81685
NZDCAD,2026-07-13 11:00:00+00:00,0.81688,0.81736,0.8168,0.81712
NZDCAD,2026-07-13 12:00:00+00:00,0.8171,0.81785,0.81648,0.81782
NZDCAD,2026-07-13 13:00:00+00:00,0.81785,0.81827,0.81702,0.81736
NZDCAD,2026-07-13 14:00:00+00:00,0.81739,0.81748,0.81582,0.81638
NZDCAD,2026-07-13 15:00:00+00:00,0.81636,0.81644,0.8155,0.8159
NZDCAD,2026-07-13 16:00:00+00:00,0.81592,0.81605,0.81408,0.81444
NZDCAD,2026-07-13 17:00:00+00:00,0.81448,0.81488,0.81401,0.81401
NZDCAD,2026-07-13 18:00:00+00:00,0.81399,0.8143,0.81368,0.8141
NZDCAD,2026-07-13 19:00:00+00:00,0.8141,0.81442,0.81381,0.81398
NZDCAD,2026-07-13 20:00:00+00:00,0.81394,0.8141,0.81315,0.81408
NZDCAD,2026-07-13 21:00:00+00:00,0.81381,0.81452,0.81358,0.8141
NZDCAD,2026-07-13 22:00:00+00:00,0.81409,0.8148,0.81394,0.81442
NZDCAD,2026-07-13 23:00:00+00:00,0.8144,0.81563,0.81434,0.81553
NZDCAD,2026-07-14 00:00:00+00:00,0.81552,0.8176,0.81499,0.8173
NZDCAD,2026-07-14 01:00:00+00:00,0.81734,0.81774,0.81692,0.81724
NZDCAD,2026-07-14 02:00:00+00:00,0.81726,0.81826,0.81721,0.81789
NZDCAD,2026-07-14 03:00:00+00:00,0.81788,0.81892,0.81784,0.81838
NZDCAD,2026-07-14 04:00:00+00:00,0.81834,0.81838,0.81746,0.81812
NZDCAD,2026-07-14 05:00:00+00:00,0.81814,0.81928,0.81802,0.81888
NZDCAD,2026-07-14 06:00:00+00:00,0.81884,0.81884,0.81742,0.81757
NZDCAD,2026-07-14 07:00:00+00:00,0.81758,0.81833,0.81718,0.81736
NZDCAD,2026-07-14 08:00:00+00:00,0.81742,0.81757,0.81668,0.81695
NZDCAD,2026-07-14 09:00:00+00:00,0.81691,0.81779,0.81678,0.81765
NZDCAD,2026-07-14 10:00:00+00:00,0.81768,0.81802,0.81738,0.81779
NZDCAD,2026-07-14 11:00:00+00:00,0.8178,0.81922,0.81764,0.81891
NZDCAD,2026-07-14 12:00:00+00:00,0.81894,0.82328,0.81786,0.81912
NZDCAD,2026-07-14 13:00:00+00:00,0.81914,0.81963,0.81871,0.81915
NZDCAD,2026-07-14 14:00:00+00:00,0.81911,0.81924,0.8176,0.81768
NZDCAD,2026-07-14 15:00:00+00:00,0.81764,0.81844,0.81672,0.8169
NZDCAD,2026-07-14 16:00:00+00:00,0.81692,0.81746,0.81654,0.81721
NZDCAD,2026-07-14 17:00:00+00:00,0.81718,0.81759,0.81672,0.81734
NZDCAD,2026-07-14 18:00:00+00:00,0.81736,0.8176,0.81692,0.81742
NZDCAD,2026-07-14 19:00:00+00:00,0.81742,0.81742,0.8169,0.81694
NZDCAD,2026-07-14 20:00:00+00:00,0.81692,0.81718,0.81644,0.81706
NZDCAD,2026-07-14 21:00:00+00:00,0.81811,0.81817,0.8165,0.81734
NZDCAD,2026-07-14 22:00:00+00:00,0.8173,0.8175,0.81675,0.81678
NZDCAD,2026-07-14 23:00:00+00:00,0.81684,0.81689,0.81635,0.81676
NZDCAD,2026-07-15 00:00:00+00:00,0.81676,0.81794,0.81655,0.81773
NZDCAD,2026-07-15 01:00:00+00:00,0.81774,0.81824,0.8172,0.81804
NZDCAD,2026-07-15 02:00:00+00:00,0.81806,0.8181,0.81676,0.81679
NZDCAD,2026-07-15 03:00:00+00:00,0.81673,0.81699,0.81614,0.81684
NZDCAD,2026-07-15 04:00:00+00:00,0.81688,0.81708,0.81644,0.81692
NZDCAD,2026-07-15 05:00:00+00:00,0.81695,0.81783,0.81684,0.81753
NZDCAD,2026-07-15 06:00:00+00:00,0.81756,0.81834,0.81748,0.81752
NZDCAD,2026-07-15 07:00:00+00:00,0.81748,0.81783,0.81698,0.81769
NZDCAD,2026-07-15 08:00:00+00:00,0.81772,0.81798,0.8174,0.81798
NZDCAD,2026-07-15 09:00:00+00:00,0.818,0.81852,0.81778,0.81799
NZDCAD,2026-07-15 10:00:00+00:00,0.81802,0.81844,0.81767,0.81844
NZDCAD,2026-07-15 11:00:00+00:00,0.81847,0.81895,0.81844,0.81883
NZDCAD,2026-07-15 12:00:00+00:00,0.81886,0.81971,0.81854,0.81952
NZDCAD,2026-07-15 13:00:00+00:00,0.81957,0.82019,0.8191,0.8199
NZDCAD,2026-07-15 14:00:00+00:00,0.81994,0.82061,0.8198,0.82011
NZDCAD,2026-07-15 15:00:00+00:00,0.82006,0.82068,0.81976,0.82009
NZDCAD,2026-07-15 16:00:00+00:00,0.8201,0.82038,0.81984,0.8201
NZDCAD,2026-07-15 17:00:00+00:00,0.82008,0.82204,0.82008,0.8219
NZDCAD,2026-07-15 18:00:00+00:00,0.82192,0.8224,0.82164,0.8218
NZDCAD,2026-07-15 19:00:00+00:00,0.8218,0.8221,0.82096,0.82129
NZDCAD,2026-07-15 20:00:00+00:00,0.82132,0.82156,0.82112,0.8214
NZDCAD,2026-07-15 21:00:00+00:00,0.82138,0.82173,0.82059,0.82114
NZDCAD,2026-07-15 22:00:00+00:00,0.82103,0.82163,0.82103,0.82123
NZDCAD,2026-07-15 23:00:00+00:00,0.82127,0.8213,0.82058,0.82072
NZDCAD,2026-07-16 00:00:00+00:00,0.82076,0.8211,0.82002,0.8203
NZDCAD,2026-07-16 01:00:00+00:00,0.82033,0.82055,0.81976,0.82005
NZDCAD,2026-07-16 02:00:00+00:00,0.82006,0.82086,0.8197,0.82082
NZDCAD,2026-07-16 03:00:00+00:00,0.82085,0.82194,0.82079,0.82191
NZDCAD,2026-07-16 04:00:00+00:00,0.82194,0.82208,0.8213,0.82138
NZDCAD,2026-07-16 05:00:00+00:00,0.82136,0.82228,0.82126,0.822
NZDCAD,2026-07-16 06:00:00+00:00,0.82198,0.82274,0.82166,0.82224
NZDCAD,2026-07-16 07:00:00+00:00,0.82226,0.82266,0.82186,0.82228
NZDCAD,2026-07-16 08:00:00+00:00,0.82228,0.82266,0.82124,0.82146
NZDCAD,2026-07-16 09:00:00+00:00,0.82148,0.82209,0.82128,0.82148
NZDCAD,2026-07-16 10:00:00+00:00,0.82146,0.82176,0.8213,0.82152
NZDCAD,2026-07-16 11:00:00+00:00,0.82148,0.82158,0.82064,0.82152
NZDCAD,2026-07-16 12:00:00+00:00,0.82153,0.82153,0.81964,0.81998
NZDCAD,2026-07-16 13:00:00+00:00,0.82001,0.82047,0.8198,0.81992
NZDCAD,2026-07-16 14:00:00+00:00,0.81992,0.82092,0.81991,0.8207
NZDCAD,2026-07-16 15:00:00+00:00,0.82068,0.82082,0.82,0.82004
NZDCAD,2026-07-16 16:00:00+00:00,0.82006,0.82028,0.81952,0.8201
NZDCAD,2026-07-16 17:00:00+00:00,0.82008,0.8205,0.81988,0.82042
NZDCAD,2026-07-16 18:00:00+00:00,0.82047,0.8208,0.82041,0.82076
NZDCAD,2026-07-16 19:00:00+00:00,0.82076,0.82076,0.82022,0.82054
NZDCAD,2026-07-16 20:00:00+00:00,0.82052,0.82078,0.82028,0.82046
NZDCAD,2026-07-16 21:00:00+00:00,0.82052,0.82072,0.81972,0.81991
NZDCAD,2026-07-16 22:00:00+00:00,0.81988,0.82027,0.81954,0.82012
NZDCAD,2026-07-16 23:00:00+00:00,0.8201,0.82028,0.81996,0.82008
NZDCAD,2026-07-17 00:00:00+00:00,0.82007,0.82054,0.81998,0.82046
NZDCAD,2026-07-17 01:00:00+00:00,0.82049,0.82072,0.81926,0.8195
NZDCAD,2026-07-17 02:00:00+00:00,0.81948,0.81966,0.8191,0.81934
NZDCAD,2026-07-17 03:00:00+00:00,0.81934,0.8202,0.81924,0.8197
NZDCAD,2026-07-17 04:00:00+00:00,0.8197,0.81972,0.81873,0.819
NZDCAD,2026-07-17 05:00:00+00:00,0.819,0.8194,0.81862,0.81903
NZDCAD,2026-07-17 06:00:00+00:00,0.81904,0.8201,0.81902,0.81952
NZDCAD,2026-07-17 07:00:00+00:00,0.81954,0.8201,0.81941,0.81948
NZDCAD,2026-07-17 08:00:00+00:00,0.81948,0.82,0.81793,0.81793
NZDCAD,2026-07-17 09:00:00+00:00,0.81791,0.8186,0.81754,0.81822
NZDCAD,2026-07-17 10:00:00+00:00,0.81824,0.81895,0.81804,0.81872
NZDCAD,2026-07-17 11:00:00+00:00,0.81875,0.81876,0.8178,0.81791
NZDCAD,2026-07-17 12:00:00+00:00,0.81794,0.81803,0.81713,0.81725
NZDCAD,2026-07-17 13:00:00+00:00,0.81723,0.81782,0.81697,0.8177
NZDCAD,2026-07-17 14:00:00+00:00,0.8177,0.81886,0.8174,0.81873
NZDCAD,2026-07-17 15:00:00+00:00,0.81872,0.81948,0.81832,0.81948
NZDCAD,2026-07-17 16:00:00+00:00,0.81946,0.81946,0.81858,0.81888
NZDCAD,2026-07-17 17:00:00+00:00,0.8189,0.81922,0.81884,0.81896
NZDCAD,2026-07-17 18:00:00+00:00,0.81892,0.81918,0.81852,0.8186
NZDCAD,2026-07-17 19:00:00+00:00,0.81864,0.8191,0.81844,0.81872
NZDCAD,2026-07-17 20:00:00+00:00,0.81869,0.81926,0.81834,0.81924
NZDCAD,2026-07-19 21:00:00+00:00,0.81686,0.81758,0.81666,0.81724
NZDCAD,2026-07-19 22:00:00+00:00,0.81728,0.81842,0.81717,0.81768
NZDCAD,2026-07-19 23:00:00+00:00,0.8177,0.81866,0.8177,0.81861
NZDCAD,2026-07-20 00:00:00+00:00,0.81859,0.81906,0.81811,0.81845
NZDCAD,2026-07-20 01:00:00+00:00,0.81848,0.81879,0.81815,0.81852
NZDCAD,2026-07-20 02:00:00+00:00,0.81854,0.82026,0.8185,0.81994
NZDCAD,2026-07-20 03:00:00+00:00,0.81993,0.82075,0.81991,0.82051
NZDCAD,2026-07-20 04:00:00+00:00,0.82052,0.82079,0.82044,0.82045
NZDCAD,2026-07-20 05:00:00+00:00,0.82048,0.8205,0.81962,0.81987
NZDCAD,2026-07-20 06:00:00+00:00,0.81985,0.81992,0.8191,0.81922
NZDCAD,2026-07-20 07:00:00+00:00,0.81926,0.82124,0.81924,0.8209
NZDCAD,2026-07-20 08:00:00+00:00,0.82092,0.82132,0.82086,0.82093
NZDCAD,2026-07-20 09:00:00+00:00,0.8209,0.8212,0.82048,0.82068
NZDCAD,2026-07-20 10:00:00+00:00,0.82066,0.82118,0.82035,0.82088
NZDCAD,2026-07-20 11:00:00+00:00,0.82088,0.82236,0.82079,0.82196
NZDCAD,2026-07-20 12:00:00+00:00,0.82194,0.82232,0.82109,0.8221
NZDCAD,2026-07-20 13:00:00+00:00,0.82208,0.82238,0.82141,0.82141
NZDCAD,2026-07-20 14:00:00+00:00,0.82139,0.82178,0.8209,0.82154
NZDCAD,2026-07-20 15:00:00+00:00,0.8215,0.82205,0.82109,0.82188
NZDCAD,2026-07-20 16:00:00+00:00,0.82187,0.82214,0.82134,0.82164
NZDCAD,2026-07-20 17:00:00+00:00,0.82166,0.82182,0.8215,0.8216
NZDCAD,2026-07-20 18:00:00+00:00,0.82161,0.82194,0.82114,0.82142
NZDCAD,2026-07-20 19:00:00+00:00,0.82142,0.82172,0.82106,0.82154
NZDCAD,2026-07-20 20:00:00+00:00,0.82157,0.8217,0.8213,0.82152
NZDCAD,2026-07-20 21:00:00+00:00,0.82175,0.82339,0.82129,0.82162
NZDCAD,2026-07-20 22:00:00+00:00,0.82186,0.82323,0.8216,0.82284
NZDCAD,2026-07-20 23:00:00+00:00,0.8228,0.82366,0.82265,0.82346
NZDCAD,2026-07-21 00:00:00+00:00,0.8234,0.82526,0.82316,0.8248
NZDCAD,2026-07-21 01:00:00+00:00,0.82482,0.82598,0.8246,0.82559
NZDCAD,2026-07-21 02:00:00+00:00,0.82562,0.82658,0.8253,0.82567
NZDCAD,2026-07-21 03:00:00+00:00,0.82568,0.82604,0.82488,0.82562
NZDCAD,2026-07-21 04:00:00+00:00,0.8256,0.82578,0.82496,0.82516
NZDCAD,2026-07-21 05:00:00+00:00,0.82517,0.82539,0.82472,0.82489
NZDCAD,2026-07-21 06:00:00+00:00,0.82485,0.82517,0.82374,0.8244
NZDCAD,2026-07-21 07:00:00+00:00,0.82438,0.82462,0.82376,0.82414
NZDCAD,2026-07-21 08:00:00+00:00,0.82412,0.82456,0.82374,0.82415
NZDCAD,2026-07-21 09:00:00+00:00,0.8241,0.82438,0.82382,0.82394
NZDCAD,2026-07-21 10:00:00+00:00,0.82392,0.82431,0.82312,0.82313
NZDCAD,2026-07-21 11:00:00+00:00,0.82314,0.82318,0.82246,0.8227
NZDCAD,2026-07-21 12:00:00+00:00,0.82268,0.82288,0.82171,0.82198
NZDCAD,2026-07-21 13:00:00+00:00,0.822,0.82214,0.82001,0.82086
NZDCAD,2026-07-21 14:00:00+00:00,0.82087,0.82171,0.82064,0.82103
NZDCAD,2026-07-21 15:00:00+00:00,0.821,0.82223,0.82094,0.822
NZDCAD,2026-07-21 16:00:00+00:00,0.822,0.82245,0.822,0.82236
NZDCAD,2026-07-21 17:00:00+00:00,0.82235,0.82266,0.82235,0.8225
NZDCAD,2026-07-21 18:00:00+00:00,0.82251,0.82278,0.8223,0.82256
NZDCAD,2026-07-21 19:00:00+00:00,0.82256,0.82257,0.82218,0.82222
NZDCAD,2026-07-21 20:00:00+00:00,0.82224,0.82234,0.8217,0.82224
NZDCAD,2026-07-21 21:00:00+00:00,0.82221,0.82295,0.8216,0.82214
NZDCAD,2026-07-21 22:00:00+00:00,0.8222,0.82222,0.82177,0.82178
NZDCAD,2026-07-21 23:00:00+00:00,0.8218,0.82209,0.8216,0.82166
NZDCAD,2026-07-22 00:00:00+00:00,0.82169,0.8226,0.8213,0.8226
NZDCAD,2026-07-22 01:00:00+00:00,0.82264,0.82272,0.82164,0.8223
NZDCAD,2026-07-22 02:00:00+00:00,0.82232,0.82246,0.8219,0.82194
NZDCAD,2026-07-22 03:00:00+00:00,0.82192,0.82224,0.82152,0.82197
NZDCAD,2026-07-22 04:00:00+00:00,0.82195,0.82201,0.82156,0.82179
NZDCAD,2026-07-22 05:00:00+00:00,0.82181,0.82192,0.82102,0.82126
NZDCAD,2026-07-22 06:00:00+00:00,0.82128,0.82132,0.82015,0.82044
NZDCAD,2026-07-22 07:00:00+00:00,0.82044,0.8209,0.81954,0.81978
NZDCAD,2026-07-22 08:00:00+00:00,0.8198,0.82028,0.81922,0.81993
NZDCAD,2026-07-22 09:00:00+00:00,0.81991,0.82026,0.8197,0.81982
NZDCAD,2026-07-22 10:00:00+00:00,0.81984,0.82062,0.8198,0.82036
NZDCAD,2026-07-22 11:00:00+00:00,0.82034,0.82036,0.819,0.81968
NZDCAD,2026-07-22 12:00:00+00:00,0.8197,0.81983,0.8189,0.81914
NZDCAD,2026-07-22 13:00:00+00:00,0.81919,0.82008,0.81918,0.81988
NZDCAD,2026-07-22 14:00:00+00:00,0.81991,0.81998,0.81887,0.81922
NZDCAD,2026-07-22 15:00:00+00:00,0.81924,0.81992,0.81919,0.8199
NZDCAD,2026-07-22 16:00:00+00:00,0.81992,0.81996,0.81955,0.81988
NZDCAD,2026-07-22 17:00:00+00:00,0.81987,0.81996,0.81944,0.81948
NZDCAD,2026-07-22 18:00:00+00:00,0.81946,0.81958,0.81896,0.81906
NZDCAD,2026-07-22 19:00:00+00:00,0.81906,0.81924,0.81886,0.8189
NZDCAD,2026-07-22 20:00:00+00:00,0.81892,0.81942,0.8189,0.81934
NZDCAD,2026-07-22 21:00:00+00:00,0.81936,0.81977,0.81904,0.81922
NZDCAD,2026-07-22 22:00:00+00:00,0.81918,0.81937,0.81828,0.81873
NZDCAD,2026-07-22 23:00:00+00:00,0.81875,0.81882,0.81861,0.81879
NZDCAD,2026-07-23 00:00:00+00:00,0.8188,0.81918,0.81848,0.81899
NZDCAD,2026-07-23 01:00:00+00:00,0.81902,0.8192,0.81859,0.81884
NZDCAD,2026-07-23 02:00:00+00:00,0.81883,0.81912,0.81794,0.81814
NZDCAD,2026-07-23 03:00:00+00:00,0.81815,0.81837,0.81768,0.81828
NZDCAD,2026-07-23 04:00:00+00:00,0.81828,0.81849,0.818,0.81818
NZDCAD,2026-07-23 05:00:00+00:00,0.81818,0.81876,0.81794,0.81848
NZDCAD,2026-07-23 06:00:00+00:00,0.81845,0.81872,0.8177,0.81776
NZDCAD,2026-07-23 07:00:00+00:00,0.8178,0.81781,0.81577,0.8165
NZDCAD,2026-07-23 08:00:00+00:00,0.8165,0.81655,0.81542,0.8158
NZDCAD,2026-07-23 09:00:00+00:00,0.81578,0.81641,0.81574,0.81621
NZDCAD,2026-07-23 10:00:00+00:00,0.81622,0.81642,0.8156,0.8161
NZDCAD,2026-07-23 11:00:00+00:00,0.81611,0.81612,0.81442,0.81468
NZDCAD,2026-07-23 12:00:00+00:00,0.81466,0.81468,0.81316,0.81368
NZDCAD,2026-07-23 13:00:00+00:00,0.81366,0.81368,0.81244,0.81292
NZDCAD,2026-07-23 14:00:00+00:00,0.81294,0.81352,0.8125,0.813
NZDCAD,2026-07-23 15:00:00+00:00,0.81297,0.8134,0.8123,0.81338
NZDCAD,2026-07-23 16:00:00+00:00,0.81343,0.81372,0.8131,0.8131
NZDCAD,2026-07-23 17:00:00+00:00,0.81308,0.8131,0.81236,0.81237
NZDCAD,2026-07-23 18:00:00+00:00,0.81234,0.8125,0.81194,0.81198
NZDCAD,2026-07-23 19:00:00+00:00,0.81198,0.81288,0.81192,0.81284
NZDCAD,2026-07-23 20:00:00+00:00,0.81288,0.81323,0.81276,0.81296
NZDCAD,2026-07-23 21:00:00+00:00,0.81302,0.81317,0.81246,0.81278
NZDCAD,2026-07-23 22:00:00+00:00,0.81274,0.81289,0.81256,0.81279
NZDCAD,2026-07-23 23:00:00+00:00,0.81277,0.81334,0.81276,0.81318
NZDCAD,2026-07-24 00:00:00+00:00,0.81316,0.8138,0.81296,0.81376
NZDCAD,2026-07-24 01:00:00+00:00,0.81374,0.81407,0.8134,0.8136
NZDCAD,2026-07-24 02:00:00+00:00,0.81356,0.81378,0.81313,0.81334
NZDCAD,2026-07-24 03:00:00+00:00,0.81332,0.81358,0.81317,0.81337
NZDCAD,2026-07-24 04:00:00+00:00,0.81336,0.81373,0.81294,0.81313
NZDCAD,2026-07-24 05:00:00+00:00,0.81316,0.81384,0.81312,0.81332
NZDCAD,2026-07-24 06:00:00+00:00,0.81334,0.8141,0.81316,0.8141
NZDCAD,2026-07-24 07:00:00+00:00,0.81408,0.8148,0.81401,0.81476
NZDCAD,2026-07-24 08:00:00+00:00,0.81477,0.8148,0.81416,0.81456
NZDCAD,2026-07-24 09:00:00+00:00,0.81455,0.81484,0.81412,0.8148
NZDCAD,2026-07-24 10:00:00+00:00,0.81482,0.81502,0.81442,0.81466
NZDCAD,2026-07-24 11:00:00+00:00,0.81466,0.81554,0.81462,0.81535
NZDCAD,2026-07-24 12:00:00+00:00,0.8154,0.81549,0.81476,0.81526
NZDCAD,2026-07-24 13:00:00+00:00,0.8153,0.81567,0.81465,0.81526
NZDCAD,2026-07-24 14:00:00+00:00,0.81529,0.81574,0.81516,0.81566
NZDCAD,2026-07-24 15:00:00+00:00,0.81563,0.8168,0.81556,0.81666
NZDCAD,2026-07-24 16:00:00+00:00,0.81668,0.81694,0.81646,0.81648
NZDCAD,2026-07-24 17:00:00+00:00,0.8165,0.81652,0.81593,0.81631
NZDCAD,2026-07-24 18:00:00+00:00,0.81628,0.81642,0.81602,0.81614
NZDCAD,2026-07-24 19:00:00+00:00,0.81617,0.81636,0.81589,0.81626
NZDCAD,2026-07-24 20:00:00+00:00,0.81626,0.81638,0.81556,0.81616
NZDCAD,2026-07-26 21:00:00+00:00,0.81762,0.81801,0.8173,0.81738
NZDCAD,2026-07-26 22:00:00+00:00,0.81742,0.81818,0.81652,0.8166
NZDCAD,2026-07-26 23:00:00+00:00,0.81662,0.81681,0.81625,0.8167
NZDCAD,2026-07-27 00:00:00+00:00,0.81672,0.81762,0.81672,0.817
NZDCAD,2026-07-27 01:00:00+00:00,0.81702,0.81726,0.81645,0.81689
NZDCAD,2026-07-27 02:00:00+00:00,0.81692,0.81694,0.81571,0.81576
NZDCAD,2026-07-27 03:00:00+00:00,0.81574,0.81601,0.81518,0.81601
NZDCAD,2026-07-27 04:00:00+00:00,0.81602,0.81666,0.81598,0.81648
NZDCAD,2026-07-27 05:00:00+00:00,0.81649,0.81735,0.81641,0.81704
NZDCAD,2026-07-27 06:00:00+00:00,0.81704,0.81856,0.81692,0.8181
NZDCAD,2026-07-27 07:00:00+00:00,0.81809,0.8184,0.81754,0.8176
NZDCAD,2026-07-27 08:00:00+00:00,0.81759,0.81771,0.81692,0.81764
NZDCAD,2026-07-27 09:00:00+00:00,0.81768,0.81784,0.81734,0.81768
NZDCAD,2026-07-27 10:00:00+00:00,0.81768,0.81788,0.81723,0.81754
NZDCAD,2026-07-27 11:00:00+00:00,0.8175,0.8175,0.8167,0.81682
NZDCAD,2026-07-27 12:00:00+00:00,0.8168,0.81707,0.81606,0.8167
NZDCAD,2026-07-27 13:00:00+00:00,0.81668,0.81708,0.81614,0.81619
NZDCAD,2026-07-27 14:00:00+00:00,0.81618,0.81673,0.81566,0.81604
NZDCAD,2026-07-27 15:00:00+00:00,0.81607,0.81607,0.81533,0.81548
NZDCAD,2026-07-27 16:00:00+00:00,0.8155,0.81627,0.81548,0.8159
NZDCAD,2026-07-27 17:00:00+00:00,0.81594,0.81594,0.8151,0.81552
NZDCAD,2026-07-27 18:00:00+00:00,0.81554,0.81575,0.81531,0.81556
NZDCAD,2026-07-27 19:00:00+00:00,0.81556,0.816,0.8155,0.81578
NZDCAD,2026-07-27 20:00:00+00:00,0.8158,0.81586,0.8154,0.81558
NZDCAD,2026-07-27 21:00:00+00:00,0.81548,0.81605,0.81495,0.81536
NZDCAD,2026-07-27 22:00:00+00:00,0.81528,0.8156,0.81513,0.81516
NZDCAD,2026-07-27 23:00:00+00:00,0.81513,0.81528,0.81472,0.81492
NZDCAD,2026-07-28 00:00:00+00:00,0.81496,0.81524,0.81466,0.81502
NZDCAD,2026-07-28 01:00:00+00:00,0.81504,0.81516,0.81421,0.81452
NZDCAD,2026-07-28 02:00:00+00:00,0.81454,0.81509,0.81428,0.81486
NZDCAD,2026-07-28 03:00:00+00:00,0.81484,0.81552,0.81458,0.81467
NZDCAD,2026-07-28 04:00:00+00:00,0.81462,0.81466,0.81408,0.81416
NZDCAD,2026-07-28 05:00:00+00:00,0.81411,0.81437,0.8139,0.81398
NZDCAD,2026-07-28 06:00:00+00:00,0.81401,0.81511,0.81386,0.8149
NZDCAD,2026-07-28 07:00:00+00:00,0.81488,0.81536,0.81443,0.81476
NZDCAD,2026-07-28 08:00:00+00:00,0.81478,0.81508,0.81437,0.81458
NZDCAD,2026-07-28 09:00:00+00:00,0.81462,0.81462,0.81387,0.81388
NZDCAD,2026-07-28 10:00:00+00:00,0.81383,0.814,0.8135,0.81366
NZDCAD,2026-07-28 11:00:00+00:00,0.81364,0.8142,0.81345,0.81394
NZDCAD,2026-07-28 12:00:00+00:00,0.81398,0.81498,0.8139,0.81467
NZDCAD,2026-07-28 13:00:00+00:00,0.81465,0.81465,0.81396,0.8144
NZDCAD,2026-07-28 14:00:00+00:00,0.81438,0.81506,0.81433,0.8149
NZDCAD,2026-07-28 15:00:00+00:00,0.81492,0.81682,0.8149,0.8168
NZDCAD,2026-07-28 16:00:00+00:00,0.81682,0.81694,0.81618,0.8162
NZDCAD,2026-07-28 17:00:00+00:00,0.81617,0.81672,0.81614,0.81632
NZDCAD,2026-07-28 18:00:00+00:00,0.8163,0.81656,0.8162,0.8165
NZDCAD,2026-07-28 19:00:00+00:00,0.8165,0.81665,0.81622,0.81638
NZDCAD,2026-07-28 20:00:00+00:00,0.8164,0.81668,0.81622,0.81636
NZDCAD,2026-07-28 21:00:00+00:00,0.81591,0.81658,0.81564,0.8157
NZDCAD,2026-07-28 22:00:00+00:00,0.8159,0.81632,0.8153,0.81542
NZDCAD,2026-07-28 23:00:00+00:00,0.81546,0.81572,0.81512,0.81552
NZDCAD,2026-07-29 00:00:00+00:00,0.81558,0.8161,0.81524,0.8153
NZDCAD,2026-07-29 01:00:00+00:00,0.81526,0.8159,0.8144,0.81445
NZDCAD,2026-07-29 02:00:00+00:00,0.81442,0.81537,0.81425,0.81478
NZDCAD,2026-07-29 03:00:00+00:00,0.81476,0.81536,0.81438,0.81514
NZDCAD,2026-07-29 04:00:00+00:00,0.81517,0.81562,0.8148,0.81546
NZDCAD,2026-07-29 05:00:00+00:00,0.8155,0.81617,0.81535,0.8161
NZDCAD,2026-07-29 06:00:00+00:00,0.8161,0.81628,0.81556,0.81591
NZDCAD,2026-07-29 07:00:00+00:00,0.81594,0.81635,0.81546,0.81554
NZDCAD,2026-07-29 08:00:00+00:00,0.81551,0.81553,0.81482,0.81542
NZDCAD,2026-07-29 09:00:00+00:00,0.8154,0.81554,0.81505,0.81526
NZDCAD,2026-07-29 10:00:00+00:00,0.81524,0.81536,0.81452,0.8147
NZDCAD,2026-07-29 11:00:00+00:00,0.81474,0.81509,0.81447,0.81464
NZDCAD,2026-07-29 12:00:00+00:00,0.81469,0.81482,0.81336,0.814
NZDCAD,2026-07-29 13:00:00+00:00,0.81398,0.81478,0.81398,0.81456
NZDCAD,2026-07-29 14:00:00+00:00,0.81458,0.81479,0.81301,0.81331
NZDCAD,2026-07-29 15:00:00+00:00,0.81332,0.81336,0.81248,0.81258
NZDCAD,2026-07-29 16:00:00+00:00,0.81263,0.81277,0.81199,0.81274
NZDCAD,2026-07-29 17:00:00+00:00,0.81275,0.81444,0.81271,0.81408
NZDCAD,2026-07-29 18:00:00+00:00,0.81414,0.81754,0.81384,0.81709
NZDCAD,2026-07-29 19:00:00+00:00,0.81709,0.81712,0.81364,0.81415
NZDCAD,2026-07-29 20:00:00+00:00,0.81416,0.81443,0.81299,0.81424
NZDCAD,2026-07-29 21:00:00+00:00,0.81402,0.81516,0.81327,0.81384
NZDCAD,2026-07-29 22:00:00+00:00,0.81371,0.81492,0.8135,0.8146
NZDCAD,2026-07-29 23:00:00+00:00,0.81462,0.81499,0.81422,0.81424
NZDCAD,2026-07-30 00:00:00+00:00,0.81424,0.81444,0.81368,0.81431
NZDCAD,2026-07-30 01:00:00+00:00,0.81432,0.81558,0.81432,0.8154
NZDCAD,2026-07-30 02:00:00+00:00,0.81542,0.81655,0.81538,0.81606
NZDCAD,2026-07-30 03:00:00+00:00,0.81603,0.81628,0.8156,0.81596
NZDCAD,2026-07-30 04:00:00+00:00,0.816,0.81649,0.81576,0.8159
NZDCAD,2026-07-30 05:00:00+00:00,0.81591,0.81629,0.81554,0.8157
NZDCAD,2026-07-30 06:00:00+00:00,0.8157,0.81646,0.81494,0.81618
NZDCAD,2026-07-30 07:00:00+00:00,0.81616,0.81746,0.81612,0.81636
NZDCAD,2026-07-30 08:00:00+00:00,0.81638,0.81815,0.81638,0.81796
NZDCAD,2026-07-30 09:00:00+00:00,0.81796,0.81986,0.81791,0.81947
NZDCAD,2026-07-30 10:00:00+00:00,0.81948,0.82048,0.8194,0.82002
NZDCAD,2026-07-30 11:00:00+00:00,0.82005,0.82048,0.81976,0.82048
NZDCAD,2026-07-30 12:00:00+00:00,0.82046,0.82062,0.81976,0.82004
NZDCAD,2026-07-30 13:00:00+00:00,0.82005,0.8229,0.81984,0.82276
NZDCAD,2026-07-30 14:00:00+00:00,0.82278,0.82323,0.82116,0.82146
NZDCAD,2026-07-30 15:00:00+00:00,0.82144,0.82325,0.8213,0.82269
NZDCAD,2026-07-30 16:00:00+00:00,0.82271,0.82332,0.82232,0.82244
NZDCAD,2026-07-30 17:00:00+00:00,0.82242,0.82298,0.82224,0.82296
NZDCAD,2026-07-30 18:00:00+00:00,0.82294,0.82328,0.82279,0.82309
NZDCAD,2026-07-30 19:00:00+00:00,0.82309,0.82348,0.8229,0.82326
NZDCAD,2026-07-30 20:00:00+00:00,0.82326,0.82392,0.82316,0.82378
NZDCAD,2026-07-30 21:00:00+00:00,0.82322,0.8235,0.82218,0.82332
NZDCAD,2026-07-30 22:00:00+00:00,0.82342,0.82397,0.82319,0.82374
NZDCAD,2026-07-30 23:00:00+00:00,0.82376,0.82378,0.82306,0.82314
NZDCAD,2026-07-31 00:00:00+00:00,0.82316,0.82339,0.82242,0.82286
NZDCAD,2026-07-31 01:00:00+00:00,0.82288,0.82304,0.82178,0.82218
NZDCAD,2026-07-31 02:00:00+00:00,0.82219,0.82306,0.82218,0.82286
NZDCAD,2026-07-31 03:00:00+00:00,0.82288,0.82342,0.82264,0.82302
NZDCAD,2026-07-31 04:00:00+00:00,0.823,0.82303,0.82244,0.8226
NZDCAD,2026-07-31 05:00:00+00:00,0.82262,0.82288,0.82215,0.82268
NZDCAD,2026-07-31 06:00:00+00:00,0.82268,0.82376,0.82251,0.82296
NZDCAD,2026-07-31 07:00:00+00:00,0.82292,0.82365,0.82248,0.82346
NZDCAD,2026-07-31 08:00:00+00:00,0.82348,0.82488,0.82286,0.82448
NZDCAD,2026-07-31 09:00:00+00:00,0.82452,0.82464,0.82299,0.8235
NZDCAD,2026-07-31 10:00:00+00:00,0.82348,0.82408,0.82328,0.82346
NZDCAD,2026-07-31 11:00:00+00:00,0.82344,0.8237,0.8224,0.82276
NZDCAD,2026-07-31 12:00:00+00:00,0.82279,0.82324,0.82232,0.82232
NZDCAD,2026-07-31 13:00:00+00:00,0.82229,0.82323,0.82189,0.82191
NZDCAD,2026-07-31 14:00:00+00:00,0.8219,0.82448,0.8218,0.82435
NZDCAD,2026-07-31 15:00:00+00:00,0.82432,0.82464,0.8236,0.82456
NZDCAD,2026-07-31 16:00:00+00:00,0.82452,0.82487,0.82419,0.82477
NZDCAD,2026-07-31 17:00:00+00:00,0.82476,0.82564,0.82471,0.82532
NZDCAD,2026-07-31 18:00:00+00:00,0.8253,0.82576,0.8253,0.82565
NZDCAD,2026-07-31 19:00:00+00:00,0.82568,0.82596,0.8253,0.82573
NZDCAD,2026-07-31 20:00:00+00:00,0.82574,0.82612,0.8248,0.82528
NZDCAD,2026-08-02 21:00:00+00:00,0.82678,0.82738,0.82554,0.82594
NZDCAD,2026-08-02 22:00:00+00:00,0.82594,0.82728,0.82576,0.82638
NZDCAD,2026-08-02 23:00:00+00:00,0.82638,0.82671,0.82608,0.82642
NZDCAD,2026-08-03 00:00:00+00:00,0.82644,0.82758,0.82616,0.827
NZDCAD,2026-08-03 01:00:00+00:00,0.82696,0.82736,0.82609,0.82674
NZDCAD,2026-08-03 02:00:00+00:00,0.82673,0.8269,0.82616,0.82628
NZDCAD,2026-08-03 03:00:00+00:00,0.82628,0.82628,0.825,0.82509
NZDCAD,2026-08-03 04:00:00+00:00,0.82508,0.8255,0.8249,0.82523
NZDCAD,2026-08-03 05:00:00+00:00,0.82524,0.82562,0.82504,0.82554
NZDCAD,2026-08-03 06:00:00+00:00,0.82556,0.82582,0.82476,0.82503
NZDCAD,2026-08-03 07:00:00+00:00,0.82504,0.82536,0.82462,0.82482
NZDCAD,2026-08-03 08:00:00+00:00,0.82479,0.82484,0.8241,0.82422
NZDCAD,2026-08-03 09:00:00+00:00,0.8242,0.8243,0.82368,0.82368
NZDCAD,2026-08-03 10:00:00+00:00,0.82368,0.82368,0.82304,0.82342
NZDCAD,2026-08-03 11:00:00+00:00,0.82344,0.82408,0.82326,0.82396
NZDCAD,2026-08-03 12:00:00+00:00,0.82399,0.82432,0.8238,0.82415
NZDCAD,2026-08-03 13:00:00+00:00,0.82412,0.82432,0.82348,0.82375
NZDCAD,2026-08-03 14:00:00+00:00,0.82378,0.82401,0.82322,0.8239
NZDCAD,2026-08-03 15:00:00+00:00,0.82388,0.82414,0.82317,0.82379
NZDCAD,2026-08-03 16:00:00+00:00,0.82377,0.82401,0.82362,0.82379
NZDCAD,2026-08-03 17:00:00+00:00,0.82378,0.82379,0.8234,0.82349
NZDCAD,2026-08-03 18:00:00+00:00,0.82347,0.82448,0.82347,0.82448
NZDCAD,2026-08-03 19:00:00+00:00,0.82448,0.82454,0.82421,0.8245
NZDCAD,2026-08-03 20:00:00+00:00,0.82448,0.82481,0.82438,0.82462
NZDCAD,2026-08-03 21:00:00+00:00,0.82406,0.82478,0.82381,0.82448
NZDCAD,2026-08-03 22:00:00+00:00,0.82459,0.82466,0.82425,0.8244
NZDCAD,2026-08-03 23:00:00+00:00,0.82444,0.82447,0.82396,0.82396
NZDCAD,2026-08-04 00:00:00+00:00,0.82398,0.82438,0.82374,0.82388
NZDCAD,2026-08-04 01:00:00+00:00,0.82384,0.82441,0.82376,0.82404
NZDCAD,2026-08-04 02:00:00+00:00,0.82406,0.82444,0.82384,0.82393
NZDCAD,2026-08-04 03:00:00+00:00,0.82393,0.82424,0.82352,0.82394
NZDCAD,2026-08-04 04:00:00+00:00,0.82392,0.82426,0.82392,0.8241
NZDCAD,2026-08-04 05:00:00+00:00,0.82408,0.82415,0.82366,0.82406
NZDCAD,2026-08-04 06:00:00+00:00,0.82402,0.82502,0.82397,0.82485
NZDCAD,2026-08-04 07:00:00+00:00,0.82488,0.82528,0.82455,0.82478
NZDCAD,2026-08-04 08:00:00+00:00,0.82476,0.82506,0.82414,0.82414
NZDCAD,2026-08-04 09:00:00+00:00,0.82417,0.82454,0.82382,0.82435
NZDCAD,2026-08-04 10:00:00+00:00,0.82436,0.82574,0.82428,0.82557
NZDCAD,2026-08-04 11:00:00+00:00,0.82559,0.8273,0.82544,0.82713
NZDCAD,2026-08-04 12:00:00+00:00,0.82716,0.8279,0.82686,0.82772
NZDCAD,2026-08-04 13:00:00+00:00,0.8277,0.82859,0.82736,0.82852
NZDCAD,2026-08-04 14:00:00+00:00,0.82854,0.82895,0.82716,0.82734
NZDCAD,2026-08-04 15:00:00+00:00,0.82735,0.82852,0.82715,0.82852
NZDCAD,2026-08-04 16:00:00+00:00,0.82853,0.82902,0.82834,0.82865
NZDCAD,2026-08-04 17:00:00+00:00,0.82864,0.8292,0.82858,0.82886
NZDCAD,2026-08-04 18:00:00+00:00,0.82886,0.82903,0.82858,0.82893
NZDCAD,2026-08-04 19:00:00+00:00,0.82893,0.82906,0.82868,0.82906
NZDCAD,2026-08-04 20:00:00+00:00,0.82908,0.8293,0.82882,0.82892
NZDCAD,2026-08-04 21:00:00+00:00,0.82826,0.82953,0.82821,0.82924
NZDCAD,2026-08-04 22:00:00+00:00,0.82914,0.8293,0.8269,0.82801
NZDCAD,2026-08-04 23:00:00+00:00,0.82798,0.82803,0.8259,0.8264
NZDCAD,2026-08-05 00:00:00+00:00,0.82645,0.82714,0.82636,0.82674
NZDCAD,2026-08-05 01:00:00+00:00,0.82675,0.8269,0.82568,0.82602
NZDCAD,2026-08-05 02:00:00+00:00,0.82603,0.82715,0.82557,0.82678
NZDCAD,2026-08-05 03:00:00+00:00,0.82678,0.8272,0.82611,0.82622
NZDCAD,2026-08-05 04:00:00+00:00,0.82622,0.82674,0.82616,0.82628
NZDCAD,2026-08-05 05:00:00+00:00,0.82628,0.82648,0.82592,0.82633
NZDCAD,2026-08-05 06:00:00+00:00,0.82636,0.82677,0.82586,0.82673
NZDCAD,2026-08-05 07:00:00+00:00,0.8267,0.82685,0.82489,0.82567
NZDCAD,2026-08-05 08:00:00+00:00,0.82564,0.8258,0.82442,0.82447
NZDCAD,2026-08-05 09:00:00+00:00,0.8245,0.82499,0.82442,0.82473
NZDCAD,2026-08-05 10:00:00+00:00,0.8247,0.825,0.82428,0.82492
NZDCAD,2026-08-05 11:00:00+00:00,0.82495,0.82522,0.82466,0.82472
NZDCAD,2026-08-05 12:00:00+00:00,0.8247,0.82527,0.82431,0.82452
NZDCAD,2026-08-05 13:00:00+00:00,0.82449,0.82575,0.82448,0.82551
NZDCAD,2026-08-05 14:00:00+00:00,0.82553,0.82595,0.82462,0.82476
NZDCAD,2026-08-05 15:00:00+00:00,0.82471,0.82496,0.82401,0.82404
NZDCAD,2026-08-05 16:00:00+00:00,0.82401,0.82478,0.82379,0.82458
NZDCAD,2026-08-05 17:00:00+00:00,0.82456,0.82526,0.82452,0.82516
NZDCAD,2026-08-05 18:00:00+00:00,0.82513,0.8253,0.8249,0.82492
NZDCAD,2026-08-05 19:00:00+00:00,0.82492,0.82519,0.82464,0.82469
NZDCAD,2026-08-05 20:00:00+00:00,0.82465,0.825,0.82439,0.82496
NZDCAD,2026-08-05 21:00:00+00:00,0.82479,0.8254,0.82438,0.82464
NZDCAD,2026-08-05 22:00:00+00:00,0.82464,0.82486,0.82425,0.82452
NZDCAD,2026-08-05 23:00:00+00:00,0.8245,0.82486,0.82436,0.82468
NZDCAD,2026-08-06 00:00:00+00:00,0.82468,0.82471,0.82378,0.82388
NZDCAD,2026-08-06 01:00:00+00:00,0.82388,0.8252,0.8236,0.82512
NZDCAD,2026-08-06 02:00:00+00:00,0.82512,0.82554,0.82502,0.82504
NZDCAD,2026-08-06 03:00:00+00:00,0.82503,0.8251,0.8243,0.8246
NZDCAD,2026-08-06 04:00:00+00:00,0.82459,0.8246,0.82383,0.824
NZDCAD,2026-08-06 05:00:00+00:00,0.824,0.82403,0.82346,0.824
NZDCAD,2026-08-06 06:00:00+00:00,0.82398,0.82411,0.82256,0.8228
NZDCAD,2026-08-06 07:00:00+00:00,0.82278,0.82324,0.82264,0.82295
NZDCAD,2026-08-06 08:00:00+00:00,0.82291,0.8238,0.82264,0.82348
NZDCAD,2026-08-06 09:00:00+00:00,0.82344,0.82383,0.8231,0.82376
NZDCAD,2026-08-06 10:00:00+00:00,0.82376,0.82392,0.82332,0.82348
NZDCAD,2026-08-06 11:00:00+00:00,0.82346,0.82346,0.82272,0.82306
NZDCAD,2026-08-06 12:00:00+00:00,0.82307,0.82376,0.82301,0.82342
NZDCAD,2026-08-06 13:00:00+00:00,0.8234,0.82424,0.82335,0.82416
NZDCAD,2026-08-06 14:00:00+00:00,0.82418,0.82452,0.82374,0.82408
NZDCAD,2026-08-06 15:00:00+00:00,0.8241,0.82434,0.82289,0.8229
NZDCAD,2026-08-06 16:00:00+00:00,0.82292,0.82292,0.82227,0.82264
NZDCAD,2026-08-06 17:00:00+00:00,0.82267,0.82286,0.82226,0.82269
NZDCAD,2026-08-06 18:00:00+00:00,0.82268,0.82293,0.8225,0.82288
NZDCAD,2026-08-06 19:00:00+00:00,0.82288,0.82318,0.82248,0.82267
NZDCAD,2026-08-06 20:00:00+00:00,0.8227,0.82276,0.8222,0.82252
NZDCAD,2026-08-06 21:00:00+00:00,0.82294,0.82294,0.8219,0.82216
NZDCAD,2026-08-06 22:00:00+00:00,0.82214,0.82252,0.8221,0.82225
NZDCAD,2026-08-06 23:00:00+00:00,0.82228,0.82239,0.822,0.82227
NZDCAD,2026-08-07 00:00:00+00:00,0.82226,0.82244,0.8217,0.82237
NZDCAD,2026-08-07 01:00:00+00:00,0.82236,0.82261,0.8221,0.8223
NZDCAD,2026-08-07 02:00:00+00:00,0.82231,0.82258,0.82206,0.82211
NZDCAD,2026-08-07 03:00:00+00:00,0.8221,0.82225,0.82196,0.8221
NZDCAD,2026-08-07 04:00:00+00:00,0.82213,0.82223,0.82194,0.82209
NZDCAD,2026-08-07 05:00:00+00:00,0.82211,0.8224,0.82206,0.82232
NZDCAD,2026-08-07 06:00:00+00:00,0.82232,0.82289,0.82231,0.82258
NZDCAD,2026-08-07 07:00:00+00:00,0.82256,0.82316,0.82246,0.82306
NZDCAD,2026-08-07 08:00:00+00:00,0.8231,0.82337,0.82302,0.82331
NZDCAD,2026-08-07 09:00:00+00:00,0.82328,0.82356,0.82318,0.82333
NZDCAD,2026-08-07 10:00:00+00:00,0.82336,0.82348,0.82246,0.8225
NZDCAD,2026-08-07 11:00:00+00:00,0.82252,0.82278,0.8223,0.82258
NZDCAD,2026-08-07 12:00:00+00:00,0.82259,0.82421,0.82156,0.82258
NZDCAD,2026-08-07 13:00:00+00:00,0.82256,0.82267,0.82073,0.8208
NZDCAD,2026-08-07 14:00:00+00:00,0.82078,0.8214,0.8201,0.82038
NZDCAD,2026-08-07 15:00:00+00:00,0.82034,0.82088,0.82015,0.82076
NZDCAD,2026-08-07 16:00:00+00:00,0.82073,0.82139,0.8207,0.821
NZDCAD,2026-08-07 17:00:00+00:00,0.82096,0.82164,0.8209,0.82146
NZDCAD,2026-08-07 18:00:00+00:00,0.82147,0.82176,0.82122,0.82164
NZDCAD,2026-08-07 19:00:00+00:00,0.82166,0.82264,0.82166,0.82204
NZDCAD,2026-08-07 20:00:00+00:00,0.82205,0.82207,0.8214,0.82162
NZDCAD,2026-08-09 21:00:00+00:00,0.82318,0.82318,0.82128,0.82211
NZDCAD,2026-08-09 22:00:00+00:00,0.82204,0.82237,0.82138,0.82149
NZDCAD,2026-08-09 23:00:00+00:00,0.82148,0.82184,0.82125,0.82132
NZDCAD,2026-08-10 00:00:00+00:00,0.82133,0.8216,0.82072,0.82086
NZDCAD,2026-08-10 01:00:00+00:00,0.82088,0.82139,0.82074,0.82093
NZDCAD,2026-08-10 02:00:00+00:00,0.82097,0.82108,0.82072,0.82094
NZDCAD,2026-08-10 03:00:00+00:00,0.82093,0.82196,0.82066,0.82155
NZDCAD,2026-08-10 04:00:00+00:00,0.82156,0.82193,0.82145,0.82178
NZDCAD,2026-08-10 05:00:00+00:00,0.82178,0.82219,0.82174,0.82215
NZDCAD,2026-08-10 06:00:00+00:00,0.82216,0.8222,0.8215,0.82172
NZDCAD,2026-08-10 07:00:00+00:00,0.82176,0.82228,0.82139,0.8219
NZDCAD,2026-08-10 08:00:00+00:00,0.82192,0.82197,0.82147,0.8218
NZDCAD,2026-08-10 09:00:00+00:00,0.82181,0.82243,0.82162,0.82168
NZDCAD,2026-08-10 10:00:00+00:00,0.82166,0.8222,0.82134,0.82148
NZDCAD,2026-08-10 11:00:00+00:00,0.82144,0.82159,0.82094,0.82106
NZDCAD,2026-08-10 12:00:00+00:00,0.82102,0.82126,0.82047,0.82068
NZDCAD,2026-08-10 13:00:00+00:00,0.8207,0.82141,0.82037,0.82048
NZDCAD,2026-08-10 14:00:00+00:00,0.82049,0.8216,0.82042,0.82095
NZDCAD,2026-08-10 15:00:00+00:00,0.82092,0.82113,0.82026,0.82028
NZDCAD,2026-08-10 16:00:00+00:00,0.8203,0.82047,0.81973,0.8201
NZDCAD,2026-08-10 17:00:00+00:00,0.8201,0.82052,0.82005,0.82032
NZDCAD,2026-08-10 18:00:00+00:00,0.82032,0.8204,0.8199,0.82014
NZDCAD,2026-08-10 19:00:00+00:00,0.82014,0.82014,0.81974,0.81989
NZDCAD,2026-08-10 20:00:00+00:00,0.81992,0.81994,0.81973,0.8199
NZDCAD,2026-08-10 21:00:00+00:00,0.81996,0.8208,0.81979,0.81997
NZDCAD,2026-08-10 22:00:00+00:00,0.81996,0.82042,0.81991,0.81997
NZDCAD,2026-08-10 23:00:00+00:00,0.82001,0.82033,0.8198,0.82031
NZDCAD,2026-08-11 00:00:00+00:00,0.82026,0.82052,0.81984,0.8199
NZDCAD,2026-08-11 01:00:00+00:00,0.81986,0.8204,0.81969,0.82008
NZDCAD,2026-08-11 02:00:00+00:00,0.82006,0.82028,0.81963,0.81974
NZDCAD,2026-08-11 03:00:00+00:00,0.81973,0.82022,0.81971,0.81982
NZDCAD,2026-08-11 04:00:00+00:00,0.81982,0.8211,0.81968,0.8209
NZDCAD,2026-08-11 05:00:00+00:00,0.82094,0.82106,0.8194,0.82012
NZDCAD,2026-08-11 06:00:00+00:00,0.8201,0.82036,0.81809,0.81857
NZDCAD,2026-08-11 07:00:00+00:00,0.81855,0.81928,0.81818,0.81839
NZDCAD,2026-08-11 08:00:00+00:00,0.81838,0.81868,0.81798,0.81822
NZDCAD,2026-08-11 09:00:00+00:00,0.81824,0.81854,0.8179,0.81846
NZDCAD,2026-08-11 10:00:00+00:00,0.81842,0.8193,0.81828,0.81899
NZDCAD,2026-08-11 11:00:00+00:00,0.81896,0.8202,0.81886,0.81906
NZDCAD,2026-08-11 12:00:00+00:00,0.8191,0.81981,0.81895,0.81968
NZDCAD,2026-08-11 13:00:00+00:00,0.8197,0.82052,0.81968,0.82024
NZDCAD,2026-08-11 14:00:00+00:00,0.82025,0.8203,0.81916,0.8192
NZDCAD,2026-08-11 15:00:00+00:00,0.81922,0.81946,0.81854,0.81879
NZDCAD,2026-08-11 16:00:00+00:00,0.8188,0.81884,0.81842,0.81862
NZDCAD,2026-08-11 17:00:00+00:00,0.81861,0.81884,0.81841,0.81876
NZDCAD,2026-08-11 18:00:00+00:00,0.81872,0.81872,0.81804,0.8182
NZDCAD,2026-08-11 19:00:00+00:00,0.8182,0.81886,0.81818,0.81878
NZDCAD,2026-08-11 20:00:00+00:00,0.81882,0.81896,0.81869,0.81892
NZDCAD,2026-08-11 21:00:00+00:00,0.81901,0.8194,0.81802,0.81916
NZDCAD,2026-08-11 22:00:00+00:00,0.81928,0.81938,0.81858,0.81879
NZDCAD,2026-08-11 23:00:00+00:00,0.81878,0.81879,0.81832,0.81841
NZDCAD,2026-08-12 00:00:00+00:00,0.81844,0.81852,0.8179,0.81816
NZDCAD,2026-08-12 01:00:00+00:00,0.81816,0.81842,0.81776,0.81791
NZDCAD,2026-08-12 02:00:00+00:00,0.81794,0.81794,0.8173,0.81746
NZDCAD,2026-08-12 03:00:00+00:00,0.8175,0.81756,0.817,0.8172
NZDCAD,2026-08-12 04:00:00+00:00,0.81717,0.81752,0.81706,0.81744
NZDCAD,2026-08-12 05:00:00+00:00,0.81742,0.81748,0.81713,0.81744
NZDCAD,2026-08-12 06:00:00+00:00,0.81744,0.81746,0.81688,0.81716
NZDCAD,2026-08-12 07:00:00+00:00,0.81714,0.81762,0.81638,0.8165
NZDCAD,2026-08-12 08:00:00+00:00,0.81652,0.81682,0.81636,0.81652
NZDCAD,2026-08-12 09:00:00+00:00,0.81654,0.81811,0.81602,0.81617
NZDCAD,2026-08-12 10:00:00+00:00,0.8161,0.817,0.81608,0.81647
NZDCAD,2026-08-12 11:00:00+00:00,0.81648,0.81734,0.81645,0.81704
NZDCAD,2026-08-12 12:00:00+00:00,0.81708,0.81846,0.81586,0.81827
NZDCAD,2026-08-12 13:00:00+00:00,0.8183,0.81872,0.81758,0.8177
NZDCAD,2026-08-12 14:00:00+00:00,0.81766,0.81784,0.81668,0.81686
NZDCAD,2026-08-12 15:00:00+00:00,0.81683,0.81706,0.81624,0.81646
NZDCAD,2026-08-12 16:00:00+00:00,0.81648,0.81666,0.81622,0.81652
NZDCAD,2026-08-12 17:00:00+00:00,0.81656,0.81702,0.8165,0.81652
NZDCAD,2026-08-12 18:00:00+00:00,0.81652,0.81682,0.81642,0.81664
NZDCAD,2026-08-12 19:00:00+00:00,0.81664,0.81681,0.81638,0.81648
NZDCAD,2026-08-12 20:00:00+00:00,0.81646,0.81684,0.81642,0.81666
NZDCAD,2026-08-12 21:00:00+00:00,0.81712,0.81722,0.81638,0.81646
NZDCAD,2026-08-12 22:00:00+00:00,0.81648,0.81683,0.8164,0.81678
NZDCAD,2026-08-12 23:00:00+00:00,0.81676,0.81691,0.81655,0.8169
NZDCAD,2026-08-13 00:00:00+00:00,0.81691,0.81716,0.81652,0.81676
NZDCAD,2026-08-13 01:00:00+00:00,0.81677,0.81701,0.81626,0.81646
NZDCAD,2026-08-13 02:00:00+00:00,0.81644,0.81656,0.81547,0.81557
NZDCAD,2026-08-13 03:00:00+00:00,0.81558,0.81563,0.81328,0.81333
NZDCAD,2026-08-13 04:00:00+00:00,0.81333,0.81344,0.81256,0.81316
NZDCAD,2026-08-13 05:00:00+00:00,0.81316,0.81358,0.81286,0.81338
NZDCAD,2026-08-13 06:00:00+00:00,0.81338,0.8138,0.81244,0.8136
NZDCAD,2026-08-13 07:00:00+00:00,0.81356,0.81412,0.81326,0.814
NZDCAD,2026-08-13 08:00:00+00:00,0.81398,0.81436,0.81352,0.81391
NZDCAD,2026-08-13 09:00:00+00:00,0.81394,0.81465,0.81394,0.8144
NZDCAD,2026-08-13 10:00:00+00:00,0.81442,0.81482,0.81425,0.81458
NZDCAD,2026-08-13 11:00:00+00:00,0.81457,0.81507,0.8144,0.81494
NZDCAD,2026-08-13 12:00:00+00:00,0.81496,0.81558,0.81453,0.81553
NZDCAD,2026-08-13 13:00:00+00:00,0.81556,0.81559,0.81462,0.81547
NZDCAD,2026-08-13 14:00:00+00:00,0.81548,0.81656,0.81548,0.81634
NZDCAD,2026-08-13 15:00:00+00:00,0.81631,0.8164,0.81478,0.81482
NZDCAD,2026-08-13 16:00:00+00:00,0.8148,0.815,0.81434,0.81462
NZDCAD,2026-08-13 17:00:00+00:00,0.8146,0.81488,0.8146,0.81468
NZDCAD,2026-08-13 18:00:00+00:00,0.81468,0.81522,0.81468,0.81504
NZDCAD,2026-08-13 19:00:00+00:00,0.81504,0.8151,0.8148,0.81484
NZDCAD,2026-08-13 20:00:00+00:00,0.81484,0.81509,0.8148,0.81508
NZDCAD,2026-08-13 21:00:00+00:00,0.81494,0.81512,0.81476,0.8149
NZDCAD,2026-08-13 22:00:00+00:00,0.81492,0.81516,0.81476,0.8151
NZDCAD,2026-08-13 23:00:00+00:00,0.81512,0.81536,0.81498,0.81517
NZDCAD,2026-08-14 00:00:00+00:00,0.81519,0.81576,0.81519,0.81569
NZDCAD,2026-08-14 01:00:00+00:00,0.81567,0.81594,0.81532,0.8156
NZDCAD,2026-08-14 02:00:00+00:00,0.81562,0.81628,0.81562,0.81596
NZDCAD,2026-08-14 03:00:00+00:00,0.81599,0.81686,0.81599,0.81668
NZDCAD,2026-08-14 04:00:00+00:00,0.81667,0.8168,0.8164,0.81652
NZDCAD,2026-08-14 05:00:00+00:00,0.81651,0.81666,0.81621,0.81638
NZDCAD,2026-08-14 06:00:00+00:00,0.81638,0.81652,0.81572,0.81604
NZDCAD,2026-08-14 07:00:00+00:00,0.81608,0.81624,0.81559,0.81602
NZDCAD,2026-08-14 08:00:00+00:00,0.81601,0.81661,0.81584,0.81635
NZDCAD,2026-08-14 09:00:00+00:00,0.81636,0.81693,0.81622,0.81673
NZDCAD,2026-08-14 10:00:00+00:00,0.81676,0.81715,0.81668,0.81688
NZDCAD,2026-08-14 11:00:00+00:00,0.81691,0.81766,0.81662,0.81736
NZDCAD,2026-08-14 12:00:00+00:00,0.81738,0.8178,0.81664,0.8175
NZDCAD,2026-08-14 13:00:00+00:00,0.81754,0.81791,0.81686,0.81754
NZDCAD,2026-08-14 14:00:00+00:00,0.81748,0.81792,0.81718,0.81778
NZDCAD,2026-08-14 15:00:00+00:00,0.8178,0.81816,0.8177,0.8179
NZDCAD,2026-08-14 16:00:00+00:00,0.81788,0.81802,0.81692,0.817
NZDCAD,2026-08-14 17:00:00+00:00,0.817,0.81716,0.81662,0.81676
NZDCAD,2026-08-14 18:00:00+00:00,0.81674,0.81705,0.81662,0.81705
NZDCAD,2026-08-14 19:00:00+00:00,0.817,0.8173,0.81689,0.81723
NZDCAD,2026-08-14 20:00:00+00:00,0.81725,0.8174,0.817,0.81732
NZDCAD,2026-08-16 21:00:00+00:00,0.81742,0.8177,0.81662,0.81662
NZDCAD,2026-08-16 22:00:00+00:00,0.81663,0.8174,0.81663,0.81734
NZDCAD,2026-08-16 23:00:00+00:00,0.81736,0.81744,0.81708,0.81708
NZDCAD,2026-08-17 00:00:00+00:00,0.8171,0.81946,0.81707,0.81932
NZDCAD,2026-08-17 01:00:00+00:00,0.81934,0.81941,0.81882,0.81902
NZDCAD,2026-08-17 02:00:00+00:00,0.819,0.81907,0.81861,0.81876
NZDCAD,2026-08-17 03:00:00+00:00,0.81874,0.8191,0.81844,0.8189
NZDCAD,2026-08-17 04:00:00+00:00,0.8189,0.81941,0.81874,0.81921
NZDCAD,2026-08-17 05:00:00+00:00,0.81924,0.82017,0.81924,0.81995
NZDCAD,2026-08-17 06:00:00+00:00,0.81994,0.8209,0.8196,0.82066
NZDCAD,2026-08-17 07:00:00+00:00,0.82064,0.82084,0.8201,0.82041
NZDCAD,2026-08-17 08:00:00+00:00,0.8204,0.82076,0.82006,0.82044
NZDCAD,2026-08-17 09:00:00+00:00,0.82049,0.82091,0.82032,0.82079
NZDCAD,2026-08-17 10:00:00+00:00,0.82081,0.82122,0.8205,0.8207
NZDCAD,2026-08-17 11:00:00+00:00,0.82072,0.82102,0.82006,0.82006
NZDCAD,2026-08-17 12:00:00+00:00,0.82005,0.8202,0.81898,0.81956
NZDCAD,2026-08-17 13:00:00+00:00,0.8196,0.82024,0.8188,0.81977
NZDCAD,2026-08-17 14:00:00+00:00,0.81975,0.81984,0.81906,0.81959
NZDCAD,2026-08-17 15:00:00+00:00,0.81958,0.81974,0.8191,0.81946
NZDCAD,2026-08-17 16:00:00+00:00,0.81944,0.81976,0.8193,0.81936
NZDCAD,2026-08-17 17:00:00+00:00,0.81936,0.81948,0.81824,0.81828
NZDCAD,2026-08-17 18:00:00+00:00,0.81827,0.81874,0.81824,0.81862
NZDCAD,2026-08-17 19:00:00+00:00,0.81862,0.81914,0.81846,0.81902
NZDCAD,2026-08-17 20:00:00+00:00,0.81904,0.8192,0.81852,0.81884
NZDCAD,2026-08-17 21:00:00+00:00,0.81871,0.81904,0.81855,0.81868
NZDCAD,2026-08-17 22:00:00+00:00,0.81874,0.8191,0.81838,0.81876
NZDCAD,2026-08-17 23:00:00+00:00,0.81872,0.81932,0.81872,0.8191
NZDCAD,2026-08-18 00:00:00+00:00,0.81911,0.81936,0.81864,0.81882
NZDCAD,2026-08-18 01:00:00+00:00,0.81884,0.81936,0.81782,0.81784
NZDCAD,2026-08-18 02:00:00+00:00,0.81786,0.81792,0.81743,0.81757
NZDCAD,2026-08-18 03:00:00+00:00,0.81759,0.8176,0.81605,0.81633
NZDCAD,2026-08-18 04:00:00+00:00,0.81631,0.81638,0.8158,0.81617
NZDCAD,2026-08-18 05:00:00+00:00,0.81615,0.81617,0.81558,0.81584
NZDCAD,2026-08-18 06:00:00+00:00,0.81586,0.81586,0.8147,0.81548
NZDCAD,2026-08-18 07:00:00+00:00,0.81546,0.81548,0.81448,0.81452
NZDCAD,2026-08-18 08:00:00+00:00,0.81454,0.81522,0.81434,0.81511
NZDCAD,2026-08-18 09:00:00+00:00,0.81509,0.81568,0.81486,0.81568
NZDCAD,2026-08-18 10:00:00+00:00,0.81564,0.81584,0.81546,0.81574
NZDCAD,2026-08-18 11:00:00+00:00,0.8157,0.81628,0.81554,0.81624
NZDCAD,2026-08-18 12:00:00+00:00,0.81624,0.81694,0.81603,0.81683
NZDCAD,2026-08-18 13:00:00+00:00,0.81682,0.81754,0.81605,0.81678
NZDCAD,2026-08-18 14:00:00+00:00,0.81674,0.81718,0.81626,0.81664
NZDCAD,2026-08-18 15:00:00+00:00,0.81662,0.81696,0.81625,0.81654
NZDCAD,2026-08-18 16:00:00+00:00,0.81657,0.81698,0.81637,0.8166
NZDCAD,2026-08-18 17:00:00+00:00,0.81658,0.81684,0.81635,0.81661
NZDCAD,2026-08-18 18:00:00+00:00,0.81658,0.81695,0.81645,0.81658
NZDCAD,2026-08-18 19:00:00+00:00,0.81658,0.81658,0.81608,0.81625
NZDCAD,2026-08-18 20:00:00+00:00,0.81628,0.81644,0.81595,0.81642
NZDCAD,2026-08-18 21:00:00+00:00,0.81653,0.81668,0.8158,0.81638
NZDCAD,2026-08-18 22:00:00+00:00,0.81638,0.81679,0.81613,0.81661
NZDCAD,2026-08-18 23:00:00+00:00,0.81664,0.8168,0.81604,0.81623
NZDCAD,2026-08-19 00:00:00+00:00,0.81626,0.81634,0.81478,0.81484
NZDCAD,2026-08-19 01:00:00+00:00,0.81486,0.81617,0.81476,0.81598
NZDCAD,2026-08-19 02:00:00+00:00,0.816,0.81608,0.81474,0.81498
NZDCAD,2026-08-19 03:00:00+00:00,0.81496,0.81518,0.81447,0.81516
NZDCAD,2026-08-19 04:00:00+00:00,0.81515,0.81519,0.8146,0.81496
NZDCAD,2026-08-19 05:00:00+00:00,0.81498,0.81519,0.81453,0.81486
NZDCAD,2026-08-19 06:00:00+00:00,0.81482,0.81578,0.81468,0.8152
NZDCAD,2026-08-19 07:00:00+00:00,0.8152,0.81525,0.81438,0.81455
NZDCAD,2026-08-19 08:00:00+00:00,0.81453,0.81585,0.81438,0.81552
NZDCAD,2026-08-19 09:00:00+00:00,0.81552,0.81617,0.81536,0.81593
NZDCAD,2026-08-19 10:00:00+00:00,0.81591,0.81601,0.8154,0.81578
NZDCAD,2026-08-19 11:00:00+00:00,0.8158,0.81612,0.81521,0.81556
NZDCAD,2026-08-19 12:00:00+00:00,0.81553,0.81845,0.81548,0.8179
NZDCAD,2026-08-19 13:00:00+00:00,0.81788,0.81957,0.81774,0.81902
NZDCAD,2026-08-19 14:00:00+00:00,0.819,0.81976,0.81848,0.819
NZDCAD,2026-08-19 15:00:00+00:00,0.81898,0.81974,0.81879,0.81939
NZDCAD,2026-08-19 16:00:00+00:00,0.8194,0.81978,0.8192,0.8195
NZDCAD,2026-08-19 17:00:00+00:00,0.81946,0.81976,0.81893,0.81898
NZDCAD,2026-08-19 18:00:00+00:00,0.81893,0.81995,0.81886,0.81975
NZDCAD,2026-08-19 19:00:00+00:00,0.81975,0.82005,0.81926,0.81952
NZDCAD,2026-08-19 20:00:00+00:00,0.8195,0.81968,0.8193,0.81953
NZDCAD,2026-08-19 21:00:00+00:00,0.81888,0.81966,0.8186,0.81872
NZDCAD,2026-08-19 22:00:00+00:00,0.81878,0.81975,0.81878,0.8195
NZDCAD,2026-08-19 23:00:00+00:00,0.81945,0.8201,0.81934,0.81958
NZDCAD,2026-08-20 00:00:00+00:00,0.81956,0.81999,0.81936,0.81962
NZDCAD,2026-08-20 01:00:00+00:00,0.81962,0.82086,0.81881,0.82062
NZDCAD,2026-08-20 02:00:00+00:00,0.82066,0.82138,0.82056,0.82137
NZDCAD,2026-08-20 03:00:00+00:00,0.82139,0.82177,0.82094,0.82128
NZDCAD,2026-08-20 04:00:00+00:00,0.82128,0.82178,0.8212,0.8213
NZDCAD,2026-08-20 05:00:00+00:00,0.82131,0.82165,0.82104,0.82114
NZDCAD,2026-08-20 06:00:00+00:00,0.82114,0.82159,0.82062,0.82106
NZDCAD,2026-08-20 07:00:00+00:00,0.82102,0.8211,0.82018,0.82058
NZDCAD,2026-08-20 08:00:00+00:00,0.82062,0.82072,0.81964,0.8198
NZDCAD,2026-08-20 09:00:00+00:00,0.81982,0.82064,0.8197,0.82022
NZDCAD,2026-08-20 10:00:00+00:00,0.82018,0.82053,0.8196,0.81987
NZDCAD,2026-08-20 11:00:00+00:00,0.81989,0.82001,0.81857,0.81862
NZDCAD,2026-08-20 12:00:00+00:00,0.81862,0.82029,0.8181,0.8202
NZDCAD,2026-08-20 13:00:00+00:00,0.82021,0.82068,0.81981,0.82024
NZDCAD,2026-08-20 14:00:00+00:00,0.82022,0.82077,0.81972,0.81998
NZDCAD,2026-08-20 15:00:00+00:00,0.82,0.82089,0.81898,0.81958
NZDCAD,2026-08-20 16:00:00+00:00,0.81961,0.81972,0.81912,0.81934
NZDCAD,2026-08-20 17:00:00+00:00,0.81932,0.81948,0.81892,0.81916
NZDCAD,2026-08-20 18:00:00+00:00,0.81917,0.81922,0.81867,0.81922
NZDCAD,2026-08-20 19:00:00+00:00,0.81922,0.81959,0.8192,0.81959
NZDCAD,2026-08-20 20:00:00+00:00,0.81962,0.81966,0.81932,0.8196
NZDCAD,2026-08-20 21:00:00+00:00,0.81953,0.8199,0.81897,0.81928
NZDCAD,2026-08-20 22:00:00+00:00,0.81928,0.81966,0.81927,0.81966
NZDCAD,2026-08-20 23:00:00+00:00,0.81971,0.82053,0.81956,0.82042
GBPCAD,2026-06-24 08:00:00+00:00,1.87613,1.87771,1.87535,1.87707
GBPCAD,2026-06-24 09:00:00+00:00,1.87706,1.87744,1.8751,1.87522
GBPCAD,2026-06-24 10:00:00+00:00,1.87519,1.8752,1.87143,1.87145
GBPCAD,2026-06-24 11:00:00+00:00,1.87146,1.87344,1.87072,1.87276
GBPCAD,2026-06-24 12:00:00+00:00,1.8728,1.874,1.8714,1.87254
GBPCAD,2026-06-24 13:00:00+00:00,1.87255,1.87406,1.87171,1.87291
GBPCAD,2026-06-24 14:00:00+00:00,1.87286,1.87361,1.87075,1.87224
GBPCAD,2026-06-24 15:00:00+00:00,1.87231,1.8743,1.87216,1.87344
GBPCAD,2026-06-24 16:00:00+00:00,1.87342,1.87384,1.87214,1.87268
GBPCAD,2026-06-24 17:00:00+00:00,1.87268,1.87328,1.87225,1.8727
GBPCAD,2026-06-24 18:00:00+00:00,1.87272,1.87435,1.87265,1.87376
GBPCAD,2026-06-24 19:00:00+00:00,1.87376,1.87394,1.87297,1.87306
GBPCAD,2026-06-24 20:00:00+00:00,1.87304,1.87448,1.87296,1.87415
GBPCAD,2026-06-24 21:00:00+00:00,1.8739,1.87453,1.8731,1.87391
GBPCAD,2026-06-24 22:00:00+00:00,1.87384,1.87408,1.87348,1.87385
GBPCAD,2026-06-24 23:00:00+00:00,1.87386,1.874,1.87348,1.87378
GBPCAD,2026-06-25 00:00:00+00:00,1.87384,1.87442,1.87358,1.87378
GBPCAD,2026-06-25 01:00:00+00:00,1.87377,1.87561,1.87372,1.87467
GBPCAD,2026-06-25 02:00:00+00:00,1.87467,1.87545,1.8746,1.87534
GBPCAD,2026-06-25 03:00:00+00:00,1.87534,1.87582,1.87512,1.87544
GBPCAD,2026-06-25 04:00:00+00:00,1.87546,1.87592,1.87534,1.87564
GBPCAD,2026-06-25 05:00:00+00:00,1.87562,1.8762,1.87534,1.87598
GBPCAD,2026-06-25 06:00:00+00:00,1.87592,1.87635,1.87496,1.87554
GBPCAD,2026-06-25 07:00:00+00:00,1.87556,1.87668,1.87544,1.87616
GBPCAD,2026-06-25 08:00:00+00:00,1.87609,1.87705,1.87542,1.87654
GBPCAD,2026-06-25 09:00:00+00:00,1.87658,1.87774,1.8761,1.87655
GBPCAD,2026-06-25 10:00:00+00:00,1.87651,1.87651,1.87475,1.87538
GBPCAD,2026-06-25 11:00:00+00:00,1.87536,1.87539,1.873,1.87328
GBPCAD,2026-06-25 12:00:00+00:00,1.8733,1.87606,1.8732,1.87562
GBPCAD,2026-06-25 13:00:00+00:00,1.87566,1.87644,1.87416,1.87456
GBPCAD,2026-06-25 14:00:00+00:00,1.87456,1.87636,1.87408,1.87488
GBPCAD,2026-06-25 15:00:00+00:00,1.87486,1.87604,1.87421,1.87513
GBPCAD,2026-06-25 16:00:00+00:00,1.87516,1.87524,1.87347,1.87368
GBPCAD,2026-06-25 17:00:00+00:00,1.87371,1.87405,1.8732,1.87388
GBPCAD,2026-06-25 18:00:00+00:00,1.87392,1.87436,1.87333,1.87346
GBPCAD,2026-06-25 19:00:00+00:00,1.87352,1.87414,1.8733,1.87354
GBPCAD,2026-06-25 20:00:00+00:00,1.87355,1.8738,1.87286,1.873
GBPCAD,2026-06-25 21:00:00+00:00,1.87475,1.87498,1.8727,1.87324
GBPCAD,2026-06-25 22:00:00+00:00,1.87328,1.87353,1.87192,1.87212
GBPCAD,2026-06-25 23:00:00+00:00,1.87212,1.87302,1.87198,1.8727
GBPCAD,2026-06-26 00:00:00+00:00,1.87276,1.87332,1.87262,1.87305
GBPCAD,2026-06-26 01:00:00+00:00,1.87302,1.87344,1.87246,1.87289
GBPCAD,2026-06-26 02:00:00+00:00,1.87286,1.8732,1.87228,1.87262
GBPCAD,2026-06-26 03:00:00+00:00,1.87259,1.87334,1.87254,1.8733
GBPCAD,2026-06-26 04:00:00+00:00,1.8733,1.87349,1.87304,1.87338
GBPCAD,2026-06-26 05:00:00+00:00,1.87338,1.8739,1.87313,1.87342
GBPCAD,2026-06-26 06:00:00+00:00,1.87344,1.87414,1.87277,1.87278
GBPCAD,2026-06-26 07:00:00+00:00,1.87278,1.8749,1.87237,1.87474
GBPCAD,2026-06-26 08:00:00+00:00,1.87477,1.87524,1.87285,1.87486
GBPCAD,2026-06-26 09:00:00+00:00,1.87486,1.87593,1.87382,1.8751
GBPCAD,2026-06-26 10:00:00+00:00,1.8751,1.87525,1.87426,1.87491
GBPCAD,2026-06-26 11:00:00+00:00,1.8749,1.8755,1.87441,1.87497
GBPCAD,2026-06-26 12:00:00+00:00,1.87496,1.87513,1.87213,1.8729
GBPCAD,2026-06-26 13:00:00+00:00,1.87297,1.87464,1.8717,1.87464
GBPCAD,2026-06-26 14:00:00+00:00,1.87456,1.87552,1.87364,1.874
GBPCAD,2026-06-26 15:00:00+00:00,1.87401,1.87549,1.87371,1.87522
GBPCAD,2026-06-26 16:00:00+00:00,1.87519,1.87528,1.874,1.87418
GBPCAD,2026-06-26 17:00:00+00:00,1.87416,1.87426,1.87312,1.87329
GBPCAD,2026-06-26 18:00:00+00:00,1.8733,1.87364,1.87288,1.8733
GBPCAD,2026-06-26 19:00:00+00:00,1.8733,1.87338,1.87146,1.87163
GBPCAD,2026-06-26 20:00:00+00:00,1.87169,1.87358,1.87142,1.87344
GBPCAD,2026-06-28 21:00:00+00:00,1.87457,1.87457,1.87205,1.87372
GBPCAD,2026-06-28 22:00:00+00:00,1.87374,1.87392,1.87197,1.87231
GBPCAD,2026-06-28 23:00:00+00:00,1.8723,1.87264,1.87201,1.87247
GBPCAD,2026-06-29 00:00:00+00:00,1.87247,1.87371,1.87232,1.87304
GBPCAD,2026-06-29 01:00:00+00:00,1.87306,1.87347,1.87262,1.8728
GBPCAD,2026-06-29 02:00:00+00:00,1.87283,1.87332,1.87278,1.87323
GBPCAD,2026-06-29 03:00:00+00:00,1.87324,1.87348,1.87284,1.87284
GBPCAD,2026-06-29 04:00:00+00:00,1.87284,1.87321,1.87268,1.87312
GBPCAD,2026-06-29 05:00:00+00:00,1.87311,1.87409,1.87304,1.87368
GBPCAD,2026-06-29 06:00:00+00:00,1.87368,1.87502,1.87367,1.8748
GBPCAD,2026-06-29 07:00:00+00:00,1.8748,1.87584,1.87402,1.87473
GBPCAD,2026-06-29 08:00:00+00:00,1.87469,1.87518,1.87428,1.87488
GBPCAD,2026-06-29 09:00:00+00:00,1.87488,1.87568,1.8747,1.87538
GBPCAD,2026-06-29 10:00:00+00:00,1.87539,1.87696,1.87461,1.87677
GBPCAD,2026-06-29 11:00:00+00:00,1.87676,1.87964,1.87668,1.87933
GBPCAD,2026-06-29 12:00:00+00:00,1.87932,1.88024,1.87884,1.87958
GBPCAD,2026-06-29 13:00:00+00:00,1.87966,1.88162,1.87966,1.88073
GBPCAD,2026-06-29 14:00:00+00:00,1.88074,1.88242,1.88052,1.88191
GBPCAD,2026-06-29 15:00:00+00:00,1.88192,1.88344,1.88148,1.88341
GBPCAD,2026-06-29 16:00:00+00:00,1.88344,1.88356,1.88173,1.88225
GBPCAD,2026-06-29 17:00:00+00:00,1.88226,1.88298,1.88182,1.8822
GBPCAD,2026-06-29 18:00:00+00:00,1.8822,1.88302,1.88216,1.88284
GBPCAD,2026-06-29 19:00:00+00:00,1.88282,1.88348,1.88266,1.8833
GBPCAD,2026-06-29 20:00:00+00:00,1.8833,1.88451,1.8832,1.8842
GBPCAD,2026-06-29 21:00:00+00:00,1.88282,1.88425,1.88278,1.88372
GBPCAD,2026-06-29 22:00:00+00:00,1.88362,1.88436,1.88315,1.88325
GBPCAD,2026-06-29 23:00:00+00:00,1.88326,1.88398,1.88304,1.88345
GBPCAD,2026-06-30 00:00:00+00:00,1.88344,1.8842,1.88272,1.88304
GBPCAD,2026-06-30 01:00:00+00:00,1.88308,1.88325,1.88249,1.88314
GBPCAD,2026-06-30 02:00:00+00:00,1.88318,1.88387,1.88317,1.88347
GBPCAD,2026-06-30 03:00:00+00:00,1.88344,1.88378,1.88312,1.88339
GBPCAD,2026-06-30 04:00:00+00:00,1.88332,1.88382,1.88322,1.88336
GBPCAD,2026-06-30 05:00:00+00:00,1.88342,1.88354,1.88274,1.88284
GBPCAD,2026-06-30 06:00:00+00:00,1.8828,1.88487,1.88248,1.884
GBPCAD,2026-06-30 07:00:00+00:00,1.88406,1.88455,1.88306,1.88316
GBPCAD,2026-06-30 08:00:00+00:00,1.88318,1.88345,1.88197,1.88312
GBPCAD,2026-06-30 09:00:00+00:00,1.88312,1.88484,1.88293,1.88421
GBPCAD,2026-06-30 10:00:00+00:00,1.88424,1.8847,1.88357,1.8836
GBPCAD,2026-06-30 11:00:00+00:00,1.88365,1.88374,1.8824,1.883
GBPCAD,2026-06-30 12:00:00+00:00,1.88304,1.88312,1.88026,1.8803
GBPCAD,2026-06-30 13:00:00+00:00,1.8803,1.8816,1.87988,1.8807
GBPCAD,2026-06-30 14:00:00+00:00,1.88079,1.88336,1.87973,1.8831
GBPCAD,2026-06-30 15:00:00+00:00,1.88319,1.8845,1.88262,1.8833
GBPCAD,2026-06-30 16:00:00+00:00,1.8833,1.88342,1.88227,1.88272
GBPCAD,2026-06-30 17:00:00+00:00,1.88271,1.88372,1.88254,1.88278
GBPCAD,2026-06-30 18:00:00+00:00,1.88278,1.8838,1.88254,1.88267
GBPCAD,2026-06-30 19:00:00+00:00,1.8827,1.88307,1.88082,1.8813
GBPCAD,2026-06-30 20:00:00+00:00,1.88124,1.88284,1.88064,1.88262
GBPCAD,2026-06-30 21:00:00+00:00,1.88222,1.88298,1.88156,1.88236
GBPCAD,2026-06-30 22:00:00+00:00,1.88232,1.88258,1.88186,1.88198
GBPCAD,2026-06-30 23:00:00+00:00,1.88204,1.88251,1.88163,1.88251
GBPCAD,2026-07-01 00:00:00+00:00,1.88257,1.88328,1.88222,1.8825
GBPCAD,2026-07-01 01:00:00+00:00,1.88258,1.883,1.88206,1.88224
GBPCAD,2026-07-01 02:00:00+00:00,1.88225,1.88252,1.8818,1.88202
GBPCAD,2026-07-01 03:00:00+00:00,1.882,1.8822,1.88149,1.88168
GBPCAD,2026-07-01 04:00:00+00:00,1.88169,1.88224,1.88142,1.88214
GBPCAD,2026-07-01 05:00:00+00:00,1.8821,1.88236,1.88158,1.88171
GBPCAD,2026-07-01 06:00:00+00:00,1.88174,1.88313,1.8816,1.88258
GBPCAD,2026-07-01 07:00:00+00:00,1.88258,1.88311,1.88076,1.88288
GBPCAD,2026-07-01 08:00:00+00:00,1.88289,1.88481,1.88262,1.88384
GBPCAD,2026-07-01 09:00:00+00:00,1.88392,1.88529,1.88369,1.88417
GBPCAD,2026-07-01 10:00:00+00:00,1.88422,1.88446,1.88372,1.88376
GBPCAD,2026-07-01 11:00:00+00:00,1.88376,1.88385,1.88236,1.88321
GBPCAD,2026-07-01 12:00:00+00:00,1.88326,1.88455,1.88293,1.88384
GBPCAD,2026-07-01 13:00:00+00:00,1.88381,1.8852,1.88159,1.88472
GBPCAD,2026-07-01 14:00:00+00:00,1.88458,1.88771,1.88416,1.88583
GBPCAD,2026-07-01 15:00:00+00:00,1.88586,1.88639,1.88472,1.88618
GBPCAD,2026-07-01 16:00:00+00:00,1.88622,1.88794,1.88617,1.88708
GBPCAD,2026-07-01 17:00:00+00:00,1.88708,1.8877,1.88692,1.88714
GBPCAD,2026-07-01 18:00:00+00:00,1.88714,1.88765,1.88667,1.88747
GBPCAD,2026-07-01 19:00:00+00:00,1.88748,1.88811,1.88728,1.88738
GBPCAD,2026-07-01 20:00:00+00:00,1.88736,1.88796,1.88644,1.8872
GBPCAD,2026-07-01 21:00:00+00:00,1.88673,1.88806,1.8857,1.88674
GBPCAD,2026-07-01 22:00:00+00:00,1.88678,1.88796,1.88678,1.8879
GBPCAD,2026-07-01 23:00:00+00:00,1.88788,1.88834,1.88772,1.88785
GBPCAD,2026-07-02 00:00:00+00:00,1.88788,1.88872,1.88758,1.88773
GBPCAD,2026-07-02 01:00:00+00:00,1.88774,1.88864,1.88746,1.8882
GBPCAD,2026-07-02 02:00:00+00:00,1.8882,1.8888,1.8881,1.88844
GBPCAD,2026-07-02 03:00:00+00:00,1.88846,1.8889,1.88815,1.88884
GBPCAD,2026-07-02 04:00:00+00:00,1.88883,1.88914,1.88848,1.88876
GBPCAD,2026-07-02 05:00:00+00:00,1.88876,1.88938,1.88871,1.88917
GBPCAD,2026-07-02 06:00:00+00:00,1.88908,1.89132,1.8886,1.88937
GBPCAD,2026-07-02 07:00:00+00:00,1.88933,1.89375,1.88898,1.8936
GBPCAD,2026-07-02 08:00:00+00:00,1.89358,1.89562,1.89307,1.89518
GBPCAD,2026-07-02 09:00:00+00:00,1.89514,1.89552,1.89348,1.89362
GBPCAD,2026-07-02 10:00:00+00:00,1.89364,1.89418,1.8923,1.89388
GBPCAD,2026-07-02 11:00:00+00:00,1.89392,1.89406,1.89134,1.89172
GBPCAD,2026-07-02 12:00:00+00:00,1.8917,1.89444,1.89028,1.89424
GBPCAD,2026-07-02 13:00:00+00:00,1.89434,1.89572,1.89304,1.89531
GBPCAD,2026-07-02 14:00:00+00:00,1.89534,1.89677,1.89428,1.8964
GBPCAD,2026-07-02 15:00:00+00:00,1.89641,1.89654,1.89462,1.89491
GBPCAD,2026-07-02 16:00:00+00:00,1.89494,1.89517,1.8931,1.8932
GBPCAD,2026-07-02 17:00:00+00:00,1.89318,1.89358,1.89152,1.89176
GBPCAD,2026-07-02 18:00:00+00:00,1.89175,1.89281,1.89164,1.89272
GBPCAD,2026-07-02 19:00:00+00:00,1.89276,1.89316,1.89224,1.89248
GBPCAD,2026-07-02 20:00:00+00:00,1.89248,1.89343,1.89226,1.8926
GBPCAD,2026-07-02 21:00:00+00:00,1.89288,1.89358,1.89221,1.89284
GBPCAD,2026-07-02 22:00:00+00:00,1.89278,1.89322,1.89254,1.89284
GBPCAD,2026-07-02 23:00:00+00:00,1.89286,1.89341,1.89268,1.89274
GBPCAD,2026-07-03 00:00:00+00:00,1.89272,1.89342,1.89268,1.8934
GBPCAD,2026-07-03 01:00:00+00:00,1.8934,1.89432,1.89324,1.89365
GBPCAD,2026-07-03 02:00:00+00:00,1.89366,1.89412,1.89316,1.89339
GBPCAD,2026-07-03 03:00:00+00:00,1.89338,1.8936,1.89301,1.89337
GBPCAD,2026-07-03 04:00:00+00:00,1.89338,1.89343,1.8929,1.89314
GBPCAD,2026-07-03 05:00:00+00:00,1.89316,1.89426,1.89282,1.89296
GBPCAD,2026-07-03 06:00:00+00:00,1.89294,1.89508,1.89284,1.89432
GBPCAD,2026-07-03 07:00:00+00:00,1.89429,1.89599,1.89372,1.89556
GBPCAD,2026-07-03 08:00:00+00:00,1.89558,1.89578,1.89408,1.89445
GBPCAD,2026-07-03 09:00:00+00:00,1.89448,1.89478,1.89361,1.8938
GBPCAD,2026-07-03 10:00:00+00:00,1.89382,1.89531,1.89344,1.89461
GBPCAD,2026-07-03 11:00:00+00:00,1.89464,1.89617,1.8945,1.89604
GBPCAD,2026-07-03 12:00:00+00:00,1.89606,1.89744,1.896,1.89679
GBPCAD,2026-07-03 13:00:00+00:00,1.89678,1.89679,1.89518,1.89547
GBPCAD,2026-07-03 14:00:00+00:00,1.89548,1.89652,1.89516,1.89634
GBPCAD,2026-07-03 15:00:00+00:00,1.89632,1.89699,1.89618,1.89652
GBPCAD,2026-07-03 16:00:00+00:00,1.8965,1.89733,1.8964,1.89662
GBPCAD,2026-07-03 17:00:00+00:00,1.89662,1.8971,1.89652,1.89672
GBPCAD,2026-07-03 18:00:00+00:00,1.89672,1.8969,1.896,1.89622
GBPCAD,2026-07-03 19:00:00+00:00,1.89628,1.89684,1.896,1.8963
GBPCAD,2026-07-03 20:00:00+00:00,1.89628,1.89747,1.89556,1.89611
GBPCAD,2026-07-05 21:00:00+00:00,1.8952,1.89658,1.89481,1.89574
GBPCAD,2026-07-05 22:00:00+00:00,1.89584,1.89694,1.8956,1.89602
GBPCAD,2026-07-05 23:00:00+00:00,1.89602,1.89672,1.89592,1.89663
GBPCAD,2026-07-06 00:00:00+00:00,1.89662,1.89744,1.89641,1.89682
GBPCAD,2026-07-06 01:00:00+00:00,1.89682,1.89682,1.89564,1.89566
GBPCAD,2026-07-06 02:00:00+00:00,1.89572,1.89635,1.89532,1.89618
GBPCAD,2026-07-06 03:00:00+00:00,1.89618,1.8963,1.89573,1.89588
GBPCAD,2026-07-06 04:00:00+00:00,1.89586,1.89594,1.8955,1.89565
GBPCAD,2026-07-06 05:00:00+00:00,1.89566,1.89572,1.89492,1.89512
GBPCAD,2026-07-06 06:00:00+00:00,1.89511,1.8958,1.8945,1.89557
GBPCAD,2026-07-06 07:00:00+00:00,1.89561,1.8981,1.89522,1.89796
GBPCAD,2026-07-06 08:00:00+00:00,1.89796,1.89813,1.8965,1.89762
GBPCAD,2026-07-06 09:00:00+00:00,1.89764,1.898,1.89697,1.89738
GBPCAD,2026-07-06 10:00:00+00:00,1.89737,1.8975,1.89594,1.89672
GBPCAD,2026-07-06 11:00:00+00:00,1.89672,1.89831,1.89632,1.89774
GBPCAD,2026-07-06 12:00:00+00:00,1.89775,1.89968,1.89766,1.89922
GBPCAD,2026-07-06 13:00:00+00:00,1.89916,1.89988,1.89767,1.8986
GBPCAD,2026-07-06 14:00:00+00:00,1.89858,1.90088,1.8982,1.89979
GBPCAD,2026-07-06 15:00:00+00:00,1.89978,1.90035,1.89853,1.90024
GBPCAD,2026-07-06 16:00:00+00:00,1.90026,1.90154,1.89975,1.90148
GBPCAD,2026-07-06 17:00:00+00:00,1.90148,1.90219,1.90114,1.90217
GBPCAD,2026-07-06 18:00:00+00:00,1.90215,1.90336,1.90182,1.90313
GBPCAD,2026-07-06 19:00:00+00:00,1.9031,1.9037,1.90204,1.90242
GBPCAD,2026-07-06 20:00:00+00:00,1.90242,1.90278,1.90192,1.90192
GBPCAD,2026-07-06 21:00:00+00:00,1.90164,1.90329,1.90155,1.90224
GBPCAD,2026-07-06 22:00:00+00:00,1.90226,1.90318,1.9018,1.90303
GBPCAD,2026-07-06 23:00:00+00:00,1.90304,1.90364,1.9029,1.90303
GBPCAD,2026-07-07 00:00:00+00:00,1.90302,1.90335,1.90253,1.90285
GBPCAD,2026-07-07 01:00:00+00:00,1.90286,1.90441,1.90286,1.9038
GBPCAD,2026-07-07 02:00:00+00:00,1.90381,1.904,1.90335,1.90354
GBPCAD,2026-07-07 03:00:00+00:00,1.9036,1.90398,1.90358,1.90362
GBPCAD,2026-07-07 04:00:00+00:00,1.90364,1.90386,1.90338,1.9036
GBPCAD,2026-07-07 05:00:00+00:00,1.9036,1.9036,1.90266,1.90296
GBPCAD,2026-07-07 06:00:00+00:00,1.903,1.90316,1.90159,1.90174
GBPCAD,2026-07-07 07:00:00+00:00,1.90182,1.90293,1.90104,1.90238
GBPCAD,2026-07-07 08:00:00+00:00,1.90236,1.90374,1.902,1.90332
GBPCAD,2026-07-07 09:00:00+00:00,1.90331,1.90335,1.90187,1.90189
GBPCAD,2026-07-07 10:00:00+00:00,1.90188,1.90241,1.90074,1.90203
GBPCAD,2026-07-07 11:00:00+00:00,1.90206,1.90326,1.9014,1.90306
GBPCAD,2026-07-07 12:00:00+00:00,1.90306,1.90356,1.90254,1.90324
GBPCAD,2026-07-07 13:00:00+00:00,1.90326,1.90366,1.89896,1.89917
GBPCAD,2026-07-07 14:00:00+00:00,1.89922,1.89967,1.8978,1.8991
GBPCAD,2026-07-07 15:00:00+00:00,1.89911,1.89928,1.89749,1.89791
GBPCAD,2026-07-07 16:00:00+00:00,1.89791,1.89816,1.89697,1.89761
GBPCAD,2026-07-07 17:00:00+00:00,1.89764,1.89778,1.89712,1.89722
GBPCAD,2026-07-07 18:00:00+00:00,1.89724,1.89755,1.8964,1.89696
GBPCAD,2026-07-07 19:00:00+00:00,1.89697,1.89705,1.8963,1.89672
GBPCAD,2026-07-07 20:00:00+00:00,1.89672,1.89712,1.89644,1.89698
GBPCAD,2026-07-07 21:00:00+00:00,1.89578,1.89716,1.89562,1.89654
GBPCAD,2026-07-07 22:00:00+00:00,1.89656,1.89694,1.89582,1.896
GBPCAD,2026-07-07 23:00:00+00:00,1.89599,1.89627,1.89576,1.89578
GBPCAD,2026-07-08 00:00:00+00:00,1.89578,1.89647,1.89493,1.89625
GBPCAD,2026-07-08 01:00:00+00:00,1.89629,1.89654,1.89558,1.89577
GBPCAD,2026-07-08 02:00:00+00:00,1.89578,1.89595,1.8952,1.89554
GBPCAD,2026-07-08 03:00:00+00:00,1.89554,1.89608,1.89554,1.89584
GBPCAD,2026-07-08 04:00:00+00:00,1.89584,1.89588,1.8951,1.89514
GBPCAD,2026-07-08 05:00:00+00:00,1.89514,1.89524,1.89438,1.89463
GBPCAD,2026-07-08 06:00:00+00:00,1.89466,1.89542,1.89408,1.89494
GBPCAD,2026-07-08 07:00:00+00:00,1.89494,1.89502,1.89274,1.89279
GBPCAD,2026-07-08 08:00:00+00:00,1.89272,1.89344,1.88894,1.88932
GBPCAD,2026-07-08 09:00:00+00:00,1.8894,1.88996,1.88792,1.8892
GBPCAD,2026-07-08 10:00:00+00:00,1.88924,1.89176,1.88913,1.89068
GBPCAD,2026-07-08 11:00:00+00:00,1.89066,1.89297,1.89042,1.89195
GBPCAD,2026-07-08 12:00:00+00:00,1.89195,1.89375,1.89184,1.89268
GBPCAD,2026-07-08 13:00:00+00:00,1.89261,1.89636,1.89248,1.8953
GBPCAD,2026-07-08 14:00:00+00:00,1.89523,1.89574,1.89321,1.89542
GBPCAD,2026-07-08 15:00:00+00:00,1.89542,1.89654,1.89366,1.89572
GBPCAD,2026-07-08 16:00:00+00:00,1.8957,1.89716,1.89528,1.89709
GBPCAD,2026-07-08 17:00:00+00:00,1.89708,1.90012,1.8968,1.8989
GBPCAD,2026-07-08 18:00:00+00:00,1.89884,1.89934,1.89838,1.89848
GBPCAD,2026-07-08 19:00:00+00:00,1.89854,1.89887,1.89771,1.89832
GBPCAD,2026-07-08 20:00:00+00:00,1.89834,1.89851,1.89669,1.89758
GBPCAD,2026-07-08 21:00:00+00:00,1.89766,1.89868,1.89636,1.89809
GBPCAD,2026-07-08 22:00:00+00:00,1.8981,1.89838,1.89726,1.89734
GBPCAD,2026-07-08 23:00:00+00:00,1.89735,1.89762,1.89702,1.89745
GBPCAD,2026-07-09 00:00:00+00:00,1.89752,1.89806,1.89714,1.89736
GBPCAD,2026-07-09 01:00:00+00:00,1.89736,1.89752,1.89644,1.8972
GBPCAD,2026-07-09 02:00:00+00:00,1.8972,1.89783,1.89704,1.89714
GBPCAD,2026-07-09 03:00:00+00:00,1.89714,1.89774,1.89668,1.89744
GBPCAD,2026-07-09 04:00:00+00:00,1.89744,1.89783,1.8973,1.89762
GBPCAD,2026-07-09 05:00:00+00:00,1.89761,1.89857,1.89758,1.89845
GBPCAD,2026-07-09 06:00:00+00:00,1.8985,1.90112,1.89848,1.90088
GBPCAD,2026-07-09 07:00:00+00:00,1.90094,1.9028,1.90068,1.90176
GBPCAD,2026-07-09 08:00:00+00:00,1.90182,1.90326,1.90166,1.90276
GBPCAD,2026-07-09 09:00:00+00:00,1.90276,1.9031,1.90128,1.90136
GBPCAD,2026-07-09 10:00:00+00:00,1.90134,1.90136,1.89866,1.89874
GBPCAD,2026-07-09 11:00:00+00:00,1.89875,1.89934,1.89751,1.89751
GBPCAD,2026-07-09 12:00:00+00:00,1.89752,1.89839,1.89644,1.89724
GBPCAD,2026-07-09 13:00:00+00:00,1.89731,1.90035,1.89729,1.90012
GBPCAD,2026-07-09 14:00:00+00:00,1.90011,1.90064,1.89711,1.89753
GBPCAD,2026-07-09 15:00:00+00:00,1.89754,1.89915,1.89716,1.8988
GBPCAD,2026-07-09 16:00:00+00:00,1.89882,1.89936,1.89799,1.89922
GBPCAD,2026-07-09 17:00:00+00:00,1.89924,1.90028,1.89898,1.90013
GBPCAD,2026-07-09 18:00:00+00:00,1.90014,1.90074,1.89983,1.90042
GBPCAD,2026-07-09 19:00:00+00:00,1.90041,1.9008,1.89935,1.89996
GBPCAD,2026-07-09 20:00:00+00:00,1.89996,1.90032,1.89937,1.89957
GBPCAD,2026-07-09 21:00:00+00:00,1.89938,1.9007,1.89877,1.90014
GBPCAD,2026-07-09 22:00:00+00:00,1.89975,1.90046,1.8995,1.90038
GBPCAD,2026-07-09 23:00:00+00:00,1.90037,1.90058,1.90017,1.9003
GBPCAD,2026-07-10 00:00:00+00:00,1.90031,1.90107,1.90014,1.90074
GBPCAD,2026-07-10 01:00:00+00:00,1.90074,1.90161,1.9005,1.90124
GBPCAD,2026-07-10 02:00:00+00:00,1.90124,1.90222,1.90115,1.90128
GBPCAD,2026-07-10 03:00:00+00:00,1.90129,1.9015,1.90104,1.90125
GBPCAD,2026-07-10 04:00:00+00:00,1.90124,1.9014,1.90102,1.90115
GBPCAD,2026-07-10 05:00:00+00:00,1.90114,1.90156,1.90103,1.90148
GBPCAD,2026-07-10 06:00:00+00:00,1.90146,1.90244,1.9005,1.90058
GBPCAD,2026-07-10 07:00:00+00:00,1.90059,1.90205,1.90058,1.9011
GBPCAD,2026-07-10 08:00:00+00:00,1.90106,1.90162,1.89958,1.89996
GBPCAD,2026-07-10 09:00:00+00:00,1.89996,1.90102,1.89981,1.9001
GBPCAD,2026-07-10 10:00:00+00:00,1.90012,1.90316,1.90006,1.90264
GBPCAD,2026-07-10 11:00:00+00:00,1.90264,1.90349,1.90016,1.90058
GBPCAD,2026-07-10 12:00:00+00:00,1.90062,1.90091,1.89778,1.89832
GBPCAD,2026-07-10 13:00:00+00:00,1.89834,1.8995,1.89768,1.89873
GBPCAD,2026-07-10 14:00:00+00:00,1.89868,1.89922,1.8969,1.89751
GBPCAD,2026-07-10 15:00:00+00:00,1.89752,1.89811,1.89662,1.89674
GBPCAD,2026-07-10 16:00:00+00:00,1.89679,1.89707,1.8941,1.89412
GBPCAD,2026-07-10 17:00:00+00:00,1.89416,1.89546,1.89401,1.89534
GBPCAD,2026-07-10 18:00:00+00:00,1.89536,1.89606,1.89518,1.89606
GBPCAD,2026-07-10 19:00:00+00:00,1.89606,1.8968,1.8959,1.89664
GBPCAD,2026-07-10 20:00:00+00:00,1.89668,1.89738,1.89616,1.89714
GBPCAD,2026-07-12 21:00:00+00:00,1.8956,1.89626,1.89545,1.8958
GBPCAD,2026-07-12 22:00:00+00:00,1.8959,1.89605,1.89426,1.89516
GBPCAD,2026-07-12 23:00:00+00:00,1.89516,1.89606,1.89476,1.89598
GBPCAD,2026-07-13 00:00:00+00:00,1.89602,1.89648,1.89515,1.89524
GBPCAD,2026-07-13 01:00:00+00:00,1.89517,1.89552,1.8946,1.89528
GBPCAD,2026-07-13 02:00:00+00:00,1.89534,1.89548,1.89472,1.89518
GBPCAD,2026-07-13 03:00:00+00:00,1.89518,1.89532,1.89445,1.8945
GBPCAD,2026-07-13 04:00:00+00:00,1.8945,1.89454,1.89414,1.8943
GBPCAD,2026-07-13 05:00:00+00:00,1.8943,1.89514,1.89405,1.89508
GBPCAD,2026-07-13 06:00:00+00:00,1.89504,1.89594,1.89438,1.8946
GBPCAD,2026-07-13 07:00:00+00:00,1.8947,1.89564,1.8933,1.89422
GBPCAD,2026-07-13 08:00:00+00:00,1.89424,1.89544,1.89328,1.89332
GBPCAD,2026-07-13 09:00:00+00:00,1.89332,1.89381,1.89293,1.89352
GBPCAD,2026-07-13 10:00:00+00:00,1.89347,1.89359,1.8921,1.89292
GBPCAD,2026-07-13 11:00:00+00:00,1.89298,1.89342,1.8916,1.89302
GBPCAD,2026-07-13 12:00:00+00:00,1.89302,1.89384,1.89218,1.89384
GBPCAD,2026-07-13 13:00:00+00:00,1.89384,1.89461,1.89282,1.89293
GBPCAD,2026-07-13 14:00:00+00:00,1.893,1.8935,1.89048,1.89207
GBPCAD,2026-07-13 15:00:00+00:00,1.89208,1.8922,1.8904,1.89208
GBPCAD,2026-07-13 16:00:00+00:00,1.89208,1.89228,1.89018,1.8907
GBPCAD,2026-07-13 17:00:00+00:00,1.8907,1.89136,1.8897,1.88985
GBPCAD,2026-07-13 18:00:00+00:00,1.88985,1.89068,1.8895,1.89048
GBPCAD,2026-07-13 19:00:00+00:00,1.89046,1.8908,1.88993,1.8902
GBPCAD,2026-07-13 20:00:00+00:00,1.89014,1.89034,1.88898,1.8894
GBPCAD,2026-07-13 21:00:00+00:00,1.89,1.89063,1.889,1.88954
GBPCAD,2026-07-13 22:00:00+00:00,1.8895,1.8897,1.88902,1.88915
GBPCAD,2026-07-13 23:00:00+00:00,1.88912,1.88936,1.8885,1.88888
GBPCAD,2026-07-14 00:00:00+00:00,1.88891,1.8894,1.88834,1.88889
GBPCAD,2026-07-14 01:00:00+00:00,1.88894,1.88926,1.88863,1.88872
GBPCAD,2026-07-14 02:00:00+00:00,1.88874,1.88886,1.88754,1.88768
GBPCAD,2026-07-14 03:00:00+00:00,1.88764,1.88828,1.8874,1.88803
GBPCAD,2026-07-14 04:00:00+00:00,1.88804,1.88817,1.88766,1.88784
GBPCAD,2026-07-14 05:00:00+00:00,1.88784,1.88914,1.88779,1.88834
GBPCAD,2026-07-14 06:00:00+00:00,1.88834,1.88846,1.88722,1.88772
GBPCAD,2026-07-14 07:00:00+00:00,1.88776,1.88784,1.8836,1.88399
GBPCAD,2026-07-14 08:00:00+00:00,1.88407,1.88524,1.88326,1.88477
GBPCAD,2026-07-14 09:00:00+00:00,1.8847,1.88487,1.88391,1.88447
GBPCAD,2026-07-14 10:00:00+00:00,1.88452,1.88647,1.88437,1.88642
GBPCAD,2026-07-14 11:00:00+00:00,1.88642,1.88924,1.88592,1.88905
GBPCAD,2026-07-14 12:00:00+00:00,1.88906,1.89139,1.88592,1.88709
GBPCAD,2026-07-14 13:00:00+00:00,1.88709,1.88766,1.88376,1.88759
GBPCAD,2026-07-14 14:00:00+00:00,1.88758,1.88765,1.88408,1.88428
GBPCAD,2026-07-14 15:00:00+00:00,1.88428,1.88452,1.88188,1.8826
GBPCAD,2026-07-14 16:00:00+00:00,1.88264,1.88334,1.88207,1.8824
GBPCAD,2026-07-14 17:00:00+00:00,1.88243,1.88276,1.88106,1.88201
GBPCAD,2026-07-14 18:00:00+00:00,1.88202,1.8831,1.88181,1.88232
GBPCAD,2026-07-14 19:00:00+00:00,1.88232,1.88328,1.8822,1.88324
GBPCAD,2026-07-14 20:00:00+00:00,1.88318,1.88358,1.88215,1.8827
GBPCAD,2026-07-14 21:00:00+00:00,1.88324,1.88397,1.88222,1.88306
GBPCAD,2026-07-14 22:00:00+00:00,1.88294,1.88318,1.8823,1.88266
GBPCAD,2026-07-14 23:00:00+00:00,1.88266,1.8829,1.8821,1.88243
GBPCAD,2026-07-15 00:00:00+00:00,1.88246,1.88302,1.88226,1.88268
GBPCAD,2026-07-15 01:00:00+00:00,1.8827,1.88292,1.88222,1.8824
GBPCAD,2026-07-15 02:00:00+00:00,1.88242,1.8826,1.88211,1.88221
GBPCAD,2026-07-15 03:00:00+00:00,1.88224,1.88286,1.88224,1.88264
GBPCAD,2026-07-15 04:00:00+00:00,1.88266,1.883,1.88251,1.88285
GBPCAD,2026-07-15 05:00:00+00:00,1.8829,1.88468,1.88267,1.88445
GBPCAD,2026-07-15 06:00:00+00:00,1.8845,1.88636,1.88449,1.88592
GBPCAD,2026-07-15 07:00:00+00:00,1.88591,1.88591,1.88312,1.88323
GBPCAD,2026-07-15 08:00:00+00:00,1.88323,1.88332,1.88212,1.88277
GBPCAD,2026-07-15 09:00:00+00:00,1.8828,1.88312,1.88228,1.8825
GBPCAD,2026-07-15 10:00:00+00:00,1.88259,1.88485,1.88209,1.88468
GBPCAD,2026-07-15 11:00:00+00:00,1.8847,1.88714,1.88432,1.88662
GBPCAD,2026-07-15 12:00:00+00:00,1.88661,1.8875,1.88578,1.8871
GBPCAD,2026-07-15 13:00:00+00:00,1.88713,1.89135,1.88688,1.89058
GBPCAD,2026-07-15 14:00:00+00:00,1.89062,1.89496,1.88934,1.89386
GBPCAD,2026-07-15 15:00:00+00:00,1.89382,1.89588,1.89322,1.89585
GBPCAD,2026-07-15 16:00:00+00:00,1.89592,1.90081,1.89558,1.90016
GBPCAD,2026-07-15 17:00:00+00:00,1.90012,1.90162,1.8997,1.90094
GBPCAD,2026-07-15 18:00:00+00:00,1.90095,1.90212,1.90038,1.90079
GBPCAD,2026-07-15 19:00:00+00:00,1.90076,1.90118,1.89974,1.90047
GBPCAD,2026-07-15 20:00:00+00:00,1.90046,1.90144,1.90028,1.90102
GBPCAD,2026-07-15 21:00:00+00:00,1.90011,1.90108,1.89952,1.90074
GBPCAD,2026-07-15 22:00:00+00:00,1.9007,1.9011,1.90049,1.90064
GBPCAD,2026-07-15 23:00:00+00:00,1.90066,1.90074,1.9003,1.90035
GBPCAD,2026-07-16 00:00:00+00:00,1.90034,1.90113,1.89944,1.89979
GBPCAD,2026-07-16 01:00:00+00:00,1.8998,1.9003,1.8996,1.90018
GBPCAD,2026-07-16 02:00:00+00:00,1.90018,1.9004,1.89957,1.90036
GBPCAD,2026-07-16 03:00:00+00:00,1.90037,1.90142,1.9003,1.90073
GBPCAD,2026-07-16 04:00:00+00:00,1.90076,1.90094,1.90048,1.90069
GBPCAD,2026-07-16 05:00:00+00:00,1.90074,1.90182,1.90038,1.90066
GBPCAD,2026-07-16 06:00:00+00:00,1.90062,1.90168,1.90051,1.90104
GBPCAD,2026-07-16 07:00:00+00:00,1.9011,1.90144,1.90025,1.90074
GBPCAD,2026-07-16 08:00:00+00:00,1.90072,1.90072,1.89832,1.89837
GBPCAD,2026-07-16 09:00:00+00:00,1.89839,1.8986,1.89636,1.89637
GBPCAD,2026-07-16 10:00:00+00:00,1.89638,1.89656,1.8952,1.89534
GBPCAD,2026-07-16 11:00:00+00:00,1.89533,1.89539,1.89384,1.89512
GBPCAD,2026-07-16 12:00:00+00:00,1.89514,1.89519,1.89301,1.89333
GBPCAD,2026-07-16 13:00:00+00:00,1.89338,1.89476,1.89228,1.89393
GBPCAD,2026-07-16 14:00:00+00:00,1.89394,1.89489,1.89216,1.89249
GBPCAD,2026-07-16 15:00:00+00:00,1.89252,1.89352,1.89195,1.89203
GBPCAD,2026-07-16 16:00:00+00:00,1.89204,1.89222,1.89126,1.89182
GBPCAD,2026-07-16 17:00:00+00:00,1.89183,1.89294,1.89163,1.8927
GBPCAD,2026-07-16 18:00:00+00:00,1.89271,1.89292,1.89196,1.89216
GBPCAD,2026-07-16 19:00:00+00:00,1.89216,1.89289,1.89186,1.89277
GBPCAD,2026-07-16 20:00:00+00:00,1.89273,1.89342,1.89246,1.89258
GBPCAD,2026-07-16 21:00:00+00:00,1.89316,1.89336,1.89231,1.89258
GBPCAD,2026-07-16 22:00:00+00:00,1.89268,1.89268,1.89168,1.89197
GBPCAD,2026-07-16 23:00:00+00:00,1.89198,1.89214,1.89168,1.89198
GBPCAD,2026-07-17 00:00:00+00:00,1.89196,1.8921,1.89084,1.89136
GBPCAD,2026-07-17 01:00:00+00:00,1.89148,1.89162,1.8901,1.89042
GBPCAD,2026-07-17 02:00:00+00:00,1.89035,1.89073,1.89019,1.89032
GBPCAD,2026-07-17 03:00:00+00:00,1.89032,1.89064,1.88992,1.88998
GBPCAD,2026-07-17 04:00:00+00:00,1.88999,1.89002,1.88897,1.88922
GBPCAD,2026-07-17 05:00:00+00:00,1.88924,1.88981,1.88884,1.88971
GBPCAD,2026-07-17 06:00:00+00:00,1.88968,1.89086,1.88951,1.89053
GBPCAD,2026-07-17 07:00:00+00:00,1.89054,1.89114,1.88781,1.88786
GBPCAD,2026-07-17 08:00:00+00:00,1.88788,1.88886,1.88584,1.88614
GBPCAD,2026-07-17 09:00:00+00:00,1.88616,1.88648,1.88522,1.88608
GBPCAD,2026-07-17 10:00:00+00:00,1.88614,1.88614,1.88444,1.88544
GBPCAD,2026-07-17 11:00:00+00:00,1.88542,1.8863,1.88443,1.88487
GBPCAD,2026-07-17 12:00:00+00:00,1.88486,1.88504,1.88299,1.8838
GBPCAD,2026-07-17 13:00:00+00:00,1.8838,1.88487,1.88256,1.88446
GBPCAD,2026-07-17 14:00:00+00:00,1.88446,1.88524,1.88364,1.88398
GBPCAD,2026-07-17 15:00:00+00:00,1.88398,1.8851,1.88351,1.88432
GBPCAD,2026-07-17 16:00:00+00:00,1.88435,1.88526,1.88332,1.8851
GBPCAD,2026-07-17 17:00:00+00:00,1.88514,1.88614,1.88498,1.8855
GBPCAD,2026-07-17 18:00:00+00:00,1.88544,1.88554,1.88473,1.88505
GBPCAD,2026-07-17 19:00:00+00:00,1.88498,1.88617,1.8849,1.88554
GBPCAD,2026-07-17 20:00:00+00:00,1.88553,1.88654,1.88528,1.88615
GBPCAD,2026-07-19 21:00:00+00:00,1.88479,1.88532,1.88374,1.8847
GBPCAD,2026-07-19 22:00:00+00:00,1.88468,1.88532,1.88438,1.88473
GBPCAD,2026-07-19 23:00:00+00:00,1.88472,1.88502,1.88442,1.88492
GBPCAD,2026-07-20 00:00:00+00:00,1.88492,1.88516,1.8846,1.88473
GBPCAD,2026-07-20 01:00:00+00:00,1.88476,1.88489,1.88429,1.88453
GBPCAD,2026-07-20 02:00:00+00:00,1.8845,1.88557,1.88442,1.88522
GBPCAD,2026-07-20 03:00:00+00:00,1.88521,1.88569,1.88517,1.88537
GBPCAD,2026-07-20 04:00:00+00:00,1.88535,1.88602,1.88526,1.88592
GBPCAD,2026-07-20 05:00:00+00:00,1.88592,1.88684,1.88584,1.88668
GBPCAD,2026-07-20 06:00:00+00:00,1.8867,1.88685,1.88522,1.88543
GBPCAD,2026-07-20 07:00:00+00:00,1.8854,1.88862,1.88532,1.8886
GBPCAD,2026-07-20 08:00:00+00:00,1.88862,1.8893,1.88821,1.88873
GBPCAD,2026-07-20 09:00:00+00:00,1.88872,1.88962,1.8875,1.8889
GBPCAD,2026-07-20 10:00:00+00:00,1.88892,1.88955,1.88826,1.88901
GBPCAD,2026-07-20 11:00:00+00:00,1.88899,1.89051,1.88826,1.88956
GBPCAD,2026-07-20 12:00:00+00:00,1.88952,1.8903,1.888,1.88972
GBPCAD,2026-07-20 13:00:00+00:00,1.88974,1.8906,1.8885,1.88899
GBPCAD,2026-07-20 14:00:00+00:00,1.889,1.88954,1.88762,1.88914
GBPCAD,2026-07-20 15:00:00+00:00,1.88912,1.88912,1.88596,1.88656
GBPCAD,2026-07-20 16:00:00+00:00,1.88652,1.88662,1.88575,1.8865
GBPCAD,2026-07-20 17:00:00+00:00,1.8865,1.8883,1.88644,1.88792
GBPCAD,2026-07-20 18:00:00+00:00,1.88788,1.88896,1.88788,1.88892
GBPCAD,2026-07-20 19:00:00+00:00,1.8888,1.89003,1.88849,1.8896
GBPCAD,2026-07-20 20:00:00+00:00,1.88962,1.88979,1.8892,1.88964
GBPCAD,2026-07-20 21:00:00+00:00,1.891,1.892,1.89036,1.89056
GBPCAD,2026-07-20 22:00:00+00:00,1.8906,1.89102,1.8899,1.89014
GBPCAD,2026-07-20 23:00:00+00:00,1.89018,1.89044,1.8898,1.88996
GBPCAD,2026-07-21 00:00:00+00:00,1.88996,1.89064,1.88972,1.89029
GBPCAD,2026-07-21 01:00:00+00:00,1.8903,1.89122,1.89016,1.89087
GBPCAD,2026-07-21 02:00:00+00:00,1.8909,1.89161,1.89086,1.89111
GBPCAD,2026-07-21 03:00:00+00:00,1.89118,1.89204,1.89067,1.8917
GBPCAD,2026-07-21 04:00:00+00:00,1.89172,1.89173,1.891,1.8912
GBPCAD,2026-07-21 05:00:00+00:00,1.8912,1.89162,1.89104,1.89143
GBPCAD,2026-07-21 06:00:00+00:00,1.89142,1.89308,1.89103,1.89122
GBPCAD,2026-07-21 07:00:00+00:00,1.8912,1.89186,1.88978,1.89036
GBPCAD,2026-07-21 08:00:00+00:00,1.8904,1.89162,1.88886,1.88894
GBPCAD,2026-07-21 09:00:00+00:00,1.88896,1.88901,1.88721,1.88748
GBPCAD,2026-07-21 10:00:00+00:00,1.8875,1.88852,1.88605,1.88643
GBPCAD,2026-07-21 11:00:00+00:00,1.88642,1.88688,1.88494,1.88552
GBPCAD,2026-07-21 12:00:00+00:00,1.88553,1.88642,1.88388,1.88448
GBPCAD,2026-07-21 13:00:00+00:00,1.88452,1.88612,1.88141,1.8852
GBPCAD,2026-07-21 14:00:00+00:00,1.88521,1.88694,1.88387,1.88418
GBPCAD,2026-07-21 15:00:00+00:00,1.88419,1.88605,1.88382,1.88525
GBPCAD,2026-07-21 16:00:00+00:00,1.88526,1.88696,1.88504,1.8866
GBPCAD,2026-07-21 17:00:00+00:00,1.88661,1.88802,1.88653,1.88751
GBPCAD,2026-07-21 18:00:00+00:00,1.88746,1.88777,1.88695,1.88764
GBPCAD,2026-07-21 19:00:00+00:00,1.88758,1.88826,1.88726,1.88735
GBPCAD,2026-07-21 20:00:00+00:00,1.88736,1.88736,1.88681,1.88709
GBPCAD,2026-07-21 21:00:00+00:00,1.88708,1.88793,1.88668,1.88755
GBPCAD,2026-07-21 22:00:00+00:00,1.88765,1.88779,1.88684,1.88705
GBPCAD,2026-07-21 23:00:00+00:00,1.88706,1.88721,1.88684,1.88708
GBPCAD,2026-07-22 00:00:00+00:00,1.88713,1.88803,1.88712,1.88796
GBPCAD,2026-07-22 01:00:00+00:00,1.88799,1.888,1.88718,1.8875
GBPCAD,2026-07-22 02:00:00+00:00,1.8875,1.88827,1.88732,1.88794
GBPCAD,2026-07-22 03:00:00+00:00,1.88793,1.88808,1.88749,1.88764
GBPCAD,2026-07-22 04:00:00+00:00,1.88762,1.88788,1.88758,1.88774
GBPCAD,2026-07-22 05:00:00+00:00,1.88778,1.88796,1.88699,1.887
GBPCAD,2026-07-22 06:00:00+00:00,1.88694,1.888,1.88525,1.88622
GBPCAD,2026-07-22 07:00:00+00:00,1.88626,1.88649,1.88469,1.88551
GBPCAD,2026-07-22 08:00:00+00:00,1.88551,1.88598,1.88452,1.88483
GBPCAD,2026-07-22 09:00:00+00:00,1.88476,1.88512,1.88382,1.88445
GBPCAD,2026-07-22 10:00:00+00:00,1.88446,1.88586,1.8844,1.88506
GBPCAD,2026-07-22 11:00:00+00:00,1.88506,1.88554,1.88316,1.88345
GBPCAD,2026-07-22 12:00:00+00:00,1.88346,1.88358,1.8818,1.88244
GBPCAD,2026-07-22 13:00:00+00:00,1.88244,1.88634,1.88242,1.88615
GBPCAD,2026-07-22 14:00:00+00:00,1.88616,1.88628,1.88329,1.88361
GBPCAD,2026-07-22 15:00:00+00:00,1.88362,1.88447,1.88346,1.88402
GBPCAD,2026-07-22 16:00:00+00:00,1.88401,1.88476,1.88336,1.88466
GBPCAD,2026-07-22 17:00:00+00:00,1.88467,1.88468,1.88398,1.88428
GBPCAD,2026-07-22 18:00:00+00:00,1.88434,1.88448,1.88369,1.8837
GBPCAD,2026-07-22 19:00:00+00:00,1.8837,1.88385,1.88344,1.88354
GBPCAD,2026-07-22 20:00:00+00:00,1.88352,1.88436,1.88338,1.88418
GBPCAD,2026-07-22 21:00:00+00:00,1.88418,1.88483,1.88366,1.88398
GBPCAD,2026-07-22 22:00:00+00:00,1.88392,1.88424,1.88314,1.8834
GBPCAD,2026-07-22 23:00:00+00:00,1.88342,1.88391,1.88341,1.88379
GBPCAD,2026-07-23 00:00:00+00:00,1.8838,1.88414,1.88342,1.88384
GBPCAD,2026-07-23 01:00:00+00:00,1.88382,1.8839,1.88307,1.88318
GBPCAD,2026-07-23 02:00:00+00:00,1.88316,1.88364,1.88294,1.88308
GBPCAD,2026-07-23 03:00:00+00:00,1.88308,1.88336,1.88276,1.88282
GBPCAD,2026-07-23 04:00:00+00:00,1.8828,1.88316,1.88239,1.88263
GBPCAD,2026-07-23 05:00:00+00:00,1.88262,1.88308,1.88232,1.88242
GBPCAD,2026-07-23 06:00:00+00:00,1.88238,1.8825,1.88118,1.88146
GBPCAD,2026-07-23 07:00:00+00:00,1.88146,1.88164,1.8799,1.8814
GBPCAD,2026-07-23 08:00:00+00:00,1.88142,1.88216,1.8806,1.88152
GBPCAD,2026-07-23 09:00:00+00:00,1.88151,1.88319,1.88144,1.88276
GBPCAD,2026-07-23 10:00:00+00:00,1.88275,1.88305,1.88191,1.88248
GBPCAD,2026-07-23 11:00:00+00:00,1.8825,1.88256,1.87944,1.88014
GBPCAD,2026-07-23 12:00:00+00:00,1.88013,1.8802,1.87836,1.87884
GBPCAD,2026-07-23 13:00:00+00:00,1.87879,1.87879,1.87611,1.8763
GBPCAD,2026-07-23 14:00:00+00:00,1.87632,1.87749,1.87534,1.87602
GBPCAD,2026-07-23 15:00:00+00:00,1.87602,1.87691,1.8745,1.87496
GBPCAD,2026-07-23 16:00:00+00:00,1.87504,1.87631,1.87498,1.87536
GBPCAD,2026-07-23 17:00:00+00:00,1.87536,1.87543,1.87434,1.87446
GBPCAD,2026-07-23 18:00:00+00:00,1.87448,1.87504,1.87407,1.8742
GBPCAD,2026-07-23 19:00:00+00:00,1.87422,1.87548,1.87396,1.87531
GBPCAD,2026-07-23 20:00:00+00:00,1.87532,1.87596,1.875,1.87508
GBPCAD,2026-07-23 21:00:00+00:00,1.87534,1.87592,1.87483,1.8751
GBPCAD,2026-07-23 22:00:00+00:00,1.87495,1.87532,1.87486,1.87522
GBPCAD,2026-07-23 23:00:00+00:00,1.87526,1.87534,1.87492,1.87501
GBPCAD,2026-07-24 00:00:00+00:00,1.875,1.87518,1.87404,1.87482
GBPCAD,2026-07-24 01:00:00+00:00,1.87476,1.87492,1.87438,1.87452
GBPCAD,2026-07-24 02:00:00+00:00,1.87464,1.87482,1.87426,1.8744
GBPCAD,2026-07-24 03:00:00+00:00,1.87442,1.87446,1.87402,1.87424
GBPCAD,2026-07-24 04:00:00+00:00,1.87423,1.87438,1.87402,1.87434
GBPCAD,2026-07-24 05:00:00+00:00,1.87436,1.87483,1.8742,1.87425
GBPCAD,2026-07-24 06:00:00+00:00,1.87426,1.87562,1.87416,1.87558
GBPCAD,2026-07-24 07:00:00+00:00,1.87559,1.87724,1.87526,1.87708
GBPCAD,2026-07-24 08:00:00+00:00,1.8771,1.87722,1.87535,1.87542
GBPCAD,2026-07-24 09:00:00+00:00,1.87544,1.87622,1.87453,1.87527
GBPCAD,2026-07-24 10:00:00+00:00,1.87526,1.87592,1.87456,1.87554
GBPCAD,2026-07-24 11:00:00+00:00,1.87552,1.87716,1.87528,1.87688
GBPCAD,2026-07-24 12:00:00+00:00,1.87694,1.87756,1.87581,1.87752
GBPCAD,2026-07-24 13:00:00+00:00,1.87752,1.8788,1.87739,1.8786
GBPCAD,2026-07-24 14:00:00+00:00,1.87868,1.8787,1.87654,1.87658
GBPCAD,2026-07-24 15:00:00+00:00,1.8766,1.8791,1.87629,1.87843
GBPCAD,2026-07-24 16:00:00+00:00,1.87848,1.87892,1.87787,1.87787
GBPCAD,2026-07-24 17:00:00+00:00,1.87788,1.87866,1.87751,1.87843
GBPCAD,2026-07-24 18:00:00+00:00,1.87844,1.87893,1.87832,1.87834
GBPCAD,2026-07-24 19:00:00+00:00,1.87841,1.87881,1.87808,1.87834
GBPCAD,2026-07-24 20:00:00+00:00,1.87834,1.87884,1.87713,1.878
GBPCAD,2026-07-26 21:00:00+00:00,1.87848,1.87993,1.87806,1.87941
GBPCAD,2026-07-26 22:00:00+00:00,1.87901,1.88084,1.87887,1.88002
GBPCAD,2026-07-26 23:00:00+00:00,1.88006,1.88078,1.87972,1.8807
GBPCAD,2026-07-27 00:00:00+00:00,1.8807,1.88085,1.8799,1.88
GBPCAD,2026-07-27 01:00:00+00:00,1.88006,1.88041,1.8798,1.88036
GBPCAD,2026-07-27 02:00:00+00:00,1.8804,1.8805,1.88,1.88008
GBPCAD,2026-07-27 03:00:00+00:00,1.88008,1.88066,1.88005,1.88041
GBPCAD,2026-07-27 04:00:00+00:00,1.88043,1.88081,1.88022,1.88022
GBPCAD,2026-07-27 05:00:00+00:00,1.88025,1.88087,1.88016,1.88074
GBPCAD,2026-07-27 06:00:00+00:00,1.88072,1.88304,1.88068,1.8818
GBPCAD,2026-07-27 07:00:00+00:00,1.88179,1.88217,1.87972,1.87982
GBPCAD,2026-07-27 08:00:00+00:00,1.87978,1.88059,1.87888,1.88044
GBPCAD,2026-07-27 09:00:00+00:00,1.88044,1.88098,1.88004,1.88046
GBPCAD,2026-07-27 10:00:00+00:00,1.88045,1.8808,1.87857,1.87876
GBPCAD,2026-07-27 11:00:00+00:00,1.87878,1.8791,1.87689,1.87828
GBPCAD,2026-07-27 12:00:00+00:00,1.87827,1.87863,1.87704,1.87836
GBPCAD,2026-07-27 13:00:00+00:00,1.87833,1.87893,1.8767,1.87688
GBPCAD,2026-07-27 14:00:00+00:00,1.87688,1.87895,1.87656,1.87742
GBPCAD,2026-07-27 15:00:00+00:00,1.87744,1.87778,1.8769,1.8771
GBPCAD,2026-07-27 16:00:00+00:00,1.8771,1.87845,1.87697,1.87731
GBPCAD,2026-07-27 17:00:00+00:00,1.87732,1.87746,1.87552,1.87676
GBPCAD,2026-07-27 18:00:00+00:00,1.87677,1.87742,1.87646,1.87692
GBPCAD,2026-07-27 19:00:00+00:00,1.87698,1.87748,1.87684,1.87695
GBPCAD,2026-07-27 20:00:00+00:00,1.87694,1.87722,1.87656,1.87682
GBPCAD,2026-07-27 21:00:00+00:00,1.87752,1.87803,1.87714,1.87724
GBPCAD,2026-07-27 22:00:00+00:00,1.87728,1.87734,1.87658,1.87664
GBPCAD,2026-07-27 23:00:00+00:00,1.87666,1.87714,1.87655,1.87713
GBPCAD,2026-07-28 00:00:00+00:00,1.8771,1.87758,1.87636,1.87654
GBPCAD,2026-07-28 01:00:00+00:00,1.8765,1.87718,1.87634,1.87691
GBPCAD,2026-07-28 02:00:00+00:00,1.87694,1.87744,1.87671,1.87722
GBPCAD,2026-07-28 03:00:00+00:00,1.87723,1.87763,1.87706,1.87709
GBPCAD,2026-07-28 04:00:00+00:00,1.87708,1.87712,1.87643,1.87695
GBPCAD,2026-07-28 05:00:00+00:00,1.87693,1.87734,1.8758,1.87596
GBPCAD,2026-07-28 06:00:00+00:00,1.87596,1.8783,1.87582,1.87802
GBPCAD,2026-07-28 07:00:00+00:00,1.87802,1.87809,1.87632,1.87652
GBPCAD,2026-07-28 08:00:00+00:00,1.87652,1.87764,1.87652,1.87714
GBPCAD,2026-07-28 09:00:00+00:00,1.87713,1.87713,1.87456,1.87456
GBPCAD,2026-07-28 10:00:00+00:00,1.8745,1.8745,1.87314,1.8735
GBPCAD,2026-07-28 11:00:00+00:00,1.87351,1.87436,1.8725,1.87338
GBPCAD,2026-07-28 12:00:00+00:00,1.87347,1.87696,1.87347,1.87673
GBPCAD,2026-07-28 13:00:00+00:00,1.87672,1.87683,1.87484,1.87536
GBPCAD,2026-07-28 14:00:00+00:00,1.87532,1.87551,1.87368,1.87468
GBPCAD,2026-07-28 15:00:00+00:00,1.87472,1.8756,1.87408,1.87552
GBPCAD,2026-07-28 16:00:00+00:00,1.87552,1.87566,1.87386,1.87386
GBPCAD,2026-07-28 17:00:00+00:00,1.87386,1.87559,1.87382,1.87478
GBPCAD,2026-07-28 18:00:00+00:00,1.8748,1.87503,1.87382,1.87439
GBPCAD,2026-07-28 19:00:00+00:00,1.87438,1.87532,1.87428,1.87494
GBPCAD,2026-07-28 20:00:00+00:00,1.87491,1.87516,1.87422,1.87485
GBPCAD,2026-07-28 21:00:00+00:00,1.8749,1.87532,1.87428,1.87437
GBPCAD,2026-07-28 22:00:00+00:00,1.87443,1.87462,1.8734,1.87378
GBPCAD,2026-07-28 23:00:00+00:00,1.87376,1.8743,1.87338,1.8743
GBPCAD,2026-07-29 00:00:00+00:00,1.8743,1.87486,1.87402,1.87428
GBPCAD,2026-07-29 01:00:00+00:00,1.87434,1.87438,1.87311,1.8735
GBPCAD,2026-07-29 02:00:00+00:00,1.87342,1.87454,1.87338,1.87402
GBPCAD,2026-07-29 03:00:00+00:00,1.87402,1.8743,1.87349,1.87362
GBPCAD,2026-07-29 04:00:00+00:00,1.87364,1.87408,1.87348,1.87366
GBPCAD,2026-07-29 05:00:00+00:00,1.87367,1.87413,1.87356,1.87392
GBPCAD,2026-07-29 06:00:00+00:00,1.87388,1.87478,1.87325,1.87448
GBPCAD,2026-07-29 07:00:00+00:00,1.87447,1.87508,1.87389,1.87488
GBPCAD,2026-07-29 08:00:00+00:00,1.8749,1.8759,1.87413,1.87584
GBPCAD,2026-07-29 09:00:00+00:00,1.87584,1.87584,1.87438,1.8751
GBPCAD,2026-07-29 10:00:00+00:00,1.87512,1.87542,1.87376,1.87392
GBPCAD,2026-07-29 11:00:00+00:00,1.87395,1.87444,1.87354,1.87406
GBPCAD,2026-07-29 12:00:00+00:00,1.87414,1.87462,1.87172,1.872
GBPCAD,2026-07-29 13:00:00+00:00,1.87206,1.87278,1.87134,1.87184
GBPCAD,2026-07-29 14:00:00+00:00,1.87194,1.8736,1.87138,1.8723
GBPCAD,2026-07-29 15:00:00+00:00,1.87228,1.87262,1.87154,1.87169
GBPCAD,2026-07-29 16:00:00+00:00,1.87172,1.87304,1.87128,1.87304
GBPCAD,2026-07-29 17:00:00+00:00,1.87304,1.87546,1.87294,1.87498
GBPCAD,2026-07-29 18:00:00+00:00,1.87487,1.87722,1.87274,1.87643
GBPCAD,2026-07-29 19:00:00+00:00,1.87649,1.87742,1.87486,1.87616
GBPCAD,2026-07-29 20:00:00+00:00,1.87613,1.87792,1.87478,1.87778
GBPCAD,2026-07-29 21:00:00+00:00,1.87665,1.87796,1.87638,1.87683
GBPCAD,2026-07-29 22:00:00+00:00,1.87648,1.87757,1.87641,1.8768
GBPCAD,2026-07-29 23:00:00+00:00,1.8768,1.87724,1.87582,1.87594
GBPCAD,2026-07-30 00:00:00+00:00,1.87595,1.87614,1.87495,1.87526
GBPCAD,2026-07-30 01:00:00+00:00,1.87526,1.87599,1.87508,1.87566
GBPCAD,2026-07-30 02:00:00+00:00,1.87566,1.87608,1.87516,1.87522
GBPCAD,2026-07-30 03:00:00+00:00,1.87522,1.87532,1.87458,1.87508
GBPCAD,2026-07-30 04:00:00+00:00,1.8751,1.87582,1.87497,1.87526
GBPCAD,2026-07-30 05:00:00+00:00,1.87528,1.87638,1.87498,1.87566
GBPCAD,2026-07-30 06:00:00+00:00,1.87568,1.87608,1.87396,1.87491
GBPCAD,2026-07-30 07:00:00+00:00,1.87492,1.87646,1.8749,1.87588
GBPCAD,2026-07-30 08:00:00+00:00,1.87594,1.87807,1.8759,1.87726
GBPCAD,2026-07-30 09:00:00+00:00,1.87722,1.88009,1.87715,1.87935
GBPCAD,2026-07-30 10:00:00+00:00,1.87937,1.88205,1.8784,1.88025
GBPCAD,2026-07-30 11:00:00+00:00,1.88018,1.88176,1.87848,1.87978
GBPCAD,2026-07-30 12:00:00+00:00,1.87978,1.8807,1.87849,1.87916
GBPCAD,2026-07-30 13:00:00+00:00,1.87914,1.88214,1.87748,1.88102
GBPCAD,2026-07-30 14:00:00+00:00,1.88098,1.88365,1.88051,1.8816
GBPCAD,2026-07-30 15:00:00+00:00,1.8816,1.88517,1.88134,1.88452
GBPCAD,2026-07-30 16:00:00+00:00,1.88451,1.88586,1.88344,1.88409
GBPCAD,2026-07-30 17:00:00+00:00,1.88408,1.88524,1.88376,1.88517
GBPCAD,2026-07-30 18:00:00+00:00,1.88518,1.88591,1.88444,1.8857
GBPCAD,2026-07-30 19:00:00+00:00,1.88575,1.88654,1.88564,1.88594
GBPCAD,2026-07-30 20:00:00+00:00,1.88596,1.8866,1.88558,1.88616
GBPCAD,2026-07-30 21:00:00+00:00,1.8872,1.88734,1.88642,1.88682
GBPCAD,2026-07-30 22:00:00+00:00,1.88676,1.88708,1.88602,1.8862
GBPCAD,2026-07-30 23:00:00+00:00,1.88621,1.88635,1.88587,1.88608
GBPCAD,2026-07-31 00:00:00+00:00,1.8861,1.88644,1.88528,1.8862
GBPCAD,2026-07-31 01:00:00+00:00,1.8862,1.88644,1.88503,1.88548
GBPCAD,2026-07-31 02:00:00+00:00,1.88548,1.88622,1.88525,1.8854
GBPCAD,2026-07-31 03:00:00+00:00,1.88542,1.88585,1.88516,1.88572
GBPCAD,2026-07-31 04:00:00+00:00,1.88578,1.88578,1.88463,1.88502
GBPCAD,2026-07-31 05:00:00+00:00,1.88507,1.88528,1.8844,1.88472
GBPCAD,2026-07-31 06:00:00+00:00,1.88473,1.88642,1.88464,1.88514
GBPCAD,2026-07-31 07:00:00+00:00,1.88512,1.88656,1.88456,1.88615
GBPCAD,2026-07-31 08:00:00+00:00,1.88614,1.8862,1.88382,1.8856
GBPCAD,2026-07-31 09:00:00+00:00,1.8856,1.88634,1.88469,1.88492
GBPCAD,2026-07-31 10:00:00+00:00,1.88486,1.88579,1.88448,1.88514
GBPCAD,2026-07-31 11:00:00+00:00,1.88515,1.88515,1.88251,1.88335
GBPCAD,2026-07-31 12:00:00+00:00,1.88334,1.88545,1.8832,1.88382
GBPCAD,2026-07-31 13:00:00+00:00,1.88384,1.88412,1.88008,1.88254
GBPCAD,2026-07-31 14:00:00+00:00,1.88252,1.88842,1.88166,1.888
GBPCAD,2026-07-31 15:00:00+00:00,1.888,1.89031,1.8872,1.88957
GBPCAD,2026-07-31 16:00:00+00:00,1.88958,1.88958,1.88838,1.8891
GBPCAD,2026-07-31 17:00:00+00:00,1.8891,1.89052,1.88882,1.89026
GBPCAD,2026-07-31 18:00:00+00:00,1.89028,1.89078,1.88957,1.89012
GBPCAD,2026-07-31 19:00:00+00:00,1.89016,1.89033,1.88897,1.88916
GBPCAD,2026-07-31 20:00:00+00:00,1.8891,1.8913,1.88844,1.88946
GBPCAD,2026-08-02 21:00:00+00:00,1.8907,1.89102,1.88872,1.88997
GBPCAD,2026-08-02 22:00:00+00:00,1.88996,1.89188,1.88968,1.89084
GBPCAD,2026-08-02 23:00:00+00:00,1.89084,1.89096,1.89019,1.89056
GBPCAD,2026-08-03 00:00:00+00:00,1.89054,1.89112,1.88966,1.8911
GBPCAD,2026-08-03 01:00:00+00:00,1.89107,1.89188,1.88917,1.89052
GBPCAD,2026-08-03 02:00:00+00:00,1.89053,1.8908,1.88988,1.89016
GBPCAD,2026-08-03 03:00:00+00:00,1.89016,1.89028,1.88958,1.89002
GBPCAD,2026-08-03 04:00:00+00:00,1.89002,1.89064,1.88984,1.8905
GBPCAD,2026-08-03 05:00:00+00:00,1.89054,1.89082,1.8903,1.89048
GBPCAD,2026-08-03 06:00:00+00:00,1.89049,1.89072,1.8891,1.88958
GBPCAD,2026-08-03 07:00:00+00:00,1.88958,1.89072,1.88908,1.89016
GBPCAD,2026-08-03 08:00:00+00:00,1.89018,1.89022,1.88923,1.88924
GBPCAD,2026-08-03 09:00:00+00:00,1.88923,1.88944,1.88846,1.8886
GBPCAD,2026-08-03 10:00:00+00:00,1.8886,1.89038,1.88842,1.8902
GBPCAD,2026-08-03 11:00:00+00:00,1.89019,1.8906,1.88911,1.88936
GBPCAD,2026-08-03 12:00:00+00:00,1.88935,1.89058,1.88914,1.8902
GBPCAD,2026-08-03 13:00:00+00:00,1.8902,1.89044,1.88889,1.8891
GBPCAD,2026-08-03 14:00:00+00:00,1.8886,1.88911,1.88602,1.88604
GBPCAD,2026-08-03 15:00:00+00:00,1.88604,1.8864,1.8853,1.88614
GBPCAD,2026-08-03 16:00:00+00:00,1.88616,1.88648,1.88505,1.88532
GBPCAD,2026-08-03 17:00:00+00:00,1.88534,1.88612,1.88526,1.88548
GBPCAD,2026-08-03 18:00:00+00:00,1.8855,1.88636,1.88542,1.88633
GBPCAD,2026-08-03 19:00:00+00:00,1.88632,1.88654,1.88616,1.88632
GBPCAD,2026-08-03 20:00:00+00:00,1.88632,1.88694,1.88622,1.88685
GBPCAD,2026-08-03 21:00:00+00:00,1.88648,1.88682,1.8861,1.88648
GBPCAD,2026-08-03 22:00:00+00:00,1.88651,1.88684,1.88615,1.88622
GBPCAD,2026-08-03 23:00:00+00:00,1.88627,1.8863,1.88582,1.88602
GBPCAD,2026-08-04 00:00:00+00:00,1.88602,1.88616,1.88516,1.8852
GBPCAD,2026-08-04 01:00:00+00:00,1.88518,1.88615,1.88504,1.88585
GBPCAD,2026-08-04 02:00:00+00:00,1.88584,1.88654,1.88583,1.88609
GBPCAD,2026-08-04 03:00:00+00:00,1.88608,1.88638,1.88534,1.88548
GBPCAD,2026-08-04 04:00:00+00:00,1.88547,1.88574,1.88522,1.88557
GBPCAD,2026-08-04 05:00:00+00:00,1.88556,1.88646,1.88528,1.88632
GBPCAD,2026-08-04 06:00:00+00:00,1.8863,1.88844,1.8862,1.8882
GBPCAD,2026-08-04 07:00:00+00:00,1.88824,1.88866,1.88764,1.88783
GBPCAD,2026-08-04 08:00:00+00:00,1.88786,1.88797,1.8864,1.8871
GBPCAD,2026-08-04 09:00:00+00:00,1.8871,1.8871,1.88644,1.88682
GBPCAD,2026-08-04 10:00:00+00:00,1.88684,1.88768,1.88652,1.88757
GBPCAD,2026-08-04 11:00:00+00:00,1.88756,1.89036,1.88756,1.89018
GBPCAD,2026-08-04 12:00:00+00:00,1.8902,1.89121,1.88994,1.89044
GBPCAD,2026-08-04 13:00:00+00:00,1.89046,1.89204,1.89006,1.89134
GBPCAD,2026-08-04 14:00:00+00:00,1.89142,1.89175,1.88957,1.89026
GBPCAD,2026-08-04 15:00:00+00:00,1.89025,1.89352,1.8901,1.89322
GBPCAD,2026-08-04 16:00:00+00:00,1.89329,1.89371,1.89248,1.89268
GBPCAD,2026-08-04 17:00:00+00:00,1.89268,1.89292,1.89164,1.89182
GBPCAD,2026-08-04 18:00:00+00:00,1.8918,1.8922,1.89142,1.89199
GBPCAD,2026-08-04 19:00:00+00:00,1.89206,1.89214,1.89153,1.89203
GBPCAD,2026-08-04 20:00:00+00:00,1.89202,1.89226,1.89144,1.89154
GBPCAD,2026-08-04 21:00:00+00:00,1.89118,1.8925,1.89118,1.89192
GBPCAD,2026-08-04 22:00:00+00:00,1.89198,1.89208,1.89138,1.89168
GBPCAD,2026-08-04 23:00:00+00:00,1.89168,1.89205,1.89146,1.89186
GBPCAD,2026-08-05 00:00:00+00:00,1.89186,1.8924,1.89184,1.8921
GBPCAD,2026-08-05 01:00:00+00:00,1.89214,1.89221,1.89166,1.89216
GBPCAD,2026-08-05 02:00:00+00:00,1.89216,1.89366,1.89212,1.89314
GBPCAD,2026-08-05 03:00:00+00:00,1.89312,1.89333,1.89284,1.89329
GBPCAD,2026-08-05 04:00:00+00:00,1.8933,1.89352,1.89322,1.89344
GBPCAD,2026-08-05 05:00:00+00:00,1.89346,1.89397,1.89321,1.89354
GBPCAD,2026-08-05 06:00:00+00:00,1.89355,1.8954,1.89354,1.89522
GBPCAD,2026-08-05 07:00:00+00:00,1.89522,1.89534,1.89356,1.89448
GBPCAD,2026-08-05 08:00:00+00:00,1.89447,1.89472,1.89294,1.89317
GBPCAD,2026-08-05 09:00:00+00:00,1.89318,1.89432,1.8929,1.89392
GBPCAD,2026-08-05 10:00:00+00:00,1.89392,1.89448,1.89368,1.89417
GBPCAD,2026-08-05 11:00:00+00:00,1.89418,1.89486,1.8938,1.89406
GBPCAD,2026-08-05 12:00:00+00:00,1.89407,1.89409,1.89236,1.89264
GBPCAD,2026-08-05 13:00:00+00:00,1.89261,1.89333,1.8908,1.8911
GBPCAD,2026-08-05 14:00:00+00:00,1.89116,1.89204,1.88914,1.88953
GBPCAD,2026-08-05 15:00:00+00:00,1.88954,1.88988,1.8867,1.88726
GBPCAD,2026-08-05 16:00:00+00:00,1.88726,1.88844,1.88689,1.88788
GBPCAD,2026-08-05 17:00:00+00:00,1.88782,1.88816,1.88695,1.8872
GBPCAD,2026-08-05 18:00:00+00:00,1.8872,1.88722,1.88646,1.8867
GBPCAD,2026-08-05 19:00:00+00:00,1.88668,1.887,1.88642,1.88653
GBPCAD,2026-08-05 20:00:00+00:00,1.88651,1.8872,1.88618,1.88707
GBPCAD,2026-08-05 21:00:00+00:00,1.88686,1.88761,1.88652,1.88714
GBPCAD,2026-08-05 22:00:00+00:00,1.8872,1.88722,1.88645,1.88661
GBPCAD,2026-08-05 23:00:00+00:00,1.88658,1.887,1.88658,1.8869
GBPCAD,2026-08-06 00:00:00+00:00,1.88691,1.88691,1.88614,1.88618
GBPCAD,2026-08-06 01:00:00+00:00,1.8862,1.88633,1.88581,1.88626
GBPCAD,2026-08-06 02:00:00+00:00,1.88624,1.88676,1.88624,1.88639
GBPCAD,2026-08-06 03:00:00+00:00,1.8864,1.8864,1.88581,1.88607
GBPCAD,2026-08-06 04:00:00+00:00,1.88608,1.88632,1.88602,1.88615
GBPCAD,2026-08-06 05:00:00+00:00,1.88615,1.88636,1.8858,1.8863
GBPCAD,2026-08-06 06:00:00+00:00,1.88628,1.88648,1.88548,1.88597
GBPCAD,2026-08-06 07:00:00+00:00,1.886,1.88628,1.88548,1.8859
GBPCAD,2026-08-06 08:00:00+00:00,1.88592,1.88662,1.88546,1.88616
GBPCAD,2026-08-06 09:00:00+00:00,1.88616,1.88632,1.8846,1.88524
GBPCAD,2026-08-06 10:00:00+00:00,1.88525,1.88528,1.88418,1.8843
GBPCAD,2026-08-06 11:00:00+00:00,1.88432,1.88473,1.88389,1.88431
GBPCAD,2026-08-06 12:00:00+00:00,1.88429,1.8865,1.88396,1.88646
GBPCAD,2026-08-06 13:00:00+00:00,1.88646,1.88892,1.88636,1.88871
GBPCAD,2026-08-06 14:00:00+00:00,1.88872,1.88894,1.88728,1.88786
GBPCAD,2026-08-06 15:00:00+00:00,1.88788,1.8884,1.88728,1.8875
GBPCAD,2026-08-06 16:00:00+00:00,1.8875,1.88764,1.88648,1.88662
GBPCAD,2026-08-06 17:00:00+00:00,1.88664,1.88686,1.88524,1.88584
GBPCAD,2026-08-06 18:00:00+00:00,1.88584,1.88613,1.8851,1.88556
GBPCAD,2026-08-06 19:00:00+00:00,1.88556,1.88584,1.88509,1.8855
GBPCAD,2026-08-06 20:00:00+00:00,1.88548,1.88556,1.88478,1.8852
GBPCAD,2026-08-06 21:00:00+00:00,1.88556,1.88572,1.88418,1.88552
GBPCAD,2026-08-06 22:00:00+00:00,1.88536,1.88566,1.885,1.88519
GBPCAD,2026-08-06 23:00:00+00:00,1.88518,1.8855,1.88513,1.88548
GBPCAD,2026-08-07 00:00:00+00:00,1.88549,1.88558,1.88504,1.88544
GBPCAD,2026-08-07 01:00:00+00:00,1.88544,1.8856,1.88518,1.88548
GBPCAD,2026-08-07 02:00:00+00:00,1.88547,1.88602,1.88544,1.88592
GBPCAD,2026-08-07 03:00:00+00:00,1.88592,1.88602,1.88568,1.88582
GBPCAD,2026-08-07 04:00:00+00:00,1.88586,1.88619,1.88574,1.88606
GBPCAD,2026-08-07 05:00:00+00:00,1.88606,1.88663,1.88599,1.88662
GBPCAD,2026-08-07 06:00:00+00:00,1.88664,1.88735,1.88643,1.88666
GBPCAD,2026-08-07 07:00:00+00:00,1.88664,1.88665,1.88566,1.88589
GBPCAD,2026-08-07 08:00:00+00:00,1.88592,1.8863,1.88503,1.88504
GBPCAD,2026-08-07 09:00:00+00:00,1.88504,1.88532,1.8836,1.88394
GBPCAD,2026-08-07 10:00:00+00:00,1.88393,1.88437,1.88372,1.88406
GBPCAD,2026-08-07 11:00:00+00:00,1.88404,1.88454,1.88384,1.88444
GBPCAD,2026-08-07 12:00:00+00:00,1.8845,1.88682,1.8818,1.88294
GBPCAD,2026-08-07 13:00:00+00:00,1.88296,1.88434,1.88148,1.88173
GBPCAD,2026-08-07 14:00:00+00:00,1.88172,1.88194,1.87964,1.88068
GBPCAD,2026-08-07 15:00:00+00:00,1.8807,1.88111,1.87942,1.88052
GBPCAD,2026-08-07 16:00:00+00:00,1.88052,1.88146,1.8803,1.88063
GBPCAD,2026-08-07 17:00:00+00:00,1.88064,1.88113,1.88012,1.88082
GBPCAD,2026-08-07 18:00:00+00:00,1.88082,1.88136,1.88048,1.88131
GBPCAD,2026-08-07 19:00:00+00:00,1.88131,1.88244,1.88124,1.88192
GBPCAD,2026-08-07 20:00:00+00:00,1.88191,1.88237,1.88056,1.88101
GBPCAD,2026-08-09 21:00:00+00:00,1.88283,1.88341,1.88125,1.88199
GBPCAD,2026-08-09 22:00:00+00:00,1.88192,1.88228,1.88076,1.88114
GBPCAD,2026-08-09 23:00:00+00:00,1.88116,1.8821,1.88115,1.88195
GBPCAD,2026-08-10 00:00:00+00:00,1.88194,1.88232,1.88172,1.88184
GBPCAD,2026-08-10 01:00:00+00:00,1.88184,1.88226,1.88134,1.88198
GBPCAD,2026-08-10 02:00:00+00:00,1.88198,1.88232,1.88184,1.88214
GBPCAD,2026-08-10 03:00:00+00:00,1.8821,1.8828,1.8821,1.88276
GBPCAD,2026-08-10 04:00:00+00:00,1.88276,1.88334,1.88266,1.88302
GBPCAD,2026-08-10 05:00:00+00:00,1.88304,1.88342,1.88294,1.88339
GBPCAD,2026-08-10 06:00:00+00:00,1.88344,1.88375,1.88284,1.88308
GBPCAD,2026-08-10 07:00:00+00:00,1.88306,1.88318,1.88152,1.88163
GBPCAD,2026-08-10 08:00:00+00:00,1.88162,1.88236,1.88146,1.88236
GBPCAD,2026-08-10 09:00:00+00:00,1.88236,1.88278,1.88149,1.88162
GBPCAD,2026-08-10 10:00:00+00:00,1.88162,1.88256,1.88134,1.88195
GBPCAD,2026-08-10 11:00:00+00:00,1.88194,1.88226,1.88137,1.88204
GBPCAD,2026-08-10 12:00:00+00:00,1.88204,1.88265,1.8818,1.88223
GBPCAD,2026-08-10 13:00:00+00:00,1.88224,1.88494,1.88224,1.88394
GBPCAD,2026-08-10 14:00:00+00:00,1.88393,1.88604,1.88386,1.88515
GBPCAD,2026-08-10 15:00:00+00:00,1.88514,1.88546,1.88362,1.88387
GBPCAD,2026-08-10 16:00:00+00:00,1.88388,1.88414,1.8826,1.88296
GBPCAD,2026-08-10 17:00:00+00:00,1.88296,1.88384,1.8829,1.8835
GBPCAD,2026-08-10 18:00:00+00:00,1.8835,1.8837,1.88298,1.88341
GBPCAD,2026-08-10 19:00:00+00:00,1.88342,1.8835,1.88236,1.88292
GBPCAD,2026-08-10 20:00:00+00:00,1.88294,1.88309,1.88248,1.88302
GBPCAD,2026-08-10 21:00:00+00:00,1.88268,1.88335,1.88223,1.8826
GBPCAD,2026-08-10 22:00:00+00:00,1.88256,1.88296,1.88256,1.8828
GBPCAD,2026-08-10 23:00:00+00:00,1.88288,1.88289,1.88236,1.88256
GBPCAD,2026-08-11 00:00:00+00:00,1.88256,1.88269,1.88226,1.88234
GBPCAD,2026-08-11 01:00:00+00:00,1.8824,1.8827,1.88212,1.88232
GBPCAD,2026-08-11 02:00:00+00:00,1.88232,1.88244,1.88173,1.88184
GBPCAD,2026-08-11 03:00:00+00:00,1.88183,1.88251,1.88182,1.8821
GBPCAD,2026-08-11 04:00:00+00:00,1.88212,1.88243,1.88182,1.88222
GBPCAD,2026-08-11 05:00:00+00:00,1.88224,1.88226,1.88173,1.88204
GBPCAD,2026-08-11 06:00:00+00:00,1.88202,1.88273,1.881,1.88162
GBPCAD,2026-08-11 07:00:00+00:00,1.88162,1.8827,1.88102,1.88196
GBPCAD,2026-08-11 08:00:00+00:00,1.88196,1.88236,1.88146,1.88164
GBPCAD,2026-08-11 09:00:00+00:00,1.88163,1.88181,1.88077,1.88143
GBPCAD,2026-08-11 10:00:00+00:00,1.88143,1.88154,1.88042,1.88056
GBPCAD,2026-08-11 11:00:00+00:00,1.88054,1.88158,1.88037,1.88082
GBPCAD,2026-08-11 12:00:00+00:00,1.88092,1.88156,1.88038,1.88093
GBPCAD,2026-08-11 13:00:00+00:00,1.88095,1.8825,1.88084,1.88164
GBPCAD,2026-08-11 14:00:00+00:00,1.88168,1.8818,1.88079,1.88126
GBPCAD,2026-08-11 15:00:00+00:00,1.88126,1.88194,1.88072,1.88176
GBPCAD,2026-08-11 16:00:00+00:00,1.88178,1.88186,1.8794,1.8795
GBPCAD,2026-08-11 17:00:00+00:00,1.87949,1.87991,1.87888,1.87974
GBPCAD,2026-08-11 18:00:00+00:00,1.87971,1.87972,1.87876,1.87956
GBPCAD,2026-08-11 19:00:00+00:00,1.87956,1.88096,1.87952,1.88094
GBPCAD,2026-08-11 20:00:00+00:00,1.88094,1.88111,1.88046,1.88103
GBPCAD,2026-08-11 21:00:00+00:00,1.88064,1.88118,1.88023,1.88092
GBPCAD,2026-08-11 22:00:00+00:00,1.88091,1.88102,1.88032,1.88051
GBPCAD,2026-08-11 23:00:00+00:00,1.88052,1.88078,1.88036,1.88051
GBPCAD,2026-08-12 00:00:00+00:00,1.8805,1.88072,1.88036,1.88065
GBPCAD,2026-08-12 01:00:00+00:00,1.88061,1.88139,1.8805,1.8812
GBPCAD,2026-08-12 02:00:00+00:00,1.8812,1.8813,1.88087,1.88108
GBPCAD,2026-08-12 03:00:00+00:00,1.88108,1.88126,1.88096,1.88107
GBPCAD,2026-08-12 04:00:00+00:00,1.88106,1.88158,1.881,1.88156
GBPCAD,2026-08-12 05:00:00+00:00,1.88155,1.88163,1.8812,1.88132
GBPCAD,2026-08-12 06:00:00+00:00,1.8814,1.88178,1.881,1.88171
GBPCAD,2026-08-12 07:00:00+00:00,1.8817,1.88242,1.8814,1.88161
GBPCAD,2026-08-12 08:00:00+00:00,1.8816,1.88236,1.88156,1.88216
GBPCAD,2026-08-12 09:00:00+00:00,1.88218,1.88442,1.88216,1.88311
GBPCAD,2026-08-12 10:00:00+00:00,1.88312,1.88408,1.88298,1.88304
GBPCAD,2026-08-12 11:00:00+00:00,1.88303,1.88434,1.88292,1.88375
GBPCAD,2026-08-12 12:00:00+00:00,1.88374,1.88494,1.88123,1.88327
GBPCAD,2026-08-12 13:00:00+00:00,1.88324,1.8837,1.88088,1.88185
GBPCAD,2026-08-12 14:00:00+00:00,1.88185,1.88202,1.88032,1.88084
GBPCAD,2026-08-12 15:00:00+00:00,1.88082,1.88094,1.87975,1.88059
GBPCAD,2026-08-12 16:00:00+00:00,1.8806,1.88178,1.88052,1.88162
GBPCAD,2026-08-12 17:00:00+00:00,1.88163,1.88248,1.88144,1.88146
GBPCAD,2026-08-12 18:00:00+00:00,1.88146,1.88146,1.88078,1.88104
GBPCAD,2026-08-12 19:00:00+00:00,1.88104,1.88139,1.88062,1.88087
GBPCAD,2026-08-12 20:00:00+00:00,1.88087,1.88142,1.88068,1.88109
GBPCAD,2026-08-12 21:00:00+00:00,1.88106,1.88144,1.88052,1.88104
GBPCAD,2026-08-12 22:00:00+00:00,1.88106,1.88148,1.8808,1.88114
GBPCAD,2026-08-12 23:00:00+00:00,1.88114,1.88152,1.8811,1.88144
GBPCAD,2026-08-13 00:00:00+00:00,1.88144,1.88169,1.88108,1.88128
GBPCAD,2026-08-13 01:00:00+00:00,1.8813,1.88192,1.88119,1.88132
GBPCAD,2026-08-13 02:00:00+00:00,1.88134,1.88146,1.88098,1.88108
GBPCAD,2026-08-13 03:00:00+00:00,1.88111,1.88172,1.88104,1.8815
GBPCAD,2026-08-13 04:00:00+00:00,1.88152,1.88188,1.88106,1.88182
GBPCAD,2026-08-13 05:00:00+00:00,1.88178,1.88209,1.88148,1.88166
GBPCAD,2026-08-13 06:00:00+00:00,1.88168,1.88226,1.88049,1.88114
GBPCAD,2026-08-13 07:00:00+00:00,1.88117,1.88178,1.88012,1.88098
GBPCAD,2026-08-13 08:00:00+00:00,1.88101,1.88132,1.88025,1.88056
GBPCAD,2026-08-13 09:00:00+00:00,1.88058,1.88104,1.87994,1.88032
GBPCAD,2026-08-13 10:00:00+00:00,1.88034,1.88158,1.88015,1.88032
GBPCAD,2026-08-13 11:00:00+00:00,1.88031,1.88146,1.88016,1.88136
GBPCAD,2026-08-13 12:00:00+00:00,1.88136,1.88254,1.88082,1.88176
GBPCAD,2026-08-13 13:00:00+00:00,1.88178,1.88322,1.88092,1.88322
GBPCAD,2026-08-13 14:00:00+00:00,1.88324,1.88383,1.88246,1.88324
GBPCAD,2026-08-13 15:00:00+00:00,1.88324,1.88328,1.88052,1.88074
GBPCAD,2026-08-13 16:00:00+00:00,1.88074,1.8808,1.87824,1.87857
GBPCAD,2026-08-13 17:00:00+00:00,1.87856,1.87907,1.87788,1.87868
GBPCAD,2026-08-13 18:00:00+00:00,1.87873,1.87939,1.87868,1.87882
GBPCAD,2026-08-13 19:00:00+00:00,1.87883,1.87906,1.87826,1.87836
GBPCAD,2026-08-13 20:00:00+00:00,1.87836,1.87898,1.87822,1.87872
GBPCAD,2026-08-13 21:00:00+00:00,1.8787,1.87957,1.87862,1.8791
GBPCAD,2026-08-13 22:00:00+00:00,1.87911,1.8792,1.87858,1.87888
GBPCAD,2026-08-13 23:00:00+00:00,1.8789,1.87902,1.87858,1.8788
GBPCAD,2026-08-14 00:00:00+00:00,1.87878,1.87911,1.87848,1.87901
GBPCAD,2026-08-14 01:00:00+00:00,1.87898,1.8794,1.87888,1.8789
GBPCAD,2026-08-14 02:00:00+00:00,1.87892,1.87911,1.87828,1.87837
GBPCAD,2026-08-14 03:00:00+00:00,1.87836,1.87904,1.87826,1.87856
GBPCAD,2026-08-14 04:00:00+00:00,1.87856,1.879,1.87847,1.87862
GBPCAD,2026-08-14 05:00:00+00:00,1.87862,1.87872,1.87796,1.87817
GBPCAD,2026-08-14 06:00:00+00:00,1.87818,1.87832,1.87728,1.87752
GBPCAD,2026-08-14 07:00:00+00:00,1.8776,1.87768,1.87614,1.87674
GBPCAD,2026-08-14 08:00:00+00:00,1.87675,1.87898,1.87672,1.87854
GBPCAD,2026-08-14 09:00:00+00:00,1.87851,1.87874,1.87796,1.87847
GBPCAD,2026-08-14 10:00:00+00:00,1.87844,1.87904,1.87836,1.87876
GBPCAD,2026-08-14 11:00:00+00:00,1.87875,1.87989,1.87808,1.87894
GBPCAD,2026-08-14 12:00:00+00:00,1.8789,1.87951,1.87788,1.87922
GBPCAD,2026-08-14 13:00:00+00:00,1.87924,1.88078,1.87852,1.87944
GBPCAD,2026-08-14 14:00:00+00:00,1.87952,1.88071,1.87932,1.88036
GBPCAD,2026-08-14 15:00:00+00:00,1.88038,1.88062,1.87933,1.88036
GBPCAD,2026-08-14 16:00:00+00:00,1.88036,1.88062,1.8781,1.8782
GBPCAD,2026-08-14 17:00:00+00:00,1.87822,1.8784,1.87718,1.87792
GBPCAD,2026-08-14 18:00:00+00:00,1.87788,1.87804,1.87759,1.87788
GBPCAD,2026-08-14 19:00:00+00:00,1.87789,1.87823,1.8777,1.87812
GBPCAD,2026-08-14 20:00:00+00:00,1.8781,1.8783,1.87724,1.8777
GBPCAD,2026-08-16 21:00:00+00:00,1.8788,1.87962,1.87758,1.8782
GBPCAD,2026-08-16 22:00:00+00:00,1.87813,1.87862,1.8771,1.87856
GBPCAD,2026-08-16 23:00:00+00:00,1.8786,1.8792,1.8784,1.87912
GBPCAD,2026-08-17 00:00:00+00:00,1.87914,1.87966,1.87896,1.87958
GBPCAD,2026-08-17 01:00:00+00:00,1.8796,1.88008,1.87949,1.87956
GBPCAD,2026-08-17 02:00:00+00:00,1.87958,1.87962,1.87894,1.87909
GBPCAD,2026-08-17 03:00:00+00:00,1.87907,1.8792,1.87862,1.87896
GBPCAD,2026-08-17 04:00:00+00:00,1.87896,1.87918,1.87868,1.87872
GBPCAD,2026-08-17 05:00:00+00:00,1.87868,1.87924,1.8785,1.8789
GBPCAD,2026-08-17 06:00:00+00:00,1.87891,1.87944,1.87846,1.87893
GBPCAD,2026-08-17 07:00:00+00:00,1.87894,1.87998,1.87864,1.87943
GBPCAD,2026-08-17 08:00:00+00:00,1.87942,1.87988,1.87786,1.87816
GBPCAD,2026-08-17 09:00:00+00:00,1.87822,1.87898,1.87812,1.87882
GBPCAD,2026-08-17 10:00:00+00:00,1.87881,1.87976,1.87849,1.87896
GBPCAD,2026-08-17 11:00:00+00:00,1.87894,1.87963,1.8785,1.87913
GBPCAD,2026-08-17 12:00:00+00:00,1.87908,1.8795,1.87752,1.8783
GBPCAD,2026-08-17 13:00:00+00:00,1.8783,1.87979,1.87772,1.8783
GBPCAD,2026-08-17 14:00:00+00:00,1.8783,1.87945,1.87775,1.87944
GBPCAD,2026-08-17 15:00:00+00:00,1.87943,1.88078,1.87894,1.88076
GBPCAD,2026-08-17 16:00:00+00:00,1.88076,1.88132,1.88034,1.88043
GBPCAD,2026-08-17 17:00:00+00:00,1.88044,1.88078,1.87856,1.87862
GBPCAD,2026-08-17 18:00:00+00:00,1.87862,1.87874,1.87815,1.87852
GBPCAD,2026-08-17 19:00:00+00:00,1.87858,1.87892,1.87828,1.87891
GBPCAD,2026-08-17 20:00:00+00:00,1.8789,1.87933,1.87851,1.87896
GBPCAD,2026-08-17 21:00:00+00:00,1.87878,1.87973,1.87867,1.8791
GBPCAD,2026-08-17 22:00:00+00:00,1.87906,1.87936,1.87863,1.87876
GBPCAD,2026-08-17 23:00:00+00:00,1.87877,1.87965,1.87876,1.87945
GBPCAD,2026-08-18 00:00:00+00:00,1.87946,1.87965,1.87907,1.87936
GBPCAD,2026-08-18 01:00:00+00:00,1.87938,1.87985,1.87877,1.87892
GBPCAD,2026-08-18 02:00:00+00:00,1.87894,1.879,1.87794,1.87828
GBPCAD,2026-08-18 03:00:00+00:00,1.87827,1.87833,1.87746,1.87765
GBPCAD,2026-08-18 04:00:00+00:00,1.87766,1.87832,1.8774,1.87812
GBPCAD,2026-08-18 05:00:00+00:00,1.87812,1.87862,1.87796,1.87811
GBPCAD,2026-08-18 06:00:00+00:00,1.87816,1.87893,1.87577,1.87646
GBPCAD,2026-08-18 07:00:00+00:00,1.87644,1.87644,1.87535,1.87573
GBPCAD,2026-08-18 08:00:00+00:00,1.87576,1.87659,1.87532,1.87652
GBPCAD,2026-08-18 09:00:00+00:00,1.87652,1.8767,1.87566,1.8764
GBPCAD,2026-08-18 10:00:00+00:00,1.87634,1.87674,1.87575,1.87632
GBPCAD,2026-08-18 11:00:00+00:00,1.87629,1.87684,1.87583,1.87678
GBPCAD,2026-08-18 12:00:00+00:00,1.87676,1.87742,1.8763,1.87729
GBPCAD,2026-08-18 13:00:00+00:00,1.87734,1.87888,1.8766,1.8787
GBPCAD,2026-08-18 14:00:00+00:00,1.87869,1.88096,1.87816,1.88053
GBPCAD,2026-08-18 15:00:00+00:00,1.88049,1.88116,1.88004,1.88114
GBPCAD,2026-08-18 16:00:00+00:00,1.88114,1.88214,1.88096,1.88168
GBPCAD,2026-08-18 17:00:00+00:00,1.88168,1.8818,1.881,1.88177
GBPCAD,2026-08-18 18:00:00+00:00,1.88178,1.88262,1.88162,1.88195
GBPCAD,2026-08-18 19:00:00+00:00,1.88194,1.88206,1.88053,1.88084
GBPCAD,2026-08-18 20:00:00+00:00,1.88092,1.88096,1.88028,1.88038
GBPCAD,2026-08-18 21:00:00+00:00,1.88006,1.88082,1.87975,1.88074
GBPCAD,2026-08-18 22:00:00+00:00,1.88104,1.88126,1.88025,1.88095
GBPCAD,2026-08-18 23:00:00+00:00,1.88086,1.88138,1.88086,1.88135
GBPCAD,2026-08-19 00:00:00+00:00,1.88135,1.88192,1.88067,1.88077
GBPCAD,2026-08-19 01:00:00+00:00,1.8808,1.88124,1.88032,1.88056
GBPCAD,2026-08-19 02:00:00+00:00,1.8805,1.8807,1.87825,1.879
GBPCAD,2026-08-19 03:00:00+00:00,1.879,1.87941,1.87852,1.87936
GBPCAD,2026-08-19 04:00:00+00:00,1.87934,1.8798,1.8789,1.87966
GBPCAD,2026-08-19 05:00:00+00:00,1.87968,1.88016,1.87941,1.87991
GBPCAD,2026-08-19 06:00:00+00:00,1.87988,1.88121,1.87944,1.88068
GBPCAD,2026-08-19 07:00:00+00:00,1.88072,1.88087,1.8797,1.88087
GBPCAD,2026-08-19 08:00:00+00:00,1.88085,1.88236,1.88074,1.88088
GBPCAD,2026-08-19 09:00:00+00:00,1.88086,1.88115,1.87992,1.88072
GBPCAD,2026-08-19 10:00:00+00:00,1.88066,1.8809,1.88002,1.88024
GBPCAD,2026-08-19 11:00:00+00:00,1.88031,1.88098,1.87984,1.88025
GBPCAD,2026-08-19 12:00:00+00:00,1.88028,1.88526,1.88025,1.88426
GBPCAD,2026-08-19 13:00:00+00:00,1.88436,1.88502,1.88216,1.88216
GBPCAD,2026-08-19 14:00:00+00:00,1.88206,1.8828,1.87956,1.87984
GBPCAD,2026-08-19 15:00:00+00:00,1.87984,1.88132,1.87958,1.88064
GBPCAD,2026-08-19 16:00:00+00:00,1.88058,1.88058,1.8795,1.87984
GBPCAD,2026-08-19 17:00:00+00:00,1.87984,1.8801,1.8787,1.87884
GBPCAD,2026-08-19 18:00:00+00:00,1.87878,1.87962,1.87786,1.87911
GBPCAD,2026-08-19 19:00:00+00:00,1.8792,1.88009,1.87882,1.87934
GBPCAD,2026-08-19 20:00:00+00:00,1.87932,1.87961,1.87836,1.87868
GBPCAD,2026-08-19 21:00:00+00:00,1.87834,1.87945,1.87823,1.87881
GBPCAD,2026-08-19 22:00:00+00:00,1.87876,1.87938,1.87824,1.87824
GBPCAD,2026-08-19 23:00:00+00:00,1.87822,1.87834,1.87786,1.87802
GBPCAD,2026-08-20 00:00:00+00:00,1.87804,1.87824,1.87754,1.87786
GBPCAD,2026-08-20 01:00:00+00:00,1.87786,1.87814,1.87728,1.8779
GBPCAD,2026-08-20 02:00:00+00:00,1.87793,1.87862,1.87783,1.87839
GBPCAD,2026-08-20 03:00:00+00:00,1.8784,1.87886,1.87806,1.8784
GBPCAD,2026-08-20 04:00:00+00:00,1.87839,1.87844,1.87781,1.87796
GBPCAD,2026-08-20 05:00:00+00:00,1.87798,1.87808,1.87673,1.87685
GBPCAD,2026-08-20 06:00:00+00:00,1.87677,1.87758,1.87668,1.87756
GBPCAD,2026-08-20 07:00:00+00:00,1.87756,1.87838,1.87642,1.87738
GBPCAD,2026-08-20 08:00:00+00:00,1.87742,1.8781,1.87712,1.87745
GBPCAD,2026-08-20 09:00:00+00:00,1.87742,1.8788,1.8772,1.87829
GBPCAD,2026-08-20 10:00:00+00:00,1.87824,1.87905,1.87772,1.8784
GBPCAD,2026-08-20 11:00:00+00:00,1.87839,1.87841,1.87631,1.87675
GBPCAD,2026-08-20 12:00:00+00:00,1.87676,1.88001,1.87576,1.87946
GBPCAD,2026-08-20 13:00:00+00:00,1.87949,1.88,1.87806,1.87887
GBPCAD,2026-08-20 14:00:00+00:00,1.8789,1.87971,1.87788,1.87852
GBPCAD,2026-08-20 15:00:00+00:00,1.87849,1.8797,1.87794,1.87918
GBPCAD,2026-08-20 16:00:00+00:00,1.8792,1.87998,1.87865,1.87964
GBPCAD,2026-08-20 17:00:00+00:00,1.87962,1.8797,1.87832,1.87872
GBPCAD,2026-08-20 18:00:00+00:00,1.87874,1.87909,1.87836,1.879
GBPCAD,2026-08-20 19:00:00+00:00,1.87901,1.87978,1.8788,1.87978
GBPCAD,2026-08-20 20:00:00+00:00,1.87976,1.87992,1.87916,1.87942
GBPCAD,2026-08-20 21:00:00+00:00,1.87964,1.87964,1.87874,1.87918
GBPCAD,2026-08-20 22:00:00+00:00,1.87926,1.87993,1.87926,1.87956
GBPCAD,2026-08-20 23:00:00+00:00,1.87954,1.88032,1.87944,1.88018
AUDCHF,2026-06-24 08:00:00+00:00,0.56003,0.56016,0.55961,0.55976
AUDCHF,2026-06-24 09:00:00+00:00,0.55975,0.55989,0.55938,0.55944
AUDCHF,2026-06-24 10:00:00+00:00,0.55946,0.5599,0.5593,0.55986
AUDCHF,2026-06-24 11:00:00+00:00,0.55988,0.56048,0.55988,0.56035
AUDCHF,2026-06-24 12:00:00+00:00,0.56036,0.5608,0.56012,0.56062
AUDCHF,2026-06-24 13:00:00+00:00,0.5606,0.56088,0.56006,0.56064
AUDCHF,2026-06-24 14:00:00+00:00,0.56065,0.56072,0.55998,0.5606
AUDCHF,2026-06-24 15:00:00+00:00,0.56062,0.56064,0.55978,0.56026
AUDCHF,2026-06-24 16:00:00+00:00,0.56028,0.56045,0.56005,0.56032
AUDCHF,2026-06-24 17:00:00+00:00,0.56034,0.5604,0.55954,0.55962
AUDCHF,2026-06-24 18:00:00+00:00,0.5596,0.5599,0.55934,0.55944
AUDCHF,2026-06-24 19:00:00+00:00,0.55944,0.56025,0.5593,0.56021
AUDCHF,2026-06-24 20:00:00+00:00,0.56022,0.56072,0.56011,0.56056
AUDCHF,2026-06-24 21:00:00+00:00,0.56038,0.56076,0.5602,0.56042
AUDCHF,2026-06-24 22:00:00+00:00,0.56042,0.56055,0.5602,0.56027
AUDCHF,2026-06-24 23:00:00+00:00,0.56026,0.56064,0.5602,0.5606
AUDCHF,2026-06-25 00:00:00+00:00,0.56062,0.56064,0.56006,0.56009
AUDCHF,2026-06-25 01:00:00+00:00,0.56008,0.5606,0.55942,0.5596
AUDCHF,2026-06-25 02:00:00+00:00,0.55963,0.55974,0.55873,0.55941
AUDCHF,2026-06-25 03:00:00+00:00,0.55941,0.55945,0.55893,0.55921
AUDCHF,2026-06-25 04:00:00+00:00,0.55923,0.55978,0.55918,0.55976
AUDCHF,2026-06-25 05:00:00+00:00,0.55978,0.55994,0.55942,0.55942
AUDCHF,2026-06-25 06:00:00+00:00,0.55943,0.55974,0.55918,0.55946
AUDCHF,2026-06-25 07:00:00+00:00,0.55949,0.55994,0.55922,0.5598
AUDCHF,2026-06-25 08:00:00+00:00,0.55982,0.55994,0.55937,0.55961
AUDCHF,2026-06-25 09:00:00+00:00,0.55963,0.56,0.55958,0.55993
AUDCHF,2026-06-25 10:00:00+00:00,0.55996,0.5601,0.55976,0.56004
AUDCHF,2026-06-25 11:00:00+00:00,0.56007,0.56042,0.56004,0.5603
AUDCHF,2026-06-25 12:00:00+00:00,0.56032,0.56088,0.56018,0.56083
AUDCHF,2026-06-25 13:00:00+00:00,0.56082,0.56082,0.5589,0.55892
AUDCHF,2026-06-25 14:00:00+00:00,0.55895,0.55962,0.55882,0.55942
AUDCHF,2026-06-25 15:00:00+00:00,0.55944,0.56028,0.55942,0.56014
AUDCHF,2026-06-25 16:00:00+00:00,0.56014,0.56054,0.56007,0.56022
AUDCHF,2026-06-25 17:00:00+00:00,0.56024,0.56042,0.56007,0.56032
AUDCHF,2026-06-25 18:00:00+00:00,0.56036,0.5604,0.55982,0.55996
AUDCHF,2026-06-25 19:00:00+00:00,0.56,0.56002,0.55954,0.55968
AUDCHF,2026-06-25 20:00:00+00:00,0.5597,0.55988,0.55954,0.55984
AUDCHF,2026-06-25 21:00:00+00:00,0.55968,0.56007,0.55944,0.55948
AUDCHF,2026-06-25 22:00:00+00:00,0.55952,0.5597,0.5595,0.55956
AUDCHF,2026-06-25 23:00:00+00:00,0.55956,0.56002,0.55936,0.5594
AUDCHF,2026-06-26 00:00:00+00:00,0.55941,0.5595,0.55892,0.559
AUDCHF,2026-06-26 01:00:00+00:00,0.55906,0.55928,0.55846,0.5586
AUDCHF,2026-06-26 02:00:00+00:00,0.55862,0.55869,0.55756,0.55773
AUDCHF,2026-06-26 03:00:00+00:00,0.55774,0.5579,0.55726,0.5579
AUDCHF,2026-06-26 04:00:00+00:00,0.5579,0.55804,0.55676,0.55682
AUDCHF,2026-06-26 05:00:00+00:00,0.55684,0.5578,0.55679,0.55752
AUDCHF,2026-06-26 06:00:00+00:00,0.55754,0.5582,0.55724,0.55806
AUDCHF,2026-06-26 07:00:00+00:00,0.55808,0.55809,0.5569,0.55728
AUDCHF,2026-06-26 08:00:00+00:00,0.55732,0.55763,0.55692,0.55743
AUDCHF,2026-06-26 09:00:00+00:00,0.55742,0.55821,0.55734,0.5577
AUDCHF,2026-06-26 10:00:00+00:00,0.55772,0.55814,0.55768,0.55805
AUDCHF,2026-06-26 11:00:00+00:00,0.55804,0.55832,0.55792,0.558
AUDCHF,2026-06-26 12:00:00+00:00,0.55797,0.55818,0.55722,0.55723
AUDCHF,2026-06-26 13:00:00+00:00,0.55725,0.55789,0.55714,0.55759
AUDCHF,2026-06-26 14:00:00+00:00,0.5576,0.55868,0.55756,0.55832
AUDCHF,2026-06-26 15:00:00+00:00,0.5583,0.55848,0.55786,0.55811
AUDCHF,2026-06-26 16:00:00+00:00,0.5581,0.55858,0.5581,0.55856
AUDCHF,2026-06-26 17:00:00+00:00,0.55858,0.55866,0.55842,0.55854
AUDCHF,2026-06-26 18:00:00+00:00,0.55851,0.55878,0.5581,0.55822
AUDCHF,2026-06-26 19:00:00+00:00,0.55824,0.55856,0.55817,0.55832
AUDCHF,2026-06-26 20:00:00+00:00,0.55835,0.55852,0.55806,0.55836
AUDCHF,2026-06-28 21:00:00+00:00,0.55834,0.5586,0.55807,0.55826
AUDCHF,2026-06-28 22:00:00+00:00,0.55822,0.55875,0.55821,0.55854
AUDCHF,2026-06-28 23:00:00+00:00,0.55852,0.55872,0.5585,0.55861
AUDCHF,2026-06-29 00:00:00+00:00,0.55862,0.55864,0.55745,0.55761
AUDCHF,2026-06-29 01:00:00+00:00,0.5576,0.55799,0.55738,0.55773
AUDCHF,2026-06-29 02:00:00+00:00,0.55771,0.55814,0.55758,0.55793
AUDCHF,2026-06-29 03:00:00+00:00,0.55796,0.55824,0.55791,0.55798
AUDCHF,2026-06-29 04:00:00+00:00,0.55798,0.55814,0.55792,0.55802
AUDCHF,2026-06-29 05:00:00+00:00,0.558,0.55814,0.55779,0.55803
AUDCHF,2026-06-29 06:00:00+00:00,0.55805,0.55856,0.55794,0.5581
AUDCHF,2026-06-29 07:00:00+00:00,0.55808,0.55844,0.5577,0.5577
AUDCHF,2026-06-29 08:00:00+00:00,0.55772,0.55786,0.5575,0.55758
AUDCHF,2026-06-29 09:00:00+00:00,0.55756,0.55796,0.5575,0.55788
AUDCHF,2026-06-29 10:00:00+00:00,0.55792,0.55798,0.55766,0.55778
AUDCHF,2026-06-29 11:00:00+00:00,0.55776,0.55802,0.55748,0.55772
AUDCHF,2026-06-29 12:00:00+00:00,0.55775,0.55804,0.55764,0.5578
AUDCHF,2026-06-29 13:00:00+00:00,0.55778,0.55783,0.55666,0.55675
AUDCHF,2026-06-29 14:00:00+00:00,0.55676,0.55688,0.55606,0.55628
AUDCHF,2026-06-29 15:00:00+00:00,0.5563,0.55655,0.55609,0.55636
AUDCHF,2026-06-29 16:00:00+00:00,0.55632,0.55651,0.55624,0.55626
AUDCHF,2026-06-29 17:00:00+00:00,0.55627,0.55644,0.5561,0.55619
AUDCHF,2026-06-29 18:00:00+00:00,0.55622,0.55646,0.55622,0.55638
AUDCHF,2026-06-29 19:00:00+00:00,0.55636,0.5564,0.55618,0.55626
AUDCHF,2026-06-29 20:00:00+00:00,0.55627,0.5563,0.55612,0.55614
AUDCHF,2026-06-29 21:00:00+00:00,0.55655,0.55664,0.55602,0.55632
AUDCHF,2026-06-29 22:00:00+00:00,0.55636,0.55636,0.55609,0.55614
AUDCHF,2026-06-29 23:00:00+00:00,0.55612,0.55624,0.5559,0.55594
AUDCHF,2026-06-30 00:00:00+00:00,0.55597,0.55597,0.55505,0.55527
AUDCHF,2026-06-30 01:00:00+00:00,0.55529,0.55616,0.55508,0.55566
AUDCHF,2026-06-30 02:00:00+00:00,0.55569,0.55578,0.55528,0.55552
AUDCHF,2026-06-30 03:00:00+00:00,0.55552,0.55584,0.55552,0.5558
AUDCHF,2026-06-30 04:00:00+00:00,0.5558,0.55628,0.5558,0.55617
AUDCHF,2026-06-30 05:00:00+00:00,0.55615,0.55664,0.55615,0.55636
AUDCHF,2026-06-30 06:00:00+00:00,0.55638,0.55664,0.55618,0.55622
AUDCHF,2026-06-30 07:00:00+00:00,0.55622,0.55671,0.5559,0.55662
AUDCHF,2026-06-30 08:00:00+00:00,0.55664,0.55706,0.5566,0.557
AUDCHF,2026-06-30 09:00:00+00:00,0.55697,0.55756,0.55697,0.5573
AUDCHF,2026-06-30 10:00:00+00:00,0.55729,0.55741,0.55698,0.55724
AUDCHF,2026-06-30 11:00:00+00:00,0.55724,0.55765,0.55701,0.55759
AUDCHF,2026-06-30 12:00:00+00:00,0.55756,0.55768,0.55698,0.55711
AUDCHF,2026-06-30 13:00:00+00:00,0.55714,0.5577,0.55714,0.55762
AUDCHF,2026-06-30 14:00:00+00:00,0.55762,0.55894,0.55762,0.55864
AUDCHF,2026-06-30 15:00:00+00:00,0.55866,0.559,0.55866,0.55884
AUDCHF,2026-06-30 16:00:00+00:00,0.55884,0.55905,0.55862,0.55896
AUDCHF,2026-06-30 17:00:00+00:00,0.55894,0.55912,0.55888,0.55906
AUDCHF,2026-06-30 18:00:00+00:00,0.55908,0.55936,0.55892,0.55932
AUDCHF,2026-06-30 19:00:00+00:00,0.55934,0.55956,0.55926,0.55935
AUDCHF,2026-06-30 20:00:00+00:00,0.55938,0.55944,0.5592,0.55936
AUDCHF,2026-06-30 21:00:00+00:00,0.55898,0.55924,0.55872,0.55898
AUDCHF,2026-06-30 22:00:00+00:00,0.55892,0.55934,0.55892,0.55919
AUDCHF,2026-06-30 23:00:00+00:00,0.55916,0.55924,0.55896,0.55903
AUDCHF,2026-07-01 00:00:00+00:00,0.55905,0.55916,0.55824,0.55826
AUDCHF,2026-07-01 01:00:00+00:00,0.55827,0.55841,0.55756,0.55771
AUDCHF,2026-07-01 02:00:00+00:00,0.55772,0.55774,0.55703,0.55752
AUDCHF,2026-07-01 03:00:00+00:00,0.55754,0.55782,0.55741,0.5578
AUDCHF,2026-07-01 04:00:00+00:00,0.55782,0.55782,0.55735,0.55765
AUDCHF,2026-07-01 05:00:00+00:00,0.55767,0.558,0.55754,0.5579
AUDCHF,2026-07-01 06:00:00+00:00,0.55788,0.5579,0.55753,0.55785
AUDCHF,2026-07-01 07:00:00+00:00,0.55788,0.55813,0.55768,0.55808
AUDCHF,2026-07-01 08:00:00+00:00,0.55806,0.55834,0.55796,0.55808
AUDCHF,2026-07-01 09:00:00+00:00,0.55806,0.55848,0.55798,0.55836
AUDCHF,2026-07-01 10:00:00+00:00,0.55834,0.55858,0.55826,0.55856
AUDCHF,2026-07-01 11:00:00+00:00,0.55856,0.55902,0.55846,0.55898
AUDCHF,2026-07-01 12:00:00+00:00,0.55898,0.5595,0.55874,0.55932
AUDCHF,2026-07-01 13:00:00+00:00,0.55931,0.55942,0.55876,0.55883
AUDCHF,2026-07-01 14:00:00+00:00,0.55877,0.5589,0.55775,0.55804
AUDCHF,2026-07-01 15:00:00+00:00,0.55802,0.55832,0.55778,0.55811
AUDCHF,2026-07-01 16:00:00+00:00,0.55812,0.5582,0.55786,0.55814
AUDCHF,2026-07-01 17:00:00+00:00,0.55818,0.5582,0.55792,0.55796
AUDCHF,2026-07-01 18:00:00+00:00,0.55799,0.55811,0.55786,0.55794
AUDCHF,2026-07-01 19:00:00+00:00,0.55795,0.55816,0.55788,0.55792
AUDCHF,2026-07-01 20:00:00+00:00,0.55792,0.5581,0.55776,0.55796
AUDCHF,2026-07-01 21:00:00+00:00,0.55795,0.55852,0.5575,0.55804
AUDCHF,2026-07-01 22:00:00+00:00,0.55803,0.55807,0.55782,0.55784
AUDCHF,2026-07-01 23:00:00+00:00,0.55786,0.55794,0.55752,0.55756
AUDCHF,2026-07-02 00:00:00+00:00,0.55756,0.55768,0.55704,0.55758
AUDCHF,2026-07-02 01:00:00+00:00,0.55758,0.55806,0.55758,0.55781
AUDCHF,2026-07-02 02:00:00+00:00,0.5578,0.55798,0.55763,0.55766
AUDCHF,2026-07-02 03:00:00+00:00,0.55768,0.55779,0.55714,0.55752
AUDCHF,2026-07-02 04:00:00+00:00,0.55752,0.55762,0.55729,0.55758
AUDCHF,2026-07-02 05:00:00+00:00,0.55759,0.5577,0.55734,0.55748
AUDCHF,2026-07-02 06:00:00+00:00,0.5575,0.55759,0.5572,0.55722
AUDCHF,2026-07-02 07:00:00+00:00,0.5572,0.5572,0.55582,0.55584
AUDCHF,2026-07-02 08:00:00+00:00,0.55581,0.55618,0.55538,0.55564
AUDCHF,2026-07-02 09:00:00+00:00,0.55567,0.55598,0.55542,0.55594
AUDCHF,2026-07-02 10:00:00+00:00,0.55592,0.55615,0.55572,0.55572
AUDCHF,2026-07-02 11:00:00+00:00,0.55572,0.55594,0.5555,0.5555
AUDCHF,2026-07-02 12:00:00+00:00,0.55552,0.55672,0.55546,0.55614
AUDCHF,2026-07-02 13:00:00+00:00,0.55614,0.55735,0.55588,0.55688
AUDCHF,2026-07-02 14:00:00+00:00,0.55691,0.55698,0.55602,0.55645
AUDCHF,2026-07-02 15:00:00+00:00,0.55643,0.55651,0.55588,0.55596
AUDCHF,2026-07-02 16:00:00+00:00,0.55594,0.556,0.55561,0.55592
AUDCHF,2026-07-02 17:00:00+00:00,0.5559,0.55628,0.55579,0.5559
AUDCHF,2026-07-02 18:00:00+00:00,0.55587,0.55624,0.55587,0.55606
AUDCHF,2026-07-02 19:00:00+00:00,0.55604,0.5562,0.55569,0.55618
AUDCHF,2026-07-02 20:00:00+00:00,0.55616,0.55622,0.55596,0.55617
AUDCHF,2026-07-02 21:00:00+00:00,0.55615,0.55635,0.55547,0.55598
AUDCHF,2026-07-02 22:00:00+00:00,0.55596,0.55638,0.55584,0.55623
AUDCHF,2026-07-02 23:00:00+00:00,0.55624,0.55644,0.55616,0.55633
AUDCHF,2026-07-03 00:00:00+00:00,0.55629,0.55645,0.55605,0.55615
AUDCHF,2026-07-03 01:00:00+00:00,0.55617,0.55677,0.55606,0.55668
AUDCHF,2026-07-03 02:00:00+00:00,0.55665,0.55706,0.55648,0.55696
AUDCHF,2026-07-03 03:00:00+00:00,0.55699,0.55704,0.55665,0.55681
AUDCHF,2026-07-03 04:00:00+00:00,0.55684,0.55706,0.55673,0.5568
AUDCHF,2026-07-03 05:00:00+00:00,0.55679,0.55687,0.5566,0.55669
AUDCHF,2026-07-03 06:00:00+00:00,0.55671,0.557,0.55646,0.55662
AUDCHF,2026-07-03 07:00:00+00:00,0.5566,0.55712,0.55655,0.55692
AUDCHF,2026-07-03 08:00:00+00:00,0.55694,0.55718,0.55688,0.55706
AUDCHF,2026-07-03 09:00:00+00:00,0.55704,0.5573,0.55698,0.55724
AUDCHF,2026-07-03 10:00:00+00:00,0.55724,0.55736,0.55697,0.55729
AUDCHF,2026-07-03 11:00:00+00:00,0.55728,0.55746,0.55696,0.55696
AUDCHF,2026-07-03 12:00:00+00:00,0.55699,0.5573,0.55684,0.55714
AUDCHF,2026-07-03 13:00:00+00:00,0.55718,0.55748,0.55716,0.55735
AUDCHF,2026-07-03 14:00:00+00:00,0.55736,0.55743,0.557,0.55714
AUDCHF,2026-07-03 15:00:00+00:00,0.55714,0.55739,0.55706,0.55729
AUDCHF,2026-07-03 16:00:00+00:00,0.5573,0.55753,0.55721,0.55753
AUDCHF,2026-07-03 17:00:00+00:00,0.5575,0.55752,0.55726,0.55741
AUDCHF,2026-07-03 18:00:00+00:00,0.55738,0.55756,0.55716,0.55753
AUDCHF,2026-07-03 19:00:00+00:00,0.55754,0.55772,0.55734,0.55756
AUDCHF,2026-07-03 20:00:00+00:00,0.55758,0.55784,0.55732,0.55753
AUDCHF,2026-07-05 21:00:00+00:00,0.55762,0.55791,0.55726,0.5579
AUDCHF,2026-07-05 22:00:00+00:00,0.55788,0.55788,0.55742,0.5576
AUDCHF,2026-07-05 23:00:00+00:00,0.55757,0.55777,0.55754,0.55756
AUDCHF,2026-07-06 00:00:00+00:00,0.55759,0.55759,0.55711,0.55728
AUDCHF,2026-07-06 01:00:00+00:00,0.55726,0.55776,0.5571,0.55756
AUDCHF,2026-07-06 02:00:00+00:00,0.55759,0.55778,0.55722,0.55728
AUDCHF,2026-07-06 03:00:00+00:00,0.55728,0.5573,0.55689,0.55721
AUDCHF,2026-07-06 04:00:00+00:00,0.55722,0.5578,0.55714,0.55774
AUDCHF,2026-07-06 05:00:00+00:00,0.55774,0.55796,0.55764,0.55788
AUDCHF,2026-07-06 06:00:00+00:00,0.55791,0.5583,0.55779,0.55821
AUDCHF,2026-07-06 07:00:00+00:00,0.5582,0.55858,0.55808,0.5582
AUDCHF,2026-07-06 08:00:00+00:00,0.5582,0.55844,0.5581,0.55832
AUDCHF,2026-07-06 09:00:00+00:00,0.55835,0.55862,0.55821,0.55856
AUDCHF,2026-07-06 10:00:00+00:00,0.55854,0.55874,0.55849,0.55868
AUDCHF,2026-07-06 11:00:00+00:00,0.55868,0.55914,0.55859,0.55882
AUDCHF,2026-07-06 12:00:00+00:00,0.55886,0.55892,0.5582,0.55852
AUDCHF,2026-07-06 13:00:00+00:00,0.55853,0.55942,0.55826,0.55916
AUDCHF,2026-07-06 14:00:00+00:00,0.55918,0.55984,0.55907,0.55953
AUDCHF,2026-07-06 15:00:00+00:00,0.55952,0.55996,0.5595,0.55984
AUDCHF,2026-07-06 16:00:00+00:00,0.55986,0.55992,0.55972,0.55992
AUDCHF,2026-07-06 17:00:00+00:00,0.55992,0.56014,0.55984,0.55987
AUDCHF,2026-07-06 18:00:00+00:00,0.5599,0.56016,0.5599,0.56002
AUDCHF,2026-07-06 19:00:00+00:00,0.56004,0.56024,0.55992,0.56017
AUDCHF,2026-07-06 20:00:00+00:00,0.5602,0.56026,0.56002,0.56014
AUDCHF,2026-07-06 21:00:00+00:00,0.55962,0.56038,0.55962,0.55971
AUDCHF,2026-07-06 22:00:00+00:00,0.55975,0.5602,0.55975,0.56008
AUDCHF,2026-07-06 23:00:00+00:00,0.56008,0.56012,0.55994,0.55997
AUDCHF,2026-07-07 00:00:00+00:00,0.55998,0.5602,0.55987,0.5599
AUDCHF,2026-07-07 01:00:00+00:00,0.55992,0.56022,0.55966,0.56014
AUDCHF,2026-07-07 02:00:00+00:00,0.56016,0.56024,0.55985,0.55989
AUDCHF,2026-07-07 03:00:00+00:00,0.55992,0.56002,0.55927,0.55958
AUDCHF,2026-07-07 04:00:00+00:00,0.5596,0.55974,0.55934,0.55934
AUDCHF,2026-07-07 05:00:00+00:00,0.55934,0.55968,0.55894,0.5596
AUDCHF,2026-07-07 06:00:00+00:00,0.5596,0.5598,0.55952,0.55976
AUDCHF,2026-07-07 07:00:00+00:00,0.5598,0.56004,0.55963,0.5598
AUDCHF,2026-07-07 08:00:00+00:00,0.5598,0.56011,0.5597,0.55974
AUDCHF,2026-07-07 09:00:00+00:00,0.55973,0.5604,0.5597,0.56036
AUDCHF,2026-07-07 10:00:00+00:00,0.56038,0.56054,0.56018,0.56029
AUDCHF,2026-07-07 11:00:00+00:00,0.56028,0.56044,0.56013,0.56028
AUDCHF,2026-07-07 12:00:00+00:00,0.56026,0.56031,0.55992,0.56014
AUDCHF,2026-07-07 13:00:00+00:00,0.56015,0.56022,0.55952,0.55954
AUDCHF,2026-07-07 14:00:00+00:00,0.55956,0.55989,0.5594,0.55949
AUDCHF,2026-07-07 15:00:00+00:00,0.55948,0.55968,0.55928,0.5596
AUDCHF,2026-07-07 16:00:00+00:00,0.55962,0.55998,0.5596,0.55992
AUDCHF,2026-07-07 17:00:00+00:00,0.55989,0.56008,0.55983,0.56001
AUDCHF,2026-07-07 18:00:00+00:00,0.56003,0.56013,0.55984,0.55997
AUDCHF,2026-07-07 19:00:00+00:00,0.55998,0.56026,0.55974,0.56025
AUDCHF,2026-07-07 20:00:00+00:00,0.56026,0.56031,0.56017,0.5602
AUDCHF,2026-07-07 21:00:00+00:00,0.55991,0.56016,0.5595,0.5597
AUDCHF,2026-07-07 22:00:00+00:00,0.55972,0.56011,0.55968,0.56003
AUDCHF,2026-07-07 23:00:00+00:00,0.56006,0.56036,0.56,0.56003
AUDCHF,2026-07-08 00:00:00+00:00,0.56004,0.561,0.56,0.561
AUDCHF,2026-07-08 01:00:00+00:00,0.561,0.5614,0.56081,0.56126
AUDCHF,2026-07-08 02:00:00+00:00,0.56124,0.56154,0.56108,0.56118
AUDCHF,2026-07-08 03:00:00+00:00,0.56118,0.56149,0.56108,0.5611
AUDCHF,2026-07-08 04:00:00+00:00,0.5611,0.5612,0.56095,0.56102
AUDCHF,2026-07-08 05:00:00+00:00,0.56106,0.56126,0.56082,0.56091
AUDCHF,2026-07-08 06:00:00+00:00,0.56092,0.56092,0.5598,0.5598
AUDCHF,2026-07-08 07:00:00+00:00,0.5598,0.56001,0.55965,0.55976
AUDCHF,2026-07-08 08:00:00+00:00,0.55975,0.55976,0.55842,0.5586
AUDCHF,2026-07-08 09:00:00+00:00,0.55862,0.5592,0.55816,0.55888
AUDCHF,2026-07-08 10:00:00+00:00,0.55892,0.55948,0.55892,0.55919
AUDCHF,2026-07-08 11:00:00+00:00,0.5592,0.55968,0.55888,0.55959
AUDCHF,2026-07-08 12:00:00+00:00,0.55956,0.56018,0.55943,0.5598
AUDCHF,2026-07-08 13:00:00+00:00,0.55982,0.56036,0.55982,0.56006
AUDCHF,2026-07-08 14:00:00+00:00,0.56006,0.56024,0.55958,0.55977
AUDCHF,2026-07-08 15:00:00+00:00,0.55978,0.56024,0.55958,0.56009
AUDCHF,2026-07-08 16:00:00+00:00,0.56011,0.5604,0.55998,0.56026
AUDCHF,2026-07-08 17:00:00+00:00,0.5602,0.56054,0.5601,0.56018
AUDCHF,2026-07-08 18:00:00+00:00,0.5602,0.56037,0.56012,0.56022
AUDCHF,2026-07-08 19:00:00+00:00,0.5602,0.56051,0.5601,0.56044
AUDCHF,2026-07-08 20:00:00+00:00,0.56042,0.5605,0.56025,0.56031
AUDCHF,2026-07-08 21:00:00+00:00,0.55993,0.56061,0.55987,0.56032
AUDCHF,2026-07-08 22:00:00+00:00,0.56034,0.56054,0.56008,0.5601
AUDCHF,2026-07-08 23:00:00+00:00,0.56004,0.56062,0.56004,0.56054
AUDCHF,2026-07-09 00:00:00+00:00,0.56051,0.56056,0.55972,0.55986
AUDCHF,2026-07-09 01:00:00+00:00,0.55984,0.55987,0.55951,0.55959
AUDCHF,2026-07-09 02:00:00+00:00,0.55962,0.56008,0.5595,0.55978
AUDCHF,2026-07-09 03:00:00+00:00,0.55978,0.55988,0.55944,0.55973
AUDCHF,2026-07-09 04:00:00+00:00,0.55976,0.55994,0.55956,0.55992
AUDCHF,2026-07-09 05:00:00+00:00,0.55993,0.55998,0.55942,0.55974
AUDCHF,2026-07-09 06:00:00+00:00,0.55973,0.55979,0.55919,0.55932
AUDCHF,2026-07-09 07:00:00+00:00,0.5593,0.55965,0.55929,0.55944
AUDCHF,2026-07-09 08:00:00+00:00,0.5594,0.5597,0.5591,0.55969
AUDCHF,2026-07-09 09:00:00+00:00,0.55967,0.56013,0.55965,0.5598
AUDCHF,2026-07-09 10:00:00+00:00,0.55978,0.5601,0.55965,0.5598
AUDCHF,2026-07-09 11:00:00+00:00,0.55981,0.55998,0.55969,0.55988
AUDCHF,2026-07-09 12:00:00+00:00,0.55989,0.55999,0.55962,0.55982
AUDCHF,2026-07-09 13:00:00+00:00,0.5598,0.56023,0.55977,0.55999
AUDCHF,2026-07-09 14:00:00+00:00,0.56,0.56028,0.55966,0.55974
AUDCHF,2026-07-09 15:00:00+00:00,0.55974,0.56025,0.55974,0.55987
AUDCHF,2026-07-09 16:00:00+00:00,0.55988,0.5602,0.55964,0.55981
AUDCHF,2026-07-09 17:00:00+00:00,0.5598,0.55997,0.5596,0.55986
AUDCHF,2026-07-09 18:00:00+00:00,0.55984,0.56004,0.55982,0.56002
AUDCHF,2026-07-09 19:00:00+00:00,0.56,0.56018,0.55992,0.56004
AUDCHF,2026-07-09 20:00:00+00:00,0.56004,0.56028,0.55988,0.56014
AUDCHF,2026-07-09 21:00:00+00:00,0.55993,0.56026,0.55964,0.55998
AUDCHF,2026-07-09 22:00:00+00:00,0.56002,0.5602,0.55986,0.55989
AUDCHF,2026-07-09 23:00:00+00:00,0.55993,0.56006,0.55988,0.56002
AUDCHF,2026-07-10 00:00:00+00:00,0.56002,0.5601,0.55941,0.55956
AUDCHF,2026-07-10 01:00:00+00:00,0.5596,0.5597,0.55895,0.55916
AUDCHF,2026-07-10 02:00:00+00:00,0.55913,0.55982,0.559,0.55966
AUDCHF,2026-07-10 03:00:00+00:00,0.55964,0.55974,0.55932,0.55955
AUDCHF,2026-07-10 04:00:00+00:00,0.55957,0.55967,0.55946,0.5596
AUDCHF,2026-07-10 05:00:00+00:00,0.55962,0.55968,0.55915,0.55925
AUDCHF,2026-07-10 06:00:00+00:00,0.55922,0.55966,0.55912,0.5595
AUDCHF,2026-07-10 07:00:00+00:00,0.55948,0.55985,0.5592,0.55938
AUDCHF,2026-07-10 08:00:00+00:00,0.55934,0.5599,0.55916,0.55983
AUDCHF,2026-07-10 09:00:00+00:00,0.55984,0.56045,0.55978,0.56045
AUDCHF,2026-07-10 10:00:00+00:00,0.56044,0.56066,0.56038,0.56048
AUDCHF,2026-07-10 11:00:00+00:00,0.56052,0.56072,0.56032,0.56064
AUDCHF,2026-07-10 12:00:00+00:00,0.56065,0.56104,0.56065,0.5609
AUDCHF,2026-07-10 13:00:00+00:00,0.56088,0.56172,0.56086,0.56136
AUDCHF,2026-07-10 14:00:00+00:00,0.56136,0.56159,0.56084,0.5612
AUDCHF,2026-07-10 15:00:00+00:00,0.56123,0.56136,0.56096,0.5611
AUDCHF,2026-07-10 16:00:00+00:00,0.56112,0.56174,0.5611,0.56166
AUDCHF,2026-07-10 17:00:00+00:00,0.56164,0.56209,0.56163,0.56196
AUDCHF,2026-07-10 18:00:00+00:00,0.56197,0.56232,0.56194,0.5621
AUDCHF,2026-07-10 19:00:00+00:00,0.56212,0.56229,0.56206,0.56218
AUDCHF,2026-07-10 20:00:00+00:00,0.56219,0.56235,0.56198,0.56202
AUDCHF,2026-07-12 21:00:00+00:00,0.56176,0.56184,0.561,0.56162
AUDCHF,2026-07-12 22:00:00+00:00,0.56156,0.56236,0.56156,0.56188
AUDCHF,2026-07-12 23:00:00+00:00,0.5619,0.56226,0.5618,0.5619
AUDCHF,2026-07-13 00:00:00+00:00,0.5619,0.56226,0.56161,0.56178
AUDCHF,2026-07-13 01:00:00+00:00,0.5618,0.56204,0.56158,0.56164
AUDCHF,2026-07-13 02:00:00+00:00,0.56161,0.56206,0.5615,0.56161
AUDCHF,2026-07-13 03:00:00+00:00,0.56158,0.56162,0.56114,0.56121
AUDCHF,2026-07-13 04:00:00+00:00,0.56122,0.56122,0.5609,0.56114
AUDCHF,2026-07-13 05:00:00+00:00,0.56111,0.56142,0.56088,0.56118
AUDCHF,2026-07-13 06:00:00+00:00,0.56121,0.56142,0.56068,0.56076
AUDCHF,2026-07-13 07:00:00+00:00,0.56078,0.56116,0.56064,0.56098
AUDCHF,2026-07-13 08:00:00+00:00,0.56102,0.56118,0.56086,0.56106
AUDCHF,2026-07-13 09:00:00+00:00,0.56108,0.56178,0.56104,0.56178
AUDCHF,2026-07-13 10:00:00+00:00,0.5618,0.56223,0.56174,0.56192
AUDCHF,2026-07-13 11:00:00+00:00,0.56195,0.56228,0.56194,0.56225
AUDCHF,2026-07-13 12:00:00+00:00,0.56224,0.56257,0.56212,0.56236
AUDCHF,2026-07-13 13:00:00+00:00,0.56236,0.56254,0.56208,0.56242
AUDCHF,2026-07-13 14:00:00+00:00,0.56244,0.56332,0.56241,0.56304
AUDCHF,2026-07-13 15:00:00+00:00,0.56304,0.56362,0.563,0.56327
AUDCHF,2026-07-13 16:00:00+00:00,0.56329,0.5635,0.563,0.56316
AUDCHF,2026-07-13 17:00:00+00:00,0.56318,0.56368,0.56316,0.56353
AUDCHF,2026-07-13 18:00:00+00:00,0.56351,0.56364,0.56344,0.56352
AUDCHF,2026-07-13 19:00:00+00:00,0.56354,0.56358,0.56326,0.56347
AUDCHF,2026-07-13 20:00:00+00:00,0.56346,0.56366,0.56336,0.56358
AUDCHF,2026-07-13 21:00:00+00:00,0.56375,0.5638,0.56339,0.56354
AUDCHF,2026-07-13 22:00:00+00:00,0.56356,0.56384,0.56351,0.56356
AUDCHF,2026-07-13 23:00:00+00:00,0.56359,0.5637,0.56344,0.5637
AUDCHF,2026-07-14 00:00:00+00:00,0.56372,0.56378,0.56334,0.5636
AUDCHF,2026-07-14 01:00:00+00:00,0.56363,0.56382,0.5633,0.5635
AUDCHF,2026-07-14 02:00:00+00:00,0.56352,0.56367,0.56324,0.56342
AUDCHF,2026-07-14 03:00:00+00:00,0.56343,0.56394,0.5633,0.56382
AUDCHF,2026-07-14 04:00:00+00:00,0.56385,0.56428,0.56373,0.56424
AUDCHF,2026-07-14 05:00:00+00:00,0.56428,0.56449,0.56409,0.56434
AUDCHF,2026-07-14 06:00:00+00:00,0.56432,0.56454,0.5642,0.56438
AUDCHF,2026-07-14 07:00:00+00:00,0.56439,0.56515,0.56438,0.56478
AUDCHF,2026-07-14 08:00:00+00:00,0.56478,0.56479,0.56393,0.56424
AUDCHF,2026-07-14 09:00:00+00:00,0.56422,0.56464,0.56412,0.56444
AUDCHF,2026-07-14 10:00:00+00:00,0.56445,0.56468,0.56408,0.56418
AUDCHF,2026-07-14 11:00:00+00:00,0.56416,0.56421,0.56342,0.56364
AUDCHF,2026-07-14 12:00:00+00:00,0.5636,0.56368,0.56257,0.56318
AUDCHF,2026-07-14 13:00:00+00:00,0.5632,0.56367,0.56308,0.56362
AUDCHF,2026-07-14 14:00:00+00:00,0.56365,0.56434,0.56305,0.56424
AUDCHF,2026-07-14 15:00:00+00:00,0.56425,0.56454,0.56398,0.56418
AUDCHF,2026-07-14 16:00:00+00:00,0.5642,0.56434,0.56399,0.5643
AUDCHF,2026-07-14 17:00:00+00:00,0.56432,0.56464,0.56422,0.56458
AUDCHF,2026-07-14 18:00:00+00:00,0.56459,0.56462,0.5643,0.56436
AUDCHF,2026-07-14 19:00:00+00:00,0.56438,0.56446,0.56419,0.5644
AUDCHF,2026-07-14 20:00:00+00:00,0.56442,0.56446,0.56432,0.56437
AUDCHF,2026-07-14 21:00:00+00:00,0.56431,0.56454,0.56379,0.56444
AUDCHF,2026-07-14 22:00:00+00:00,0.56442,0.56466,0.56434,0.56438
AUDCHF,2026-07-14 23:00:00+00:00,0.56436,0.56458,0.56434,0.56445
AUDCHF,2026-07-15 00:00:00+00:00,0.56443,0.56484,0.56438,0.5647
AUDCHF,2026-07-15 01:00:00+00:00,0.56472,0.56496,0.56432,0.56494
AUDCHF,2026-07-15 02:00:00+00:00,0.56494,0.56544,0.5648,0.56538
AUDCHF,2026-07-15 03:00:00+00:00,0.5654,0.56547,0.56522,0.5654
AUDCHF,2026-07-15 04:00:00+00:00,0.56538,0.5655,0.56503,0.56514
AUDCHF,2026-07-15 05:00:00+00:00,0.56517,0.56533,0.56504,0.56512
AUDCHF,2026-07-15 06:00:00+00:00,0.56514,0.56532,0.56498,0.56526
AUDCHF,2026-07-15 07:00:00+00:00,0.5653,0.56586,0.56504,0.5657
AUDCHF,2026-07-15 08:00:00+00:00,0.56569,0.56611,0.56564,0.56606
AUDCHF,2026-07-15 09:00:00+00:00,0.56608,0.5665,0.56602,0.56648
AUDCHF,2026-07-15 10:00:00+00:00,0.56648,0.56654,0.56618,0.56624
AUDCHF,2026-07-15 11:00:00+00:00,0.56622,0.5666,0.56608,0.56656
AUDCHF,2026-07-15 12:00:00+00:00,0.56654,0.56669,0.56588,0.566
AUDCHF,2026-07-15 13:00:00+00:00,0.56602,0.5661,0.56515,0.5653
AUDCHF,2026-07-15 14:00:00+00:00,0.56532,0.56558,0.56483,0.5651
AUDCHF,2026-07-15 15:00:00+00:00,0.56508,0.56508,0.56445,0.56453
AUDCHF,2026-07-15 16:00:00+00:00,0.56456,0.56458,0.56408,0.56439
AUDCHF,2026-07-15 17:00:00+00:00,0.5644,0.56464,0.56418,0.56423
AUDCHF,2026-07-15 18:00:00+00:00,0.56422,0.56434,0.56388,0.56394
AUDCHF,2026-07-15 19:00:00+00:00,0.56392,0.56419,0.56386,0.56418
AUDCHF,2026-07-15 20:00:00+00:00,0.56421,0.5644,0.56412,0.56425
AUDCHF,2026-07-15 21:00:00+00:00,0.56424,0.56425,0.56346,0.56399
AUDCHF,2026-07-15 22:00:00+00:00,0.56404,0.56419,0.56386,0.56396
AUDCHF,2026-07-15 23:00:00+00:00,0.56394,0.56417,0.56386,0.56392
AUDCHF,2026-07-16 00:00:00+00:00,0.5639,0.56416,0.56317,0.56324
AUDCHF,2026-07-16 01:00:00+00:00,0.56324,0.56347,0.56295,0.5633
AUDCHF,2026-07-16 02:00:00+00:00,0.56334,0.564,0.56313,0.56394
AUDCHF,2026-07-16 03:00:00+00:00,0.56394,0.56416,0.56382,0.56415
AUDCHF,2026-07-16 04:00:00+00:00,0.56414,0.56458,0.56412,0.56418
AUDCHF,2026-07-16 05:00:00+00:00,0.56416,0.56428,0.56391,0.56405
AUDCHF,2026-07-16 06:00:00+00:00,0.56402,0.56416,0.56384,0.56415
AUDCHF,2026-07-16 07:00:00+00:00,0.56416,0.56416,0.56388,0.56412
AUDCHF,2026-07-16 08:00:00+00:00,0.56412,0.56478,0.56411,0.56472
AUDCHF,2026-07-16 09:00:00+00:00,0.56473,0.56526,0.56473,0.56502
AUDCHF,2026-07-16 10:00:00+00:00,0.56506,0.56554,0.56501,0.56544
AUDCHF,2026-07-16 11:00:00+00:00,0.56546,0.56553,0.5647,0.56524
AUDCHF,2026-07-16 12:00:00+00:00,0.5652,0.56556,0.56516,0.56554
AUDCHF,2026-07-16 13:00:00+00:00,0.56554,0.56608,0.56548,0.56583
AUDCHF,2026-07-16 14:00:00+00:00,0.56583,0.56688,0.56572,0.56644
AUDCHF,2026-07-16 15:00:00+00:00,0.56644,0.56647,0.56562,0.56571
AUDCHF,2026-07-16 16:00:00+00:00,0.56572,0.56614,0.56557,0.5661
AUDCHF,2026-07-16 17:00:00+00:00,0.56612,0.56614,0.56562,0.56568
AUDCHF,2026-07-16 18:00:00+00:00,0.56564,0.56593,0.56561,0.56582
AUDCHF,2026-07-16 19:00:00+00:00,0.56584,0.56586,0.56568,0.56582
AUDCHF,2026-07-16 20:00:00+00:00,0.5658,0.56596,0.56574,0.56591
AUDCHF,2026-07-16 21:00:00+00:00,0.56566,0.56604,0.56552,0.5656
AUDCHF,2026-07-16 22:00:00+00:00,0.56566,0.56583,0.5656,0.56576
AUDCHF,2026-07-16 23:00:00+00:00,0.56579,0.566,0.56572,0.56598
AUDCHF,2026-07-17 00:00:00+00:00,0.56594,0.56599,0.56529,0.56566
AUDCHF,2026-07-17 01:00:00+00:00,0.56568,0.56594,0.5648,0.56498
AUDCHF,2026-07-17 02:00:00+00:00,0.56498,0.56501,0.56454,0.56468
AUDCHF,2026-07-17 03:00:00+00:00,0.5647,0.56516,0.56467,0.56482
AUDCHF,2026-07-17 04:00:00+00:00,0.56482,0.56482,0.56447,0.56474
AUDCHF,2026-07-17 05:00:00+00:00,0.56474,0.56483,0.56415,0.56436
AUDCHF,2026-07-17 06:00:00+00:00,0.56436,0.56472,0.56426,0.56438
AUDCHF,2026-07-17 07:00:00+00:00,0.56436,0.56456,0.56359,0.56374
AUDCHF,2026-07-17 08:00:00+00:00,0.56376,0.56398,0.56236,0.56239
AUDCHF,2026-07-17 09:00:00+00:00,0.56238,0.56316,0.56214,0.56301
AUDCHF,2026-07-17 10:00:00+00:00,0.56298,0.56327,0.56287,0.56318
AUDCHF,2026-07-17 11:00:00+00:00,0.56316,0.56319,0.56259,0.563
AUDCHF,2026-07-17 12:00:00+00:00,0.56297,0.56307,0.56268,0.56274
AUDCHF,2026-07-17 13:00:00+00:00,0.56272,0.56346,0.56264,0.56342
AUDCHF,2026-07-17 14:00:00+00:00,0.5635,0.56371,0.5631,0.56314
AUDCHF,2026-07-17 15:00:00+00:00,0.56316,0.56358,0.56288,0.56353
AUDCHF,2026-07-17 16:00:00+00:00,0.56354,0.56403,0.56341,0.56382
AUDCHF,2026-07-17 17:00:00+00:00,0.56384,0.56404,0.56378,0.56385
AUDCHF,2026-07-17 18:00:00+00:00,0.56386,0.5639,0.56368,0.5638
AUDCHF,2026-07-17 19:00:00+00:00,0.56378,0.56402,0.56376,0.56384
AUDCHF,2026-07-17 20:00:00+00:00,0.56381,0.56386,0.56363,0.5637
AUDCHF,2026-07-19 21:00:00+00:00,0.56331,0.56357,0.56284,0.56306
AUDCHF,2026-07-19 22:00:00+00:00,0.5631,0.56404,0.56302,0.56404
AUDCHF,2026-07-19 23:00:00+00:00,0.56401,0.56429,0.56398,0.56423
AUDCHF,2026-07-20 00:00:00+00:00,0.56421,0.56466,0.5639,0.5644
AUDCHF,2026-07-20 01:00:00+00:00,0.56441,0.56476,0.56431,0.56459
AUDCHF,2026-07-20 02:00:00+00:00,0.56455,0.56484,0.56444,0.56466
AUDCHF,2026-07-20 03:00:00+00:00,0.56466,0.56474,0.5644,0.56464
AUDCHF,2026-07-20 04:00:00+00:00,0.56464,0.56488,0.56461,0.56468
AUDCHF,2026-07-20 05:00:00+00:00,0.56468,0.56468,0.56422,0.56442
AUDCHF,2026-07-20 06:00:00+00:00,0.56444,0.56444,0.56387,0.56436
AUDCHF,2026-07-20 07:00:00+00:00,0.56436,0.56489,0.56434,0.56452
AUDCHF,2026-07-20 08:00:00+00:00,0.56451,0.56496,0.56449,0.56495
AUDCHF,2026-07-20 09:00:00+00:00,0.56496,0.56564,0.56479,0.56552
AUDCHF,2026-07-20 10:00:00+00:00,0.56551,0.5661,0.56534,0.5661
AUDCHF,2026-07-20 11:00:00+00:00,0.56612,0.5663,0.56604,0.56622
AUDCHF,2026-07-20 12:00:00+00:00,0.56626,0.56681,0.56611,0.56658
AUDCHF,2026-07-20 13:00:00+00:00,0.56655,0.56752,0.56655,0.56752
AUDCHF,2026-07-20 14:00:00+00:00,0.56754,0.56793,0.56724,0.56728
AUDCHF,2026-07-20 15:00:00+00:00,0.56728,0.5675,0.5671,0.56746
AUDCHF,2026-07-20 16:00:00+00:00,0.56747,0.56766,0.56734,0.5675
AUDCHF,2026-07-20 17:00:00+00:00,0.56748,0.5675,0.56722,0.56734
AUDCHF,2026-07-20 18:00:00+00:00,0.56736,0.56746,0.56713,0.56716
AUDCHF,2026-07-20 19:00:00+00:00,0.56718,0.56721,0.56696,0.56704
AUDCHF,2026-07-20 20:00:00+00:00,0.56706,0.56718,0.56696,0.56714
AUDCHF,2026-07-20 21:00:00+00:00,0.56708,0.56731,0.56659,0.56686
AUDCHF,2026-07-20 22:00:00+00:00,0.56692,0.56705,0.56664,0.56678
AUDCHF,2026-07-20 23:00:00+00:00,0.56678,0.56719,0.56676,0.56704
AUDCHF,2026-07-21 00:00:00+00:00,0.567,0.56762,0.56684,0.56745
AUDCHF,2026-07-21 01:00:00+00:00,0.56748,0.56784,0.56737,0.56774
AUDCHF,2026-07-21 02:00:00+00:00,0.56776,0.56806,0.56768,0.56794
AUDCHF,2026-07-21 03:00:00+00:00,0.56794,0.56803,0.56776,0.56782
AUDCHF,2026-07-21 04:00:00+00:00,0.56784,0.5679,0.56762,0.56778
AUDCHF,2026-07-21 05:00:00+00:00,0.56777,0.56797,0.56771,0.56786
AUDCHF,2026-07-21 06:00:00+00:00,0.56791,0.56842,0.5677,0.5684
AUDCHF,2026-07-21 07:00:00+00:00,0.56839,0.5686,0.56798,0.56838
AUDCHF,2026-07-21 08:00:00+00:00,0.5684,0.56908,0.56834,0.569
AUDCHF,2026-07-21 09:00:00+00:00,0.56897,0.56909,0.56875,0.56888
AUDCHF,2026-07-21 10:00:00+00:00,0.56888,0.56888,0.56842,0.56864
AUDCHF,2026-07-21 11:00:00+00:00,0.56861,0.5689,0.56856,0.56888
AUDCHF,2026-07-21 12:00:00+00:00,0.56887,0.56898,0.5686,0.56888
AUDCHF,2026-07-21 13:00:00+00:00,0.56888,0.56907,0.56845,0.56852
AUDCHF,2026-07-21 14:00:00+00:00,0.56854,0.56946,0.56844,0.56916
AUDCHF,2026-07-21 15:00:00+00:00,0.56916,0.56949,0.56906,0.56918
AUDCHF,2026-07-21 16:00:00+00:00,0.5692,0.56924,0.5689,0.56916
AUDCHF,2026-07-21 17:00:00+00:00,0.56915,0.56929,0.56915,0.56926
AUDCHF,2026-07-21 18:00:00+00:00,0.56928,0.56952,0.56926,0.56948
AUDCHF,2026-07-21 19:00:00+00:00,0.56945,0.56956,0.56902,0.56912
AUDCHF,2026-07-21 20:00:00+00:00,0.56914,0.56914,0.56874,0.56886
AUDCHF,2026-07-21 21:00:00+00:00,0.56878,0.56916,0.56872,0.56883
AUDCHF,2026-07-21 22:00:00+00:00,0.56884,0.56894,0.56873,0.56888
AUDCHF,2026-07-21 23:00:00+00:00,0.56888,0.56898,0.56876,0.56888
AUDCHF,2026-07-22 00:00:00+00:00,0.5689,0.56966,0.56877,0.56963
AUDCHF,2026-07-22 01:00:00+00:00,0.56966,0.56976,0.56944,0.56956
AUDCHF,2026-07-22 02:00:00+00:00,0.56956,0.56959,0.56913,0.56922
AUDCHF,2026-07-22 03:00:00+00:00,0.56922,0.56938,0.56886,0.56887
AUDCHF,2026-07-22 04:00:00+00:00,0.5689,0.56907,0.56888,0.56899
AUDCHF,2026-07-22 05:00:00+00:00,0.56901,0.56902,0.56849,0.5686
AUDCHF,2026-07-22 06:00:00+00:00,0.56862,0.56867,0.56804,0.56841
AUDCHF,2026-07-22 07:00:00+00:00,0.56839,0.56858,0.56816,0.56816
AUDCHF,2026-07-22 08:00:00+00:00,0.56815,0.56821,0.56781,0.56807
AUDCHF,2026-07-22 09:00:00+00:00,0.56804,0.56834,0.56793,0.56828
AUDCHF,2026-07-22 10:00:00+00:00,0.5683,0.56855,0.5682,0.56826
AUDCHF,2026-07-22 11:00:00+00:00,0.56823,0.56854,0.56803,0.56838
AUDCHF,2026-07-22 12:00:00+00:00,0.56839,0.56844,0.56751,0.5676
AUDCHF,2026-07-22 13:00:00+00:00,0.56762,0.56824,0.56761,0.56824
AUDCHF,2026-07-22 14:00:00+00:00,0.56824,0.56924,0.5682,0.56922
AUDCHF,2026-07-22 15:00:00+00:00,0.56922,0.56944,0.56894,0.56942
AUDCHF,2026-07-22 16:00:00+00:00,0.56941,0.5697,0.5693,0.5697
AUDCHF,2026-07-22 17:00:00+00:00,0.5697,0.56972,0.56954,0.56956
AUDCHF,2026-07-22 18:00:00+00:00,0.56959,0.56986,0.56956,0.56982
AUDCHF,2026-07-22 19:00:00+00:00,0.56983,0.56991,0.56974,0.56974
AUDCHF,2026-07-22 20:00:00+00:00,0.56976,0.56998,0.56974,0.56985
AUDCHF,2026-07-22 21:00:00+00:00,0.56978,0.56986,0.56924,0.5695
AUDCHF,2026-07-22 22:00:00+00:00,0.56955,0.56974,0.56916,0.56924
AUDCHF,2026-07-22 23:00:00+00:00,0.56925,0.5693,0.56903,0.56909
AUDCHF,2026-07-23 00:00:00+00:00,0.56912,0.56936,0.569,0.56926
AUDCHF,2026-07-23 01:00:00+00:00,0.56929,0.57134,0.56924,0.57078
AUDCHF,2026-07-23 02:00:00+00:00,0.57077,0.57122,0.57062,0.57074
AUDCHF,2026-07-23 03:00:00+00:00,0.57077,0.57085,0.57048,0.57084
AUDCHF,2026-07-23 04:00:00+00:00,0.57081,0.5709,0.57044,0.5705
AUDCHF,2026-07-23 05:00:00+00:00,0.5705,0.5706,0.5703,0.57036
AUDCHF,2026-07-23 06:00:00+00:00,0.57035,0.5707,0.57028,0.57028
AUDCHF,2026-07-23 07:00:00+00:00,0.5703,0.57106,0.57019,0.5706
AUDCHF,2026-07-23 08:00:00+00:00,0.57061,0.57074,0.57024,0.57038
AUDCHF,2026-07-23 09:00:00+00:00,0.5704,0.5706,0.5701,0.57014
AUDCHF,2026-07-23 10:00:00+00:00,0.5701,0.5705,0.57,0.57038
AUDCHF,2026-07-23 11:00:00+00:00,0.57036,0.5708,0.57028,0.57066
AUDCHF,2026-07-23 12:00:00+00:00,0.5707,0.5707,0.56987,0.56996
AUDCHF,2026-07-23 13:00:00+00:00,0.56994,0.5701,0.56938,0.56952
AUDCHF,2026-07-23 14:00:00+00:00,0.56952,0.56974,0.56931,0.56934
AUDCHF,2026-07-23 15:00:00+00:00,0.56936,0.5701,0.56917,0.56998
AUDCHF,2026-07-23 16:00:00+00:00,0.56996,0.57003,0.56944,0.56961
AUDCHF,2026-07-23 17:00:00+00:00,0.56962,0.56968,0.56924,0.56958
AUDCHF,2026-07-23 18:00:00+00:00,0.56959,0.56962,0.56908,0.56912
AUDCHF,2026-07-23 19:00:00+00:00,0.5691,0.56912,0.56874,0.569
AUDCHF,2026-07-23 20:00:00+00:00,0.56902,0.56923,0.56898,0.5692
AUDCHF,2026-07-23 21:00:00+00:00,0.56882,0.56958,0.56878,0.56923
AUDCHF,2026-07-23 22:00:00+00:00,0.56926,0.56931,0.56898,0.56912
AUDCHF,2026-07-23 23:00:00+00:00,0.56912,0.56922,0.56907,0.56916
AUDCHF,2026-07-24 00:00:00+00:00,0.56918,0.56966,0.56908,0.56954
AUDCHF,2026-07-24 01:00:00+00:00,0.56951,0.56966,0.56912,0.5696
AUDCHF,2026-07-24 02:00:00+00:00,0.56962,0.57008,0.56945,0.56976
AUDCHF,2026-07-24 03:00:00+00:00,0.56977,0.57021,0.56976,0.56983
AUDCHF,2026-07-24 04:00:00+00:00,0.56984,0.57007,0.5698,0.57
AUDCHF,2026-07-24 05:00:00+00:00,0.57,0.5703,0.56993,0.56993
AUDCHF,2026-07-24 06:00:00+00:00,0.56994,0.57037,0.5699,0.57034
AUDCHF,2026-07-24 07:00:00+00:00,0.57034,0.57052,0.56978,0.57012
AUDCHF,2026-07-24 08:00:00+00:00,0.57012,0.57068,0.57004,0.5706
AUDCHF,2026-07-24 09:00:00+00:00,0.57059,0.57084,0.57043,0.57084
AUDCHF,2026-07-24 10:00:00+00:00,0.57082,0.57125,0.57082,0.57114
AUDCHF,2026-07-24 11:00:00+00:00,0.57114,0.57148,0.57098,0.57136
AUDCHF,2026-07-24 12:00:00+00:00,0.57138,0.5714,0.57058,0.5707
AUDCHF,2026-07-24 13:00:00+00:00,0.57068,0.57098,0.57059,0.57064
AUDCHF,2026-07-24 14:00:00+00:00,0.57064,0.5713,0.57052,0.5713
AUDCHF,2026-07-24 15:00:00+00:00,0.5713,0.57152,0.571,0.57139
AUDCHF,2026-07-24 16:00:00+00:00,0.57139,0.57144,0.57109,0.5714
AUDCHF,2026-07-24 17:00:00+00:00,0.57142,0.57172,0.57134,0.57162
AUDCHF,2026-07-24 18:00:00+00:00,0.5716,0.5717,0.57132,0.57134
AUDCHF,2026-07-24 19:00:00+00:00,0.57127,0.57134,0.5711,0.57124
AUDCHF,2026-07-24 20:00:00+00:00,0.5712,0.57144,0.5711,0.57132
AUDCHF,2026-07-26 21:00:00+00:00,0.57132,0.57228,0.57074,0.57136
AUDCHF,2026-07-26 22:00:00+00:00,0.57137,0.57152,0.57099,0.57112
AUDCHF,2026-07-26 23:00:00+00:00,0.57114,0.5712,0.57091,0.57091
AUDCHF,2026-07-27 00:00:00+00:00,0.57094,0.57104,0.56999,0.57002
AUDCHF,2026-07-27 01:00:00+00:00,0.57,0.57024,0.5698,0.5702
AUDCHF,2026-07-27 02:00:00+00:00,0.5702,0.57038,0.5701,0.57029
AUDCHF,2026-07-27 03:00:00+00:00,0.57028,0.57042,0.57011,0.57036
AUDCHF,2026-07-27 04:00:00+00:00,0.57034,0.5704,0.57018,0.57028
AUDCHF,2026-07-27 05:00:00+00:00,0.57031,0.5709,0.5703,0.57081
AUDCHF,2026-07-27 06:00:00+00:00,0.57084,0.57086,0.57028,0.57073
AUDCHF,2026-07-27 07:00:00+00:00,0.57074,0.57096,0.57042,0.57075
AUDCHF,2026-07-27 08:00:00+00:00,0.57075,0.57095,0.57058,0.57069
AUDCHF,2026-07-27 09:00:00+00:00,0.57072,0.57072,0.57045,0.57062
AUDCHF,2026-07-27 10:00:00+00:00,0.57061,0.57074,0.5704,0.57072
AUDCHF,2026-07-27 11:00:00+00:00,0.5707,0.57088,0.57045,0.57058
AUDCHF,2026-07-27 12:00:00+00:00,0.57059,0.57126,0.57029,0.57121
AUDCHF,2026-07-27 13:00:00+00:00,0.57122,0.57271,0.57122,0.57255
AUDCHF,2026-07-27 14:00:00+00:00,0.57258,0.57258,0.57192,0.57246
AUDCHF,2026-07-27 15:00:00+00:00,0.57244,0.57268,0.57219,0.57245
AUDCHF,2026-07-27 16:00:00+00:00,0.57247,0.5725,0.57214,0.57219
AUDCHF,2026-07-27 17:00:00+00:00,0.57222,0.57244,0.57208,0.57244
AUDCHF,2026-07-27 18:00:00+00:00,0.57244,0.57244,0.57222,0.57237
AUDCHF,2026-07-27 19:00:00+00:00,0.57239,0.57281,0.57231,0.57278
AUDCHF,2026-07-27 20:00:00+00:00,0.5728,0.5728,0.57259,0.57264
AUDCHF,2026-07-27 21:00:00+00:00,0.57224,0.57264,0.57197,0.57248
AUDCHF,2026-07-27 22:00:00+00:00,0.57218,0.5726,0.57218,0.57252
AUDCHF,2026-07-27 23:00:00+00:00,0.57249,0.57254,0.57226,0.5725
AUDCHF,2026-07-28 00:00:00+00:00,0.57256,0.5726,0.5719,0.57224
AUDCHF,2026-07-28 01:00:00+00:00,0.57226,0.57264,0.57196,0.57248
AUDCHF,2026-07-28 02:00:00+00:00,0.57249,0.57291,0.57245,0.57254
AUDCHF,2026-07-28 03:00:00+00:00,0.57256,0.57259,0.57154,0.57164
AUDCHF,2026-07-28 04:00:00+00:00,0.5716,0.57162,0.57091,0.57111
AUDCHF,2026-07-28 05:00:00+00:00,0.5711,0.5712,0.57061,0.57087
AUDCHF,2026-07-28 06:00:00+00:00,0.5709,0.57143,0.57053,0.57122
AUDCHF,2026-07-28 07:00:00+00:00,0.57124,0.5715,0.57112,0.57144
AUDCHF,2026-07-28 08:00:00+00:00,0.57144,0.57158,0.57114,0.57132
AUDCHF,2026-07-28 09:00:00+00:00,0.57136,0.57166,0.57128,0.5713
AUDCHF,2026-07-28 10:00:00+00:00,0.57132,0.57147,0.57106,0.57126
AUDCHF,2026-07-28 11:00:00+00:00,0.5713,0.57135,0.57072,0.57086
AUDCHF,2026-07-28 12:00:00+00:00,0.57088,0.57164,0.57088,0.57122
AUDCHF,2026-07-28 13:00:00+00:00,0.57124,0.57139,0.57043,0.57078
AUDCHF,2026-07-28 14:00:00+00:00,0.57078,0.57098,0.57014,0.57017
AUDCHF,2026-07-28 15:00:00+00:00,0.57018,0.57058,0.5701,0.57052
AUDCHF,2026-07-28 16:00:00+00:00,0.57055,0.57106,0.57046,0.57101
AUDCHF,2026-07-28 17:00:00+00:00,0.57099,0.57106,0.57085,0.57098
AUDCHF,2026-07-28 18:00:00+00:00,0.57094,0.57131,0.57089,0.57126
AUDCHF,2026-07-28 19:00:00+00:00,0.5713,0.5715,0.57123,0.57146
AUDCHF,2026-07-28 20:00:00+00:00,0.57148,0.57152,0.57132,0.5714
AUDCHF,2026-07-28 21:00:00+00:00,0.5714,0.57177,0.57096,0.5711
AUDCHF,2026-07-28 22:00:00+00:00,0.57112,0.57152,0.57108,0.57146
AUDCHF,2026-07-28 23:00:00+00:00,0.57147,0.57184,0.5714,0.57156
AUDCHF,2026-07-29 00:00:00+00:00,0.57156,0.57166,0.57085,0.57088
AUDCHF,2026-07-29 01:00:00+00:00,0.57088,0.57105,0.56841,0.56862
AUDCHF,2026-07-29 02:00:00+00:00,0.56861,0.5693,0.56842,0.56854
AUDCHF,2026-07-29 03:00:00+00:00,0.56858,0.56877,0.56793,0.56824
AUDCHF,2026-07-29 04:00:00+00:00,0.56822,0.5683,0.56752,0.56823
AUDCHF,2026-07-29 05:00:00+00:00,0.56826,0.56884,0.56811,0.56882
AUDCHF,2026-07-29 06:00:00+00:00,0.56884,0.56918,0.56874,0.56897
AUDCHF,2026-07-29 07:00:00+00:00,0.569,0.5692,0.56858,0.56885
AUDCHF,2026-07-29 08:00:00+00:00,0.56886,0.569,0.56862,0.56866
AUDCHF,2026-07-29 09:00:00+00:00,0.5687,0.56921,0.56862,0.5691
AUDCHF,2026-07-29 10:00:00+00:00,0.56912,0.56942,0.56896,0.56915
AUDCHF,2026-07-29 11:00:00+00:00,0.56914,0.56934,0.56888,0.56912
AUDCHF,2026-07-29 12:00:00+00:00,0.56912,0.56934,0.56893,0.56907
AUDCHF,2026-07-29 13:00:00+00:00,0.56908,0.5692,0.56835,0.56873
AUDCHF,2026-07-29 14:00:00+00:00,0.5687,0.56892,0.56782,0.56804
AUDCHF,2026-07-29 15:00:00+00:00,0.56802,0.56842,0.56786,0.56818
AUDCHF,2026-07-29 16:00:00+00:00,0.5682,0.56845,0.56798,0.56841
AUDCHF,2026-07-29 17:00:00+00:00,0.56839,0.56864,0.56828,0.56832
AUDCHF,2026-07-29 18:00:00+00:00,0.56836,0.56928,0.56802,0.56916
AUDCHF,2026-07-29 19:00:00+00:00,0.56917,0.56919,0.56629,0.56648
AUDCHF,2026-07-29 20:00:00+00:00,0.56648,0.56657,0.56549,0.56584
AUDCHF,2026-07-29 21:00:00+00:00,0.56582,0.56642,0.56542,0.56594
AUDCHF,2026-07-29 22:00:00+00:00,0.56594,0.5663,0.56564,0.56627
AUDCHF,2026-07-29 23:00:00+00:00,0.56628,0.56644,0.56594,0.56603
AUDCHF,2026-07-30 00:00:00+00:00,0.566,0.56694,0.56599,0.56668
AUDCHF,2026-07-30 01:00:00+00:00,0.5667,0.56739,0.5665,0.56716
AUDCHF,2026-07-30 02:00:00+00:00,0.56715,0.56754,0.56682,0.56687
AUDCHF,2026-07-30 03:00:00+00:00,0.56686,0.56705,0.56671,0.56685
AUDCHF,2026-07-30 04:00:00+00:00,0.56683,0.567,0.56675,0.56679
AUDCHF,2026-07-30 05:00:00+00:00,0.56678,0.56703,0.56656,0.56684
AUDCHF,2026-07-30 06:00:00+00:00,0.56684,0.5673,0.56674,0.56722
AUDCHF,2026-07-30 07:00:00+00:00,0.5672,0.56825,0.56718,0.56798
AUDCHF,2026-07-30 08:00:00+00:00,0.56802,0.56808,0.56748,0.56804
AUDCHF,2026-07-30 09:00:00+00:00,0.56805,0.56832,0.56752,0.56762
AUDCHF,2026-07-30 10:00:00+00:00,0.5676,0.56773,0.56678,0.56708
AUDCHF,2026-07-30 11:00:00+00:00,0.56702,0.56767,0.56688,0.56729
AUDCHF,2026-07-30 12:00:00+00:00,0.5673,0.5673,0.56662,0.56699
AUDCHF,2026-07-30 13:00:00+00:00,0.56698,0.56709,0.56572,0.56596
AUDCHF,2026-07-30 14:00:00+00:00,0.56594,0.56646,0.56444,0.56568
AUDCHF,2026-07-30 15:00:00+00:00,0.56568,0.56601,0.56542,0.56564
AUDCHF,2026-07-30 16:00:00+00:00,0.56566,0.56591,0.5653,0.5654
AUDCHF,2026-07-30 17:00:00+00:00,0.56542,0.56596,0.56527,0.5655
AUDCHF,2026-07-30 18:00:00+00:00,0.56548,0.56571,0.56508,0.5651
AUDCHF,2026-07-30 19:00:00+00:00,0.56512,0.56588,0.5651,0.56576
AUDCHF,2026-07-30 20:00:00+00:00,0.56579,0.56615,0.56576,0.56588
AUDCHF,2026-07-30 21:00:00+00:00,0.56584,0.56655,0.56516,0.56604
AUDCHF,2026-07-30 22:00:00+00:00,0.56586,0.56608,0.56572,0.56598
AUDCHF,2026-07-30 23:00:00+00:00,0.566,0.56616,0.56584,0.566
AUDCHF,2026-07-31 00:00:00+00:00,0.56602,0.56687,0.56602,0.56666
AUDCHF,2026-07-31 01:00:00+00:00,0.56668,0.56684,0.56606,0.56678
AUDCHF,2026-07-31 02:00:00+00:00,0.56676,0.56686,0.56616,0.56676
AUDCHF,2026-07-31 03:00:00+00:00,0.56674,0.56699,0.56646,0.5668
AUDCHF,2026-07-31 04:00:00+00:00,0.56682,0.56736,0.56678,0.56714
AUDCHF,2026-07-31 05:00:00+00:00,0.56712,0.5678,0.56712,0.56778
AUDCHF,2026-07-31 06:00:00+00:00,0.56777,0.56781,0.56706,0.56718
AUDCHF,2026-07-31 07:00:00+00:00,0.5672,0.56768,0.56702,0.56738
AUDCHF,2026-07-31 08:00:00+00:00,0.56739,0.56802,0.56739,0.56763
AUDCHF,2026-07-31 09:00:00+00:00,0.56766,0.56862,0.56732,0.5685
AUDCHF,2026-07-31 10:00:00+00:00,0.56852,0.5688,0.56833,0.56876
AUDCHF,2026-07-31 11:00:00+00:00,0.56876,0.56906,0.56821,0.56834
AUDCHF,2026-07-31 12:00:00+00:00,0.56832,0.56872,0.56826,0.56834
AUDCHF,2026-07-31 13:00:00+00:00,0.56834,0.56924,0.568,0.56904
AUDCHF,2026-07-31 14:00:00+00:00,0.56902,0.56909,0.56779,0.56808
AUDCHF,2026-07-31 15:00:00+00:00,0.56806,0.56835,0.56752,0.56758
AUDCHF,2026-07-31 16:00:00+00:00,0.5676,0.56839,0.5676,0.56822
AUDCHF,2026-07-31 17:00:00+00:00,0.5682,0.56846,0.56796,0.56829
AUDCHF,2026-07-31 18:00:00+00:00,0.56828,0.56874,0.56812,0.56868
AUDCHF,2026-07-31 19:00:00+00:00,0.56868,0.56898,0.56856,0.56866
AUDCHF,2026-07-31 20:00:00+00:00,0.5687,0.5691,0.56671,0.56738
AUDCHF,2026-08-02 21:00:00+00:00,0.56828,0.56945,0.56822,0.56869
AUDCHF,2026-08-02 22:00:00+00:00,0.56841,0.56888,0.56754,0.5686
AUDCHF,2026-08-02 23:00:00+00:00,0.56862,0.5688,0.56828,0.5686
AUDCHF,2026-08-03 00:00:00+00:00,0.5686,0.56872,0.56749,0.56821
AUDCHF,2026-08-03 01:00:00+00:00,0.56818,0.56908,0.56806,0.56892
AUDCHF,2026-08-03 02:00:00+00:00,0.56894,0.56906,0.56863,0.56872
AUDCHF,2026-08-03 03:00:00+00:00,0.56872,0.56903,0.56866,0.56877
AUDCHF,2026-08-03 04:00:00+00:00,0.56874,0.56882,0.56855,0.56855
AUDCHF,2026-08-03 05:00:00+00:00,0.56855,0.56877,0.56838,0.56872
AUDCHF,2026-08-03 06:00:00+00:00,0.5687,0.56883,0.56848,0.5687
AUDCHF,2026-08-03 07:00:00+00:00,0.56869,0.56878,0.56722,0.5673
AUDCHF,2026-08-03 08:00:00+00:00,0.56731,0.56732,0.56694,0.56703
AUDCHF,2026-08-03 09:00:00+00:00,0.56703,0.56704,0.56614,0.56646
AUDCHF,2026-08-03 10:00:00+00:00,0.56645,0.56651,0.56611,0.56642
AUDCHF,2026-08-03 11:00:00+00:00,0.56645,0.56669,0.56626,0.56628
AUDCHF,2026-08-03 12:00:00+00:00,0.5663,0.5664,0.56604,0.56622
AUDCHF,2026-08-03 13:00:00+00:00,0.56622,0.56632,0.56524,0.56558
AUDCHF,2026-08-03 14:00:00+00:00,0.56555,0.56716,0.56548,0.56711
AUDCHF,2026-08-03 15:00:00+00:00,0.56714,0.5678,0.56712,0.56739
AUDCHF,2026-08-03 16:00:00+00:00,0.56738,0.56756,0.56723,0.56745
AUDCHF,2026-08-03 17:00:00+00:00,0.56745,0.56754,0.56723,0.56736
AUDCHF,2026-08-03 18:00:00+00:00,0.56734,0.5674,0.56684,0.56702
AUDCHF,2026-08-03 19:00:00+00:00,0.567,0.56717,0.56682,0.56711
AUDCHF,2026-08-03 20:00:00+00:00,0.56711,0.56744,0.56704,0.56733
AUDCHF,2026-08-03 21:00:00+00:00,0.56719,0.56764,0.56679,0.56691
AUDCHF,2026-08-03 22:00:00+00:00,0.56694,0.56723,0.56691,0.56702
AUDCHF,2026-08-03 23:00:00+00:00,0.567,0.56712,0.56688,0.56704
AUDCHF,2026-08-04 00:00:00+00:00,0.56702,0.5673,0.56686,0.56712
AUDCHF,2026-08-04 01:00:00+00:00,0.56716,0.56808,0.56696,0.56806
AUDCHF,2026-08-04 02:00:00+00:00,0.56805,0.56847,0.5679,0.56844
AUDCHF,2026-08-04 03:00:00+00:00,0.56844,0.56882,0.56839,0.56876
AUDCHF,2026-08-04 04:00:00+00:00,0.56879,0.56882,0.56852,0.56867
AUDCHF,2026-08-04 05:00:00+00:00,0.56865,0.56885,0.56854,0.56877
AUDCHF,2026-08-04 06:00:00+00:00,0.5688,0.5689,0.56812,0.5683
AUDCHF,2026-08-04 07:00:00+00:00,0.56832,0.56877,0.56829,0.56858
AUDCHF,2026-08-04 08:00:00+00:00,0.56859,0.5691,0.56856,0.56894
AUDCHF,2026-08-04 09:00:00+00:00,0.56895,0.56931,0.56876,0.56929
AUDCHF,2026-08-04 10:00:00+00:00,0.56932,0.5696,0.56923,0.56954
AUDCHF,2026-08-04 11:00:00+00:00,0.56954,0.56955,0.56874,0.56886
AUDCHF,2026-08-04 12:00:00+00:00,0.56885,0.56903,0.56855,0.5689
AUDCHF,2026-08-04 13:00:00+00:00,0.56888,0.56949,0.56866,0.56881
AUDCHF,2026-08-04 14:00:00+00:00,0.56884,0.56936,0.56874,0.56928
AUDCHF,2026-08-04 15:00:00+00:00,0.5693,0.56957,0.56918,0.56942
AUDCHF,2026-08-04 16:00:00+00:00,0.56942,0.57028,0.56942,0.5702
AUDCHF,2026-08-04 17:00:00+00:00,0.5702,0.57038,0.5701,0.57021
AUDCHF,2026-08-04 18:00:00+00:00,0.57022,0.57029,0.56997,0.57016
AUDCHF,2026-08-04 19:00:00+00:00,0.57014,0.5704,0.57007,0.57024
AUDCHF,2026-08-04 20:00:00+00:00,0.57026,0.5703,0.56998,0.57006
AUDCHF,2026-08-04 21:00:00+00:00,0.57044,0.57046,0.5698,0.57004
AUDCHF,2026-08-04 22:00:00+00:00,0.56999,0.57044,0.56992,0.57044
AUDCHF,2026-08-04 23:00:00+00:00,0.57042,0.57054,0.57016,0.57016
AUDCHF,2026-08-05 00:00:00+00:00,0.57017,0.57051,0.56968,0.56974
AUDCHF,2026-08-05 01:00:00+00:00,0.56976,0.57,0.56966,0.56982
AUDCHF,2026-08-05 02:00:00+00:00,0.5698,0.56996,0.56923,0.56948
AUDCHF,2026-08-05 03:00:00+00:00,0.56947,0.56963,0.56924,0.56942
AUDCHF,2026-08-05 04:00:00+00:00,0.56942,0.56988,0.56941,0.56966
AUDCHF,2026-08-05 05:00:00+00:00,0.56967,0.56972,0.56941,0.56957
AUDCHF,2026-08-05 06:00:00+00:00,0.56955,0.5698,0.56934,0.56935
AUDCHF,2026-08-05 07:00:00+00:00,0.56938,0.57028,0.56934,0.57024
AUDCHF,2026-08-05 08:00:00+00:00,0.57026,0.57056,0.56996,0.5704
AUDCHF,2026-08-05 09:00:00+00:00,0.57038,0.57049,0.57,0.57024
AUDCHF,2026-08-05 10:00:00+00:00,0.57022,0.57034,0.57008,0.57012
AUDCHF,2026-08-05 11:00:00+00:00,0.5701,0.57017,0.56971,0.56998
AUDCHF,2026-08-05 12:00:00+00:00,0.57001,0.57052,0.56998,0.57045
AUDCHF,2026-08-05 13:00:00+00:00,0.57046,0.5705,0.56956,0.57
AUDCHF,2026-08-05 14:00:00+00:00,0.56997,0.57032,0.5693,0.56947
AUDCHF,2026-08-05 15:00:00+00:00,0.56944,0.56978,0.56934,0.56947
AUDCHF,2026-08-05 16:00:00+00:00,0.56944,0.56977,0.56944,0.56967
AUDCHF,2026-08-05 17:00:00+00:00,0.56966,0.5698,0.56945,0.5697
AUDCHF,2026-08-05 18:00:00+00:00,0.5697,0.56982,0.56964,0.56978
AUDCHF,2026-08-05 19:00:00+00:00,0.56976,0.57004,0.56954,0.56954
AUDCHF,2026-08-05 20:00:00+00:00,0.56952,0.56972,0.56945,0.56959
AUDCHF,2026-08-05 21:00:00+00:00,0.56967,0.56985,0.5692,0.5695
AUDCHF,2026-08-05 22:00:00+00:00,0.56949,0.56967,0.5693,0.56956
AUDCHF,2026-08-05 23:00:00+00:00,0.56955,0.56956,0.56928,0.5693
AUDCHF,2026-08-06 00:00:00+00:00,0.5693,0.56948,0.56906,0.56918
AUDCHF,2026-08-06 01:00:00+00:00,0.56918,0.56929,0.5689,0.56896
AUDCHF,2026-08-06 02:00:00+00:00,0.569,0.56919,0.5688,0.56895
AUDCHF,2026-08-06 03:00:00+00:00,0.56896,0.56902,0.56872,0.56888
AUDCHF,2026-08-06 04:00:00+00:00,0.56889,0.56904,0.5687,0.56903
AUDCHF,2026-08-06 05:00:00+00:00,0.56902,0.56913,0.56876,0.56894
AUDCHF,2026-08-06 06:00:00+00:00,0.56895,0.56922,0.5688,0.5692
AUDCHF,2026-08-06 07:00:00+00:00,0.56918,0.56932,0.56894,0.56914
AUDCHF,2026-08-06 08:00:00+00:00,0.56912,0.56968,0.56896,0.5696
AUDCHF,2026-08-06 09:00:00+00:00,0.56958,0.57008,0.56936,0.57004
AUDCHF,2026-08-06 10:00:00+00:00,0.57006,0.57016,0.56982,0.57009
AUDCHF,2026-08-06 11:00:00+00:00,0.57008,0.57031,0.56976,0.5703
AUDCHF,2026-08-06 12:00:00+00:00,0.57026,0.57032,0.56994,0.56997
AUDCHF,2026-08-06 13:00:00+00:00,0.56998,0.56998,0.5695,0.56958
AUDCHF,2026-08-06 14:00:00+00:00,0.5696,0.57053,0.56948,0.57052
AUDCHF,2026-08-06 15:00:00+00:00,0.57051,0.57191,0.57041,0.5713
AUDCHF,2026-08-06 16:00:00+00:00,0.57128,0.57135,0.571,0.57122
AUDCHF,2026-08-06 17:00:00+00:00,0.57118,0.57164,0.57112,0.57134
AUDCHF,2026-08-06 18:00:00+00:00,0.57135,0.5715,0.57118,0.57123
AUDCHF,2026-08-06 19:00:00+00:00,0.57121,0.57142,0.5712,0.5713
AUDCHF,2026-08-06 20:00:00+00:00,0.57129,0.5714,0.57118,0.57124
AUDCHF,2026-08-06 21:00:00+00:00,0.57132,0.5717,0.5709,0.57117
AUDCHF,2026-08-06 22:00:00+00:00,0.57116,0.5715,0.57115,0.57126
AUDCHF,2026-08-06 23:00:00+00:00,0.57126,0.57144,0.5712,0.57141
AUDCHF,2026-08-07 00:00:00+00:00,0.5714,0.57159,0.57116,0.57128
AUDCHF,2026-08-07 01:00:00+00:00,0.5713,0.57138,0.57092,0.57112
AUDCHF,2026-08-07 02:00:00+00:00,0.57112,0.57118,0.57068,0.57079
AUDCHF,2026-08-07 03:00:00+00:00,0.57078,0.57098,0.57072,0.57086
AUDCHF,2026-08-07 04:00:00+00:00,0.57088,0.57124,0.57084,0.571
AUDCHF,2026-08-07 05:00:00+00:00,0.57103,0.57122,0.57092,0.57112
AUDCHF,2026-08-07 06:00:00+00:00,0.57112,0.57112,0.57076,0.57106
AUDCHF,2026-08-07 07:00:00+00:00,0.57106,0.57122,0.57084,0.57096
AUDCHF,2026-08-07 08:00:00+00:00,0.57094,0.57108,0.57068,0.5709
AUDCHF,2026-08-07 09:00:00+00:00,0.57089,0.57094,0.57046,0.57059
AUDCHF,2026-08-07 10:00:00+00:00,0.57056,0.57066,0.57005,0.57014
AUDCHF,2026-08-07 11:00:00+00:00,0.57012,0.57055,0.57008,0.5705
AUDCHF,2026-08-07 12:00:00+00:00,0.57047,0.571,0.57014,0.57045
AUDCHF,2026-08-07 13:00:00+00:00,0.57044,0.57086,0.57016,0.57056
AUDCHF,2026-08-07 14:00:00+00:00,0.5706,0.57088,0.57038,0.5707
AUDCHF,2026-08-07 15:00:00+00:00,0.57071,0.57072,0.5702,0.57056
AUDCHF,2026-08-07 16:00:00+00:00,0.57056,0.57068,0.57042,0.57067
AUDCHF,2026-08-07 17:00:00+00:00,0.57065,0.57086,0.5706,0.5708
AUDCHF,2026-08-07 18:00:00+00:00,0.57081,0.57086,0.57066,0.57082
AUDCHF,2026-08-07 19:00:00+00:00,0.57084,0.57103,0.57082,0.57094
AUDCHF,2026-08-07 20:00:00+00:00,0.57092,0.57122,0.57082,0.57118
AUDCHF,2026-08-09 21:00:00+00:00,0.57117,0.57153,0.57002,0.57093
AUDCHF,2026-08-09 22:00:00+00:00,0.57076,0.57136,0.57076,0.5711
AUDCHF,2026-08-09 23:00:00+00:00,0.57112,0.57114,0.57081,0.57084
AUDCHF,2026-08-10 00:00:00+00:00,0.57084,0.57136,0.5708,0.57086
AUDCHF,2026-08-10 01:00:00+00:00,0.57085,0.57142,0.57068,0.57134
AUDCHF,2026-08-10 02:00:00+00:00,0.57137,0.57143,0.57122,0.57122
AUDCHF,2026-08-10 03:00:00+00:00,0.57122,0.57132,0.57098,0.57128
AUDCHF,2026-08-10 04:00:00+00:00,0.57127,0.5714,0.57112,0.57137
AUDCHF,2026-08-10 05:00:00+00:00,0.57136,0.57184,0.57132,0.5718
AUDCHF,2026-08-10 06:00:00+00:00,0.57182,0.5719,0.57125,0.5713
AUDCHF,2026-08-10 07:00:00+00:00,0.57128,0.57148,0.57058,0.57074
AUDCHF,2026-08-10 08:00:00+00:00,0.57074,0.57146,0.5707,0.57135
AUDCHF,2026-08-10 09:00:00+00:00,0.57136,0.57136,0.5709,0.57106
AUDCHF,2026-08-10 10:00:00+00:00,0.57107,0.57144,0.57085,0.57142
AUDCHF,2026-08-10 11:00:00+00:00,0.57142,0.57143,0.57108,0.57114
AUDCHF,2026-08-10 12:00:00+00:00,0.57112,0.57122,0.57078,0.57122
AUDCHF,2026-08-10 13:00:00+00:00,0.57122,0.5716,0.57099,0.57158
AUDCHF,2026-08-10 14:00:00+00:00,0.57161,0.57174,0.57119,0.5712
AUDCHF,2026-08-10 15:00:00+00:00,0.5712,0.57183,0.57112,0.57154
AUDCHF,2026-08-10 16:00:00+00:00,0.57156,0.5717,0.57141,0.57168
AUDCHF,2026-08-10 17:00:00+00:00,0.57168,0.57182,0.5715,0.57152
AUDCHF,2026-08-10 18:00:00+00:00,0.57152,0.5718,0.57149,0.57172
AUDCHF,2026-08-10 19:00:00+00:00,0.5717,0.5718,0.5715,0.5715
AUDCHF,2026-08-10 20:00:00+00:00,0.57152,0.57166,0.57142,0.57161
AUDCHF,2026-08-10 21:00:00+00:00,0.5718,0.57194,0.57138,0.57146
AUDCHF,2026-08-10 22:00:00+00:00,0.57148,0.57166,0.57139,0.57166
AUDCHF,2026-08-10 23:00:00+00:00,0.57168,0.57173,0.57126,0.57135
AUDCHF,2026-08-11 00:00:00+00:00,0.57138,0.57158,0.5713,0.57132
AUDCHF,2026-08-11 01:00:00+00:00,0.57132,0.57172,0.57116,0.5716
AUDCHF,2026-08-11 02:00:00+00:00,0.5716,0.57184,0.57154,0.57164
AUDCHF,2026-08-11 03:00:00+00:00,0.57166,0.57189,0.57166,0.57182
AUDCHF,2026-08-11 04:00:00+00:00,0.57185,0.57203,0.57031,0.57121
AUDCHF,2026-08-11 05:00:00+00:00,0.5712,0.57198,0.57056,0.57172
AUDCHF,2026-08-11 06:00:00+00:00,0.5717,0.57208,0.57166,0.57179
AUDCHF,2026-08-11 07:00:00+00:00,0.5718,0.5719,0.5715,0.57166
AUDCHF,2026-08-11 08:00:00+00:00,0.57168,0.5721,0.5716,0.57198
AUDCHF,2026-08-11 09:00:00+00:00,0.57198,0.57235,0.5719,0.57232
AUDCHF,2026-08-11 10:00:00+00:00,0.57232,0.57267,0.57212,0.57263
AUDCHF,2026-08-11 11:00:00+00:00,0.57264,0.57273,0.5723,0.57263
AUDCHF,2026-08-11 12:00:00+00:00,0.57266,0.57274,0.5723,0.57267
AUDCHF,2026-08-11 13:00:00+00:00,0.57264,0.57285,0.57236,0.57272
AUDCHF,2026-08-11 14:00:00+00:00,0.57272,0.57316,0.57266,0.57268
AUDCHF,2026-08-11 15:00:00+00:00,0.5727,0.57286,0.5725,0.57262
AUDCHF,2026-08-11 16:00:00+00:00,0.5726,0.57291,0.57259,0.57291
AUDCHF,2026-08-11 17:00:00+00:00,0.57292,0.57315,0.5729,0.57306
AUDCHF,2026-08-11 18:00:00+00:00,0.57305,0.57316,0.57213,0.5726
AUDCHF,2026-08-11 19:00:00+00:00,0.5726,0.57286,0.57246,0.57246
AUDCHF,2026-08-11 20:00:00+00:00,0.57246,0.57282,0.57246,0.57265
AUDCHF,2026-08-11 21:00:00+00:00,0.57268,0.5729,0.57233,0.5726
AUDCHF,2026-08-11 22:00:00+00:00,0.5726,0.57292,0.57246,0.57286
AUDCHF,2026-08-11 23:00:00+00:00,0.57284,0.573,0.57279,0.5729
AUDCHF,2026-08-12 00:00:00+00:00,0.57293,0.57341,0.5729,0.57328
AUDCHF,2026-08-12 01:00:00+00:00,0.57328,0.57332,0.57274,0.57286
AUDCHF,2026-08-12 02:00:00+00:00,0.57288,0.57291,0.57262,0.5729
AUDCHF,2026-08-12 03:00:00+00:00,0.57292,0.57308,0.57288,0.57308
AUDCHF,2026-08-12 04:00:00+00:00,0.57306,0.57323,0.57298,0.57307
AUDCHF,2026-08-12 05:00:00+00:00,0.57309,0.57338,0.57302,0.57337
AUDCHF,2026-08-12 06:00:00+00:00,0.57339,0.57349,0.57282,0.57302
AUDCHF,2026-08-12 07:00:00+00:00,0.57303,0.5735,0.57303,0.57338
AUDCHF,2026-08-12 08:00:00+00:00,0.57342,0.57382,0.57334,0.57378
AUDCHF,2026-08-12 09:00:00+00:00,0.5738,0.5741,0.57345,0.57398
AUDCHF,2026-08-12 10:00:00+00:00,0.574,0.57429,0.57395,0.5741
AUDCHF,2026-08-12 11:00:00+00:00,0.57408,0.57409,0.57358,0.57372
AUDCHF,2026-08-12 12:00:00+00:00,0.57371,0.57442,0.57278,0.57394
AUDCHF,2026-08-12 13:00:00+00:00,0.57392,0.57478,0.57381,0.5746
AUDCHF,2026-08-12 14:00:00+00:00,0.57458,0.57468,0.57383,0.57389
AUDCHF,2026-08-12 15:00:00+00:00,0.57386,0.5743,0.57372,0.57383
AUDCHF,2026-08-12 16:00:00+00:00,0.57388,0.57428,0.5738,0.57414
AUDCHF,2026-08-12 17:00:00+00:00,0.57415,0.57456,0.57412,0.57456
AUDCHF,2026-08-12 18:00:00+00:00,0.57455,0.57473,0.57448,0.57464
AUDCHF,2026-08-12 19:00:00+00:00,0.57462,0.5748,0.57455,0.5748
AUDCHF,2026-08-12 20:00:00+00:00,0.5748,0.5748,0.57459,0.57462
AUDCHF,2026-08-12 21:00:00+00:00,0.57361,0.57462,0.57361,0.57442
AUDCHF,2026-08-12 22:00:00+00:00,0.57444,0.57464,0.57439,0.57452
AUDCHF,2026-08-12 23:00:00+00:00,0.57452,0.5746,0.57438,0.57444
AUDCHF,2026-08-13 00:00:00+00:00,0.57444,0.57452,0.57392,0.57399
AUDCHF,2026-08-13 01:00:00+00:00,0.57398,0.57424,0.57373,0.57414
AUDCHF,2026-08-13 02:00:00+00:00,0.57414,0.57414,0.57388,0.57406
AUDCHF,2026-08-13 03:00:00+00:00,0.57406,0.57408,0.57362,0.5739
AUDCHF,2026-08-13 04:00:00+00:00,0.5739,0.57401,0.57361,0.57363
AUDCHF,2026-08-13 05:00:00+00:00,0.57363,0.57388,0.57342,0.57362
AUDCHF,2026-08-13 06:00:00+00:00,0.57358,0.5739,0.57354,0.57367
AUDCHF,2026-08-13 07:00:00+00:00,0.57366,0.57382,0.5729,0.57304
AUDCHF,2026-08-13 08:00:00+00:00,0.57307,0.5731,0.57276,0.57294
AUDCHF,2026-08-13 09:00:00+00:00,0.57294,0.57334,0.57266,0.5732
AUDCHF,2026-08-13 10:00:00+00:00,0.57319,0.57332,0.5726,0.57288
AUDCHF,2026-08-13 11:00:00+00:00,0.57284,0.57312,0.57268,0.57306
AUDCHF,2026-08-13 12:00:00+00:00,0.5731,0.57366,0.57299,0.5734
AUDCHF,2026-08-13 13:00:00+00:00,0.57336,0.57366,0.57326,0.57342
AUDCHF,2026-08-13 14:00:00+00:00,0.57342,0.57379,0.57313,0.57348
AUDCHF,2026-08-13 15:00:00+00:00,0.5735,0.5738,0.57328,0.57374
AUDCHF,2026-08-13 16:00:00+00:00,0.57376,0.5741,0.57373,0.57404
AUDCHF,2026-08-13 17:00:00+00:00,0.57406,0.5742,0.57401,0.57404
AUDCHF,2026-08-13 18:00:00+00:00,0.57403,0.57442,0.57392,0.5744
AUDCHF,2026-08-13 19:00:00+00:00,0.57439,0.57509,0.57436,0.57508
AUDCHF,2026-08-13 20:00:00+00:00,0.57509,0.57518,0.57474,0.57476
AUDCHF,2026-08-13 21:00:00+00:00,0.57431,0.57489,0.57416,0.57468
AUDCHF,2026-08-13 22:00:00+00:00,0.57466,0.57496,0.57466,0.57492
AUDCHF,2026-08-13 23:00:00+00:00,0.57492,0.57511,0.5749,0.57509
AUDCHF,2026-08-14 00:00:00+00:00,0.57508,0.57521,0.5746,0.57462
AUDCHF,2026-08-14 01:00:00+00:00,0.57464,0.57496,0.57446,0.57454
AUDCHF,2026-08-14 02:00:00+00:00,0.57454,0.57464,0.5743,0.57446
AUDCHF,2026-08-14 03:00:00+00:00,0.57445,0.57468,0.57432,0.57464
AUDCHF,2026-08-14 04:00:00+00:00,0.57464,0.57472,0.57452,0.57458
AUDCHF,2026-08-14 05:00:00+00:00,0.5746,0.57491,0.5744,0.57488
AUDCHF,2026-08-14 06:00:00+00:00,0.57489,0.57518,0.57474,0.57502
AUDCHF,2026-08-14 07:00:00+00:00,0.57504,0.57551,0.57494,0.57534
AUDCHF,2026-08-14 08:00:00+00:00,0.57534,0.57572,0.5752,0.57538
AUDCHF,2026-08-14 09:00:00+00:00,0.57538,0.57542,0.57508,0.57522
AUDCHF,2026-08-14 10:00:00+00:00,0.57522,0.57563,0.57518,0.57526
AUDCHF,2026-08-14 11:00:00+00:00,0.57524,0.57528,0.57478,0.57492
AUDCHF,2026-08-14 12:00:00+00:00,0.5749,0.57494,0.57444,0.57477
AUDCHF,2026-08-14 13:00:00+00:00,0.57479,0.57522,0.57475,0.5751
AUDCHF,2026-08-14 14:00:00+00:00,0.5751,0.5755,0.57492,0.5754
AUDCHF,2026-08-14 15:00:00+00:00,0.57538,0.57569,0.57528,0.57546
AUDCHF,2026-08-14 16:00:00+00:00,0.57544,0.57568,0.57544,0.57562
AUDCHF,2026-08-14 17:00:00+00:00,0.57564,0.57606,0.57561,0.57582
AUDCHF,2026-08-14 18:00:00+00:00,0.57581,0.57584,0.57564,0.57582
AUDCHF,2026-08-14 19:00:00+00:00,0.57584,0.57628,0.57582,0.57612
AUDCHF,2026-08-14 20:00:00+00:00,0.57612,0.57632,0.57598,0.57628
AUDCHF,2026-08-16 21:00:00+00:00,0.57561,0.57608,0.57481,0.57588
AUDCHF,2026-08-16 22:00:00+00:00,0.57587,0.57636,0.57587,0.57614
AUDCHF,2026-08-16 23:00:00+00:00,0.57615,0.57618,0.57578,0.5758
AUDCHF,2026-08-17 00:00:00+00:00,0.57581,0.5761,0.5757,0.57576
AUDCHF,2026-08-17 01:00:00+00:00,0.57577,0.57626,0.57556,0.5761
AUDCHF,2026-08-17 02:00:00+00:00,0.57612,0.57614,0.57574,0.57576
AUDCHF,2026-08-17 03:00:00+00:00,0.5758,0.57628,0.57575,0.57624
AUDCHF,2026-08-17 04:00:00+00:00,0.57624,0.5766,0.57621,0.57638
AUDCHF,2026-08-17 05:00:00+00:00,0.57636,0.57726,0.57625,0.57708
AUDCHF,2026-08-17 06:00:00+00:00,0.57712,0.57748,0.57684,0.57742
AUDCHF,2026-08-17 07:00:00+00:00,0.57742,0.57756,0.5753,0.57558
AUDCHF,2026-08-17 08:00:00+00:00,0.57555,0.57612,0.57492,0.57604
AUDCHF,2026-08-17 09:00:00+00:00,0.57602,0.57702,0.57584,0.57694
AUDCHF,2026-08-17 10:00:00+00:00,0.5769,0.57742,0.5769,0.5774
AUDCHF,2026-08-17 11:00:00+00:00,0.5774,0.57754,0.577,0.57702
AUDCHF,2026-08-17 12:00:00+00:00,0.57705,0.57722,0.57642,0.57644
AUDCHF,2026-08-17 13:00:00+00:00,0.57647,0.57655,0.57532,0.57562
AUDCHF,2026-08-17 14:00:00+00:00,0.57558,0.57624,0.57546,0.57571
AUDCHF,2026-08-17 15:00:00+00:00,0.57571,0.57606,0.57564,0.57581
AUDCHF,2026-08-17 16:00:00+00:00,0.57582,0.57619,0.57579,0.57614
AUDCHF,2026-08-17 17:00:00+00:00,0.57615,0.57652,0.57611,0.57644
AUDCHF,2026-08-17 18:00:00+00:00,0.57644,0.57652,0.57633,0.57636
AUDCHF,2026-08-17 19:00:00+00:00,0.57632,0.5764,0.57602,0.57608
AUDCHF,2026-08-17 20:00:00+00:00,0.5761,0.5762,0.57598,0.57606
AUDCHF,2026-08-17 21:00:00+00:00,0.57598,0.57631,0.57582,0.57607
AUDCHF,2026-08-17 22:00:00+00:00,0.57602,0.57632,0.57602,0.5763
AUDCHF,2026-08-17 23:00:00+00:00,0.57633,0.57634,0.57611,0.57626
AUDCHF,2026-08-18 00:00:00+00:00,0.57626,0.57662,0.57619,0.57639
AUDCHF,2026-08-18 01:00:00+00:00,0.57638,0.5766,0.57635,0.57642
AUDCHF,2026-08-18 02:00:00+00:00,0.57642,0.57674,0.57639,0.57664
AUDCHF,2026-08-18 03:00:00+00:00,0.57664,0.5767,0.57633,0.57642
AUDCHF,2026-08-18 04:00:00+00:00,0.57642,0.5766,0.57619,0.57638
AUDCHF,2026-08-18 05:00:00+00:00,0.57638,0.57638,0.57604,0.5763
AUDCHF,2026-08-18 06:00:00+00:00,0.57628,0.57652,0.57603,0.5762
AUDCHF,2026-08-18 07:00:00+00:00,0.57622,0.5764,0.57579,0.57618
AUDCHF,2026-08-18 08:00:00+00:00,0.57616,0.57672,0.57612,0.57649
AUDCHF,2026-08-18 09:00:00+00:00,0.57648,0.57707,0.57646,0.57701
AUDCHF,2026-08-18 10:00:00+00:00,0.57705,0.57736,0.577,0.57718
AUDCHF,2026-08-18 11:00:00+00:00,0.5772,0.5777,0.57718,0.57766
AUDCHF,2026-08-18 12:00:00+00:00,0.57766,0.5779,0.57759,0.57762
AUDCHF,2026-08-18 13:00:00+00:00,0.57762,0.57811,0.57728,0.57756
AUDCHF,2026-08-18 14:00:00+00:00,0.57754,0.57756,0.5762,0.57636
AUDCHF,2026-08-18 15:00:00+00:00,0.57632,0.57672,0.57624,0.57627
AUDCHF,2026-08-18 16:00:00+00:00,0.57625,0.57629,0.57558,0.57584
AUDCHF,2026-08-18 17:00:00+00:00,0.57586,0.57592,0.57558,0.57558
AUDCHF,2026-08-18 18:00:00+00:00,0.57559,0.57566,0.57534,0.57558
AUDCHF,2026-08-18 19:00:00+00:00,0.57559,0.57572,0.57554,0.57563
AUDCHF,2026-08-18 20:00:00+00:00,0.57561,0.57576,0.57556,0.57573
AUDCHF,2026-08-18 21:00:00+00:00,0.5757,0.57588,0.57528,0.57554
AUDCHF,2026-08-18 22:00:00+00:00,0.57553,0.57582,0.57544,0.57549
AUDCHF,2026-08-18 23:00:00+00:00,0.57546,0.57552,0.57513,0.57518
AUDCHF,2026-08-19 00:00:00+00:00,0.57518,0.57535,0.57459,0.5746
AUDCHF,2026-08-19 01:00:00+00:00,0.57462,0.57502,0.57442,0.57453
AUDCHF,2026-08-19 02:00:00+00:00,0.57453,0.57474,0.57412,0.5745
AUDCHF,2026-08-19 03:00:00+00:00,0.5745,0.5745,0.57404,0.57404
AUDCHF,2026-08-19 04:00:00+00:00,0.57406,0.57408,0.57328,0.57372
AUDCHF,2026-08-19 05:00:00+00:00,0.57373,0.57378,0.57324,0.57345
AUDCHF,2026-08-19 06:00:00+00:00,0.57348,0.57362,0.57292,0.57348
AUDCHF,2026-08-19 07:00:00+00:00,0.57344,0.5738,0.57294,0.57342
AUDCHF,2026-08-19 08:00:00+00:00,0.57339,0.57411,0.57338,0.5739
AUDCHF,2026-08-19 09:00:00+00:00,0.5739,0.57418,0.57354,0.57357
AUDCHF,2026-08-19 10:00:00+00:00,0.57356,0.57362,0.57328,0.57346
AUDCHF,2026-08-19 11:00:00+00:00,0.5735,0.57354,0.57304,0.57318
AUDCHF,2026-08-19 12:00:00+00:00,0.57318,0.57344,0.57258,0.57288
AUDCHF,2026-08-19 13:00:00+00:00,0.57286,0.5735,0.57112,0.57132
AUDCHF,2026-08-19 14:00:00+00:00,0.57129,0.57148,0.56916,0.57066
AUDCHF,2026-08-19 15:00:00+00:00,0.57068,0.57085,0.56926,0.56964
AUDCHF,2026-08-19 16:00:00+00:00,0.56966,0.57006,0.56906,0.56935
AUDCHF,2026-08-19 17:00:00+00:00,0.56932,0.56948,0.56914,0.56938
AUDCHF,2026-08-19 18:00:00+00:00,0.56939,0.56939,0.56818,0.5683
AUDCHF,2026-08-19 19:00:00+00:00,0.56828,0.56847,0.5679,0.56802
AUDCHF,2026-08-19 20:00:00+00:00,0.568,0.56817,0.56784,0.56804
AUDCHF,2026-08-19 21:00:00+00:00,0.5679,0.56814,0.5677,0.5681
AUDCHF,2026-08-19 22:00:00+00:00,0.5681,0.56828,0.5678,0.56817
AUDCHF,2026-08-19 23:00:00+00:00,0.5682,0.56842,0.56818,0.56824
AUDCHF,2026-08-20 00:00:00+00:00,0.56824,0.56876,0.56802,0.56862
AUDCHF,2026-08-20 01:00:00+00:00,0.56862,0.56937,0.56754,0.56876
AUDCHF,2026-08-20 02:00:00+00:00,0.56875,0.5691,0.56854,0.56904
AUDCHF,2026-08-20 03:00:00+00:00,0.56902,0.56936,0.56872,0.56921
AUDCHF,2026-08-20 04:00:00+00:00,0.56924,0.56949,0.56898,0.56912
AUDCHF,2026-08-20 05:00:00+00:00,0.56912,0.56944,0.569,0.56914
AUDCHF,2026-08-20 06:00:00+00:00,0.56911,0.56922,0.56866,0.56874
AUDCHF,2026-08-20 07:00:00+00:00,0.56872,0.56956,0.56864,0.56879
AUDCHF,2026-08-20 08:00:00+00:00,0.56878,0.56902,0.56824,0.56832
AUDCHF,2026-08-20 09:00:00+00:00,0.56834,0.56836,0.567,0.56728
AUDCHF,2026-08-20 10:00:00+00:00,0.56728,0.56756,0.56688,0.56748
AUDCHF,2026-08-20 11:00:00+00:00,0.56751,0.56788,0.56716,0.56754
AUDCHF,2026-08-20 12:00:00+00:00,0.56751,0.56777,0.56691,0.56765
AUDCHF,2026-08-20 13:00:00+00:00,0.56764,0.56882,0.56763,0.56872
AUDCHF,2026-08-20 14:00:00+00:00,0.56874,0.56936,0.56854,0.56868
AUDCHF,2026-08-20 15:00:00+00:00,0.5687,0.56966,0.56859,0.5694
AUDCHF,2026-08-20 16:00:00+00:00,0.56941,0.56963,0.56904,0.5693
AUDCHF,2026-08-20 17:00:00+00:00,0.5693,0.56958,0.56926,0.56936
AUDCHF,2026-08-20 18:00:00+00:00,0.56934,0.56944,0.5691,0.56938
AUDCHF,2026-08-20 19:00:00+00:00,0.56938,0.5695,0.56928,0.5694
AUDCHF,2026-08-20 20:00:00+00:00,0.56942,0.56951,0.56934,0.56938
AUDCHF,2026-08-20 21:00:00+00:00,0.56903,0.56958,0.56893,0.56924
AUDCHF,2026-08-20 22:00:00+00:00,0.56922,0.56955,0.56919,0.5692
AUDCHF,2026-08-20 23:00:00+00:00,0.5692,0.56942,0.56908,0.56924
NZDJPY,2026-06-24 08:00:00+00:00,91.326,91.348,91.236,91.34
NZDJPY,2026-06-24 09:00:00+00:00,91.342,91.351,91.21,91.214
NZDJPY,2026-06-24 10:00:00+00:00,91.216,91.216,91.066,91.108
NZDJPY,2026-06-24 11:00:00+00:00,91.11,91.244,91.098,91.197
NZDJPY,2026-06-24 12:00:00+00:00,91.199,91.25,91.074,91.124
NZDJPY,2026-06-24 13:00:00+00:00,91.128,91.342,91.107,91.328
NZDJPY,2026-06-24 14:00:00+00:00,91.328,91.337,91.182,91.274
NZDJPY,2026-06-24 15:00:00+00:00,91.276,91.384,91.264,91.306
NZDJPY,2026-06-24 16:00:00+00:00,91.304,91.438,91.293,91.414
NZDJPY,2026-06-24 17:00:00+00:00,91.414,91.423,91.237,91.24
NZDJPY,2026-06-24 18:00:00+00:00,91.242,91.324,91.216,91.217
NZDJPY,2026-06-24 19:00:00+00:00,91.217,91.324,91.206,91.306
NZDJPY,2026-06-24 20:00:00+00:00,91.305,91.428,91.293,91.409
NZDJPY,2026-06-24 21:00:00+00:00,91.436,91.498,91.242,91.336
NZDJPY,2026-06-24 22:00:00+00:00,91.338,91.411,91.324,91.338
NZDJPY,2026-06-24 23:00:00+00:00,91.338,91.353,91.296,91.299
NZDJPY,2026-06-25 00:00:00+00:00,91.304,91.316,91.208,91.275
NZDJPY,2026-06-25 01:00:00+00:00,91.273,91.377,91.18,91.186
NZDJPY,2026-06-25 02:00:00+00:00,91.189,91.236,91.098,91.178
NZDJPY,2026-06-25 03:00:00+00:00,91.176,91.281,91.161,91.27
NZDJPY,2026-06-25 04:00:00+00:00,91.272,91.366,91.254,91.356
NZDJPY,2026-06-25 05:00:00+00:00,91.358,91.39,91.294,91.326
NZDJPY,2026-06-25 06:00:00+00:00,91.316,91.348,91.228,91.275
NZDJPY,2026-06-25 07:00:00+00:00,91.278,91.329,91.216,91.328
NZDJPY,2026-06-25 08:00:00+00:00,91.328,91.42,91.328,91.37
NZDJPY,2026-06-25 09:00:00+00:00,91.37,91.446,91.354,91.386
NZDJPY,2026-06-25 10:00:00+00:00,91.386,91.386,91.274,91.298
NZDJPY,2026-06-25 11:00:00+00:00,91.301,91.304,91.188,91.23
NZDJPY,2026-06-25 12:00:00+00:00,91.23,91.454,91.214,91.356
NZDJPY,2026-06-25 13:00:00+00:00,91.358,91.404,91.26,91.273
NZDJPY,2026-06-25 14:00:00+00:00,91.275,91.429,91.218,91.344
NZDJPY,2026-06-25 15:00:00+00:00,91.346,91.474,91.331,91.47
NZDJPY,2026-06-25 16:00:00+00:00,91.472,91.53,91.406,91.432
NZDJPY,2026-06-25 17:00:00+00:00,91.436,91.448,91.396,91.422
NZDJPY,2026-06-25 18:00:00+00:00,91.42,91.456,91.361,91.397
NZDJPY,2026-06-25 19:00:00+00:00,91.397,91.426,91.349,91.384
NZDJPY,2026-06-25 20:00:00+00:00,91.386,91.412,91.363,91.372
NZDJPY,2026-06-25 21:00:00+00:00,91.378,91.532,91.268,91.395
NZDJPY,2026-06-25 22:00:00+00:00,91.392,91.393,91.342,91.371
NZDJPY,2026-06-25 23:00:00+00:00,91.366,91.37,91.284,91.3
NZDJPY,2026-06-26 00:00:00+00:00,91.296,91.36,91.291,91.306
NZDJPY,2026-06-26 01:00:00+00:00,91.305,91.375,91.222,91.254
NZDJPY,2026-06-26 02:00:00+00:00,91.258,91.259,91.043,91.127
NZDJPY,2026-06-26 03:00:00+00:00,91.126,91.179,91.092,91.177
NZDJPY,2026-06-26 04:00:00+00:00,91.179,91.233,91.116,91.173
NZDJPY,2026-06-26 05:00:00+00:00,91.174,91.274,91.167,91.224
NZDJPY,2026-06-26 06:00:00+00:00,91.222,91.37,91.176,91.328
NZDJPY,2026-06-26 07:00:00+00:00,91.33,91.339,91.243,91.254
NZDJPY,2026-06-26 08:00:00+00:00,91.252,91.362,91.202,91.298
NZDJPY,2026-06-26 09:00:00+00:00,91.302,91.402,91.255,91.363
NZDJPY,2026-06-26 10:00:00+00:00,91.366,91.396,91.321,91.392
NZDJPY,2026-06-26 11:00:00+00:00,91.396,91.402,91.289,91.306
NZDJPY,2026-06-26 12:00:00+00:00,91.308,91.384,91.29,91.358
NZDJPY,2026-06-26 13:00:00+00:00,91.356,91.426,91.311,91.398
NZDJPY,2026-06-26 14:00:00+00:00,91.405,91.429,91.268,91.318
NZDJPY,2026-06-26 15:00:00+00:00,91.314,91.378,91.28,91.335
NZDJPY,2026-06-26 16:00:00+00:00,91.334,91.35,91.233,91.254
NZDJPY,2026-06-26 17:00:00+00:00,91.252,91.276,91.204,91.235
NZDJPY,2026-06-26 18:00:00+00:00,91.232,91.258,91.167,91.176
NZDJPY,2026-06-26 19:00:00+00:00,91.176,91.252,91.164,91.23
NZDJPY,2026-06-26 20:00:00+00:00,91.234,91.264,91.164,91.196
NZDJPY,2026-06-28 21:00:00+00:00,91.304,91.304,91.194,91.283
NZDJPY,2026-06-28 22:00:00+00:00,91.284,91.324,91.217,91.234
NZDJPY,2026-06-28 23:00:00+00:00,91.23,91.278,91.222,91.248
NZDJPY,2026-06-29 00:00:00+00:00,91.245,91.246,91.1,91.164
NZDJPY,2026-06-29 01:00:00+00:00,91.16,91.292,91.117,91.246
NZDJPY,2026-06-29 02:00:00+00:00,91.248,91.345,91.228,91.286
NZDJPY,2026-06-29 03:00:00+00:00,91.29,91.356,91.29,91.306
NZDJPY,2026-06-29 04:00:00+00:00,91.302,91.36,91.293,91.321
NZDJPY,2026-06-29 05:00:00+00:00,91.319,91.454,91.314,91.452
NZDJPY,2026-06-29 06:00:00+00:00,91.452,91.548,91.422,91.539
NZDJPY,2026-06-29 07:00:00+00:00,91.536,91.549,91.478,91.487
NZDJPY,2026-06-29 08:00:00+00:00,91.489,91.504,91.392,91.431
NZDJPY,2026-06-29 09:00:00+00:00,91.429,91.482,91.42,91.48
NZDJPY,2026-06-29 10:00:00+00:00,91.484,91.518,91.454,91.51
NZDJPY,2026-06-29 11:00:00+00:00,91.514,91.54,91.462,91.52
NZDJPY,2026-06-29 12:00:00+00:00,91.524,91.536,91.424,91.476
NZDJPY,2026-06-29 13:00:00+00:00,91.48,91.524,91.444,91.482
NZDJPY,2026-06-29 14:00:00+00:00,91.48,91.486,91.324,91.401
NZDJPY,2026-06-29 15:00:00+00:00,91.402,91.468,91.376,91.464
NZDJPY,2026-06-29 16:00:00+00:00,91.466,91.552,91.46,91.512
NZDJPY,2026-06-29 17:00:00+00:00,91.514,91.537,91.484,91.52
NZDJPY,2026-06-29 18:00:00+00:00,91.523,91.59,91.522,91.568
NZDJPY,2026-06-29 19:00:00+00:00,91.568,91.568,91.529,91.556
NZDJPY,2026-06-29 20:00:00+00:00,91.559,91.559,91.496,91.502
NZDJPY,2026-06-29 21:00:00+00:00,91.542,91.574,91.498,91.536
NZDJPY,2026-06-29 22:00:00+00:00,91.529,91.539,91.489,91.528
NZDJPY,2026-06-29 23:00:00+00:00,91.526,91.564,91.491,91.498
NZDJPY,2026-06-30 00:00:00+00:00,91.496,91.644,91.412,91.537
NZDJPY,2026-06-30 01:00:00+00:00,91.531,91.67,91.511,91.568
NZDJPY,2026-06-30 02:00:00+00:00,91.57,91.579,91.49,91.542
NZDJPY,2026-06-30 03:00:00+00:00,91.542,91.62,91.504,91.584
NZDJPY,2026-06-30 04:00:00+00:00,91.582,91.66,91.581,91.596
NZDJPY,2026-06-30 05:00:00+00:00,91.594,91.66,91.583,91.622
NZDJPY,2026-06-30 06:00:00+00:00,91.626,91.784,91.625,91.72
NZDJPY,2026-06-30 07:00:00+00:00,91.723,91.784,91.694,91.733
NZDJPY,2026-06-30 08:00:00+00:00,91.728,91.762,91.676,91.738
NZDJPY,2026-06-30 09:00:00+00:00,91.741,91.823,91.731,91.78
NZDJPY,2026-06-30 10:00:00+00:00,91.778,91.922,91.778,91.91
NZDJPY,2026-06-30 11:00:00+00:00,91.914,91.932,91.858,91.91
NZDJPY,2026-06-30 12:00:00+00:00,91.914,91.976,91.692,91.915
NZDJPY,2026-06-30 13:00:00+00:00,91.916,92.028,91.914,92.008
NZDJPY,2026-06-30 14:00:00+00:00,92.011,92.478,91.94,92.416
NZDJPY,2026-06-30 15:00:00+00:00,92.42,92.469,92.262,92.274
NZDJPY,2026-06-30 16:00:00+00:00,92.276,92.291,92.237,92.274
NZDJPY,2026-06-30 17:00:00+00:00,92.278,92.312,92.266,92.294
NZDJPY,2026-06-30 18:00:00+00:00,92.292,92.376,92.292,92.372
NZDJPY,2026-06-30 19:00:00+00:00,92.372,92.372,92.299,92.332
NZDJPY,2026-06-30 20:00:00+00:00,92.338,92.342,92.272,92.29
NZDJPY,2026-06-30 21:00:00+00:00,92.262,92.358,92.251,92.326
NZDJPY,2026-06-30 22:00:00+00:00,92.33,92.359,92.298,92.307
NZDJPY,2026-06-30 23:00:00+00:00,92.304,92.324,92.262,92.287
NZDJPY,2026-07-01 00:00:00+00:00,92.286,92.365,92.22,92.23
NZDJPY,2026-07-01 01:00:00+00:00,92.228,92.24,92.108,92.169
NZDJPY,2026-07-01 02:00:00+00:00,92.167,92.24,92.109,92.191
NZDJPY,2026-07-01 03:00:00+00:00,92.191,92.292,92.19,92.291
NZDJPY,2026-07-01 04:00:00+00:00,92.293,92.348,92.192,92.333
NZDJPY,2026-07-01 05:00:00+00:00,92.335,92.39,92.326,92.346
NZDJPY,2026-07-01 06:00:00+00:00,92.346,92.36,92.258,92.314
NZDJPY,2026-07-01 07:00:00+00:00,92.313,92.369,92.236,92.35
NZDJPY,2026-07-01 08:00:00+00:00,92.346,92.366,92.308,92.33
NZDJPY,2026-07-01 09:00:00+00:00,92.322,92.36,92.298,92.316
NZDJPY,2026-07-01 10:00:00+00:00,92.318,92.446,92.285,92.432
NZDJPY,2026-07-01 11:00:00+00:00,92.432,92.438,92.32,92.324
NZDJPY,2026-07-01 12:00:00+00:00,92.326,92.34,92.146,92.15
NZDJPY,2026-07-01 13:00:00+00:00,92.151,92.353,92.068,92.25
NZDJPY,2026-07-01 14:00:00+00:00,92.252,92.333,92.173,92.198
NZDJPY,2026-07-01 15:00:00+00:00,92.196,92.232,92.144,92.2
NZDJPY,2026-07-01 16:00:00+00:00,92.202,92.262,92.202,92.23
NZDJPY,2026-07-01 17:00:00+00:00,92.231,92.275,92.214,92.229
NZDJPY,2026-07-01 18:00:00+00:00,92.232,92.242,92.178,92.186
NZDJPY,2026-07-01 19:00:00+00:00,92.186,92.216,92.166,92.186
NZDJPY,2026-07-01 20:00:00+00:00,92.184,92.224,92.17,92.222
NZDJPY,2026-07-01 21:00:00+00:00,92.243,92.251,92.168,92.193
NZDJPY,2026-07-01 22:00:00+00:00,92.188,92.258,92.186,92.251
NZDJPY,2026-07-01 23:00:00+00:00,92.246,92.27,92.218,92.236
NZDJPY,2026-07-02 00:00:00+00:00,92.24,92.25,92.176,92.216
NZDJPY,2026-07-02 01:00:00+00:00,92.22,92.319,92.201,92.304
NZDJPY,2026-07-02 02:00:00+00:00,92.304,92.397,92.258,92.258
NZDJPY,2026-07-02 03:00:00+00:00,92.256,92.296,92.118,92.194
NZDJPY,2026-07-02 04:00:00+00:00,92.196,92.235,92.173,92.235
NZDJPY,2026-07-02 05:00:00+00:00,92.232,92.233,92.134,92.15
NZDJPY,2026-07-02 06:00:00+00:00,92.148,92.168,91.596,91.906
NZDJPY,2026-07-02 07:00:00+00:00,91.906,91.945,91.646,91.675
NZDJPY,2026-07-02 08:00:00+00:00,91.673,91.778,91.613,91.69
NZDJPY,2026-07-02 09:00:00+00:00,91.691,91.776,91.628,91.671
NZDJPY,2026-07-02 10:00:00+00:00,91.678,91.759,91.66,91.673
NZDJPY,2026-07-02 11:00:00+00:00,91.675,91.678,91.576,91.579
NZDJPY,2026-07-02 12:00:00+00:00,91.577,91.9,91.566,91.792
NZDJPY,2026-07-02 13:00:00+00:00,91.798,91.948,91.726,91.834
NZDJPY,2026-07-02 14:00:00+00:00,91.836,91.904,91.761,91.856
NZDJPY,2026-07-02 15:00:00+00:00,91.857,91.857,91.772,91.81
NZDJPY,2026-07-02 16:00:00+00:00,91.807,91.832,91.754,91.756
NZDJPY,2026-07-02 17:00:00+00:00,91.758,91.781,91.707,91.707
NZDJPY,2026-07-02 18:00:00+00:00,91.706,91.78,91.698,91.752
NZDJPY,2026-07-02 19:00:00+00:00,91.752,91.79,91.72,91.778
NZDJPY,2026-07-02 20:00:00+00:00,91.774,91.816,91.758,91.798
NZDJPY,2026-07-02 21:00:00+00:00,91.75,91.901,91.711,91.845
NZDJPY,2026-07-02 22:00:00+00:00,91.85,91.858,91.783,91.838
NZDJPY,2026-07-02 23:00:00+00:00,91.838,91.908,91.823,91.904
NZDJPY,2026-07-03 00:00:00+00:00,91.903,91.936,91.806,91.811
NZDJPY,2026-07-03 01:00:00+00:00,91.812,92.009,91.807,92.009
NZDJPY,2026-07-03 02:00:00+00:00,92.01,92.064,91.992,92.012
NZDJPY,2026-07-03 03:00:00+00:00,92.012,92.042,91.988,92.02
NZDJPY,2026-07-03 04:00:00+00:00,92.015,92.095,91.995,92.054
NZDJPY,2026-07-03 05:00:00+00:00,92.052,92.136,92.022,92.116
NZDJPY,2026-07-03 06:00:00+00:00,92.116,92.159,91.886,92.033
NZDJPY,2026-07-03 07:00:00+00:00,92.03,92.106,91.978,92.003
NZDJPY,2026-07-03 08:00:00+00:00,92.006,92.07,91.986,92.065
NZDJPY,2026-07-03 09:00:00+00:00,92.064,92.079,92.03,92.048
NZDJPY,2026-07-03 10:00:00+00:00,92.044,92.088,92.004,92.01
NZDJPY,2026-07-03 11:00:00+00:00,92.008,92.077,92.004,92.03
NZDJPY,2026-07-03 12:00:00+00:00,92.027,92.037,92.002,92.024
NZDJPY,2026-07-03 13:00:00+00:00,92.03,92.08,92.02,92.062
NZDJPY,2026-07-03 14:00:00+00:00,92.063,92.088,92.028,92.057
NZDJPY,2026-07-03 15:00:00+00:00,92.054,92.11,92.05,92.09
NZDJPY,2026-07-03 16:00:00+00:00,92.084,92.127,92.08,92.123
NZDJPY,2026-07-03 17:00:00+00:00,92.12,92.124,92.065,92.082
NZDJPY,2026-07-03 18:00:00+00:00,92.078,92.124,92.076,92.116
NZDJPY,2026-07-03 19:00:00+00:00,92.119,92.124,92.078,92.088
NZDJPY,2026-07-03 20:00:00+00:00,92.091,92.211,92.058,92.205
NZDJPY,2026-07-05 21:00:00+00:00,92.173,92.176,92.118,92.171
NZDJPY,2026-07-05 22:00:00+00:00,92.159,92.161,92.052,92.062
NZDJPY,2026-07-05 23:00:00+00:00,92.06,92.094,92.035,92.053
NZDJPY,2026-07-06 00:00:00+00:00,92.051,92.15,92.003,92.084
NZDJPY,2026-07-06 01:00:00+00:00,92.086,92.086,91.994,92.02
NZDJPY,2026-07-06 02:00:00+00:00,92.022,92.064,91.993,92.056
NZDJPY,2026-07-06 03:00:00+00:00,92.058,92.069,91.962,92.05
NZDJPY,2026-07-06 04:00:00+00:00,92.052,92.147,92.044,92.147
NZDJPY,2026-07-06 05:00:00+00:00,92.149,92.15,92.06,92.112
NZDJPY,2026-07-06 06:00:00+00:00,92.114,92.26,92.114,92.246
NZDJPY,2026-07-06 07:00:00+00:00,92.242,92.343,92.216,92.266
NZDJPY,2026-07-06 08:00:00+00:00,92.264,92.3,92.181,92.204
NZDJPY,2026-07-06 09:00:00+00:00,92.202,92.238,92.176,92.222
NZDJPY,2026-07-06 10:00:00+00:00,92.218,92.308,92.21,92.264
NZDJPY,2026-07-06 11:00:00+00:00,92.266,92.294,92.226,92.272
NZDJPY,2026-07-06 12:00:00+00:00,92.276,92.324,92.179,92.22
NZDJPY,2026-07-06 13:00:00+00:00,92.224,92.296,92.204,92.222
NZDJPY,2026-07-06 14:00:00+00:00,92.222,92.31,92.195,92.286
NZDJPY,2026-07-06 15:00:00+00:00,92.286,92.355,92.269,92.338
NZDJPY,2026-07-06 16:00:00+00:00,92.342,92.416,92.338,92.4
NZDJPY,2026-07-06 17:00:00+00:00,92.398,92.454,92.391,92.415
NZDJPY,2026-07-06 18:00:00+00:00,92.414,92.483,92.414,92.432
NZDJPY,2026-07-06 19:00:00+00:00,92.432,92.438,92.39,92.404
NZDJPY,2026-07-06 20:00:00+00:00,92.402,92.42,92.382,92.412
NZDJPY,2026-07-06 21:00:00+00:00,92.402,92.473,92.356,92.392
NZDJPY,2026-07-06 22:00:00+00:00,92.378,92.446,92.374,92.422
NZDJPY,2026-07-06 23:00:00+00:00,92.42,92.442,92.4,92.409
NZDJPY,2026-07-07 00:00:00+00:00,92.405,92.471,92.393,92.4
NZDJPY,2026-07-07 01:00:00+00:00,92.4,92.41,92.213,92.328
NZDJPY,2026-07-07 02:00:00+00:00,92.331,92.337,92.26,92.273
NZDJPY,2026-07-07 03:00:00+00:00,92.27,92.326,92.235,92.256
NZDJPY,2026-07-07 04:00:00+00:00,92.256,92.274,92.118,92.142
NZDJPY,2026-07-07 05:00:00+00:00,92.138,92.147,92.05,92.136
NZDJPY,2026-07-07 06:00:00+00:00,92.132,92.241,92.089,92.239
NZDJPY,2026-07-07 07:00:00+00:00,92.238,92.252,92.022,92.112
NZDJPY,2026-07-07 08:00:00+00:00,92.108,92.2,92.097,92.138
NZDJPY,2026-07-07 09:00:00+00:00,92.136,92.152,92.1,92.144
NZDJPY,2026-07-07 10:00:00+00:00,92.142,92.144,92.082,92.121
NZDJPY,2026-07-07 11:00:00+00:00,92.119,92.214,92.099,92.15
NZDJPY,2026-07-07 12:00:00+00:00,92.154,92.19,92.108,92.158
NZDJPY,2026-07-07 13:00:00+00:00,92.152,92.164,92.048,92.056
NZDJPY,2026-07-07 14:00:00+00:00,92.058,92.16,92.051,92.118
NZDJPY,2026-07-07 15:00:00+00:00,92.116,92.124,92.042,92.048
NZDJPY,2026-07-07 16:00:00+00:00,92.047,92.081,92.026,92.081
NZDJPY,2026-07-07 17:00:00+00:00,92.08,92.132,92.072,92.128
NZDJPY,2026-07-07 18:00:00+00:00,92.132,92.14,92.021,92.028
NZDJPY,2026-07-07 19:00:00+00:00,92.028,92.07,91.938,92.07
NZDJPY,2026-07-07 20:00:00+00:00,92.065,92.07,91.962,92.025
NZDJPY,2026-07-07 21:00:00+00:00,92.032,92.096,91.98,92.055
NZDJPY,2026-07-07 22:00:00+00:00,92.062,92.07,91.992,92.062
NZDJPY,2026-07-07 23:00:00+00:00,92.064,92.195,92.062,92.13
NZDJPY,2026-07-08 00:00:00+00:00,92.138,92.288,92.09,92.288
NZDJPY,2026-07-08 01:00:00+00:00,92.286,92.352,92.258,92.312
NZDJPY,2026-07-08 02:00:00+00:00,92.314,92.61,92.308,92.514
NZDJPY,2026-07-08 03:00:00+00:00,92.518,92.632,92.464,92.584
NZDJPY,2026-07-08 04:00:00+00:00,92.584,92.727,92.522,92.727
NZDJPY,2026-07-08 05:00:00+00:00,92.724,92.794,92.692,92.765
NZDJPY,2026-07-08 06:00:00+00:00,92.762,92.77,92.59,92.661
NZDJPY,2026-07-08 07:00:00+00:00,92.664,92.774,92.558,92.732
NZDJPY,2026-07-08 08:00:00+00:00,92.729,92.757,92.471,92.526
NZDJPY,2026-07-08 09:00:00+00:00,92.524,92.54,92.412,92.504
NZDJPY,2026-07-08 10:00:00+00:00,92.507,92.622,92.464,92.586
NZDJPY,2026-07-08 11:00:00+00:00,92.582,92.586,92.366,92.47
NZDJPY,2026-07-08 12:00:00+00:00,92.474,92.628,92.432,92.514
NZDJPY,2026-07-08 13:00:00+00:00,92.509,92.638,92.508,92.539
NZDJPY,2026-07-08 14:00:00+00:00,92.54,92.604,92.49,92.536
NZDJPY,2026-07-08 15:00:00+00:00,92.534,92.582,92.412,92.423
NZDJPY,2026-07-08 16:00:00+00:00,92.421,92.574,92.416,92.565
NZDJPY,2026-07-08 17:00:00+00:00,92.566,92.682,92.556,92.62
NZDJPY,2026-07-08 18:00:00+00:00,92.623,92.748,92.609,92.71
NZDJPY,2026-07-08 19:00:00+00:00,92.71,92.74,92.69,92.696
NZDJPY,2026-07-08 20:00:00+00:00,92.696,92.716,92.622,92.676
NZDJPY,2026-07-08 21:00:00+00:00,92.662,92.786,92.578,92.718
NZDJPY,2026-07-08 22:00:00+00:00,92.733,92.733,92.666,92.718
NZDJPY,2026-07-08 23:00:00+00:00,92.721,92.894,92.714,92.886
NZDJPY,2026-07-09 00:00:00+00:00,92.881,93.027,92.872,92.974
NZDJPY,2026-07-09 01:00:00+00:00,92.975,93.022,92.896,92.947
NZDJPY,2026-07-09 02:00:00+00:00,92.95,92.996,92.91,92.92
NZDJPY,2026-07-09 03:00:00+00:00,92.918,92.99,92.894,92.968
NZDJPY,2026-07-09 04:00:00+00:00,92.966,93.001,92.916,92.997
NZDJPY,2026-07-09 05:00:00+00:00,92.994,93.014,92.942,92.966
NZDJPY,2026-07-09 06:00:00+00:00,92.968,93.082,92.964,92.997
NZDJPY,2026-07-09 07:00:00+00:00,92.994,93.084,92.954,93.078
NZDJPY,2026-07-09 08:00:00+00:00,93.078,93.154,93.054,93.137
NZDJPY,2026-07-09 09:00:00+00:00,93.134,93.156,93.07,93.147
NZDJPY,2026-07-09 10:00:00+00:00,93.148,93.21,93.112,93.147
NZDJPY,2026-07-09 11:00:00+00:00,93.149,93.19,93.098,93.178
NZDJPY,2026-07-09 12:00:00+00:00,93.181,93.33,93.174,93.283
NZDJPY,2026-07-09 13:00:00+00:00,93.28,93.347,93.26,93.326
NZDJPY,2026-07-09 14:00:00+00:00,93.324,93.384,93.305,93.338
NZDJPY,2026-07-09 15:00:00+00:00,93.338,93.483,93.334,93.47
NZDJPY,2026-07-09 16:00:00+00:00,93.472,93.496,93.453,93.457
NZDJPY,2026-07-09 17:00:00+00:00,93.46,93.524,93.44,93.501
NZDJPY,2026-07-09 18:00:00+00:00,93.499,93.513,93.466,93.48
NZDJPY,2026-07-09 19:00:00+00:00,93.48,93.498,93.447,93.459
NZDJPY,2026-07-09 20:00:00+00:00,93.47,93.506,93.43,93.456
NZDJPY,2026-07-09 21:00:00+00:00,93.461,93.528,93.339,93.476
NZDJPY,2026-07-09 22:00:00+00:00,93.484,93.496,93.43,93.49
NZDJPY,2026-07-09 23:00:00+00:00,93.494,93.556,93.484,93.549
NZDJPY,2026-07-10 00:00:00+00:00,93.548,93.572,93.453,93.556
NZDJPY,2026-07-10 01:00:00+00:00,93.554,93.578,93.404,93.551
NZDJPY,2026-07-10 02:00:00+00:00,93.552,93.552,93.378,93.464
NZDJPY,2026-07-10 03:00:00+00:00,93.46,93.482,93.39,93.408
NZDJPY,2026-07-10 04:00:00+00:00,93.41,93.436,93.344,93.346
NZDJPY,2026-07-10 05:00:00+00:00,93.348,93.356,93.201,93.224
NZDJPY,2026-07-10 06:00:00+00:00,93.228,93.308,93.204,93.281
NZDJPY,2026-07-10 07:00:00+00:00,93.282,93.356,93.26,93.296
NZDJPY,2026-07-10 08:00:00+00:00,93.293,93.312,93.174,93.244
NZDJPY,2026-07-10 09:00:00+00:00,93.248,93.408,93.216,93.378
NZDJPY,2026-07-10 10:00:00+00:00,93.382,93.388,93.324,93.341
NZDJPY,2026-07-10 11:00:00+00:00,93.346,93.396,93.275,93.39
NZDJPY,2026-07-10 12:00:00+00:00,93.391,93.444,93.308,93.35
NZDJPY,2026-07-10 13:00:00+00:00,93.352,93.384,93.265,93.271
NZDJPY,2026-07-10 14:00:00+00:00,93.27,93.328,93.124,93.238
NZDJPY,2026-07-10 15:00:00+00:00,93.238,93.262,93.098,93.128
NZDJPY,2026-07-10 16:00:00+00:00,93.128,93.262,93.113,93.218
NZDJPY,2026-07-10 17:00:00+00:00,93.216,93.23,93.172,93.178
NZDJPY,2026-07-10 18:00:00+00:00,93.179,93.215,93.172,93.212
NZDJPY,2026-07-10 19:00:00+00:00,93.211,93.217,93.184,93.217
NZDJPY,2026-07-10 20:00:00+00:00,93.22,93.236,93.19,93.198
NZDJPY,2026-07-12 21:00:00+00:00,93.2,93.243,93.127,93.135
NZDJPY,2026-07-12 22:00:00+00:00,93.145,93.23,93.126,93.172
NZDJPY,2026-07-12 23:00:00+00:00,93.178,93.228,93.14,93.216
NZDJPY,2026-07-13 00:00:00+00:00,93.218,93.26,93.156,93.212
NZDJPY,2026-07-13 01:00:00+00:00,93.212,93.477,93.202,93.448
NZDJPY,2026-07-13 02:00:00+00:00,93.446,93.456,93.396,93.399
NZDJPY,2026-07-13 03:00:00+00:00,93.398,93.407,93.294,93.33
NZDJPY,2026-07-13 04:00:00+00:00,93.326,93.328,93.215,93.28
NZDJPY,2026-07-13 05:00:00+00:00,93.282,93.396,93.236,93.379
NZDJPY,2026-07-13 06:00:00+00:00,93.38,93.471,93.361,93.454
NZDJPY,2026-07-13 07:00:00+00:00,93.458,93.591,93.36,93.591
NZDJPY,2026-07-13 08:00:00+00:00,93.589,93.786,93.578,93.742
NZDJPY,2026-07-13 09:00:00+00:00,93.743,93.747,93.619,93.652
NZDJPY,2026-07-13 10:00:00+00:00,93.654,93.708,93.595,93.707
NZDJPY,2026-07-13 11:00:00+00:00,93.71,93.781,93.694,93.726
NZDJPY,2026-07-13 12:00:00+00:00,93.724,93.804,93.64,93.802
NZDJPY,2026-07-13 13:00:00+00:00,93.804,93.84,93.712,93.759
NZDJPY,2026-07-13 14:00:00+00:00,93.758,93.799,93.618,93.716
NZDJPY,2026-07-13 15:00:00+00:00,93.715,93.744,93.642,93.657
NZDJPY,2026-07-13 16:00:00+00:00,93.66,93.69,93.444,93.518
NZDJPY,2026-07-13 17:00:00+00:00,93.52,93.549,93.47,93.48
NZDJPY,2026-07-13 18:00:00+00:00,93.478,93.495,93.42,93.422
NZDJPY,2026-07-13 19:00:00+00:00,93.422,93.443,93.368,93.414
NZDJPY,2026-07-13 20:00:00+00:00,93.414,93.414,93.32,93.406
NZDJPY,2026-07-13 21:00:00+00:00,93.403,93.478,93.369,93.423
NZDJPY,2026-07-13 22:00:00+00:00,93.422,93.514,93.412,93.482
NZDJPY,2026-07-13 23:00:00+00:00,93.48,93.619,93.47,93.617
NZDJPY,2026-07-14 00:00:00+00:00,93.618,93.832,93.534,93.809
NZDJPY,2026-07-14 01:00:00+00:00,93.812,93.866,93.767,93.841
NZDJPY,2026-07-14 02:00:00+00:00,93.842,94.004,93.836,93.942
NZDJPY,2026-07-14 03:00:00+00:00,93.948,94.07,93.933,93.986
NZDJPY,2026-07-14 04:00:00+00:00,93.983,93.988,93.904,93.974
NZDJPY,2026-07-14 05:00:00+00:00,93.976,94.098,93.954,94.042
NZDJPY,2026-07-14 06:00:00+00:00,94.04,94.046,93.892,93.91
NZDJPY,2026-07-14 07:00:00+00:00,93.912,94.102,93.908,94.083
NZDJPY,2026-07-14 08:00:00+00:00,94.086,94.114,93.988,94.073
NZDJPY,2026-07-14 09:00:00+00:00,94.078,94.184,94.068,94.154
NZDJPY,2026-07-14 10:00:00+00:00,94.153,94.163,94.059,94.062
NZDJPY,2026-07-14 11:00:00+00:00,94.065,94.154,94.032,94.112
NZDJPY,2026-07-14 12:00:00+00:00,94.113,94.585,94.034,94.242
NZDJPY,2026-07-14 13:00:00+00:00,94.242,94.348,94.236,94.271
NZDJPY,2026-07-14 14:00:00+00:00,94.272,94.342,94.19,94.222
NZDJPY,2026-07-14 15:00:00+00:00,94.224,94.316,94.138,94.154
NZDJPY,2026-07-14 16:00:00+00:00,94.156,94.241,94.109,94.229
NZDJPY,2026-07-14 17:00:00+00:00,94.232,94.248,94.165,94.228
NZDJPY,2026-07-14 18:00:00+00:00,94.23,94.255,94.199,94.242
NZDJPY,2026-07-14 19:00:00+00:00,94.242,94.242,94.188,94.208
NZDJPY,2026-07-14 20:00:00+00:00,94.21,94.292,94.2,94.286
NZDJPY,2026-07-14 21:00:00+00:00,94.354,94.357,94.176,94.278
NZDJPY,2026-07-14 22:00:00+00:00,94.286,94.304,94.244,94.252
NZDJPY,2026-07-14 23:00:00+00:00,94.255,94.276,94.196,94.276
NZDJPY,2026-07-15 00:00:00+00:00,94.278,94.38,94.244,94.368
NZDJPY,2026-07-15 01:00:00+00:00,94.368,94.423,94.3,94.408
NZDJPY,2026-07-15 02:00:00+00:00,94.412,94.42,94.302,94.308
NZDJPY,2026-07-15 03:00:00+00:00,94.305,94.31,94.211,94.294
NZDJPY,2026-07-15 04:00:00+00:00,94.296,94.356,94.243,94.324
NZDJPY,2026-07-15 05:00:00+00:00,94.328,94.405,94.303,94.364
NZDJPY,2026-07-15 06:00:00+00:00,94.365,94.445,94.304,94.329
NZDJPY,2026-07-15 07:00:00+00:00,94.326,94.442,94.324,94.426
NZDJPY,2026-07-15 08:00:00+00:00,94.43,94.494,94.41,94.46
NZDJPY,2026-07-15 09:00:00+00:00,94.464,94.509,94.442,94.469
NZDJPY,2026-07-15 10:00:00+00:00,94.468,94.502,94.412,94.456
NZDJPY,2026-07-15 11:00:00+00:00,94.46,94.514,94.448,94.49
NZDJPY,2026-07-15 12:00:00+00:00,94.493,94.59,94.456,94.57
NZDJPY,2026-07-15 13:00:00+00:00,94.574,94.611,94.522,94.554
NZDJPY,2026-07-15 14:00:00+00:00,94.557,94.685,94.547,94.632
NZDJPY,2026-07-15 15:00:00+00:00,94.63,94.698,94.606,94.652
NZDJPY,2026-07-15 16:00:00+00:00,94.654,94.694,94.614,94.666
NZDJPY,2026-07-15 17:00:00+00:00,94.67,94.902,94.666,94.883
NZDJPY,2026-07-15 18:00:00+00:00,94.886,94.931,94.822,94.83
NZDJPY,2026-07-15 19:00:00+00:00,94.83,94.881,94.805,94.876
NZDJPY,2026-07-15 20:00:00+00:00,94.874,94.888,94.834,94.859
NZDJPY,2026-07-15 21:00:00+00:00,94.862,94.894,94.81,94.82
NZDJPY,2026-07-15 22:00:00+00:00,94.816,94.884,94.816,94.84
NZDJPY,2026-07-15 23:00:00+00:00,94.837,94.84,94.754,94.772
NZDJPY,2026-07-16 00:00:00+00:00,94.777,94.816,94.658,94.733
NZDJPY,2026-07-16 01:00:00+00:00,94.734,94.755,94.588,94.64
NZDJPY,2026-07-16 02:00:00+00:00,94.64,94.751,94.606,94.742
NZDJPY,2026-07-16 03:00:00+00:00,94.746,94.858,94.736,94.856
NZDJPY,2026-07-16 04:00:00+00:00,94.86,94.895,94.788,94.8
NZDJPY,2026-07-16 05:00:00+00:00,94.8,94.907,94.786,94.884
NZDJPY,2026-07-16 06:00:00+00:00,94.884,94.978,94.866,94.945
NZDJPY,2026-07-16 07:00:00+00:00,94.948,94.954,94.84,94.896
NZDJPY,2026-07-16 08:00:00+00:00,94.894,94.953,94.841,94.874
NZDJPY,2026-07-16 09:00:00+00:00,94.874,94.928,94.855,94.894
NZDJPY,2026-07-16 10:00:00+00:00,94.894,94.96,94.89,94.91
NZDJPY,2026-07-16 11:00:00+00:00,94.911,94.952,94.848,94.944
NZDJPY,2026-07-16 12:00:00+00:00,94.948,94.998,94.862,94.88
NZDJPY,2026-07-16 13:00:00+00:00,94.88,94.995,94.871,94.932
NZDJPY,2026-07-16 14:00:00+00:00,94.932,95.08,94.924,95.02
NZDJPY,2026-07-16 15:00:00+00:00,95.02,95.022,94.904,94.92
NZDJPY,2026-07-16 16:00:00+00:00,94.924,94.94,94.832,94.849
NZDJPY,2026-07-16 17:00:00+00:00,94.848,94.858,94.8,94.828
NZDJPY,2026-07-16 18:00:00+00:00,94.83,94.884,94.812,94.876
NZDJPY,2026-07-16 19:00:00+00:00,94.876,94.878,94.828,94.87
NZDJPY,2026-07-16 20:00:00+00:00,94.868,94.874,94.841,94.863
NZDJPY,2026-07-16 21:00:00+00:00,94.877,94.881,94.776,94.804
NZDJPY,2026-07-16 22:00:00+00:00,94.786,94.856,94.766,94.83
NZDJPY,2026-07-16 23:00:00+00:00,94.831,94.867,94.82,94.867
NZDJPY,2026-07-17 00:00:00+00:00,94.864,94.961,94.85,94.958
NZDJPY,2026-07-17 01:00:00+00:00,94.96,95.002,94.811,94.844
NZDJPY,2026-07-17 02:00:00+00:00,94.846,94.856,94.744,94.755
NZDJPY,2026-07-17 03:00:00+00:00,94.756,94.876,94.748,94.842
NZDJPY,2026-07-17 04:00:00+00:00,94.844,94.848,94.741,94.764
NZDJPY,2026-07-17 05:00:00+00:00,94.766,94.816,94.74,94.766
NZDJPY,2026-07-17 06:00:00+00:00,94.766,94.896,94.716,94.782
NZDJPY,2026-07-17 07:00:00+00:00,94.782,94.824,94.729,94.806
NZDJPY,2026-07-17 08:00:00+00:00,94.804,94.85,94.664,94.668
NZDJPY,2026-07-17 09:00:00+00:00,94.665,94.778,94.614,94.688
NZDJPY,2026-07-17 10:00:00+00:00,94.692,94.76,94.656,94.7
NZDJPY,2026-07-17 11:00:00+00:00,94.7,94.719,94.612,94.684
NZDJPY,2026-07-17 12:00:00+00:00,94.682,94.697,94.618,94.641
NZDJPY,2026-07-17 13:00:00+00:00,94.641,94.808,94.622,94.764
NZDJPY,2026-07-17 14:00:00+00:00,94.766,94.922,94.718,94.896
NZDJPY,2026-07-17 15:00:00+00:00,94.893,94.978,94.854,94.978
NZDJPY,2026-07-17 16:00:00+00:00,94.98,95.026,94.926,94.946
NZDJPY,2026-07-17 17:00:00+00:00,94.95,94.978,94.927,94.928
NZDJPY,2026-07-17 18:00:00+00:00,94.928,94.954,94.896,94.912
NZDJPY,2026-07-17 19:00:00+00:00,94.918,94.95,94.892,94.897
NZDJPY,2026-07-17 20:00:00+00:00,94.898,94.902,94.866,94.891
NZDJPY,2026-07-19 21:00:00+00:00,94.695,94.766,94.664,94.688
NZDJPY,2026-07-19 22:00:00+00:00,94.718,94.852,94.676,94.784
NZDJPY,2026-07-19 23:00:00+00:00,94.788,94.907,94.779,94.898
NZDJPY,2026-07-20 00:00:00+00:00,94.899,94.956,94.812,94.824
NZDJPY,2026-07-20 01:00:00+00:00,94.826,94.887,94.8,94.882
NZDJPY,2026-07-20 02:00:00+00:00,94.882,95.084,94.874,95.046
NZDJPY,2026-07-20 03:00:00+00:00,95.047,95.138,95.028,95.116
NZDJPY,2026-07-20 04:00:00+00:00,95.12,95.162,95.108,95.108
NZDJPY,2026-07-20 05:00:00+00:00,95.11,95.116,94.984,95.02
NZDJPY,2026-07-20 06:00:00+00:00,95.018,95.038,94.944,94.976
NZDJPY,2026-07-20 07:00:00+00:00,94.978,95.196,94.978,95.103
NZDJPY,2026-07-20 08:00:00+00:00,95.107,95.139,95.05,95.059
NZDJPY,2026-07-20 09:00:00+00:00,95.057,95.066,94.988,95.005
NZDJPY,2026-07-20 10:00:00+00:00,95.004,95.083,94.978,95.05
NZDJPY,2026-07-20 11:00:00+00:00,95.052,95.178,95.041,95.076
NZDJPY,2026-07-20 12:00:00+00:00,95.076,95.087,95.002,95.065
NZDJPY,2026-07-20 13:00:00+00:00,95.064,95.095,95.0,95.042
NZDJPY,2026-07-20 14:00:00+00:00,95.042,95.13,94.944,94.985
NZDJPY,2026-07-20 15:00:00+00:00,94.981,95.046,94.954,95.034
NZDJPY,2026-07-20 16:00:00+00:00,95.041,95.076,94.969,95.002
NZDJPY,2026-07-20 17:00:00+00:00,95.002,95.007,94.944,94.962
NZDJPY,2026-07-20 18:00:00+00:00,94.966,94.999,94.91,94.947
NZDJPY,2026-07-20 19:00:00+00:00,94.947,94.947,94.886,94.924
NZDJPY,2026-07-20 20:00:00+00:00,94.926,94.936,94.865,94.876
NZDJPY,2026-07-20 21:00:00+00:00,94.859,94.959,94.776,94.807
NZDJPY,2026-07-20 22:00:00+00:00,94.829,95.029,94.82,94.979
NZDJPY,2026-07-20 23:00:00+00:00,94.984,95.1,94.963,95.092
NZDJPY,2026-07-21 00:00:00+00:00,95.09,95.3,95.05,95.25
NZDJPY,2026-07-21 01:00:00+00:00,95.254,95.365,95.218,95.326
NZDJPY,2026-07-21 02:00:00+00:00,95.328,95.436,95.261,95.288
NZDJPY,2026-07-21 03:00:00+00:00,95.286,95.33,95.204,95.286
NZDJPY,2026-07-21 04:00:00+00:00,95.288,95.311,95.249,95.286
NZDJPY,2026-07-21 05:00:00+00:00,95.29,95.328,95.259,95.271
NZDJPY,2026-07-21 06:00:00+00:00,95.272,95.308,95.164,95.276
NZDJPY,2026-07-21 07:00:00+00:00,95.273,95.33,95.234,95.282
NZDJPY,2026-07-21 08:00:00+00:00,95.28,95.354,95.248,95.324
NZDJPY,2026-07-21 09:00:00+00:00,95.322,95.374,95.3,95.348
NZDJPY,2026-07-21 10:00:00+00:00,95.35,95.384,95.233,95.234
NZDJPY,2026-07-21 11:00:00+00:00,95.233,95.244,95.15,95.18
NZDJPY,2026-07-21 12:00:00+00:00,95.179,95.186,95.014,95.03
NZDJPY,2026-07-21 13:00:00+00:00,95.034,95.042,94.803,94.898
NZDJPY,2026-07-21 14:00:00+00:00,94.897,95.034,94.897,94.985
NZDJPY,2026-07-21 15:00:00+00:00,94.983,95.082,94.959,95.054
NZDJPY,2026-07-21 16:00:00+00:00,95.056,95.097,95.027,95.09
NZDJPY,2026-07-21 17:00:00+00:00,95.088,95.104,95.065,95.086
NZDJPY,2026-07-21 18:00:00+00:00,95.09,95.191,95.066,95.155
NZDJPY,2026-07-21 19:00:00+00:00,95.155,95.155,95.094,95.133
NZDJPY,2026-07-21 20:00:00+00:00,95.13,95.158,95.075,95.101
NZDJPY,2026-07-21 21:00:00+00:00,95.078,95.172,95.02,95.068
NZDJPY,2026-07-21 22:00:00+00:00,95.076,95.092,95.048,95.058
NZDJPY,2026-07-21 23:00:00+00:00,95.06,95.092,95.048,95.064
NZDJPY,2026-07-22 00:00:00+00:00,95.065,95.15,95.011,95.143
NZDJPY,2026-07-22 01:00:00+00:00,95.148,95.172,95.059,95.124
NZDJPY,2026-07-22 02:00:00+00:00,95.127,95.13,95.045,95.058
NZDJPY,2026-07-22 03:00:00+00:00,95.056,95.114,95.022,95.084
NZDJPY,2026-07-22 04:00:00+00:00,95.081,95.092,95.036,95.072
NZDJPY,2026-07-22 05:00:00+00:00,95.073,95.086,94.959,94.974
NZDJPY,2026-07-22 06:00:00+00:00,94.975,94.999,94.85,94.913
NZDJPY,2026-07-22 07:00:00+00:00,94.914,95.034,94.761,94.808
NZDJPY,2026-07-22 08:00:00+00:00,94.81,94.904,94.758,94.808
NZDJPY,2026-07-22 09:00:00+00:00,94.805,94.856,94.788,94.824
NZDJPY,2026-07-22 10:00:00+00:00,94.826,94.898,94.806,94.844
NZDJPY,2026-07-22 11:00:00+00:00,94.841,94.871,94.769,94.87
NZDJPY,2026-07-22 12:00:00+00:00,94.865,94.901,94.792,94.815
NZDJPY,2026-07-22 13:00:00+00:00,94.816,94.943,94.816,94.882
NZDJPY,2026-07-22 14:00:00+00:00,94.882,94.942,94.826,94.88
NZDJPY,2026-07-22 15:00:00+00:00,94.883,94.936,94.86,94.934
NZDJPY,2026-07-22 16:00:00+00:00,94.935,94.938,94.86,94.894
NZDJPY,2026-07-22 17:00:00+00:00,94.898,94.924,94.87,94.878
NZDJPY,2026-07-22 18:00:00+00:00,94.882,94.896,94.849,94.854
NZDJPY,2026-07-22 19:00:00+00:00,94.854,94.87,94.832,94.851
NZDJPY,2026-07-22 20:00:00+00:00,94.85,94.906,94.85,94.88
NZDJPY,2026-07-22 21:00:00+00:00,94.883,94.972,94.862,94.868
NZDJPY,2026-07-22 22:00:00+00:00,94.865,94.882,94.746,94.807
NZDJPY,2026-07-22 23:00:00+00:00,94.804,94.824,94.788,94.814
NZDJPY,2026-07-23 00:00:00+00:00,94.816,94.882,94.782,94.86
NZDJPY,2026-07-23 01:00:00+00:00,94.855,94.908,94.834,94.883
NZDJPY,2026-07-23 02:00:00+00:00,94.882,94.924,94.83,94.863
NZDJPY,2026-07-23 03:00:00+00:00,94.864,94.888,94.79,94.87
NZDJPY,2026-07-23 04:00:00+00:00,94.868,94.918,94.856,94.874
NZDJPY,2026-07-23 05:00:00+00:00,94.874,94.936,94.839,94.932
NZDJPY,2026-07-23 06:00:00+00:00,94.931,94.974,94.836,94.838
NZDJPY,2026-07-23 07:00:00+00:00,94.84,94.848,94.666,94.788
NZDJPY,2026-07-23 08:00:00+00:00,94.792,94.802,94.659,94.674
NZDJPY,2026-07-23 09:00:00+00:00,94.675,94.734,94.654,94.708
NZDJPY,2026-07-23 10:00:00+00:00,94.708,94.722,94.609,94.679
NZDJPY,2026-07-23 11:00:00+00:00,94.676,94.68,94.488,94.614
NZDJPY,2026-07-23 12:00:00+00:00,94.614,94.618,94.509,94.578
NZDJPY,2026-07-23 13:00:00+00:00,94.576,94.704,94.504,94.68
NZDJPY,2026-07-23 14:00:00+00:00,94.68,94.701,94.569,94.62
NZDJPY,2026-07-23 15:00:00+00:00,94.619,94.622,94.44,94.582
NZDJPY,2026-07-23 16:00:00+00:00,94.584,94.619,94.576,94.606
NZDJPY,2026-07-23 17:00:00+00:00,94.608,94.608,94.522,94.534
NZDJPY,2026-07-23 18:00:00+00:00,94.536,94.548,94.49,94.498
NZDJPY,2026-07-23 19:00:00+00:00,94.498,94.565,94.478,94.557
NZDJPY,2026-07-23 20:00:00+00:00,94.559,94.592,94.55,94.573
NZDJPY,2026-07-23 21:00:00+00:00,94.536,94.622,94.512,94.542
NZDJPY,2026-07-23 22:00:00+00:00,94.537,94.575,94.518,94.568
NZDJPY,2026-07-23 23:00:00+00:00,94.568,94.616,94.552,94.593
NZDJPY,2026-07-24 00:00:00+00:00,94.592,94.754,94.585,94.739
NZDJPY,2026-07-24 01:00:00+00:00,94.738,94.777,94.673,94.688
NZDJPY,2026-07-24 02:00:00+00:00,94.689,94.698,94.616,94.616
NZDJPY,2026-07-24 03:00:00+00:00,94.614,94.676,94.612,94.646
NZDJPY,2026-07-24 04:00:00+00:00,94.645,94.688,94.578,94.602
NZDJPY,2026-07-24 05:00:00+00:00,94.604,94.686,94.599,94.622
NZDJPY,2026-07-24 06:00:00+00:00,94.62,94.722,94.588,94.721
NZDJPY,2026-07-24 07:00:00+00:00,94.721,94.811,94.688,94.793
NZDJPY,2026-07-24 08:00:00+00:00,94.794,94.794,94.724,94.729
NZDJPY,2026-07-24 09:00:00+00:00,94.733,94.756,94.67,94.728
NZDJPY,2026-07-24 10:00:00+00:00,94.73,94.804,94.711,94.78
NZDJPY,2026-07-24 11:00:00+00:00,94.782,94.836,94.76,94.807
NZDJPY,2026-07-24 12:00:00+00:00,94.808,94.824,94.673,94.7
NZDJPY,2026-07-24 13:00:00+00:00,94.7,94.739,94.67,94.716
NZDJPY,2026-07-24 14:00:00+00:00,94.716,94.865,94.702,94.854
NZDJPY,2026-07-24 15:00:00+00:00,94.855,94.969,94.848,94.959
NZDJPY,2026-07-24 16:00:00+00:00,94.962,94.99,94.916,94.946
NZDJPY,2026-07-24 17:00:00+00:00,94.944,94.95,94.846,94.858
NZDJPY,2026-07-24 18:00:00+00:00,94.858,94.88,94.842,94.864
NZDJPY,2026-07-24 19:00:00+00:00,94.865,94.87,94.828,94.852
NZDJPY,2026-07-24 20:00:00+00:00,94.853,94.872,94.8,94.858
NZDJPY,2026-07-26 21:00:00+00:00,94.935,95.038,94.935,94.955
NZDJPY,2026-07-26 22:00:00+00:00,94.965,95.044,94.858,94.874
NZDJPY,2026-07-26 23:00:00+00:00,94.876,94.894,94.824,94.861
NZDJPY,2026-07-27 00:00:00+00:00,94.865,95.008,94.864,94.94
NZDJPY,2026-07-27 01:00:00+00:00,94.942,94.978,94.848,94.911
NZDJPY,2026-07-27 02:00:00+00:00,94.917,94.917,94.771,94.786
NZDJPY,2026-07-27 03:00:00+00:00,94.788,94.809,94.693,94.786
NZDJPY,2026-07-27 04:00:00+00:00,94.786,94.848,94.764,94.833
NZDJPY,2026-07-27 05:00:00+00:00,94.831,94.945,94.826,94.896
NZDJPY,2026-07-27 06:00:00+00:00,94.892,94.992,94.87,94.899
NZDJPY,2026-07-27 07:00:00+00:00,94.9,94.909,94.791,94.843
NZDJPY,2026-07-27 08:00:00+00:00,94.838,94.864,94.786,94.838
NZDJPY,2026-07-27 09:00:00+00:00,94.836,94.846,94.792,94.8
NZDJPY,2026-07-27 10:00:00+00:00,94.8,94.858,94.78,94.813
NZDJPY,2026-07-27 11:00:00+00:00,94.81,94.826,94.736,94.751
NZDJPY,2026-07-27 12:00:00+00:00,94.75,94.788,94.695,94.76
NZDJPY,2026-07-27 13:00:00+00:00,94.756,94.819,94.731,94.782
NZDJPY,2026-07-27 14:00:00+00:00,94.782,94.8,94.62,94.658
NZDJPY,2026-07-27 15:00:00+00:00,94.66,94.67,94.57,94.609
NZDJPY,2026-07-27 16:00:00+00:00,94.61,94.654,94.583,94.622
NZDJPY,2026-07-27 17:00:00+00:00,94.623,94.624,94.509,94.56
NZDJPY,2026-07-27 18:00:00+00:00,94.559,94.575,94.524,94.568
NZDJPY,2026-07-27 19:00:00+00:00,94.568,94.595,94.552,94.59
NZDJPY,2026-07-27 20:00:00+00:00,94.592,94.598,94.537,94.548
NZDJPY,2026-07-27 21:00:00+00:00,94.602,94.602,94.478,94.52
NZDJPY,2026-07-27 22:00:00+00:00,94.49,94.573,94.49,94.518
NZDJPY,2026-07-27 23:00:00+00:00,94.514,94.516,94.457,94.491
NZDJPY,2026-07-28 00:00:00+00:00,94.494,94.55,94.459,94.537
NZDJPY,2026-07-28 01:00:00+00:00,94.538,94.572,94.434,94.466
NZDJPY,2026-07-28 02:00:00+00:00,94.468,94.536,94.448,94.502
NZDJPY,2026-07-28 03:00:00+00:00,94.5,94.604,94.462,94.516
NZDJPY,2026-07-28 04:00:00+00:00,94.518,94.518,94.416,94.428
NZDJPY,2026-07-28 05:00:00+00:00,94.426,94.447,94.362,94.411
NZDJPY,2026-07-28 06:00:00+00:00,94.408,94.516,94.372,94.469
NZDJPY,2026-07-28 07:00:00+00:00,94.47,94.594,94.44,94.522
NZDJPY,2026-07-28 08:00:00+00:00,94.526,94.594,94.499,94.575
NZDJPY,2026-07-28 09:00:00+00:00,94.576,94.58,94.487,94.489
NZDJPY,2026-07-28 10:00:00+00:00,94.484,94.557,94.471,94.546
NZDJPY,2026-07-28 11:00:00+00:00,94.544,94.604,94.496,94.585
NZDJPY,2026-07-28 12:00:00+00:00,94.587,94.63,94.539,94.599
NZDJPY,2026-07-28 13:00:00+00:00,94.6,94.635,94.568,94.626
NZDJPY,2026-07-28 14:00:00+00:00,94.628,94.708,94.596,94.676
NZDJPY,2026-07-28 15:00:00+00:00,94.678,94.875,94.664,94.858
NZDJPY,2026-07-28 16:00:00+00:00,94.859,94.904,94.839,94.866
NZDJPY,2026-07-28 17:00:00+00:00,94.866,94.877,94.782,94.8
NZDJPY,2026-07-28 18:00:00+00:00,94.802,94.852,94.796,94.852
NZDJPY,2026-07-28 19:00:00+00:00,94.852,94.862,94.796,94.802
NZDJPY,2026-07-28 20:00:00+00:00,94.806,94.846,94.803,94.816
NZDJPY,2026-07-28 21:00:00+00:00,94.796,94.838,94.732,94.77
NZDJPY,2026-07-28 22:00:00+00:00,94.746,94.806,94.726,94.726
NZDJPY,2026-07-28 23:00:00+00:00,94.728,94.76,94.684,94.736
NZDJPY,2026-07-29 00:00:00+00:00,94.742,94.776,94.638,94.655
NZDJPY,2026-07-29 01:00:00+00:00,94.653,94.75,94.567,94.585
NZDJPY,2026-07-29 02:00:00+00:00,94.584,94.684,94.56,94.628
NZDJPY,2026-07-29 03:00:00+00:00,94.629,94.658,94.588,94.646
NZDJPY,2026-07-29 04:00:00+00:00,94.647,94.67,94.483,94.582
NZDJPY,2026-07-29 05:00:00+00:00,94.584,94.694,94.579,94.693
NZDJPY,2026-07-29 06:00:00+00:00,94.688,94.742,94.634,94.65
NZDJPY,2026-07-29 07:00:00+00:00,94.651,94.738,94.651,94.708
NZDJPY,2026-07-29 08:00:00+00:00,94.71,94.718,94.577,94.62
NZDJPY,2026-07-29 09:00:00+00:00,94.617,94.632,94.554,94.586
NZDJPY,2026-07-29 10:00:00+00:00,94.586,94.592,94.545,94.568
NZDJPY,2026-07-29 11:00:00+00:00,94.572,94.639,94.544,94.558
NZDJPY,2026-07-29 12:00:00+00:00,94.556,94.616,94.478,94.613
NZDJPY,2026-07-29 13:00:00+00:00,94.616,94.732,94.598,94.73
NZDJPY,2026-07-29 14:00:00+00:00,94.731,94.758,94.539,94.594
NZDJPY,2026-07-29 15:00:00+00:00,94.594,94.604,94.504,94.516
NZDJPY,2026-07-29 16:00:00+00:00,94.52,94.526,94.438,94.505
NZDJPY,2026-07-29 17:00:00+00:00,94.509,94.644,94.498,94.632
NZDJPY,2026-07-29 18:00:00+00:00,94.672,95.062,94.617,95.046
NZDJPY,2026-07-29 19:00:00+00:00,95.048,95.119,94.656,94.691
NZDJPY,2026-07-29 20:00:00+00:00,94.693,94.74,94.62,94.703
NZDJPY,2026-07-29 21:00:00+00:00,94.708,94.824,94.616,94.678
NZDJPY,2026-07-29 22:00:00+00:00,94.664,94.866,94.664,94.812
NZDJPY,2026-07-29 23:00:00+00:00,94.812,94.85,94.748,94.748
NZDJPY,2026-07-30 00:00:00+00:00,94.746,94.81,94.686,94.81
NZDJPY,2026-07-30 01:00:00+00:00,94.812,94.928,94.81,94.903
NZDJPY,2026-07-30 02:00:00+00:00,94.906,95.021,94.898,94.97
NZDJPY,2026-07-30 03:00:00+00:00,94.968,95.016,94.921,94.946
NZDJPY,2026-07-30 04:00:00+00:00,94.948,94.98,94.912,94.92
NZDJPY,2026-07-30 05:00:00+00:00,94.921,94.997,94.918,94.934
NZDJPY,2026-07-30 06:00:00+00:00,94.938,95.067,94.879,95.042
NZDJPY,2026-07-30 07:00:00+00:00,95.042,95.14,95.03,95.038
NZDJPY,2026-07-30 08:00:00+00:00,95.036,95.244,95.036,95.234
NZDJPY,2026-07-30 09:00:00+00:00,95.234,95.309,95.219,95.281
NZDJPY,2026-07-30 10:00:00+00:00,95.282,95.288,94.86,95.085
NZDJPY,2026-07-30 11:00:00+00:00,95.082,95.198,95.053,95.186
NZDJPY,2026-07-30 12:00:00+00:00,95.189,95.215,95.002,95.088
NZDJPY,2026-07-30 13:00:00+00:00,95.088,95.12,93.817,93.822
NZDJPY,2026-07-30 14:00:00+00:00,93.821,93.896,92.756,93.354
NZDJPY,2026-07-30 15:00:00+00:00,93.354,93.722,93.19,93.697
NZDJPY,2026-07-30 16:00:00+00:00,93.7,93.833,93.671,93.786
NZDJPY,2026-07-30 17:00:00+00:00,93.786,93.92,93.178,93.504
NZDJPY,2026-07-30 18:00:00+00:00,93.505,93.56,93.434,93.482
NZDJPY,2026-07-30 19:00:00+00:00,93.482,93.732,93.482,93.688
NZDJPY,2026-07-30 20:00:00+00:00,93.69,93.85,93.68,93.804
NZDJPY,2026-07-30 21:00:00+00:00,93.602,93.821,93.597,93.801
NZDJPY,2026-07-30 22:00:00+00:00,93.812,93.942,93.744,93.898
NZDJPY,2026-07-30 23:00:00+00:00,93.898,94.157,93.844,94.103
NZDJPY,2026-07-31 00:00:00+00:00,94.098,94.331,94.082,94.262
NZDJPY,2026-07-31 01:00:00+00:00,94.259,94.323,94.11,94.278
NZDJPY,2026-07-31 02:00:00+00:00,94.28,94.328,94.192,94.23
NZDJPY,2026-07-31 03:00:00+00:00,94.23,94.416,94.193,94.293
NZDJPY,2026-07-31 04:00:00+00:00,94.292,94.362,94.254,94.282
NZDJPY,2026-07-31 05:00:00+00:00,94.284,94.314,94.214,94.236
NZDJPY,2026-07-31 06:00:00+00:00,94.234,94.294,93.968,94.124
NZDJPY,2026-07-31 07:00:00+00:00,94.126,94.347,94.09,94.091
NZDJPY,2026-07-31 08:00:00+00:00,94.089,94.198,93.336,93.536
NZDJPY,2026-07-31 09:00:00+00:00,93.535,94.051,93.36,94.019
NZDJPY,2026-07-31 10:00:00+00:00,94.02,94.078,93.946,93.961
NZDJPY,2026-07-31 11:00:00+00:00,93.96,94.008,93.896,93.914
NZDJPY,2026-07-31 12:00:00+00:00,93.914,93.997,93.895,93.954
NZDJPY,2026-07-31 13:00:00+00:00,93.956,94.042,93.36,93.371
NZDJPY,2026-07-31 14:00:00+00:00,93.371,93.714,93.054,93.562
NZDJPY,2026-07-31 15:00:00+00:00,93.56,93.604,93.332,93.544
NZDJPY,2026-07-31 16:00:00+00:00,93.546,93.687,93.524,93.686
NZDJPY,2026-07-31 17:00:00+00:00,93.682,93.832,93.162,93.314
NZDJPY,2026-07-31 18:00:00+00:00,93.312,93.676,93.238,93.585
NZDJPY,2026-07-31 19:00:00+00:00,93.584,93.778,93.576,93.767
NZDJPY,2026-07-31 20:00:00+00:00,93.764,93.775,92.626,92.708
NZDJPY,2026-08-02 21:00:00+00:00,92.749,93.028,92.728,92.854
NZDJPY,2026-08-02 22:00:00+00:00,92.849,92.922,92.644,92.788
NZDJPY,2026-08-02 23:00:00+00:00,92.79,93.104,92.64,92.938
NZDJPY,2026-08-03 00:00:00+00:00,92.936,93.103,91.669,92.086
NZDJPY,2026-08-03 01:00:00+00:00,92.088,92.23,91.704,92.129
NZDJPY,2026-08-03 02:00:00+00:00,92.13,92.258,92.038,92.146
NZDJPY,2026-08-03 03:00:00+00:00,92.152,92.202,91.97,92.027
NZDJPY,2026-08-03 04:00:00+00:00,92.024,92.052,91.951,92.01
NZDJPY,2026-08-03 05:00:00+00:00,92.015,92.048,91.948,92.038
NZDJPY,2026-08-03 06:00:00+00:00,92.038,92.18,92.022,92.142
NZDJPY,2026-08-03 07:00:00+00:00,92.136,92.154,91.986,92.092
NZDJPY,2026-08-03 08:00:00+00:00,92.092,92.155,91.958,92.148
NZDJPY,2026-08-03 09:00:00+00:00,92.15,92.216,92.047,92.15
NZDJPY,2026-08-03 10:00:00+00:00,92.151,92.152,91.884,91.955
NZDJPY,2026-08-03 11:00:00+00:00,91.958,92.14,91.926,92.016
NZDJPY,2026-08-03 12:00:00+00:00,92.014,92.078,91.959,92.062
NZDJPY,2026-08-03 13:00:00+00:00,92.062,92.091,91.684,91.778
NZDJPY,2026-08-03 14:00:00+00:00,91.79,91.964,91.672,91.904
NZDJPY,2026-08-03 15:00:00+00:00,91.904,92.112,91.886,92.098
NZDJPY,2026-08-03 16:00:00+00:00,92.098,92.105,91.894,92.036
NZDJPY,2026-08-03 17:00:00+00:00,92.035,92.041,91.992,92.031
NZDJPY,2026-08-03 18:00:00+00:00,92.028,92.068,91.984,91.995
NZDJPY,2026-08-03 19:00:00+00:00,91.995,92.144,91.995,92.138
NZDJPY,2026-08-03 20:00:00+00:00,92.138,92.31,92.088,92.28
NZDJPY,2026-08-03 21:00:00+00:00,92.252,92.314,92.196,92.29
NZDJPY,2026-08-03 22:00:00+00:00,92.302,92.408,92.288,92.363
NZDJPY,2026-08-03 23:00:00+00:00,92.36,92.514,92.307,92.413
NZDJPY,2026-08-04 00:00:00+00:00,92.414,92.43,92.276,92.406
NZDJPY,2026-08-04 01:00:00+00:00,92.408,92.482,92.369,92.477
NZDJPY,2026-08-04 02:00:00+00:00,92.476,92.583,92.476,92.512
NZDJPY,2026-08-04 03:00:00+00:00,92.514,92.531,92.422,92.497
NZDJPY,2026-08-04 04:00:00+00:00,92.498,92.517,92.411,92.448
NZDJPY,2026-08-04 05:00:00+00:00,92.448,92.499,92.398,92.494
NZDJPY,2026-08-04 06:00:00+00:00,92.492,92.546,92.43,92.498
NZDJPY,2026-08-04 07:00:00+00:00,92.5,92.65,92.496,92.64
NZDJPY,2026-08-04 08:00:00+00:00,92.639,92.682,92.602,92.64
NZDJPY,2026-08-04 09:00:00+00:00,92.64,92.776,92.626,92.736
NZDJPY,2026-08-04 10:00:00+00:00,92.735,92.82,92.704,92.792
NZDJPY,2026-08-04 11:00:00+00:00,92.795,92.808,92.62,92.658
NZDJPY,2026-08-04 12:00:00+00:00,92.653,92.738,92.598,92.718
NZDJPY,2026-08-04 13:00:00+00:00,92.72,92.744,92.586,92.735
NZDJPY,2026-08-04 14:00:00+00:00,92.738,92.8,92.694,92.728
NZDJPY,2026-08-04 15:00:00+00:00,92.73,92.754,92.608,92.694
NZDJPY,2026-08-04 16:00:00+00:00,92.695,92.799,92.688,92.766
NZDJPY,2026-08-04 17:00:00+00:00,92.764,92.863,92.754,92.83
NZDJPY,2026-08-04 18:00:00+00:00,92.83,92.919,92.821,92.904
NZDJPY,2026-08-04 19:00:00+00:00,92.904,93.003,92.904,92.98
NZDJPY,2026-08-04 20:00:00+00:00,92.978,93.0,92.954,92.985
NZDJPY,2026-08-04 21:00:00+00:00,92.944,93.009,92.921,92.997
NZDJPY,2026-08-04 22:00:00+00:00,92.999,93.016,92.74,92.873
NZDJPY,2026-08-04 23:00:00+00:00,92.872,92.872,92.627,92.66
NZDJPY,2026-08-05 00:00:00+00:00,92.66,92.734,92.573,92.603
NZDJPY,2026-08-05 01:00:00+00:00,92.602,92.623,92.502,92.532
NZDJPY,2026-08-05 02:00:00+00:00,92.532,92.557,92.393,92.512
NZDJPY,2026-08-05 03:00:00+00:00,92.513,92.564,92.434,92.439
NZDJPY,2026-08-05 04:00:00+00:00,92.439,92.576,92.438,92.566
NZDJPY,2026-08-05 05:00:00+00:00,92.568,92.584,92.526,92.567
NZDJPY,2026-08-05 06:00:00+00:00,92.568,92.602,92.462,92.592
NZDJPY,2026-08-05 07:00:00+00:00,92.592,92.601,92.444,92.574
NZDJPY,2026-08-05 08:00:00+00:00,92.577,92.602,92.486,92.49
NZDJPY,2026-08-05 09:00:00+00:00,92.488,92.552,92.478,92.512
NZDJPY,2026-08-05 10:00:00+00:00,92.509,92.532,92.459,92.495
NZDJPY,2026-08-05 11:00:00+00:00,92.494,92.521,92.426,92.476
NZDJPY,2026-08-05 12:00:00+00:00,92.476,92.555,92.47,92.495
NZDJPY,2026-08-05 13:00:00+00:00,92.496,92.625,92.462,92.596
NZDJPY,2026-08-05 14:00:00+00:00,92.594,92.695,92.558,92.662
NZDJPY,2026-08-05 15:00:00+00:00,92.66,92.732,92.62,92.669
NZDJPY,2026-08-05 16:00:00+00:00,92.672,92.75,92.654,92.738
NZDJPY,2026-08-05 17:00:00+00:00,92.739,92.872,92.726,92.868
NZDJPY,2026-08-05 18:00:00+00:00,92.872,92.896,92.853,92.856
NZDJPY,2026-08-05 19:00:00+00:00,92.856,92.886,92.817,92.82
NZDJPY,2026-08-05 20:00:00+00:00,92.822,92.884,92.81,92.868
NZDJPY,2026-08-05 21:00:00+00:00,92.863,92.893,92.791,92.818
NZDJPY,2026-08-05 22:00:00+00:00,92.812,92.846,92.786,92.804
NZDJPY,2026-08-05 23:00:00+00:00,92.8,92.816,92.746,92.784
NZDJPY,2026-08-06 00:00:00+00:00,92.784,92.83,92.738,92.782
NZDJPY,2026-08-06 01:00:00+00:00,92.783,92.902,92.742,92.892
NZDJPY,2026-08-06 02:00:00+00:00,92.894,92.926,92.87,92.87
NZDJPY,2026-08-06 03:00:00+00:00,92.87,92.898,92.78,92.824
NZDJPY,2026-08-06 04:00:00+00:00,92.825,92.825,92.73,92.758
NZDJPY,2026-08-06 05:00:00+00:00,92.758,92.783,92.686,92.774
NZDJPY,2026-08-06 06:00:00+00:00,92.774,92.792,92.638,92.679
NZDJPY,2026-08-06 07:00:00+00:00,92.682,92.744,92.636,92.72
NZDJPY,2026-08-06 08:00:00+00:00,92.716,92.793,92.686,92.784
NZDJPY,2026-08-06 09:00:00+00:00,92.781,92.836,92.748,92.822
NZDJPY,2026-08-06 10:00:00+00:00,92.822,92.889,92.791,92.876
NZDJPY,2026-08-06 11:00:00+00:00,92.876,92.898,92.82,92.868
NZDJPY,2026-08-06 12:00:00+00:00,92.868,92.909,92.818,92.834
NZDJPY,2026-08-06 13:00:00+00:00,92.833,92.864,92.788,92.841
NZDJPY,2026-08-06 14:00:00+00:00,92.84,93.064,92.84,92.997
NZDJPY,2026-08-06 15:00:00+00:00,92.998,93.062,92.928,92.939
NZDJPY,2026-08-06 16:00:00+00:00,92.938,93.01,92.798,93.005
NZDJPY,2026-08-06 17:00:00+00:00,93.007,93.016,92.942,92.984
NZDJPY,2026-08-06 18:00:00+00:00,92.984,93.02,92.97,92.976
NZDJPY,2026-08-06 19:00:00+00:00,92.976,93.014,92.958,92.986
NZDJPY,2026-08-06 20:00:00+00:00,92.986,93.01,92.966,92.996
NZDJPY,2026-08-06 21:00:00+00:00,93.032,93.043,92.93,92.968
NZDJPY,2026-08-06 22:00:00+00:00,92.966,93.01,92.961,92.979
NZDJPY,2026-08-06 23:00:00+00:00,92.978,92.991,92.924,92.958
NZDJPY,2026-08-07 00:00:00+00:00,92.954,93.003,92.937,93.0
NZDJPY,2026-08-07 01:00:00+00:00,93.004,93.03,92.848,92.898
NZDJPY,2026-08-07 02:00:00+00:00,92.898,92.933,92.854,92.873
NZDJPY,2026-08-07 03:00:00+00:00,92.872,92.922,92.864,92.902
NZDJPY,2026-08-07 04:00:00+00:00,92.9,92.917,92.876,92.879
NZDJPY,2026-08-07 05:00:00+00:00,92.881,92.892,92.842,92.843
NZDJPY,2026-08-07 06:00:00+00:00,92.84,92.916,92.838,92.895
NZDJPY,2026-08-07 07:00:00+00:00,92.896,93.013,92.883,92.975
NZDJPY,2026-08-07 08:00:00+00:00,92.976,93.024,92.946,92.994
NZDJPY,2026-08-07 09:00:00+00:00,92.992,93.074,92.984,93.03
NZDJPY,2026-08-07 10:00:00+00:00,93.031,93.044,92.863,92.872
NZDJPY,2026-08-07 11:00:00+00:00,92.871,92.959,92.871,92.957
NZDJPY,2026-08-07 12:00:00+00:00,92.956,93.036,92.434,92.826
NZDJPY,2026-08-07 13:00:00+00:00,92.826,92.848,92.717,92.819
NZDJPY,2026-08-07 14:00:00+00:00,92.822,92.973,92.792,92.928
NZDJPY,2026-08-07 15:00:00+00:00,92.926,92.96,92.738,92.805
NZDJPY,2026-08-07 16:00:00+00:00,92.806,92.838,92.712,92.768
NZDJPY,2026-08-07 17:00:00+00:00,92.768,92.838,92.758,92.829
NZDJPY,2026-08-07 18:00:00+00:00,92.828,92.898,92.822,92.885
NZDJPY,2026-08-07 19:00:00+00:00,92.888,92.974,92.876,92.904
NZDJPY,2026-08-07 20:00:00+00:00,92.904,93.031,92.888,93.015
NZDJPY,2026-08-09 21:00:00+00:00,93.08,93.08,92.848,92.942
NZDJPY,2026-08-09 22:00:00+00:00,92.937,93.079,92.937,93.034
NZDJPY,2026-08-09 23:00:00+00:00,93.038,93.051,92.95,92.96
NZDJPY,2026-08-10 00:00:00+00:00,92.962,92.988,92.908,92.948
NZDJPY,2026-08-10 01:00:00+00:00,92.951,93.147,92.943,93.132
NZDJPY,2026-08-10 02:00:00+00:00,93.136,93.144,93.07,93.074
NZDJPY,2026-08-10 03:00:00+00:00,93.074,93.136,93.012,93.094
NZDJPY,2026-08-10 04:00:00+00:00,93.094,93.218,93.094,93.21
NZDJPY,2026-08-10 05:00:00+00:00,93.212,93.277,93.205,93.275
NZDJPY,2026-08-10 06:00:00+00:00,93.274,93.327,93.24,93.271
NZDJPY,2026-08-10 07:00:00+00:00,93.274,93.446,93.262,93.436
NZDJPY,2026-08-10 08:00:00+00:00,93.437,93.556,93.398,93.539
NZDJPY,2026-08-10 09:00:00+00:00,93.542,93.65,93.542,93.618
NZDJPY,2026-08-10 10:00:00+00:00,93.618,93.662,93.566,93.576
NZDJPY,2026-08-10 11:00:00+00:00,93.578,93.614,93.529,93.55
NZDJPY,2026-08-10 12:00:00+00:00,93.548,93.552,93.319,93.522
NZDJPY,2026-08-10 13:00:00+00:00,93.525,93.575,93.462,93.529
NZDJPY,2026-08-10 14:00:00+00:00,93.525,93.65,93.514,93.587
NZDJPY,2026-08-10 15:00:00+00:00,93.586,93.646,93.552,93.59
NZDJPY,2026-08-10 16:00:00+00:00,93.588,93.615,93.566,93.609
NZDJPY,2026-08-10 17:00:00+00:00,93.61,93.657,93.598,93.617
NZDJPY,2026-08-10 18:00:00+00:00,93.614,93.734,93.606,93.687
NZDJPY,2026-08-10 19:00:00+00:00,93.686,93.746,93.66,93.704
NZDJPY,2026-08-10 20:00:00+00:00,93.705,93.722,93.683,93.702
NZDJPY,2026-08-10 21:00:00+00:00,93.655,93.766,93.646,93.674
NZDJPY,2026-08-10 22:00:00+00:00,93.69,93.751,93.68,93.694
NZDJPY,2026-08-10 23:00:00+00:00,93.689,93.726,93.665,93.7
NZDJPY,2026-08-11 00:00:00+00:00,93.698,93.736,93.578,93.656
NZDJPY,2026-08-11 01:00:00+00:00,93.656,93.718,93.596,93.696
NZDJPY,2026-08-11 02:00:00+00:00,93.696,93.758,93.672,93.694
NZDJPY,2026-08-11 03:00:00+00:00,93.694,93.72,93.678,93.691
NZDJPY,2026-08-11 04:00:00+00:00,93.69,93.824,93.67,93.81
NZDJPY,2026-08-11 05:00:00+00:00,93.81,93.836,93.662,93.745
NZDJPY,2026-08-11 06:00:00+00:00,93.744,93.762,93.499,93.542
NZDJPY,2026-08-11 07:00:00+00:00,93.542,93.644,93.518,93.533
NZDJPY,2026-08-11 08:00:00+00:00,93.532,93.585,93.51,93.579
NZDJPY,2026-08-11 09:00:00+00:00,93.58,93.592,93.542,93.574
NZDJPY,2026-08-11 10:00:00+00:00,93.568,93.641,93.557,93.604
NZDJPY,2026-08-11 11:00:00+00:00,93.602,93.66,93.555,93.579
NZDJPY,2026-08-11 12:00:00+00:00,93.58,93.716,93.576,93.694
NZDJPY,2026-08-11 13:00:00+00:00,93.694,93.738,93.669,93.71
NZDJPY,2026-08-11 14:00:00+00:00,93.711,93.728,93.66,93.668
NZDJPY,2026-08-11 15:00:00+00:00,93.668,93.67,93.595,93.649
NZDJPY,2026-08-11 16:00:00+00:00,93.649,93.688,93.62,93.688
NZDJPY,2026-08-11 17:00:00+00:00,93.688,93.71,93.67,93.691
NZDJPY,2026-08-11 18:00:00+00:00,93.69,93.695,93.625,93.632
NZDJPY,2026-08-11 19:00:00+00:00,93.632,93.676,93.618,93.662
NZDJPY,2026-08-11 20:00:00+00:00,93.661,93.7,93.656,93.666
NZDJPY,2026-08-11 21:00:00+00:00,93.687,93.724,93.582,93.71
NZDJPY,2026-08-11 22:00:00+00:00,93.723,93.724,93.654,93.69
NZDJPY,2026-08-11 23:00:00+00:00,93.691,93.691,93.634,93.64
NZDJPY,2026-08-12 00:00:00+00:00,93.642,93.651,93.573,93.636
NZDJPY,2026-08-12 01:00:00+00:00,93.636,93.643,93.54,93.57
NZDJPY,2026-08-12 02:00:00+00:00,93.568,93.58,93.529,93.564
NZDJPY,2026-08-12 03:00:00+00:00,93.564,93.602,93.52,93.542
NZDJPY,2026-08-12 04:00:00+00:00,93.54,93.562,93.514,93.544
NZDJPY,2026-08-12 05:00:00+00:00,93.54,93.55,93.484,93.544
NZDJPY,2026-08-12 06:00:00+00:00,93.544,93.544,93.474,93.496
NZDJPY,2026-08-12 07:00:00+00:00,93.497,93.545,93.406,93.422
NZDJPY,2026-08-12 08:00:00+00:00,93.419,93.442,93.37,93.378
NZDJPY,2026-08-12 09:00:00+00:00,93.379,93.415,93.14,93.21
NZDJPY,2026-08-12 10:00:00+00:00,93.21,93.309,93.202,93.28
NZDJPY,2026-08-12 11:00:00+00:00,93.28,93.348,93.262,93.348
NZDJPY,2026-08-12 12:00:00+00:00,93.347,93.438,93.163,93.414
NZDJPY,2026-08-12 13:00:00+00:00,93.412,93.472,93.372,93.455
NZDJPY,2026-08-12 14:00:00+00:00,93.456,93.524,93.374,93.408
NZDJPY,2026-08-12 15:00:00+00:00,93.406,93.456,93.365,93.392
NZDJPY,2026-08-12 16:00:00+00:00,93.393,93.4,93.33,93.354
NZDJPY,2026-08-12 17:00:00+00:00,93.358,93.422,93.353,93.393
NZDJPY,2026-08-12 18:00:00+00:00,93.394,93.439,93.392,93.404
NZDJPY,2026-08-12 19:00:00+00:00,93.404,93.414,93.361,93.404
NZDJPY,2026-08-12 20:00:00+00:00,93.403,93.414,93.364,93.382
NZDJPY,2026-08-12 21:00:00+00:00,93.436,93.462,93.363,93.374
NZDJPY,2026-08-12 22:00:00+00:00,93.374,93.408,93.366,93.403
NZDJPY,2026-08-12 23:00:00+00:00,93.402,93.402,93.348,93.374
NZDJPY,2026-08-13 00:00:00+00:00,93.377,93.415,93.328,93.36
NZDJPY,2026-08-13 01:00:00+00:00,93.36,93.373,93.276,93.306
NZDJPY,2026-08-13 02:00:00+00:00,93.302,93.323,93.237,93.237
NZDJPY,2026-08-13 03:00:00+00:00,93.236,93.244,92.97,92.973
NZDJPY,2026-08-13 04:00:00+00:00,92.97,93.002,92.82,92.87
NZDJPY,2026-08-13 05:00:00+00:00,92.869,92.974,92.868,92.91
NZDJPY,2026-08-13 06:00:00+00:00,92.911,92.974,92.818,92.938
NZDJPY,2026-08-13 07:00:00+00:00,92.939,92.996,92.898,92.983
NZDJPY,2026-08-13 08:00:00+00:00,92.982,93.038,92.942,92.992
NZDJPY,2026-08-13 09:00:00+00:00,92.994,93.112,92.994,93.104
NZDJPY,2026-08-13 10:00:00+00:00,93.108,93.146,93.094,93.118
NZDJPY,2026-08-13 11:00:00+00:00,93.118,93.144,93.064,93.124
NZDJPY,2026-08-13 12:00:00+00:00,93.122,93.198,93.075,93.19
NZDJPY,2026-08-13 13:00:00+00:00,93.196,93.2,93.092,93.094
NZDJPY,2026-08-13 14:00:00+00:00,93.096,93.226,93.05,93.197
NZDJPY,2026-08-13 15:00:00+00:00,93.194,93.22,93.168,93.173
NZDJPY,2026-08-13 16:00:00+00:00,93.174,93.289,93.165,93.266
NZDJPY,2026-08-13 17:00:00+00:00,93.266,93.3,93.25,93.262
NZDJPY,2026-08-13 18:00:00+00:00,93.262,93.306,93.259,93.298
NZDJPY,2026-08-13 19:00:00+00:00,93.298,93.334,93.287,93.329
NZDJPY,2026-08-13 20:00:00+00:00,93.328,93.352,93.315,93.32
NZDJPY,2026-08-13 21:00:00+00:00,93.296,93.327,93.269,93.284
NZDJPY,2026-08-13 22:00:00+00:00,93.282,93.334,93.281,93.314
NZDJPY,2026-08-13 23:00:00+00:00,93.316,93.35,93.302,93.32
NZDJPY,2026-08-14 00:00:00+00:00,93.322,93.424,93.314,93.382
NZDJPY,2026-08-14 01:00:00+00:00,93.38,93.416,93.324,93.365
NZDJPY,2026-08-14 02:00:00+00:00,93.364,93.458,93.364,93.416
NZDJPY,2026-08-14 03:00:00+00:00,93.42,93.514,93.42,93.508
NZDJPY,2026-08-14 04:00:00+00:00,93.508,93.52,93.472,93.483
NZDJPY,2026-08-14 05:00:00+00:00,93.481,93.503,93.414,93.464
NZDJPY,2026-08-14 06:00:00+00:00,93.462,93.477,93.394,93.472
NZDJPY,2026-08-14 07:00:00+00:00,93.472,93.556,93.454,93.539
NZDJPY,2026-08-14 08:00:00+00:00,93.538,93.559,93.476,93.542
NZDJPY,2026-08-14 09:00:00+00:00,93.542,93.614,93.506,93.585
NZDJPY,2026-08-14 10:00:00+00:00,93.584,93.636,93.576,93.632
NZDJPY,2026-08-14 11:00:00+00:00,93.634,93.719,93.626,93.687
NZDJPY,2026-08-14 12:00:00+00:00,93.686,93.69,93.512,93.598
NZDJPY,2026-08-14 13:00:00+00:00,93.592,93.694,93.584,93.694
NZDJPY,2026-08-14 14:00:00+00:00,93.694,93.744,93.662,93.707
NZDJPY,2026-08-14 15:00:00+00:00,93.706,93.889,93.7,93.868
NZDJPY,2026-08-14 16:00:00+00:00,93.868,93.922,93.852,93.858
NZDJPY,2026-08-14 17:00:00+00:00,93.86,93.868,93.784,93.796
NZDJPY,2026-08-14 18:00:00+00:00,93.796,93.85,93.78,93.844
NZDJPY,2026-08-14 19:00:00+00:00,93.84,93.875,93.831,93.858
NZDJPY,2026-08-14 20:00:00+00:00,93.859,93.866,93.827,93.851
NZDJPY,2026-08-16 21:00:00+00:00,93.85,93.887,93.767,93.767
NZDJPY,2026-08-16 22:00:00+00:00,93.766,93.876,93.764,93.782
NZDJPY,2026-08-16 23:00:00+00:00,93.782,93.836,93.776,93.784
NZDJPY,2026-08-17 00:00:00+00:00,93.784,93.988,93.776,93.964
NZDJPY,2026-08-17 01:00:00+00:00,93.962,93.994,93.902,93.954
NZDJPY,2026-08-17 02:00:00+00:00,93.95,93.959,93.881,93.898
NZDJPY,2026-08-17 03:00:00+00:00,93.9,93.969,93.898,93.968
NZDJPY,2026-08-17 04:00:00+00:00,93.966,94.04,93.951,94.026
NZDJPY,2026-08-17 05:00:00+00:00,94.026,94.124,94.012,94.099
NZDJPY,2026-08-17 06:00:00+00:00,94.1,94.153,94.042,94.136
NZDJPY,2026-08-17 07:00:00+00:00,94.136,94.166,94.062,94.108
NZDJPY,2026-08-17 08:00:00+00:00,94.108,94.233,94.086,94.212
NZDJPY,2026-08-17 09:00:00+00:00,94.214,94.297,94.184,94.28
NZDJPY,2026-08-17 10:00:00+00:00,94.282,94.294,94.236,94.259
NZDJPY,2026-08-17 11:00:00+00:00,94.261,94.298,94.197,94.21
NZDJPY,2026-08-17 12:00:00+00:00,94.206,94.228,94.163,94.227
NZDJPY,2026-08-17 13:00:00+00:00,94.228,94.272,94.182,94.255
NZDJPY,2026-08-17 14:00:00+00:00,94.256,94.281,94.122,94.143
NZDJPY,2026-08-17 15:00:00+00:00,94.142,94.179,94.128,94.158
NZDJPY,2026-08-17 16:00:00+00:00,94.158,94.19,94.146,94.153
NZDJPY,2026-08-17 17:00:00+00:00,94.152,94.162,94.076,94.095
NZDJPY,2026-08-17 18:00:00+00:00,94.096,94.174,94.092,94.158
NZDJPY,2026-08-17 19:00:00+00:00,94.158,94.158,94.103,94.14
NZDJPY,2026-08-17 20:00:00+00:00,94.14,94.155,94.085,94.101
NZDJPY,2026-08-17 21:00:00+00:00,94.135,94.152,94.043,94.06
NZDJPY,2026-08-17 22:00:00+00:00,94.061,94.115,94.056,94.095
NZDJPY,2026-08-17 23:00:00+00:00,94.092,94.132,94.063,94.094
NZDJPY,2026-08-18 00:00:00+00:00,94.099,94.184,94.084,94.122
NZDJPY,2026-08-18 01:00:00+00:00,94.122,94.187,94.02,94.048
NZDJPY,2026-08-18 02:00:00+00:00,94.046,94.07,94.001,94.022
NZDJPY,2026-08-18 03:00:00+00:00,94.024,94.031,93.851,93.89
NZDJPY,2026-08-18 04:00:00+00:00,93.891,93.962,93.879,93.934
NZDJPY,2026-08-18 05:00:00+00:00,93.932,93.932,93.848,93.881
NZDJPY,2026-08-18 06:00:00+00:00,93.881,93.906,93.8,93.89
NZDJPY,2026-08-18 07:00:00+00:00,93.892,93.904,93.826,93.83
NZDJPY,2026-08-18 08:00:00+00:00,93.834,93.857,93.796,93.856
NZDJPY,2026-08-18 09:00:00+00:00,93.855,93.897,93.821,93.888
NZDJPY,2026-08-18 10:00:00+00:00,93.888,93.918,93.878,93.914
NZDJPY,2026-08-18 11:00:00+00:00,93.913,93.959,93.896,93.954
NZDJPY,2026-08-18 12:00:00+00:00,93.952,94.027,93.926,94.004
NZDJPY,2026-08-18 13:00:00+00:00,94.003,94.052,93.93,93.945
NZDJPY,2026-08-18 14:00:00+00:00,93.941,93.972,93.824,93.834
NZDJPY,2026-08-18 15:00:00+00:00,93.834,93.882,93.775,93.82
NZDJPY,2026-08-18 16:00:00+00:00,93.821,93.838,93.766,93.77
NZDJPY,2026-08-18 17:00:00+00:00,93.768,93.784,93.738,93.742
NZDJPY,2026-08-18 18:00:00+00:00,93.741,93.76,93.705,93.724
NZDJPY,2026-08-18 19:00:00+00:00,93.724,93.778,93.712,93.754
NZDJPY,2026-08-18 20:00:00+00:00,93.754,93.774,93.728,93.772
NZDJPY,2026-08-18 21:00:00+00:00,93.79,93.829,93.708,93.765
NZDJPY,2026-08-18 22:00:00+00:00,93.77,93.804,93.708,93.774
NZDJPY,2026-08-18 23:00:00+00:00,93.776,93.786,93.682,93.7
NZDJPY,2026-08-19 00:00:00+00:00,93.698,93.702,93.465,93.465
NZDJPY,2026-08-19 01:00:00+00:00,93.464,93.638,93.461,93.615
NZDJPY,2026-08-19 02:00:00+00:00,93.616,93.636,93.536,93.585
NZDJPY,2026-08-19 03:00:00+00:00,93.585,93.618,93.544,93.607
NZDJPY,2026-08-19 04:00:00+00:00,93.608,93.618,93.495,93.548
NZDJPY,2026-08-19 05:00:00+00:00,93.545,93.562,93.451,93.518
NZDJPY,2026-08-19 06:00:00+00:00,93.514,93.574,93.468,93.537
NZDJPY,2026-08-19 07:00:00+00:00,93.535,93.565,93.412,93.444
NZDJPY,2026-08-19 08:00:00+00:00,93.442,93.541,93.419,93.537
NZDJPY,2026-08-19 09:00:00+00:00,93.536,93.652,93.534,93.579
NZDJPY,2026-08-19 10:00:00+00:00,93.578,93.594,93.536,93.574
NZDJPY,2026-08-19 11:00:00+00:00,93.573,93.6,93.52,93.552
NZDJPY,2026-08-19 12:00:00+00:00,93.558,93.608,93.316,93.59
NZDJPY,2026-08-19 13:00:00+00:00,93.588,93.901,93.579,93.891
NZDJPY,2026-08-19 14:00:00+00:00,93.886,93.936,93.801,93.885
NZDJPY,2026-08-19 15:00:00+00:00,93.886,93.992,93.878,93.94
NZDJPY,2026-08-19 16:00:00+00:00,93.941,94.012,93.935,93.971
NZDJPY,2026-08-19 17:00:00+00:00,93.972,94.0,93.936,93.955
NZDJPY,2026-08-19 18:00:00+00:00,93.952,93.99,93.932,93.97
NZDJPY,2026-08-19 19:00:00+00:00,93.97,93.981,93.784,93.833
NZDJPY,2026-08-19 20:00:00+00:00,93.836,93.88,93.804,93.85
NZDJPY,2026-08-19 21:00:00+00:00,93.82,93.877,93.744,93.764
NZDJPY,2026-08-19 22:00:00+00:00,93.772,93.912,93.753,93.896
NZDJPY,2026-08-19 23:00:00+00:00,93.902,93.979,93.902,93.932
NZDJPY,2026-08-20 00:00:00+00:00,93.931,94.048,93.909,94.024
NZDJPY,2026-08-20 01:00:00+00:00,94.024,94.276,93.958,94.272
NZDJPY,2026-08-20 02:00:00+00:00,94.271,94.318,94.188,94.26
NZDJPY,2026-08-20 03:00:00+00:00,94.26,94.34,94.242,94.306
NZDJPY,2026-08-20 04:00:00+00:00,94.306,94.418,94.292,94.366
NZDJPY,2026-08-20 05:00:00+00:00,94.368,94.474,94.362,94.424
NZDJPY,2026-08-20 06:00:00+00:00,94.424,94.449,94.282,94.3
NZDJPY,2026-08-20 07:00:00+00:00,94.296,94.378,94.217,94.358
NZDJPY,2026-08-20 08:00:00+00:00,94.36,94.391,94.305,94.37
NZDJPY,2026-08-20 09:00:00+00:00,94.37,94.404,94.302,94.366
NZDJPY,2026-08-20 10:00:00+00:00,94.366,94.398,94.341,94.38
NZDJPY,2026-08-20 11:00:00+00:00,94.38,94.432,94.338,94.342
NZDJPY,2026-08-20 12:00:00+00:00,94.344,94.449,94.326,94.447
NZDJPY,2026-08-20 13:00:00+00:00,94.448,94.534,94.446,94.532
NZDJPY,2026-08-20 14:00:00+00:00,94.534,94.557,94.448,94.449
NZDJPY,2026-08-20 15:00:00+00:00,94.45,94.538,94.402,94.477
NZDJPY,2026-08-20 16:00:00+00:00,94.478,94.532,94.464,94.474
NZDJPY,2026-08-20 17:00:00+00:00,94.474,94.524,94.44,94.508
NZDJPY,2026-08-20 18:00:00+00:00,94.506,94.544,94.484,94.538
NZDJPY,2026-08-20 19:00:00+00:00,94.538,94.564,94.53,94.55
NZDJPY,2026-08-20 20:00:00+00:00,94.55,94.563,94.534,94.539
NZDJPY,2026-08-20 21:00:00+00:00,94.51,94.583,94.485,94.514
NZDJPY,2026-08-20 22:00:00+00:00,94.514,94.575,94.506,94.528
NZDJPY,2026-08-20 23:00:00+00:00,94.526,94.618,94.5,94.594
GBPUSD,2026-06-24 08:00:00+00:00,1.3187,1.31978,1.31713,1.3193
GBPUSD,2026-06-24 09:00:00+00:00,1.31928,1.31958,1.31748,1.31758
GBPUSD,2026-06-24 10:00:00+00:00,1.31758,1.31758,1.3155,1.31558
GBPUSD,2026-06-24 11:00:00+00:00,1.3156,1.31736,1.31486,1.3163
GBPUSD,2026-06-24 12:00:00+00:00,1.3163,1.3169,1.31417,1.31505
GBPUSD,2026-06-24 13:00:00+00:00,1.31504,1.31668,1.31436,1.31621
GBPUSD,2026-06-24 14:00:00+00:00,1.31623,1.3167,1.31402,1.31473
GBPUSD,2026-06-24 15:00:00+00:00,1.31472,1.31718,1.31454,1.31584
GBPUSD,2026-06-24 16:00:00+00:00,1.31584,1.31792,1.3156,1.31706
GBPUSD,2026-06-24 17:00:00+00:00,1.31707,1.31722,1.31538,1.31562
GBPUSD,2026-06-24 18:00:00+00:00,1.31561,1.317,1.31554,1.3162
GBPUSD,2026-06-24 19:00:00+00:00,1.31621,1.31654,1.31561,1.31608
GBPUSD,2026-06-24 20:00:00+00:00,1.31608,1.317,1.31592,1.31681
GBPUSD,2026-06-24 21:00:00+00:00,1.31634,1.31728,1.31598,1.31668
GBPUSD,2026-06-24 22:00:00+00:00,1.31668,1.31674,1.3164,1.31658
GBPUSD,2026-06-24 23:00:00+00:00,1.31657,1.3167,1.31634,1.31644
GBPUSD,2026-06-25 00:00:00+00:00,1.31644,1.3166,1.31583,1.3163
GBPUSD,2026-06-25 01:00:00+00:00,1.31631,1.31828,1.31624,1.31709
GBPUSD,2026-06-25 02:00:00+00:00,1.3171,1.31801,1.31688,1.3178
GBPUSD,2026-06-25 03:00:00+00:00,1.31779,1.31836,1.31775,1.31824
GBPUSD,2026-06-25 04:00:00+00:00,1.31825,1.31856,1.31799,1.31824
GBPUSD,2026-06-25 05:00:00+00:00,1.31824,1.31852,1.31757,1.31762
GBPUSD,2026-06-25 06:00:00+00:00,1.3176,1.31792,1.31676,1.31733
GBPUSD,2026-06-25 07:00:00+00:00,1.31734,1.31854,1.31706,1.31848
GBPUSD,2026-06-25 08:00:00+00:00,1.31847,1.31969,1.3181,1.31907
GBPUSD,2026-06-25 09:00:00+00:00,1.31909,1.31975,1.31833,1.31854
GBPUSD,2026-06-25 10:00:00+00:00,1.31853,1.31853,1.31644,1.31689
GBPUSD,2026-06-25 11:00:00+00:00,1.31688,1.31692,1.31512,1.31553
GBPUSD,2026-06-25 12:00:00+00:00,1.31554,1.31868,1.31542,1.31764
GBPUSD,2026-06-25 13:00:00+00:00,1.31763,1.3199,1.31737,1.31891
GBPUSD,2026-06-25 14:00:00+00:00,1.31893,1.32188,1.31889,1.32014
GBPUSD,2026-06-25 15:00:00+00:00,1.32013,1.32174,1.3198,1.3215
GBPUSD,2026-06-25 16:00:00+00:00,1.3215,1.32192,1.32036,1.32058
GBPUSD,2026-06-25 17:00:00+00:00,1.32058,1.32067,1.31986,1.32024
GBPUSD,2026-06-25 18:00:00+00:00,1.32024,1.32058,1.31945,1.3198
GBPUSD,2026-06-25 19:00:00+00:00,1.31982,1.32054,1.3194,1.32
GBPUSD,2026-06-25 20:00:00+00:00,1.32,1.32016,1.31902,1.3191
GBPUSD,2026-06-25 21:00:00+00:00,1.32001,1.32028,1.3189,1.31959
GBPUSD,2026-06-25 22:00:00+00:00,1.31962,1.31964,1.31906,1.3193
GBPUSD,2026-06-25 23:00:00+00:00,1.31929,1.3194,1.31848,1.31876
GBPUSD,2026-06-26 00:00:00+00:00,1.31875,1.31942,1.31872,1.31931
GBPUSD,2026-06-26 01:00:00+00:00,1.31932,1.31999,1.31871,1.31909
GBPUSD,2026-06-26 02:00:00+00:00,1.31908,1.31928,1.31804,1.31835
GBPUSD,2026-06-26 03:00:00+00:00,1.31834,1.31982,1.31828,1.3198
GBPUSD,2026-06-26 04:00:00+00:00,1.3198,1.3202,1.31952,1.32014
GBPUSD,2026-06-26 05:00:00+00:00,1.32015,1.32078,1.31989,1.32052
GBPUSD,2026-06-26 06:00:00+00:00,1.32054,1.32073,1.31939,1.3197
GBPUSD,2026-06-26 07:00:00+00:00,1.3197,1.32118,1.3191,1.32049
GBPUSD,2026-06-26 08:00:00+00:00,1.3205,1.32224,1.31989,1.32164
GBPUSD,2026-06-26 09:00:00+00:00,1.32165,1.32288,1.32078,1.32192
GBPUSD,2026-06-26 10:00:00+00:00,1.32192,1.32236,1.32154,1.32221
GBPUSD,2026-06-26 11:00:00+00:00,1.32222,1.32246,1.32106,1.3217
GBPUSD,2026-06-26 12:00:00+00:00,1.32168,1.32216,1.31998,1.32107
GBPUSD,2026-06-26 13:00:00+00:00,1.32108,1.32257,1.32019,1.32254
GBPUSD,2026-06-26 14:00:00+00:00,1.3225,1.32321,1.31974,1.31975
GBPUSD,2026-06-26 15:00:00+00:00,1.31976,1.32227,1.31975,1.32212
GBPUSD,2026-06-26 16:00:00+00:00,1.32211,1.32214,1.32046,1.32059
GBPUSD,2026-06-26 17:00:00+00:00,1.32062,1.321,1.31984,1.32002
GBPUSD,2026-06-26 18:00:00+00:00,1.32004,1.32062,1.31989,1.31997
GBPUSD,2026-06-26 19:00:00+00:00,1.31998,1.32029,1.31954,1.31988
GBPUSD,2026-06-26 20:00:00+00:00,1.3199,1.3204,1.31922,1.31974
GBPUSD,2026-06-28 21:00:00+00:00,1.32062,1.32064,1.31934,1.3203
GBPUSD,2026-06-28 22:00:00+00:00,1.32029,1.32038,1.3191,1.3195
GBPUSD,2026-06-28 23:00:00+00:00,1.31949,1.31984,1.31922,1.31966
GBPUSD,2026-06-29 00:00:00+00:00,1.31966,1.32016,1.31938,1.31991
GBPUSD,2026-06-29 01:00:00+00:00,1.3199,1.3205,1.3196,1.31984
GBPUSD,2026-06-29 02:00:00+00:00,1.31985,1.32102,1.3198,1.32028
GBPUSD,2026-06-29 03:00:00+00:00,1.32028,1.32064,1.31984,1.31984
GBPUSD,2026-06-29 04:00:00+00:00,1.31984,1.32007,1.31964,1.31992
GBPUSD,2026-06-29 05:00:00+00:00,1.31991,1.32122,1.31988,1.32102
GBPUSD,2026-06-29 06:00:00+00:00,1.32103,1.32282,1.32089,1.32256
GBPUSD,2026-06-29 07:00:00+00:00,1.32255,1.32282,1.32118,1.32132
GBPUSD,2026-06-29 08:00:00+00:00,1.32132,1.32172,1.32032,1.32072
GBPUSD,2026-06-29 09:00:00+00:00,1.32071,1.32188,1.32066,1.3218
GBPUSD,2026-06-29 10:00:00+00:00,1.32181,1.32268,1.321,1.32229
GBPUSD,2026-06-29 11:00:00+00:00,1.32228,1.32348,1.32227,1.32314
GBPUSD,2026-06-29 12:00:00+00:00,1.32314,1.32404,1.32282,1.32336
GBPUSD,2026-06-29 13:00:00+00:00,1.32336,1.32474,1.32335,1.32366
GBPUSD,2026-06-29 14:00:00+00:00,1.32367,1.32482,1.32279,1.32448
GBPUSD,2026-06-29 15:00:00+00:00,1.32448,1.32538,1.32426,1.32534
GBPUSD,2026-06-29 16:00:00+00:00,1.32535,1.32589,1.32515,1.32546
GBPUSD,2026-06-29 17:00:00+00:00,1.32546,1.32579,1.32508,1.32574
GBPUSD,2026-06-29 18:00:00+00:00,1.32573,1.32604,1.32558,1.32578
GBPUSD,2026-06-29 19:00:00+00:00,1.32576,1.32626,1.32548,1.32608
GBPUSD,2026-06-29 20:00:00+00:00,1.32609,1.32624,1.32584,1.32594
GBPUSD,2026-06-29 21:00:00+00:00,1.32503,1.32596,1.32498,1.32573
GBPUSD,2026-06-29 22:00:00+00:00,1.32579,1.3262,1.32568,1.32604
GBPUSD,2026-06-29 23:00:00+00:00,1.32603,1.32612,1.32528,1.32534
GBPUSD,2026-06-30 00:00:00+00:00,1.32532,1.32546,1.32394,1.32454
GBPUSD,2026-06-30 01:00:00+00:00,1.32454,1.32481,1.32338,1.32364
GBPUSD,2026-06-30 02:00:00+00:00,1.32364,1.32397,1.32334,1.32368
GBPUSD,2026-06-30 03:00:00+00:00,1.3237,1.3239,1.32315,1.32335
GBPUSD,2026-06-30 04:00:00+00:00,1.32336,1.32364,1.32286,1.32288
GBPUSD,2026-06-30 05:00:00+00:00,1.32288,1.32326,1.32256,1.32266
GBPUSD,2026-06-30 06:00:00+00:00,1.32266,1.3245,1.32226,1.32419
GBPUSD,2026-06-30 07:00:00+00:00,1.32422,1.32472,1.32336,1.32346
GBPUSD,2026-06-30 08:00:00+00:00,1.32344,1.3236,1.32216,1.32304
GBPUSD,2026-06-30 09:00:00+00:00,1.32304,1.32382,1.32292,1.3236
GBPUSD,2026-06-30 10:00:00+00:00,1.32363,1.324,1.32314,1.32359
GBPUSD,2026-06-30 11:00:00+00:00,1.32358,1.32364,1.3215,1.32267
GBPUSD,2026-06-30 12:00:00+00:00,1.32268,1.32272,1.32122,1.32156
GBPUSD,2026-06-30 13:00:00+00:00,1.32156,1.3232,1.32136,1.32217
GBPUSD,2026-06-30 14:00:00+00:00,1.32216,1.32758,1.32144,1.32726
GBPUSD,2026-06-30 15:00:00+00:00,1.32726,1.32768,1.32556,1.32572
GBPUSD,2026-06-30 16:00:00+00:00,1.32574,1.3259,1.32484,1.3251
GBPUSD,2026-06-30 17:00:00+00:00,1.32511,1.32581,1.32502,1.32558
GBPUSD,2026-06-30 18:00:00+00:00,1.32558,1.32634,1.32538,1.32546
GBPUSD,2026-06-30 19:00:00+00:00,1.32546,1.32652,1.32518,1.3264
GBPUSD,2026-06-30 20:00:00+00:00,1.3264,1.32662,1.32589,1.3261
GBPUSD,2026-06-30 21:00:00+00:00,1.32575,1.3265,1.3255,1.32594
GBPUSD,2026-06-30 22:00:00+00:00,1.32594,1.32618,1.32565,1.32576
GBPUSD,2026-06-30 23:00:00+00:00,1.32575,1.32578,1.32492,1.32499
GBPUSD,2026-07-01 00:00:00+00:00,1.325,1.32518,1.32442,1.32456
GBPUSD,2026-07-01 01:00:00+00:00,1.32457,1.3246,1.32352,1.32378
GBPUSD,2026-07-01 02:00:00+00:00,1.32378,1.3241,1.32341,1.32362
GBPUSD,2026-07-01 03:00:00+00:00,1.32364,1.324,1.3232,1.32354
GBPUSD,2026-07-01 04:00:00+00:00,1.32354,1.3244,1.32326,1.32417
GBPUSD,2026-07-01 05:00:00+00:00,1.32416,1.32454,1.32393,1.32417
GBPUSD,2026-07-01 06:00:00+00:00,1.32418,1.3245,1.32354,1.32432
GBPUSD,2026-07-01 07:00:00+00:00,1.3243,1.3246,1.32289,1.32444
GBPUSD,2026-07-01 08:00:00+00:00,1.32442,1.32529,1.32394,1.32468
GBPUSD,2026-07-01 09:00:00+00:00,1.32468,1.32572,1.3243,1.32468
GBPUSD,2026-07-01 10:00:00+00:00,1.32467,1.32568,1.32448,1.32528
GBPUSD,2026-07-01 11:00:00+00:00,1.32527,1.32538,1.32414,1.32424
GBPUSD,2026-07-01 12:00:00+00:00,1.32425,1.32486,1.32338,1.3237
GBPUSD,2026-07-01 13:00:00+00:00,1.3237,1.32808,1.3219,1.32634
GBPUSD,2026-07-01 14:00:00+00:00,1.32638,1.32923,1.32628,1.32779
GBPUSD,2026-07-01 15:00:00+00:00,1.32778,1.32818,1.32665,1.32776
GBPUSD,2026-07-01 16:00:00+00:00,1.32778,1.32921,1.32776,1.32814
GBPUSD,2026-07-01 17:00:00+00:00,1.32816,1.32857,1.32775,1.32778
GBPUSD,2026-07-01 18:00:00+00:00,1.32777,1.32798,1.32716,1.32782
GBPUSD,2026-07-01 19:00:00+00:00,1.32782,1.32824,1.32772,1.32783
GBPUSD,2026-07-01 20:00:00+00:00,1.32782,1.32804,1.32687,1.32758
GBPUSD,2026-07-01 21:00:00+00:00,1.32769,1.32834,1.32682,1.32727
GBPUSD,2026-07-01 22:00:00+00:00,1.32736,1.32804,1.32734,1.328
GBPUSD,2026-07-01 23:00:00+00:00,1.328,1.32804,1.32774,1.32787
GBPUSD,2026-07-02 00:00:00+00:00,1.32786,1.32836,1.32747,1.3278
GBPUSD,2026-07-02 01:00:00+00:00,1.32782,1.3291,1.3277,1.32846
GBPUSD,2026-07-02 02:00:00+00:00,1.32846,1.32951,1.32842,1.32856
GBPUSD,2026-07-02 03:00:00+00:00,1.32856,1.32873,1.328,1.32868
GBPUSD,2026-07-02 04:00:00+00:00,1.32866,1.32924,1.32853,1.32893
GBPUSD,2026-07-02 05:00:00+00:00,1.32896,1.32929,1.32865,1.32914
GBPUSD,2026-07-02 06:00:00+00:00,1.32915,1.33261,1.32914,1.33054
GBPUSD,2026-07-02 07:00:00+00:00,1.33054,1.33384,1.3298,1.33366
GBPUSD,2026-07-02 08:00:00+00:00,1.33365,1.33632,1.33354,1.33574
GBPUSD,2026-07-02 09:00:00+00:00,1.33571,1.33589,1.33383,1.33406
GBPUSD,2026-07-02 10:00:00+00:00,1.33407,1.33448,1.3326,1.33326
GBPUSD,2026-07-02 11:00:00+00:00,1.33326,1.33334,1.33084,1.33105
GBPUSD,2026-07-02 12:00:00+00:00,1.33102,1.33832,1.32971,1.33648
GBPUSD,2026-07-02 13:00:00+00:00,1.33648,1.33808,1.33528,1.33759
GBPUSD,2026-07-02 14:00:00+00:00,1.3376,1.33849,1.33568,1.33756
GBPUSD,2026-07-02 15:00:00+00:00,1.33756,1.33787,1.33604,1.33618
GBPUSD,2026-07-02 16:00:00+00:00,1.33621,1.33624,1.33492,1.33531
GBPUSD,2026-07-02 17:00:00+00:00,1.3353,1.3354,1.33381,1.33408
GBPUSD,2026-07-02 18:00:00+00:00,1.33407,1.33514,1.33402,1.3348
GBPUSD,2026-07-02 19:00:00+00:00,1.33481,1.33498,1.33421,1.33456
GBPUSD,2026-07-02 20:00:00+00:00,1.33454,1.3351,1.33438,1.3347
GBPUSD,2026-07-02 21:00:00+00:00,1.33457,1.3352,1.33406,1.33488
GBPUSD,2026-07-02 22:00:00+00:00,1.33484,1.33495,1.33428,1.33448
GBPUSD,2026-07-02 23:00:00+00:00,1.3345,1.33474,1.33378,1.33383
GBPUSD,2026-07-03 00:00:00+00:00,1.33383,1.3348,1.33345,1.33478
GBPUSD,2026-07-03 01:00:00+00:00,1.33478,1.33638,1.33466,1.33558
GBPUSD,2026-07-03 02:00:00+00:00,1.3356,1.33666,1.33546,1.33614
GBPUSD,2026-07-03 03:00:00+00:00,1.33612,1.33622,1.3357,1.33614
GBPUSD,2026-07-03 04:00:00+00:00,1.33614,1.33659,1.33585,1.33653
GBPUSD,2026-07-03 05:00:00+00:00,1.33652,1.33776,1.33641,1.33654
GBPUSD,2026-07-03 06:00:00+00:00,1.33654,1.33813,1.33646,1.3368
GBPUSD,2026-07-03 07:00:00+00:00,1.3368,1.33766,1.33624,1.33722
GBPUSD,2026-07-03 08:00:00+00:00,1.33725,1.3374,1.33572,1.33604
GBPUSD,2026-07-03 09:00:00+00:00,1.33602,1.3362,1.335,1.3351
GBPUSD,2026-07-03 10:00:00+00:00,1.3351,1.3361,1.33491,1.33558
GBPUSD,2026-07-03 11:00:00+00:00,1.33557,1.3364,1.33537,1.33583
GBPUSD,2026-07-03 12:00:00+00:00,1.33584,1.33618,1.33543,1.33559
GBPUSD,2026-07-03 13:00:00+00:00,1.3356,1.33561,1.33458,1.33496
GBPUSD,2026-07-03 14:00:00+00:00,1.33498,1.33588,1.33469,1.33565
GBPUSD,2026-07-03 15:00:00+00:00,1.33566,1.33572,1.33506,1.33556
GBPUSD,2026-07-03 16:00:00+00:00,1.33554,1.33564,1.33512,1.3355
GBPUSD,2026-07-03 17:00:00+00:00,1.3355,1.33583,1.33546,1.33567
GBPUSD,2026-07-03 18:00:00+00:00,1.33567,1.33578,1.33556,1.33562
GBPUSD,2026-07-03 19:00:00+00:00,1.3356,1.33575,1.33522,1.3353
GBPUSD,2026-07-03 20:00:00+00:00,1.33529,1.33542,1.33464,1.33536
GBPUSD,2026-07-05 21:00:00+00:00,1.33501,1.33566,1.33471,1.33512
GBPUSD,2026-07-05 22:00:00+00:00,1.33516,1.33548,1.3348,1.33486
GBPUSD,2026-07-05 23:00:00+00:00,1.33486,1.33539,1.33462,1.33526
GBPUSD,2026-07-06 00:00:00+00:00,1.33525,1.33568,1.33464,1.33532
GBPUSD,2026-07-06 01:00:00+00:00,1.33532,1.33544,1.33392,1.33398
GBPUSD,2026-07-06 02:00:00+00:00,1.33398,1.33474,1.33393,1.33462
GBPUSD,2026-07-06 03:00:00+00:00,1.33462,1.33484,1.33396,1.33424
GBPUSD,2026-07-06 04:00:00+00:00,1.33423,1.33454,1.33412,1.33431
GBPUSD,2026-07-06 05:00:00+00:00,1.3343,1.33444,1.33346,1.33364
GBPUSD,2026-07-06 06:00:00+00:00,1.33363,1.33408,1.33302,1.33344
GBPUSD,2026-07-06 07:00:00+00:00,1.33343,1.33498,1.33287,1.33488
GBPUSD,2026-07-06 08:00:00+00:00,1.33488,1.33504,1.33307,1.33376
GBPUSD,2026-07-06 09:00:00+00:00,1.33376,1.33415,1.33314,1.33352
GBPUSD,2026-07-06 10:00:00+00:00,1.3335,1.33473,1.33323,1.33409
GBPUSD,2026-07-06 11:00:00+00:00,1.33408,1.33458,1.33362,1.33444
GBPUSD,2026-07-06 12:00:00+00:00,1.33446,1.33518,1.33374,1.33424
GBPUSD,2026-07-06 13:00:00+00:00,1.33424,1.33566,1.33411,1.33459
GBPUSD,2026-07-06 14:00:00+00:00,1.3346,1.33594,1.33434,1.3356
GBPUSD,2026-07-06 15:00:00+00:00,1.33563,1.33683,1.33518,1.33679
GBPUSD,2026-07-06 16:00:00+00:00,1.3368,1.33768,1.33653,1.33757
GBPUSD,2026-07-06 17:00:00+00:00,1.33756,1.33842,1.3375,1.3382
GBPUSD,2026-07-06 18:00:00+00:00,1.3382,1.33972,1.3381,1.33944
GBPUSD,2026-07-06 19:00:00+00:00,1.33945,1.33974,1.33894,1.33921
GBPUSD,2026-07-06 20:00:00+00:00,1.33922,1.3393,1.33884,1.33897
GBPUSD,2026-07-06 21:00:00+00:00,1.33888,1.33946,1.33854,1.339
GBPUSD,2026-07-06 22:00:00+00:00,1.339,1.33965,1.33898,1.33965
GBPUSD,2026-07-06 23:00:00+00:00,1.33964,1.34016,1.33938,1.33942
GBPUSD,2026-07-07 00:00:00+00:00,1.3394,1.33958,1.33879,1.33883
GBPUSD,2026-07-07 01:00:00+00:00,1.33882,1.34018,1.3388,1.33968
GBPUSD,2026-07-07 02:00:00+00:00,1.33968,1.33996,1.33912,1.33912
GBPUSD,2026-07-07 03:00:00+00:00,1.33914,1.3397,1.33894,1.33902
GBPUSD,2026-07-07 04:00:00+00:00,1.33901,1.33934,1.33887,1.3389
GBPUSD,2026-07-07 05:00:00+00:00,1.3389,1.33901,1.33796,1.33846
GBPUSD,2026-07-07 06:00:00+00:00,1.33849,1.33868,1.33753,1.33806
GBPUSD,2026-07-07 07:00:00+00:00,1.33808,1.33859,1.33752,1.33776
GBPUSD,2026-07-07 08:00:00+00:00,1.33775,1.33939,1.33773,1.33916
GBPUSD,2026-07-07 09:00:00+00:00,1.33916,1.33926,1.33802,1.33802
GBPUSD,2026-07-07 10:00:00+00:00,1.33802,1.33865,1.33695,1.33848
GBPUSD,2026-07-07 11:00:00+00:00,1.3385,1.33943,1.33826,1.33882
GBPUSD,2026-07-07 12:00:00+00:00,1.33882,1.33926,1.33812,1.33855
GBPUSD,2026-07-07 13:00:00+00:00,1.33856,1.33868,1.33695,1.33706
GBPUSD,2026-07-07 14:00:00+00:00,1.33708,1.33858,1.33608,1.33792
GBPUSD,2026-07-07 15:00:00+00:00,1.33792,1.33808,1.33698,1.33706
GBPUSD,2026-07-07 16:00:00+00:00,1.33706,1.33752,1.33652,1.33712
GBPUSD,2026-07-07 17:00:00+00:00,1.33714,1.33758,1.33682,1.33742
GBPUSD,2026-07-07 18:00:00+00:00,1.33743,1.33762,1.33602,1.33634
GBPUSD,2026-07-07 19:00:00+00:00,1.33634,1.33646,1.33489,1.33616
GBPUSD,2026-07-07 20:00:00+00:00,1.33613,1.33626,1.33555,1.3359
GBPUSD,2026-07-07 21:00:00+00:00,1.33534,1.33597,1.33498,1.33544
GBPUSD,2026-07-07 22:00:00+00:00,1.33547,1.33558,1.33492,1.33529
GBPUSD,2026-07-07 23:00:00+00:00,1.33528,1.33548,1.33452,1.33468
GBPUSD,2026-07-08 00:00:00+00:00,1.33467,1.33553,1.33431,1.33528
GBPUSD,2026-07-08 01:00:00+00:00,1.33528,1.33548,1.33423,1.33495
GBPUSD,2026-07-08 02:00:00+00:00,1.33494,1.33552,1.3348,1.33528
GBPUSD,2026-07-08 03:00:00+00:00,1.3353,1.33592,1.3353,1.33548
GBPUSD,2026-07-08 04:00:00+00:00,1.33548,1.3355,1.33508,1.33536
GBPUSD,2026-07-08 05:00:00+00:00,1.33535,1.33589,1.33518,1.33566
GBPUSD,2026-07-08 06:00:00+00:00,1.33566,1.3366,1.33552,1.33653
GBPUSD,2026-07-08 07:00:00+00:00,1.33654,1.33702,1.33553,1.33652
GBPUSD,2026-07-08 08:00:00+00:00,1.33649,1.33704,1.33376,1.33398
GBPUSD,2026-07-08 09:00:00+00:00,1.33398,1.33488,1.33222,1.3342
GBPUSD,2026-07-08 10:00:00+00:00,1.33422,1.3357,1.33406,1.33458
GBPUSD,2026-07-08 11:00:00+00:00,1.33458,1.33478,1.33298,1.33358
GBPUSD,2026-07-08 12:00:00+00:00,1.33358,1.33568,1.33346,1.33411
GBPUSD,2026-07-08 13:00:00+00:00,1.33408,1.33779,1.33406,1.3371
GBPUSD,2026-07-08 14:00:00+00:00,1.3371,1.33756,1.33639,1.33722
GBPUSD,2026-07-08 15:00:00+00:00,1.33722,1.33757,1.33569,1.33605
GBPUSD,2026-07-08 16:00:00+00:00,1.33604,1.3386,1.33603,1.33848
GBPUSD,2026-07-08 17:00:00+00:00,1.33848,1.34104,1.33848,1.33956
GBPUSD,2026-07-08 18:00:00+00:00,1.33951,1.34061,1.33926,1.33997
GBPUSD,2026-07-08 19:00:00+00:00,1.33998,1.34074,1.33974,1.34024
GBPUSD,2026-07-08 20:00:00+00:00,1.34024,1.34042,1.33854,1.33888
GBPUSD,2026-07-08 21:00:00+00:00,1.33955,1.33978,1.33858,1.33919
GBPUSD,2026-07-08 22:00:00+00:00,1.33919,1.33929,1.33882,1.33916
GBPUSD,2026-07-08 23:00:00+00:00,1.33916,1.33946,1.33896,1.33938
GBPUSD,2026-07-09 00:00:00+00:00,1.33938,1.34042,1.33938,1.33977
GBPUSD,2026-07-09 01:00:00+00:00,1.33978,1.33992,1.33866,1.33966
GBPUSD,2026-07-09 02:00:00+00:00,1.33968,1.34006,1.3394,1.33941
GBPUSD,2026-07-09 03:00:00+00:00,1.3394,1.34009,1.33904,1.3396
GBPUSD,2026-07-09 04:00:00+00:00,1.33962,1.33998,1.3394,1.3399
GBPUSD,2026-07-09 05:00:00+00:00,1.3399,1.34078,1.33987,1.34045
GBPUSD,2026-07-09 06:00:00+00:00,1.34046,1.3431,1.34046,1.34254
GBPUSD,2026-07-09 07:00:00+00:00,1.34256,1.34274,1.34116,1.34151
GBPUSD,2026-07-09 08:00:00+00:00,1.3415,1.34218,1.34106,1.34126
GBPUSD,2026-07-09 09:00:00+00:00,1.34127,1.34159,1.34068,1.34128
GBPUSD,2026-07-09 10:00:00+00:00,1.34126,1.3413,1.33936,1.33958
GBPUSD,2026-07-09 11:00:00+00:00,1.3396,1.33962,1.33846,1.33887
GBPUSD,2026-07-09 12:00:00+00:00,1.33888,1.33984,1.33808,1.33845
GBPUSD,2026-07-09 13:00:00+00:00,1.33846,1.34027,1.33846,1.34013
GBPUSD,2026-07-09 14:00:00+00:00,1.34014,1.34111,1.33877,1.3391
GBPUSD,2026-07-09 15:00:00+00:00,1.33912,1.34088,1.3387,1.3407
GBPUSD,2026-07-09 16:00:00+00:00,1.34072,1.3412,1.34024,1.34098
GBPUSD,2026-07-09 17:00:00+00:00,1.34097,1.34166,1.34079,1.34162
GBPUSD,2026-07-09 18:00:00+00:00,1.34163,1.34194,1.34108,1.34158
GBPUSD,2026-07-09 19:00:00+00:00,1.34159,1.34176,1.3405,1.34078
GBPUSD,2026-07-09 20:00:00+00:00,1.34074,1.34113,1.34071,1.34088
GBPUSD,2026-07-09 21:00:00+00:00,1.34059,1.34137,1.34007,1.34074
GBPUSD,2026-07-09 22:00:00+00:00,1.34084,1.34132,1.34066,1.34122
GBPUSD,2026-07-09 23:00:00+00:00,1.34121,1.34136,1.34111,1.34136
GBPUSD,2026-07-10 00:00:00+00:00,1.34136,1.34251,1.34086,1.34226
GBPUSD,2026-07-10 01:00:00+00:00,1.34225,1.3439,1.34197,1.3435
GBPUSD,2026-07-10 02:00:00+00:00,1.34348,1.34519,1.3434,1.34486
GBPUSD,2026-07-10 03:00:00+00:00,1.34486,1.34502,1.34376,1.34394
GBPUSD,2026-07-10 04:00:00+00:00,1.34392,1.34392,1.34276,1.34304
GBPUSD,2026-07-10 05:00:00+00:00,1.34306,1.34332,1.34218,1.34272
GBPUSD,2026-07-10 06:00:00+00:00,1.34276,1.34362,1.34242,1.34268
GBPUSD,2026-07-10 07:00:00+00:00,1.34268,1.34308,1.34204,1.34216
GBPUSD,2026-07-10 08:00:00+00:00,1.34217,1.34266,1.34087,1.341
GBPUSD,2026-07-10 09:00:00+00:00,1.341,1.34164,1.34092,1.341
GBPUSD,2026-07-10 10:00:00+00:00,1.34102,1.34366,1.341,1.34328
GBPUSD,2026-07-10 11:00:00+00:00,1.34328,1.34376,1.34176,1.34263
GBPUSD,2026-07-10 12:00:00+00:00,1.34261,1.34373,1.34142,1.34212
GBPUSD,2026-07-10 13:00:00+00:00,1.34214,1.34216,1.34043,1.34061
GBPUSD,2026-07-10 14:00:00+00:00,1.34062,1.3414,1.33922,1.34097
GBPUSD,2026-07-10 15:00:00+00:00,1.34099,1.3422,1.34077,1.34209
GBPUSD,2026-07-10 16:00:00+00:00,1.34208,1.34233,1.3411,1.34112
GBPUSD,2026-07-10 17:00:00+00:00,1.3411,1.3413,1.33994,1.34002
GBPUSD,2026-07-10 18:00:00+00:00,1.34002,1.34008,1.33929,1.33986
GBPUSD,2026-07-10 19:00:00+00:00,1.33986,1.33996,1.33948,1.33984
GBPUSD,2026-07-10 20:00:00+00:00,1.33984,1.34024,1.3394,1.3402
GBPUSD,2026-07-12 21:00:00+00:00,1.3389,1.3389,1.3386,1.33863
GBPUSD,2026-07-12 22:00:00+00:00,1.33862,1.33867,1.33694,1.33754
GBPUSD,2026-07-12 23:00:00+00:00,1.33754,1.33866,1.33725,1.33864
GBPUSD,2026-07-13 00:00:00+00:00,1.33866,1.33878,1.33755,1.3376
GBPUSD,2026-07-13 01:00:00+00:00,1.33761,1.33837,1.33668,1.33832
GBPUSD,2026-07-13 02:00:00+00:00,1.33836,1.33845,1.33762,1.33768
GBPUSD,2026-07-13 03:00:00+00:00,1.33767,1.33796,1.33711,1.33784
GBPUSD,2026-07-13 04:00:00+00:00,1.33784,1.33848,1.33752,1.33839
GBPUSD,2026-07-13 05:00:00+00:00,1.33838,1.3388,1.33776,1.33796
GBPUSD,2026-07-13 06:00:00+00:00,1.33796,1.33924,1.33744,1.33784
GBPUSD,2026-07-13 07:00:00+00:00,1.33785,1.33958,1.33776,1.33932
GBPUSD,2026-07-13 08:00:00+00:00,1.33933,1.34119,1.33927,1.33944
GBPUSD,2026-07-13 09:00:00+00:00,1.33944,1.3396,1.33851,1.3391
GBPUSD,2026-07-13 10:00:00+00:00,1.3391,1.3399,1.33818,1.3399
GBPUSD,2026-07-13 11:00:00+00:00,1.33989,1.34024,1.33854,1.33936
GBPUSD,2026-07-13 12:00:00+00:00,1.33936,1.33992,1.33833,1.33992
GBPUSD,2026-07-13 13:00:00+00:00,1.33994,1.34026,1.33836,1.33851
GBPUSD,2026-07-13 14:00:00+00:00,1.33852,1.33874,1.33636,1.33786
GBPUSD,2026-07-13 15:00:00+00:00,1.33788,1.33822,1.33706,1.33804
GBPUSD,2026-07-13 16:00:00+00:00,1.33806,1.33844,1.33575,1.33632
GBPUSD,2026-07-13 17:00:00+00:00,1.33636,1.33666,1.33568,1.33586
GBPUSD,2026-07-13 18:00:00+00:00,1.33586,1.33612,1.33548,1.33604
GBPUSD,2026-07-13 19:00:00+00:00,1.33605,1.33612,1.33516,1.33536
GBPUSD,2026-07-13 20:00:00+00:00,1.33533,1.33548,1.33426,1.33465
GBPUSD,2026-07-13 21:00:00+00:00,1.33556,1.33588,1.33472,1.33484
GBPUSD,2026-07-13 22:00:00+00:00,1.33481,1.3353,1.33456,1.33487
GBPUSD,2026-07-13 23:00:00+00:00,1.33488,1.33516,1.33464,1.33498
GBPUSD,2026-07-14 00:00:00+00:00,1.33498,1.33575,1.33424,1.33516
GBPUSD,2026-07-14 01:00:00+00:00,1.33514,1.33578,1.33508,1.33546
GBPUSD,2026-07-14 02:00:00+00:00,1.33548,1.336,1.33544,1.33568
GBPUSD,2026-07-14 03:00:00+00:00,1.33568,1.33644,1.33546,1.33606
GBPUSD,2026-07-14 04:00:00+00:00,1.33607,1.33627,1.33566,1.33594
GBPUSD,2026-07-14 05:00:00+00:00,1.33593,1.337,1.33591,1.33631
GBPUSD,2026-07-14 06:00:00+00:00,1.3363,1.3365,1.33528,1.33564
GBPUSD,2026-07-14 07:00:00+00:00,1.33565,1.33647,1.33514,1.33574
GBPUSD,2026-07-14 08:00:00+00:00,1.33575,1.33765,1.3354,1.33748
GBPUSD,2026-07-14 09:00:00+00:00,1.33752,1.33839,1.33738,1.33796
GBPUSD,2026-07-14 10:00:00+00:00,1.33796,1.33826,1.33702,1.33729
GBPUSD,2026-07-14 11:00:00+00:00,1.33728,1.33873,1.33662,1.33843
GBPUSD,2026-07-14 12:00:00+00:00,1.33842,1.34438,1.33804,1.34094
GBPUSD,2026-07-14 13:00:00+00:00,1.34094,1.34194,1.33982,1.34158
GBPUSD,2026-07-14 14:00:00+00:00,1.34158,1.34232,1.33968,1.34052
GBPUSD,2026-07-14 15:00:00+00:00,1.34054,1.34138,1.33799,1.33829
GBPUSD,2026-07-14 16:00:00+00:00,1.33832,1.3392,1.33757,1.3389
GBPUSD,2026-07-14 17:00:00+00:00,1.3389,1.3391,1.33682,1.33772
GBPUSD,2026-07-14 18:00:00+00:00,1.33772,1.33842,1.33711,1.3382
GBPUSD,2026-07-14 19:00:00+00:00,1.3382,1.33914,1.33812,1.3388
GBPUSD,2026-07-14 20:00:00+00:00,1.3388,1.33922,1.33864,1.33914
GBPUSD,2026-07-14 21:00:00+00:00,1.33864,1.33952,1.33802,1.33886
GBPUSD,2026-07-14 22:00:00+00:00,1.33886,1.33945,1.3386,1.33909
GBPUSD,2026-07-14 23:00:00+00:00,1.33908,1.33966,1.33906,1.33966
GBPUSD,2026-07-15 00:00:00+00:00,1.33968,1.34044,1.33946,1.34033
GBPUSD,2026-07-15 01:00:00+00:00,1.34032,1.34062,1.33992,1.34024
GBPUSD,2026-07-15 02:00:00+00:00,1.34025,1.34095,1.33999,1.34062
GBPUSD,2026-07-15 03:00:00+00:00,1.3406,1.34094,1.33986,1.34038
GBPUSD,2026-07-15 04:00:00+00:00,1.3404,1.34055,1.34022,1.34026
GBPUSD,2026-07-15 05:00:00+00:00,1.34027,1.34144,1.34004,1.34104
GBPUSD,2026-07-15 06:00:00+00:00,1.34103,1.34201,1.34103,1.34152
GBPUSD,2026-07-15 07:00:00+00:00,1.3415,1.342,1.34009,1.34022
GBPUSD,2026-07-15 08:00:00+00:00,1.34021,1.34073,1.33912,1.33966
GBPUSD,2026-07-15 09:00:00+00:00,1.33967,1.3399,1.3389,1.33902
GBPUSD,2026-07-15 10:00:00+00:00,1.33904,1.33998,1.33806,1.33998
GBPUSD,2026-07-15 11:00:00+00:00,1.33997,1.34152,1.3396,1.34102
GBPUSD,2026-07-15 12:00:00+00:00,1.34102,1.34302,1.34029,1.34282
GBPUSD,2026-07-15 13:00:00+00:00,1.34285,1.34498,1.34219,1.34412
GBPUSD,2026-07-15 14:00:00+00:00,1.34412,1.34824,1.34378,1.34785
GBPUSD,2026-07-15 15:00:00+00:00,1.34784,1.3498,1.34712,1.34958
GBPUSD,2026-07-15 16:00:00+00:00,1.34957,1.35284,1.34942,1.35258
GBPUSD,2026-07-15 17:00:00+00:00,1.35261,1.3549,1.35258,1.35474
GBPUSD,2026-07-15 18:00:00+00:00,1.35474,1.35582,1.3536,1.35364
GBPUSD,2026-07-15 19:00:00+00:00,1.35362,1.35447,1.35277,1.35348
GBPUSD,2026-07-15 20:00:00+00:00,1.35348,1.35395,1.35336,1.35392
GBPUSD,2026-07-15 21:00:00+00:00,1.35366,1.35394,1.35313,1.35369
GBPUSD,2026-07-15 22:00:00+00:00,1.3537,1.35423,1.3537,1.35381
GBPUSD,2026-07-15 23:00:00+00:00,1.35382,1.35436,1.35371,1.35388
GBPUSD,2026-07-16 00:00:00+00:00,1.35389,1.35446,1.35274,1.35338
GBPUSD,2026-07-16 01:00:00+00:00,1.35341,1.3535,1.35259,1.3527
GBPUSD,2026-07-16 02:00:00+00:00,1.35272,1.35273,1.35198,1.3527
GBPUSD,2026-07-16 03:00:00+00:00,1.35271,1.3538,1.35258,1.35331
GBPUSD,2026-07-16 04:00:00+00:00,1.35332,1.35352,1.35307,1.35326
GBPUSD,2026-07-16 05:00:00+00:00,1.35326,1.3541,1.3527,1.35292
GBPUSD,2026-07-16 06:00:00+00:00,1.35288,1.3542,1.35281,1.354
GBPUSD,2026-07-16 07:00:00+00:00,1.35402,1.35425,1.35308,1.35334
GBPUSD,2026-07-16 08:00:00+00:00,1.35334,1.35342,1.3519,1.35208
GBPUSD,2026-07-16 09:00:00+00:00,1.35208,1.35212,1.35058,1.35077
GBPUSD,2026-07-16 10:00:00+00:00,1.35078,1.35096,1.35027,1.35038
GBPUSD,2026-07-16 11:00:00+00:00,1.35037,1.35072,1.34938,1.35068
GBPUSD,2026-07-16 12:00:00+00:00,1.3507,1.35152,1.34972,1.34976
GBPUSD,2026-07-16 13:00:00+00:00,1.34978,1.35174,1.34964,1.35085
GBPUSD,2026-07-16 14:00:00+00:00,1.35084,1.35137,1.34874,1.34882
GBPUSD,2026-07-16 15:00:00+00:00,1.34882,1.34914,1.34802,1.3483
GBPUSD,2026-07-16 16:00:00+00:00,1.3483,1.34836,1.34654,1.3466
GBPUSD,2026-07-16 17:00:00+00:00,1.3466,1.34718,1.34597,1.34696
GBPUSD,2026-07-16 18:00:00+00:00,1.34696,1.34714,1.34649,1.34706
GBPUSD,2026-07-16 19:00:00+00:00,1.34706,1.34756,1.34669,1.34748
GBPUSD,2026-07-16 20:00:00+00:00,1.34748,1.34803,1.34737,1.34793
GBPUSD,2026-07-16 21:00:00+00:00,1.34784,1.34814,1.34752,1.34758
GBPUSD,2026-07-16 22:00:00+00:00,1.34758,1.34774,1.3473,1.34742
GBPUSD,2026-07-16 23:00:00+00:00,1.34741,1.34782,1.34738,1.3478
GBPUSD,2026-07-17 00:00:00+00:00,1.34782,1.34788,1.34696,1.34772
GBPUSD,2026-07-17 01:00:00+00:00,1.34772,1.34799,1.34642,1.3466
GBPUSD,2026-07-17 02:00:00+00:00,1.34662,1.34693,1.34632,1.34636
GBPUSD,2026-07-17 03:00:00+00:00,1.34636,1.34692,1.34622,1.34654
GBPUSD,2026-07-17 04:00:00+00:00,1.34654,1.34655,1.34572,1.3459
GBPUSD,2026-07-17 05:00:00+00:00,1.34592,1.34662,1.34576,1.34632
GBPUSD,2026-07-17 06:00:00+00:00,1.34632,1.3476,1.34594,1.34745
GBPUSD,2026-07-17 07:00:00+00:00,1.34744,1.34809,1.34572,1.34572
GBPUSD,2026-07-17 08:00:00+00:00,1.34572,1.34623,1.34421,1.34432
GBPUSD,2026-07-17 09:00:00+00:00,1.34432,1.34447,1.34358,1.34431
GBPUSD,2026-07-17 10:00:00+00:00,1.34433,1.34433,1.34262,1.34316
GBPUSD,2026-07-17 11:00:00+00:00,1.34316,1.34468,1.34278,1.34384
GBPUSD,2026-07-17 12:00:00+00:00,1.34384,1.34404,1.34283,1.34316
GBPUSD,2026-07-17 13:00:00+00:00,1.34316,1.34514,1.34283,1.34502
GBPUSD,2026-07-17 14:00:00+00:00,1.34504,1.34548,1.34431,1.34454
GBPUSD,2026-07-17 15:00:00+00:00,1.34454,1.3455,1.34422,1.34449
GBPUSD,2026-07-17 16:00:00+00:00,1.3445,1.3456,1.34378,1.3456
GBPUSD,2026-07-17 17:00:00+00:00,1.34563,1.346,1.34513,1.34534
GBPUSD,2026-07-17 18:00:00+00:00,1.34534,1.34568,1.34516,1.3454
GBPUSD,2026-07-17 19:00:00+00:00,1.3454,1.346,1.3451,1.34585
GBPUSD,2026-07-17 20:00:00+00:00,1.34584,1.34602,1.34511,1.34522
GBPUSD,2026-07-19 21:00:00+00:00,1.34489,1.34498,1.34408,1.3445
GBPUSD,2026-07-19 22:00:00+00:00,1.3445,1.34474,1.34389,1.34442
GBPUSD,2026-07-19 23:00:00+00:00,1.34444,1.34456,1.34414,1.3445
GBPUSD,2026-07-20 00:00:00+00:00,1.34454,1.3452,1.34431,1.34509
GBPUSD,2026-07-20 01:00:00+00:00,1.34512,1.34544,1.34486,1.34543
GBPUSD,2026-07-20 02:00:00+00:00,1.34543,1.34635,1.34533,1.34592
GBPUSD,2026-07-20 03:00:00+00:00,1.34592,1.34619,1.34579,1.34607
GBPUSD,2026-07-20 04:00:00+00:00,1.34606,1.3468,1.34606,1.34664
GBPUSD,2026-07-20 05:00:00+00:00,1.34664,1.34678,1.34636,1.34663
GBPUSD,2026-07-20 06:00:00+00:00,1.34663,1.34688,1.34576,1.34586
GBPUSD,2026-07-20 07:00:00+00:00,1.34589,1.34814,1.34577,1.34762
GBPUSD,2026-07-20 08:00:00+00:00,1.34762,1.3477,1.3466,1.34696
GBPUSD,2026-07-20 09:00:00+00:00,1.34697,1.34697,1.34576,1.34632
GBPUSD,2026-07-20 10:00:00+00:00,1.34632,1.34736,1.34592,1.34682
GBPUSD,2026-07-20 11:00:00+00:00,1.34683,1.34788,1.34614,1.34628
GBPUSD,2026-07-20 12:00:00+00:00,1.34626,1.34647,1.34484,1.34549
GBPUSD,2026-07-20 13:00:00+00:00,1.3455,1.34588,1.3445,1.34524
GBPUSD,2026-07-20 14:00:00+00:00,1.34525,1.34569,1.34334,1.34394
GBPUSD,2026-07-20 15:00:00+00:00,1.34393,1.34394,1.34136,1.34179
GBPUSD,2026-07-20 16:00:00+00:00,1.3418,1.34236,1.34126,1.34204
GBPUSD,2026-07-20 17:00:00+00:00,1.34206,1.34328,1.3419,1.34314
GBPUSD,2026-07-20 18:00:00+00:00,1.34314,1.34397,1.34314,1.34361
GBPUSD,2026-07-20 19:00:00+00:00,1.34362,1.34392,1.34318,1.34353
GBPUSD,2026-07-20 20:00:00+00:00,1.34352,1.3437,1.34291,1.34307
GBPUSD,2026-07-20 21:00:00+00:00,1.34345,1.34352,1.3423,1.34241
GBPUSD,2026-07-20 22:00:00+00:00,1.34242,1.34268,1.34224,1.34265
GBPUSD,2026-07-20 23:00:00+00:00,1.34266,1.34318,1.34261,1.34314
GBPUSD,2026-07-21 00:00:00+00:00,1.34314,1.34352,1.34272,1.34314
GBPUSD,2026-07-21 01:00:00+00:00,1.34316,1.34371,1.34301,1.3435
GBPUSD,2026-07-21 02:00:00+00:00,1.34352,1.34384,1.34306,1.34314
GBPUSD,2026-07-21 03:00:00+00:00,1.34314,1.34398,1.34294,1.34366
GBPUSD,2026-07-21 04:00:00+00:00,1.34365,1.34408,1.3436,1.34402
GBPUSD,2026-07-21 05:00:00+00:00,1.34404,1.34466,1.34388,1.34426
GBPUSD,2026-07-21 06:00:00+00:00,1.34425,1.3453,1.34417,1.3448
GBPUSD,2026-07-21 07:00:00+00:00,1.3448,1.34557,1.34365,1.34407
GBPUSD,2026-07-21 08:00:00+00:00,1.34408,1.34484,1.34272,1.34292
GBPUSD,2026-07-21 09:00:00+00:00,1.34292,1.34336,1.34249,1.34272
GBPUSD,2026-07-21 10:00:00+00:00,1.34272,1.3434,1.34141,1.34169
GBPUSD,2026-07-21 11:00:00+00:00,1.3417,1.34209,1.34018,1.34054
GBPUSD,2026-07-21 12:00:00+00:00,1.34054,1.3407,1.33822,1.33889
GBPUSD,2026-07-21 13:00:00+00:00,1.33888,1.33951,1.33594,1.33814
GBPUSD,2026-07-21 14:00:00+00:00,1.33816,1.33992,1.3366,1.33714
GBPUSD,2026-07-21 15:00:00+00:00,1.33713,1.33818,1.33682,1.3373
GBPUSD,2026-07-21 16:00:00+00:00,1.33731,1.33841,1.33693,1.33826
GBPUSD,2026-07-21 17:00:00+00:00,1.33826,1.33875,1.33804,1.33848
GBPUSD,2026-07-21 18:00:00+00:00,1.33848,1.3385,1.33748,1.33812
GBPUSD,2026-07-21 19:00:00+00:00,1.33814,1.33848,1.33792,1.33804
GBPUSD,2026-07-21 20:00:00+00:00,1.33805,1.33808,1.33739,1.33751
GBPUSD,2026-07-21 21:00:00+00:00,1.33748,1.33822,1.3372,1.3378
GBPUSD,2026-07-21 22:00:00+00:00,1.33782,1.33782,1.33742,1.33742
GBPUSD,2026-07-21 23:00:00+00:00,1.33744,1.3379,1.33737,1.33788
GBPUSD,2026-07-22 00:00:00+00:00,1.33788,1.33872,1.33778,1.33852
GBPUSD,2026-07-22 01:00:00+00:00,1.33852,1.33881,1.33796,1.33835
GBPUSD,2026-07-22 02:00:00+00:00,1.33834,1.339,1.33806,1.33854
GBPUSD,2026-07-22 03:00:00+00:00,1.33853,1.33873,1.33816,1.3383
GBPUSD,2026-07-22 04:00:00+00:00,1.3383,1.33853,1.33808,1.33839
GBPUSD,2026-07-22 05:00:00+00:00,1.3384,1.33868,1.33793,1.33802
GBPUSD,2026-07-22 06:00:00+00:00,1.33799,1.3391,1.33694,1.33798
GBPUSD,2026-07-22 07:00:00+00:00,1.33798,1.33954,1.33756,1.33824
GBPUSD,2026-07-22 08:00:00+00:00,1.33824,1.33841,1.33716,1.33738
GBPUSD,2026-07-22 09:00:00+00:00,1.33735,1.3375,1.33666,1.33695
GBPUSD,2026-07-22 10:00:00+00:00,1.33694,1.33747,1.33658,1.33686
GBPUSD,2026-07-22 11:00:00+00:00,1.33684,1.33729,1.33636,1.33674
GBPUSD,2026-07-22 12:00:00+00:00,1.33675,1.33726,1.33546,1.33592
GBPUSD,2026-07-22 13:00:00+00:00,1.33592,1.33897,1.33591,1.33868
GBPUSD,2026-07-22 14:00:00+00:00,1.33868,1.33908,1.33722,1.33742
GBPUSD,2026-07-22 15:00:00+00:00,1.33742,1.33806,1.33714,1.33763
GBPUSD,2026-07-22 16:00:00+00:00,1.33762,1.33764,1.33655,1.33731
GBPUSD,2026-07-22 17:00:00+00:00,1.3373,1.33744,1.33687,1.33715
GBPUSD,2026-07-22 18:00:00+00:00,1.33716,1.33757,1.33689,1.3374
GBPUSD,2026-07-22 19:00:00+00:00,1.33739,1.33748,1.33707,1.33736
GBPUSD,2026-07-22 20:00:00+00:00,1.33736,1.33772,1.33731,1.33756
GBPUSD,2026-07-22 21:00:00+00:00,1.33781,1.33815,1.33723,1.33746
GBPUSD,2026-07-22 22:00:00+00:00,1.33748,1.33758,1.33674,1.33705
GBPUSD,2026-07-22 23:00:00+00:00,1.33704,1.33759,1.33704,1.3375
GBPUSD,2026-07-23 00:00:00+00:00,1.3375,1.33818,1.33731,1.33812
GBPUSD,2026-07-23 01:00:00+00:00,1.33814,1.33864,1.33799,1.33816
GBPUSD,2026-07-23 02:00:00+00:00,1.33816,1.33903,1.33814,1.33896
GBPUSD,2026-07-23 03:00:00+00:00,1.33895,1.33914,1.33834,1.33887
GBPUSD,2026-07-23 04:00:00+00:00,1.33888,1.33934,1.33846,1.3387
GBPUSD,2026-07-23 05:00:00+00:00,1.3387,1.33882,1.33822,1.3386
GBPUSD,2026-07-23 06:00:00+00:00,1.3386,1.33911,1.33754,1.33772
GBPUSD,2026-07-23 07:00:00+00:00,1.33772,1.33802,1.3367,1.33734
GBPUSD,2026-07-23 08:00:00+00:00,1.33737,1.33766,1.3361,1.33686
GBPUSD,2026-07-23 09:00:00+00:00,1.33686,1.33776,1.33661,1.33725
GBPUSD,2026-07-23 10:00:00+00:00,1.33724,1.33734,1.33611,1.33677
GBPUSD,2026-07-23 11:00:00+00:00,1.33676,1.33691,1.33401,1.33556
GBPUSD,2026-07-23 12:00:00+00:00,1.33556,1.3356,1.3335,1.33424
GBPUSD,2026-07-23 13:00:00+00:00,1.33426,1.33448,1.33269,1.33284
GBPUSD,2026-07-23 14:00:00+00:00,1.33284,1.33316,1.33125,1.33199
GBPUSD,2026-07-23 15:00:00+00:00,1.33202,1.33244,1.3299,1.33104
GBPUSD,2026-07-23 16:00:00+00:00,1.33105,1.33257,1.33102,1.33238
GBPUSD,2026-07-23 17:00:00+00:00,1.33238,1.33248,1.33134,1.33136
GBPUSD,2026-07-23 18:00:00+00:00,1.33136,1.33188,1.33132,1.33166
GBPUSD,2026-07-23 19:00:00+00:00,1.33166,1.33198,1.33115,1.33172
GBPUSD,2026-07-23 20:00:00+00:00,1.33172,1.33194,1.33142,1.33144
GBPUSD,2026-07-23 21:00:00+00:00,1.33172,1.33216,1.33079,1.33158
GBPUSD,2026-07-23 22:00:00+00:00,1.33158,1.33181,1.33133,1.3316
GBPUSD,2026-07-23 23:00:00+00:00,1.33159,1.33162,1.33112,1.33124
GBPUSD,2026-07-24 00:00:00+00:00,1.33124,1.33246,1.33112,1.33246
GBPUSD,2026-07-24 01:00:00+00:00,1.33248,1.33268,1.33195,1.3321
GBPUSD,2026-07-24 02:00:00+00:00,1.33209,1.33226,1.33141,1.33143
GBPUSD,2026-07-24 03:00:00+00:00,1.33142,1.33152,1.33112,1.33144
GBPUSD,2026-07-24 04:00:00+00:00,1.33144,1.33151,1.33065,1.33105
GBPUSD,2026-07-24 05:00:00+00:00,1.33107,1.33166,1.33084,1.33084
GBPUSD,2026-07-24 06:00:00+00:00,1.33084,1.33259,1.33084,1.33259
GBPUSD,2026-07-24 07:00:00+00:00,1.3326,1.33444,1.33227,1.33358
GBPUSD,2026-07-24 08:00:00+00:00,1.33357,1.33372,1.33201,1.33213
GBPUSD,2026-07-24 09:00:00+00:00,1.33212,1.33222,1.33129,1.33192
GBPUSD,2026-07-24 10:00:00+00:00,1.33193,1.33288,1.33134,1.33222
GBPUSD,2026-07-24 11:00:00+00:00,1.33221,1.3328,1.33142,1.33231
GBPUSD,2026-07-24 12:00:00+00:00,1.33232,1.33258,1.33059,1.33101
GBPUSD,2026-07-24 13:00:00+00:00,1.33099,1.33269,1.3306,1.33256
GBPUSD,2026-07-24 14:00:00+00:00,1.33256,1.33346,1.33198,1.33266
GBPUSD,2026-07-24 15:00:00+00:00,1.33266,1.33491,1.33244,1.33418
GBPUSD,2026-07-24 16:00:00+00:00,1.33418,1.33454,1.33314,1.33326
GBPUSD,2026-07-24 17:00:00+00:00,1.33326,1.33328,1.33216,1.33252
GBPUSD,2026-07-24 18:00:00+00:00,1.33252,1.33294,1.33242,1.33256
GBPUSD,2026-07-24 19:00:00+00:00,1.33259,1.33276,1.33215,1.33216
GBPUSD,2026-07-24 20:00:00+00:00,1.33216,1.33252,1.33168,1.33239
GBPUSD,2026-07-26 21:00:00+00:00,1.33478,1.33478,1.3333,1.33417
GBPUSD,2026-07-26 22:00:00+00:00,1.33389,1.33566,1.33381,1.33432
GBPUSD,2026-07-26 23:00:00+00:00,1.33432,1.33519,1.33425,1.33508
GBPUSD,2026-07-27 00:00:00+00:00,1.3351,1.33632,1.33496,1.33511
GBPUSD,2026-07-27 01:00:00+00:00,1.3351,1.33636,1.3351,1.33634
GBPUSD,2026-07-27 02:00:00+00:00,1.33635,1.33637,1.33548,1.3355
GBPUSD,2026-07-27 03:00:00+00:00,1.3355,1.33567,1.335,1.33527
GBPUSD,2026-07-27 04:00:00+00:00,1.33528,1.33549,1.335,1.3351
GBPUSD,2026-07-27 05:00:00+00:00,1.3351,1.3356,1.33499,1.33528
GBPUSD,2026-07-27 06:00:00+00:00,1.33528,1.33612,1.3348,1.33497
GBPUSD,2026-07-27 07:00:00+00:00,1.33496,1.33525,1.33343,1.33348
GBPUSD,2026-07-27 08:00:00+00:00,1.33348,1.33402,1.33308,1.33378
GBPUSD,2026-07-27 09:00:00+00:00,1.33378,1.33411,1.333,1.33309
GBPUSD,2026-07-27 10:00:00+00:00,1.3331,1.33365,1.33168,1.33188
GBPUSD,2026-07-27 11:00:00+00:00,1.33189,1.33214,1.33096,1.3314
GBPUSD,2026-07-27 12:00:00+00:00,1.33142,1.3318,1.33044,1.33138
GBPUSD,2026-07-27 13:00:00+00:00,1.33138,1.33212,1.33085,1.33107
GBPUSD,2026-07-27 14:00:00+00:00,1.33106,1.33174,1.32993,1.33027
GBPUSD,2026-07-27 15:00:00+00:00,1.33028,1.3307,1.32994,1.3302
GBPUSD,2026-07-27 16:00:00+00:00,1.33018,1.33141,1.32997,1.33032
GBPUSD,2026-07-27 17:00:00+00:00,1.33034,1.33034,1.32845,1.32912
GBPUSD,2026-07-27 18:00:00+00:00,1.32913,1.32942,1.3287,1.32882
GBPUSD,2026-07-27 19:00:00+00:00,1.32882,1.32966,1.32882,1.32919
GBPUSD,2026-07-27 20:00:00+00:00,1.32918,1.32929,1.32862,1.32882
GBPUSD,2026-07-27 21:00:00+00:00,1.32881,1.33012,1.32836,1.32924
GBPUSD,2026-07-27 22:00:00+00:00,1.32924,1.32926,1.32877,1.32888
GBPUSD,2026-07-27 23:00:00+00:00,1.32889,1.32906,1.3287,1.329
GBPUSD,2026-07-28 00:00:00+00:00,1.329,1.32938,1.3286,1.3293
GBPUSD,2026-07-28 01:00:00+00:00,1.32932,1.32983,1.32898,1.32922
GBPUSD,2026-07-28 02:00:00+00:00,1.32923,1.3301,1.3291,1.32984
GBPUSD,2026-07-28 03:00:00+00:00,1.32982,1.33044,1.32952,1.32982
GBPUSD,2026-07-28 04:00:00+00:00,1.3298,1.32982,1.32925,1.32941
GBPUSD,2026-07-28 05:00:00+00:00,1.3294,1.32951,1.32857,1.32879
GBPUSD,2026-07-28 06:00:00+00:00,1.32878,1.33016,1.3286,1.32987
GBPUSD,2026-07-28 07:00:00+00:00,1.32988,1.33052,1.32918,1.32919
GBPUSD,2026-07-28 08:00:00+00:00,1.32918,1.33053,1.32918,1.33028
GBPUSD,2026-07-28 09:00:00+00:00,1.33028,1.33032,1.32798,1.32801
GBPUSD,2026-07-28 10:00:00+00:00,1.328,1.32826,1.32735,1.32797
GBPUSD,2026-07-28 11:00:00+00:00,1.32796,1.32838,1.32746,1.32794
GBPUSD,2026-07-28 12:00:00+00:00,1.32795,1.32994,1.32793,1.32978
GBPUSD,2026-07-28 13:00:00+00:00,1.32978,1.33032,1.32942,1.33008
GBPUSD,2026-07-28 14:00:00+00:00,1.3301,1.3302,1.32857,1.32915
GBPUSD,2026-07-28 15:00:00+00:00,1.32914,1.33112,1.32886,1.33094
GBPUSD,2026-07-28 16:00:00+00:00,1.33094,1.33112,1.33007,1.33013
GBPUSD,2026-07-28 17:00:00+00:00,1.33014,1.33059,1.3291,1.32917
GBPUSD,2026-07-28 18:00:00+00:00,1.32918,1.32932,1.32867,1.32888
GBPUSD,2026-07-28 19:00:00+00:00,1.32889,1.32954,1.32879,1.3288
GBPUSD,2026-07-28 20:00:00+00:00,1.32879,1.32917,1.32868,1.32894
GBPUSD,2026-07-28 21:00:00+00:00,1.32895,1.32958,1.32865,1.32891
GBPUSD,2026-07-28 22:00:00+00:00,1.32892,1.32912,1.32834,1.32849
GBPUSD,2026-07-28 23:00:00+00:00,1.32848,1.32872,1.32808,1.32872
GBPUSD,2026-07-29 00:00:00+00:00,1.32872,1.32946,1.32832,1.32925
GBPUSD,2026-07-29 01:00:00+00:00,1.32926,1.3294,1.32818,1.32886
GBPUSD,2026-07-29 02:00:00+00:00,1.32886,1.32982,1.32876,1.32942
GBPUSD,2026-07-29 03:00:00+00:00,1.3294,1.32994,1.32938,1.32952
GBPUSD,2026-07-29 04:00:00+00:00,1.32953,1.33015,1.32944,1.32978
GBPUSD,2026-07-29 05:00:00+00:00,1.32978,1.33021,1.32966,1.3299
GBPUSD,2026-07-29 06:00:00+00:00,1.32988,1.33043,1.32948,1.32972
GBPUSD,2026-07-29 07:00:00+00:00,1.32972,1.33074,1.32952,1.33021
GBPUSD,2026-07-29 08:00:00+00:00,1.33022,1.33092,1.3297,1.3306
GBPUSD,2026-07-29 09:00:00+00:00,1.33059,1.3306,1.32954,1.3297
GBPUSD,2026-07-29 10:00:00+00:00,1.3297,1.32972,1.32886,1.3291
GBPUSD,2026-07-29 11:00:00+00:00,1.32911,1.32979,1.329,1.32928
GBPUSD,2026-07-29 12:00:00+00:00,1.32928,1.32941,1.32789,1.3284
GBPUSD,2026-07-29 13:00:00+00:00,1.3284,1.32943,1.32808,1.32942
GBPUSD,2026-07-29 14:00:00+00:00,1.32942,1.33044,1.32818,1.32871
GBPUSD,2026-07-29 15:00:00+00:00,1.32869,1.3293,1.3282,1.32866
GBPUSD,2026-07-29 16:00:00+00:00,1.32868,1.32892,1.32799,1.32889
GBPUSD,2026-07-29 17:00:00+00:00,1.3289,1.33068,1.32878,1.33054
GBPUSD,2026-07-29 18:00:00+00:00,1.33048,1.33662,1.3288,1.33654
GBPUSD,2026-07-29 19:00:00+00:00,1.33654,1.33874,1.33462,1.33464
GBPUSD,2026-07-29 20:00:00+00:00,1.33464,1.3369,1.33429,1.3367
GBPUSD,2026-07-29 21:00:00+00:00,1.33692,1.33701,1.33594,1.3364
GBPUSD,2026-07-29 22:00:00+00:00,1.33641,1.33704,1.3361,1.33694
GBPUSD,2026-07-29 23:00:00+00:00,1.33695,1.33757,1.33642,1.3367
GBPUSD,2026-07-30 00:00:00+00:00,1.3367,1.33684,1.3353,1.33553
GBPUSD,2026-07-30 01:00:00+00:00,1.33554,1.33593,1.33514,1.33524
GBPUSD,2026-07-30 02:00:00+00:00,1.33524,1.33564,1.3349,1.3349
GBPUSD,2026-07-30 03:00:00+00:00,1.3349,1.33504,1.33418,1.33454
GBPUSD,2026-07-30 04:00:00+00:00,1.33454,1.33494,1.33438,1.33444
GBPUSD,2026-07-30 05:00:00+00:00,1.33444,1.33572,1.33431,1.33492
GBPUSD,2026-07-30 06:00:00+00:00,1.33491,1.33522,1.3333,1.33422
GBPUSD,2026-07-30 07:00:00+00:00,1.33421,1.3351,1.33364,1.33382
GBPUSD,2026-07-30 08:00:00+00:00,1.33382,1.33622,1.3338,1.33559
GBPUSD,2026-07-30 09:00:00+00:00,1.33558,1.33842,1.33557,1.33808
GBPUSD,2026-07-30 10:00:00+00:00,1.3381,1.3407,1.33761,1.33908
GBPUSD,2026-07-30 11:00:00+00:00,1.33898,1.34022,1.33732,1.3388
GBPUSD,2026-07-30 12:00:00+00:00,1.3388,1.33956,1.33672,1.33714
GBPUSD,2026-07-30 13:00:00+00:00,1.33714,1.34284,1.33671,1.34282
GBPUSD,2026-07-30 14:00:00+00:00,1.34282,1.34481,1.34235,1.3425
GBPUSD,2026-07-30 15:00:00+00:00,1.34248,1.34632,1.34218,1.34592
GBPUSD,2026-07-30 16:00:00+00:00,1.34594,1.34706,1.34572,1.34648
GBPUSD,2026-07-30 17:00:00+00:00,1.34648,1.34734,1.34546,1.34721
GBPUSD,2026-07-30 18:00:00+00:00,1.34723,1.34762,1.34661,1.34761
GBPUSD,2026-07-30 19:00:00+00:00,1.34762,1.34768,1.34668,1.347
GBPUSD,2026-07-30 20:00:00+00:00,1.34702,1.3473,1.34639,1.34644
GBPUSD,2026-07-30 21:00:00+00:00,1.34674,1.34688,1.34621,1.3464
GBPUSD,2026-07-30 22:00:00+00:00,1.34642,1.34711,1.34633,1.34672
GBPUSD,2026-07-30 23:00:00+00:00,1.34672,1.34694,1.34593,1.34606
GBPUSD,2026-07-31 00:00:00+00:00,1.34608,1.3465,1.3453,1.34585
GBPUSD,2026-07-31 01:00:00+00:00,1.34584,1.3463,1.34482,1.34509
GBPUSD,2026-07-31 02:00:00+00:00,1.3451,1.34598,1.34496,1.34508
GBPUSD,2026-07-31 03:00:00+00:00,1.34508,1.34522,1.34452,1.34514
GBPUSD,2026-07-31 04:00:00+00:00,1.34514,1.34525,1.34422,1.34458
GBPUSD,2026-07-31 05:00:00+00:00,1.34459,1.34494,1.34404,1.34429
GBPUSD,2026-07-31 06:00:00+00:00,1.3443,1.34617,1.3443,1.34514
GBPUSD,2026-07-31 07:00:00+00:00,1.34512,1.34626,1.3445,1.34524
GBPUSD,2026-07-31 08:00:00+00:00,1.34525,1.34645,1.34353,1.34592
GBPUSD,2026-07-31 09:00:00+00:00,1.34592,1.34682,1.34459,1.34502
GBPUSD,2026-07-31 10:00:00+00:00,1.34501,1.34524,1.34432,1.34444
GBPUSD,2026-07-31 11:00:00+00:00,1.34443,1.34446,1.34176,1.3418
GBPUSD,2026-07-31 12:00:00+00:00,1.3418,1.3428,1.34148,1.34208
GBPUSD,2026-07-31 13:00:00+00:00,1.34207,1.34333,1.34003,1.34084
GBPUSD,2026-07-31 14:00:00+00:00,1.34085,1.34608,1.34024,1.34564
GBPUSD,2026-07-31 15:00:00+00:00,1.34564,1.34728,1.34538,1.34679
GBPUSD,2026-07-31 16:00:00+00:00,1.3468,1.3471,1.34617,1.34648
GBPUSD,2026-07-31 17:00:00+00:00,1.34648,1.3488,1.34647,1.34838
GBPUSD,2026-07-31 18:00:00+00:00,1.34838,1.34882,1.34748,1.34827
GBPUSD,2026-07-31 19:00:00+00:00,1.3483,1.34871,1.34767,1.34768
GBPUSD,2026-07-31 20:00:00+00:00,1.34768,1.34954,1.34729,1.34838
GBPUSD,2026-08-02 21:00:00+00:00,1.34946,1.34948,1.34826,1.3489
GBPUSD,2026-08-02 22:00:00+00:00,1.34892,1.35065,1.34892,1.3496
GBPUSD,2026-08-02 23:00:00+00:00,1.3496,1.34978,1.34886,1.34913
GBPUSD,2026-08-03 00:00:00+00:00,1.34912,1.35031,1.3483,1.34874
GBPUSD,2026-08-03 01:00:00+00:00,1.34874,1.34916,1.34703,1.34739
GBPUSD,2026-08-03 02:00:00+00:00,1.34738,1.34767,1.34687,1.34704
GBPUSD,2026-08-03 03:00:00+00:00,1.34704,1.34714,1.34642,1.34679
GBPUSD,2026-08-03 04:00:00+00:00,1.3468,1.34739,1.34668,1.34722
GBPUSD,2026-08-03 05:00:00+00:00,1.34721,1.3478,1.347,1.34762
GBPUSD,2026-08-03 06:00:00+00:00,1.34764,1.3478,1.34576,1.34608
GBPUSD,2026-08-03 07:00:00+00:00,1.34607,1.34706,1.3453,1.34612
GBPUSD,2026-08-03 08:00:00+00:00,1.34613,1.34624,1.3454,1.34548
GBPUSD,2026-08-03 09:00:00+00:00,1.34546,1.3459,1.34493,1.34498
GBPUSD,2026-08-03 10:00:00+00:00,1.34498,1.34629,1.34481,1.34594
GBPUSD,2026-08-03 11:00:00+00:00,1.34594,1.3468,1.34556,1.34678
GBPUSD,2026-08-03 12:00:00+00:00,1.34676,1.34712,1.34584,1.34642
GBPUSD,2026-08-03 13:00:00+00:00,1.34642,1.34672,1.34476,1.34528
GBPUSD,2026-08-03 14:00:00+00:00,1.34525,1.34564,1.34375,1.34377
GBPUSD,2026-08-03 15:00:00+00:00,1.34378,1.34378,1.34226,1.3434
GBPUSD,2026-08-03 16:00:00+00:00,1.34339,1.34364,1.3425,1.34254
GBPUSD,2026-08-03 17:00:00+00:00,1.34255,1.34274,1.34188,1.34192
GBPUSD,2026-08-03 18:00:00+00:00,1.34192,1.34325,1.34176,1.34312
GBPUSD,2026-08-03 19:00:00+00:00,1.34313,1.34346,1.34304,1.34312
GBPUSD,2026-08-03 20:00:00+00:00,1.34311,1.3434,1.34284,1.34333
GBPUSD,2026-08-03 21:00:00+00:00,1.34298,1.34334,1.3427,1.34304
GBPUSD,2026-08-03 22:00:00+00:00,1.34302,1.34324,1.3428,1.343
GBPUSD,2026-08-03 23:00:00+00:00,1.343,1.34314,1.34246,1.34271
GBPUSD,2026-08-04 00:00:00+00:00,1.34268,1.34331,1.34241,1.34244
GBPUSD,2026-08-04 01:00:00+00:00,1.34245,1.34314,1.34202,1.34278
GBPUSD,2026-08-04 02:00:00+00:00,1.34276,1.34331,1.34257,1.34273
GBPUSD,2026-08-04 03:00:00+00:00,1.34272,1.34334,1.3425,1.34263
GBPUSD,2026-08-04 04:00:00+00:00,1.34262,1.34272,1.34237,1.3426
GBPUSD,2026-08-04 05:00:00+00:00,1.3426,1.34268,1.34196,1.34251
GBPUSD,2026-08-04 06:00:00+00:00,1.34252,1.34324,1.34232,1.34282
GBPUSD,2026-08-04 07:00:00+00:00,1.34283,1.3439,1.34274,1.34363
GBPUSD,2026-08-04 08:00:00+00:00,1.34364,1.34426,1.34329,1.34424
GBPUSD,2026-08-04 09:00:00+00:00,1.34422,1.34428,1.34361,1.34416
GBPUSD,2026-08-04 10:00:00+00:00,1.34417,1.34486,1.34376,1.34428
GBPUSD,2026-08-04 11:00:00+00:00,1.34428,1.3455,1.34404,1.34468
GBPUSD,2026-08-04 12:00:00+00:00,1.3447,1.34542,1.3442,1.34428
GBPUSD,2026-08-04 13:00:00+00:00,1.3443,1.34524,1.34379,1.34469
GBPUSD,2026-08-04 14:00:00+00:00,1.34468,1.34558,1.34427,1.34474
GBPUSD,2026-08-04 15:00:00+00:00,1.34474,1.34554,1.34422,1.34542
GBPUSD,2026-08-04 16:00:00+00:00,1.34543,1.34562,1.34457,1.34462
GBPUSD,2026-08-04 17:00:00+00:00,1.34462,1.34486,1.3441,1.34434
GBPUSD,2026-08-04 18:00:00+00:00,1.34434,1.34532,1.34397,1.34516
GBPUSD,2026-08-04 19:00:00+00:00,1.34518,1.34541,1.34488,1.34504
GBPUSD,2026-08-04 20:00:00+00:00,1.34504,1.34546,1.34502,1.34524
GBPUSD,2026-08-04 21:00:00+00:00,1.34478,1.3455,1.34455,1.34486
GBPUSD,2026-08-04 22:00:00+00:00,1.34486,1.34528,1.34478,1.34514
GBPUSD,2026-08-04 23:00:00+00:00,1.34514,1.34522,1.34478,1.34505
GBPUSD,2026-08-05 00:00:00+00:00,1.34506,1.34562,1.34488,1.34508
GBPUSD,2026-08-05 01:00:00+00:00,1.34509,1.34512,1.3444,1.34456
GBPUSD,2026-08-05 02:00:00+00:00,1.34456,1.34583,1.34452,1.34531
GBPUSD,2026-08-05 03:00:00+00:00,1.34532,1.346,1.3453,1.34558
GBPUSD,2026-08-05 04:00:00+00:00,1.34558,1.346,1.3454,1.3455
GBPUSD,2026-08-05 05:00:00+00:00,1.3455,1.34584,1.34513,1.3456
GBPUSD,2026-08-05 06:00:00+00:00,1.34561,1.34679,1.3451,1.34672
GBPUSD,2026-08-05 07:00:00+00:00,1.3467,1.34692,1.34572,1.34679
GBPUSD,2026-08-05 08:00:00+00:00,1.34678,1.34706,1.34538,1.34568
GBPUSD,2026-08-05 09:00:00+00:00,1.34568,1.34678,1.3455,1.34668
GBPUSD,2026-08-05 10:00:00+00:00,1.34668,1.34699,1.3463,1.34672
GBPUSD,2026-08-05 11:00:00+00:00,1.34671,1.34825,1.34671,1.3479
GBPUSD,2026-08-05 12:00:00+00:00,1.3479,1.3484,1.34672,1.347
GBPUSD,2026-08-05 13:00:00+00:00,1.34702,1.3476,1.34599,1.34648
GBPUSD,2026-08-05 14:00:00+00:00,1.34646,1.34862,1.34644,1.34786
GBPUSD,2026-08-05 15:00:00+00:00,1.34786,1.34834,1.3457,1.34621
GBPUSD,2026-08-05 16:00:00+00:00,1.34624,1.34678,1.34592,1.34599
GBPUSD,2026-08-05 17:00:00+00:00,1.346,1.34714,1.34552,1.347
GBPUSD,2026-08-05 18:00:00+00:00,1.347,1.34732,1.34669,1.3469
GBPUSD,2026-08-05 19:00:00+00:00,1.34692,1.3471,1.3463,1.3464
GBPUSD,2026-08-05 20:00:00+00:00,1.3464,1.34692,1.34618,1.34682
GBPUSD,2026-08-05 21:00:00+00:00,1.34665,1.34712,1.3461,1.34644
GBPUSD,2026-08-05 22:00:00+00:00,1.34656,1.34675,1.34646,1.34672
GBPUSD,2026-08-05 23:00:00+00:00,1.34671,1.34712,1.34668,1.34694
GBPUSD,2026-08-06 00:00:00+00:00,1.34694,1.34712,1.34658,1.34668
GBPUSD,2026-08-06 01:00:00+00:00,1.34668,1.34712,1.34638,1.34686
GBPUSD,2026-08-06 02:00:00+00:00,1.34688,1.34726,1.34664,1.34672
GBPUSD,2026-08-06 03:00:00+00:00,1.34672,1.34673,1.34581,1.34602
GBPUSD,2026-08-06 04:00:00+00:00,1.34602,1.34619,1.34584,1.34602
GBPUSD,2026-08-06 05:00:00+00:00,1.34602,1.34632,1.34554,1.3463
GBPUSD,2026-08-06 06:00:00+00:00,1.34628,1.34652,1.34548,1.346
GBPUSD,2026-08-06 07:00:00+00:00,1.346,1.34626,1.34552,1.34598
GBPUSD,2026-08-06 08:00:00+00:00,1.34598,1.34659,1.34568,1.34643
GBPUSD,2026-08-06 09:00:00+00:00,1.34642,1.34662,1.34521,1.34566
GBPUSD,2026-08-06 10:00:00+00:00,1.34565,1.34628,1.34542,1.34613
GBPUSD,2026-08-06 11:00:00+00:00,1.34613,1.34688,1.34578,1.34688
GBPUSD,2026-08-06 12:00:00+00:00,1.34687,1.3472,1.34622,1.34694
GBPUSD,2026-08-06 13:00:00+00:00,1.34696,1.34794,1.34648,1.34774
GBPUSD,2026-08-06 14:00:00+00:00,1.34773,1.34794,1.34636,1.3466
GBPUSD,2026-08-06 15:00:00+00:00,1.3466,1.34665,1.34496,1.34536
GBPUSD,2026-08-06 16:00:00+00:00,1.3454,1.3459,1.34496,1.3456
GBPUSD,2026-08-06 17:00:00+00:00,1.34562,1.3459,1.34516,1.34562
GBPUSD,2026-08-06 18:00:00+00:00,1.34562,1.34592,1.34524,1.34568
GBPUSD,2026-08-06 19:00:00+00:00,1.34566,1.34593,1.34486,1.3455
GBPUSD,2026-08-06 20:00:00+00:00,1.34549,1.3456,1.34486,1.3454
GBPUSD,2026-08-06 21:00:00+00:00,1.34563,1.34567,1.34442,1.34544
GBPUSD,2026-08-06 22:00:00+00:00,1.3454,1.34548,1.34504,1.34513
GBPUSD,2026-08-06 23:00:00+00:00,1.34514,1.34554,1.34512,1.34546
GBPUSD,2026-08-07 00:00:00+00:00,1.34546,1.34552,1.34475,1.345
GBPUSD,2026-08-07 01:00:00+00:00,1.345,1.34567,1.34486,1.3453
GBPUSD,2026-08-07 02:00:00+00:00,1.34532,1.34543,1.34509,1.34519
GBPUSD,2026-08-07 03:00:00+00:00,1.34518,1.34532,1.34504,1.34532
GBPUSD,2026-08-07 04:00:00+00:00,1.34532,1.34552,1.3452,1.34538
GBPUSD,2026-08-07 05:00:00+00:00,1.34538,1.3456,1.34513,1.34526
GBPUSD,2026-08-07 06:00:00+00:00,1.34528,1.34582,1.34518,1.34536
GBPUSD,2026-08-07 07:00:00+00:00,1.34536,1.34538,1.34457,1.3448
GBPUSD,2026-08-07 08:00:00+00:00,1.34482,1.345,1.34428,1.3443
GBPUSD,2026-08-07 09:00:00+00:00,1.3443,1.34468,1.34397,1.3442
GBPUSD,2026-08-07 10:00:00+00:00,1.34419,1.34428,1.34344,1.34376
GBPUSD,2026-08-07 11:00:00+00:00,1.34376,1.34498,1.34376,1.34494
GBPUSD,2026-08-07 12:00:00+00:00,1.34496,1.35082,1.34438,1.35
GBPUSD,2026-08-07 13:00:00+00:00,1.35,1.3509,1.34874,1.34896
GBPUSD,2026-08-07 14:00:00+00:00,1.34896,1.35017,1.3483,1.34888
GBPUSD,2026-08-07 15:00:00+00:00,1.34886,1.35006,1.34828,1.3496
GBPUSD,2026-08-07 16:00:00+00:00,1.3496,1.3504,1.34946,1.34964
GBPUSD,2026-08-07 17:00:00+00:00,1.34963,1.34988,1.34939,1.34953
GBPUSD,2026-08-07 18:00:00+00:00,1.34954,1.35006,1.34918,1.34996
GBPUSD,2026-08-07 19:00:00+00:00,1.34997,1.35037,1.34966,1.34978
GBPUSD,2026-08-07 20:00:00+00:00,1.34976,1.34984,1.34894,1.34928
GBPUSD,2026-08-09 21:00:00+00:00,1.34971,1.35,1.34857,1.34908
GBPUSD,2026-08-09 22:00:00+00:00,1.34907,1.34946,1.34884,1.3489
GBPUSD,2026-08-09 23:00:00+00:00,1.3489,1.3493,1.34883,1.34884
GBPUSD,2026-08-10 00:00:00+00:00,1.34886,1.3494,1.34878,1.34904
GBPUSD,2026-08-10 01:00:00+00:00,1.34904,1.3492,1.34842,1.3489
GBPUSD,2026-08-10 02:00:00+00:00,1.3489,1.349,1.34853,1.34861
GBPUSD,2026-08-10 03:00:00+00:00,1.3486,1.3487,1.34832,1.34852
GBPUSD,2026-08-10 04:00:00+00:00,1.34852,1.34902,1.34838,1.34884
GBPUSD,2026-08-10 05:00:00+00:00,1.34883,1.34947,1.34874,1.34942
GBPUSD,2026-08-10 06:00:00+00:00,1.34942,1.34978,1.34918,1.34951
GBPUSD,2026-08-10 07:00:00+00:00,1.3495,1.35017,1.34916,1.34962
GBPUSD,2026-08-10 08:00:00+00:00,1.34961,1.35056,1.34946,1.35034
GBPUSD,2026-08-10 09:00:00+00:00,1.35034,1.35068,1.34954,1.34954
GBPUSD,2026-08-10 10:00:00+00:00,1.34952,1.35014,1.34926,1.3501
GBPUSD,2026-08-10 11:00:00+00:00,1.3501,1.35028,1.34963,1.35012
GBPUSD,2026-08-10 12:00:00+00:00,1.35011,1.35042,1.34904,1.3495
GBPUSD,2026-08-10 13:00:00+00:00,1.3495,1.3508,1.34948,1.35046
GBPUSD,2026-08-10 14:00:00+00:00,1.35046,1.35308,1.3504,1.35208
GBPUSD,2026-08-10 15:00:00+00:00,1.35208,1.35276,1.3516,1.35258
GBPUSD,2026-08-10 16:00:00+00:00,1.35259,1.3527,1.35137,1.35138
GBPUSD,2026-08-10 17:00:00+00:00,1.35138,1.35148,1.35054,1.35066
GBPUSD,2026-08-10 18:00:00+00:00,1.35068,1.35118,1.3506,1.3509
GBPUSD,2026-08-10 19:00:00+00:00,1.35091,1.35098,1.35056,1.35081
GBPUSD,2026-08-10 20:00:00+00:00,1.35082,1.35102,1.35062,1.35078
GBPUSD,2026-08-10 21:00:00+00:00,1.35068,1.35111,1.35039,1.35071
GBPUSD,2026-08-10 22:00:00+00:00,1.35068,1.35093,1.35068,1.3509
GBPUSD,2026-08-10 23:00:00+00:00,1.35091,1.35116,1.35066,1.35108
GBPUSD,2026-08-11 00:00:00+00:00,1.3511,1.35155,1.35104,1.3511
GBPUSD,2026-08-11 01:00:00+00:00,1.3511,1.35152,1.35062,1.35106
GBPUSD,2026-08-11 02:00:00+00:00,1.35107,1.35118,1.35028,1.35046
GBPUSD,2026-08-11 03:00:00+00:00,1.35046,1.35132,1.35046,1.35104
GBPUSD,2026-08-11 04:00:00+00:00,1.35106,1.35138,1.35071,1.35118
GBPUSD,2026-08-11 05:00:00+00:00,1.35119,1.35144,1.35076,1.35126
GBPUSD,2026-08-11 06:00:00+00:00,1.35128,1.35159,1.35016,1.35056
GBPUSD,2026-08-11 07:00:00+00:00,1.35057,1.35085,1.34945,1.34968
GBPUSD,2026-08-11 08:00:00+00:00,1.34969,1.35088,1.34956,1.35042
GBPUSD,2026-08-11 09:00:00+00:00,1.35043,1.35053,1.34988,1.35043
GBPUSD,2026-08-11 10:00:00+00:00,1.35042,1.35052,1.34966,1.34982
GBPUSD,2026-08-11 11:00:00+00:00,1.34982,1.35067,1.34932,1.34936
GBPUSD,2026-08-11 12:00:00+00:00,1.34936,1.35028,1.34922,1.34992
GBPUSD,2026-08-11 13:00:00+00:00,1.3499,1.3507,1.34969,1.3501
GBPUSD,2026-08-11 14:00:00+00:00,1.35012,1.351,1.34982,1.35086
GBPUSD,2026-08-11 15:00:00+00:00,1.35088,1.3515,1.3502,1.3515
GBPUSD,2026-08-11 16:00:00+00:00,1.3515,1.35157,1.35039,1.35058
GBPUSD,2026-08-11 17:00:00+00:00,1.35062,1.35066,1.34971,1.35023
GBPUSD,2026-08-11 18:00:00+00:00,1.35022,1.35041,1.34966,1.35034
GBPUSD,2026-08-11 19:00:00+00:00,1.35033,1.35088,1.35028,1.35082
GBPUSD,2026-08-11 20:00:00+00:00,1.35084,1.35094,1.35038,1.35082
GBPUSD,2026-08-11 21:00:00+00:00,1.35055,1.35082,1.35031,1.35082
GBPUSD,2026-08-11 22:00:00+00:00,1.35084,1.35112,1.3507,1.35102
GBPUSD,2026-08-11 23:00:00+00:00,1.35103,1.3511,1.35078,1.35094
GBPUSD,2026-08-12 00:00:00+00:00,1.35094,1.35116,1.35064,1.3508
GBPUSD,2026-08-12 01:00:00+00:00,1.3508,1.35094,1.35026,1.35064
GBPUSD,2026-08-12 02:00:00+00:00,1.35064,1.35078,1.35016,1.3507
GBPUSD,2026-08-12 03:00:00+00:00,1.3507,1.35082,1.35046,1.35058
GBPUSD,2026-08-12 04:00:00+00:00,1.35059,1.35076,1.35034,1.35074
GBPUSD,2026-08-12 05:00:00+00:00,1.35074,1.35074,1.35025,1.35058
GBPUSD,2026-08-12 06:00:00+00:00,1.35058,1.3509,1.35026,1.3509
GBPUSD,2026-08-12 07:00:00+00:00,1.35092,1.35119,1.3506,1.35084
GBPUSD,2026-08-12 08:00:00+00:00,1.35084,1.35126,1.35069,1.3511
GBPUSD,2026-08-12 09:00:00+00:00,1.35112,1.35297,1.35105,1.35129
GBPUSD,2026-08-12 10:00:00+00:00,1.35128,1.35228,1.35125,1.35153
GBPUSD,2026-08-12 11:00:00+00:00,1.35154,1.35292,1.3514,1.35267
GBPUSD,2026-08-12 12:00:00+00:00,1.35268,1.3546,1.35072,1.35379
GBPUSD,2026-08-12 13:00:00+00:00,1.35376,1.35412,1.3517,1.35251
GBPUSD,2026-08-12 14:00:00+00:00,1.35252,1.35299,1.3504,1.35092
GBPUSD,2026-08-12 15:00:00+00:00,1.35091,1.35118,1.3502,1.35098
GBPUSD,2026-08-12 16:00:00+00:00,1.35098,1.35114,1.34945,1.34972
GBPUSD,2026-08-12 17:00:00+00:00,1.34972,1.35016,1.34916,1.34926
GBPUSD,2026-08-12 18:00:00+00:00,1.34926,1.34974,1.34878,1.34882
GBPUSD,2026-08-12 19:00:00+00:00,1.34883,1.34938,1.3488,1.34924
GBPUSD,2026-08-12 20:00:00+00:00,1.34923,1.34964,1.349,1.34952
GBPUSD,2026-08-12 21:00:00+00:00,1.34941,1.34977,1.34908,1.34944
GBPUSD,2026-08-12 22:00:00+00:00,1.34946,1.3497,1.34921,1.34962
GBPUSD,2026-08-12 23:00:00+00:00,1.34963,1.34978,1.34952,1.3497
GBPUSD,2026-08-13 00:00:00+00:00,1.34972,1.35007,1.34947,1.34976
GBPUSD,2026-08-13 01:00:00+00:00,1.34977,1.34996,1.3491,1.34924
GBPUSD,2026-08-13 02:00:00+00:00,1.34923,1.34931,1.34868,1.34884
GBPUSD,2026-08-13 03:00:00+00:00,1.34883,1.34914,1.34868,1.34904
GBPUSD,2026-08-13 04:00:00+00:00,1.34904,1.34969,1.34869,1.34957
GBPUSD,2026-08-13 05:00:00+00:00,1.34958,1.34978,1.34918,1.34943
GBPUSD,2026-08-13 06:00:00+00:00,1.34944,1.35008,1.34743,1.34826
GBPUSD,2026-08-13 07:00:00+00:00,1.34826,1.34883,1.34755,1.34828
GBPUSD,2026-08-13 08:00:00+00:00,1.34829,1.34837,1.34778,1.3479
GBPUSD,2026-08-13 09:00:00+00:00,1.34787,1.34916,1.34753,1.34914
GBPUSD,2026-08-13 10:00:00+00:00,1.34915,1.35011,1.34886,1.34896
GBPUSD,2026-08-13 11:00:00+00:00,1.34896,1.34964,1.34875,1.34922
GBPUSD,2026-08-13 12:00:00+00:00,1.34918,1.35099,1.34838,1.3509
GBPUSD,2026-08-13 13:00:00+00:00,1.3509,1.351,1.34949,1.34985
GBPUSD,2026-08-13 14:00:00+00:00,1.34988,1.35132,1.34986,1.35076
GBPUSD,2026-08-13 15:00:00+00:00,1.35075,1.35094,1.34942,1.34958
GBPUSD,2026-08-13 16:00:00+00:00,1.34958,1.34962,1.34828,1.34859
GBPUSD,2026-08-13 17:00:00+00:00,1.3486,1.34894,1.34798,1.34822
GBPUSD,2026-08-13 18:00:00+00:00,1.34822,1.34874,1.34797,1.3484
GBPUSD,2026-08-13 19:00:00+00:00,1.3484,1.34883,1.34837,1.34874
GBPUSD,2026-08-13 20:00:00+00:00,1.34874,1.34882,1.34846,1.3487
GBPUSD,2026-08-13 21:00:00+00:00,1.34862,1.34934,1.34834,1.34876
GBPUSD,2026-08-13 22:00:00+00:00,1.34877,1.34888,1.34855,1.34888
GBPUSD,2026-08-13 23:00:00+00:00,1.34888,1.3491,1.34878,1.349
GBPUSD,2026-08-14 00:00:00+00:00,1.349,1.34983,1.34898,1.34977
GBPUSD,2026-08-14 01:00:00+00:00,1.34976,1.3498,1.34892,1.34894
GBPUSD,2026-08-14 02:00:00+00:00,1.34895,1.34939,1.34886,1.34899
GBPUSD,2026-08-14 03:00:00+00:00,1.34898,1.34976,1.3489,1.3495
GBPUSD,2026-08-14 04:00:00+00:00,1.3495,1.35002,1.34946,1.34973
GBPUSD,2026-08-14 05:00:00+00:00,1.34974,1.35026,1.3497,1.35012
GBPUSD,2026-08-14 06:00:00+00:00,1.3501,1.35048,1.34982,1.35048
GBPUSD,2026-08-14 07:00:00+00:00,1.35052,1.35136,1.35032,1.35124
GBPUSD,2026-08-14 08:00:00+00:00,1.35122,1.35274,1.35122,1.35228
GBPUSD,2026-08-14 09:00:00+00:00,1.35226,1.3526,1.35198,1.35251
GBPUSD,2026-08-14 10:00:00+00:00,1.35252,1.35298,1.35232,1.35276
GBPUSD,2026-08-14 11:00:00+00:00,1.35277,1.35428,1.35268,1.3535
GBPUSD,2026-08-14 12:00:00+00:00,1.35353,1.3551,1.35328,1.35383
GBPUSD,2026-08-14 13:00:00+00:00,1.35384,1.3562,1.35344,1.3552
GBPUSD,2026-08-14 14:00:00+00:00,1.35522,1.35613,1.35458,1.35484
GBPUSD,2026-08-14 15:00:00+00:00,1.35486,1.35572,1.35398,1.35542
GBPUSD,2026-08-14 16:00:00+00:00,1.35542,1.35567,1.35385,1.35394
GBPUSD,2026-08-14 17:00:00+00:00,1.35393,1.35396,1.3527,1.35324
GBPUSD,2026-08-14 18:00:00+00:00,1.35325,1.35358,1.35298,1.35332
GBPUSD,2026-08-14 19:00:00+00:00,1.35333,1.35374,1.35322,1.3535
GBPUSD,2026-08-14 20:00:00+00:00,1.35349,1.35366,1.35322,1.35334
GBPUSD,2026-08-16 21:00:00+00:00,1.35413,1.35438,1.35322,1.35363
GBPUSD,2026-08-16 22:00:00+00:00,1.35376,1.35434,1.35311,1.35434
GBPUSD,2026-08-16 23:00:00+00:00,1.35433,1.35474,1.3543,1.35464
GBPUSD,2026-08-17 00:00:00+00:00,1.35463,1.35559,1.35463,1.35551
GBPUSD,2026-08-17 01:00:00+00:00,1.35553,1.35568,1.35502,1.35553
GBPUSD,2026-08-17 02:00:00+00:00,1.35552,1.35562,1.35494,1.35499
GBPUSD,2026-08-17 03:00:00+00:00,1.355,1.35521,1.35468,1.35519
GBPUSD,2026-08-17 04:00:00+00:00,1.3552,1.35564,1.35507,1.35513
GBPUSD,2026-08-17 05:00:00+00:00,1.35512,1.35586,1.35496,1.35538
GBPUSD,2026-08-17 06:00:00+00:00,1.35538,1.35605,1.35508,1.35585
GBPUSD,2026-08-17 07:00:00+00:00,1.35587,1.35712,1.35547,1.35632
GBPUSD,2026-08-17 08:00:00+00:00,1.35629,1.3571,1.35494,1.35538
GBPUSD,2026-08-17 09:00:00+00:00,1.35539,1.35622,1.35518,1.35588
GBPUSD,2026-08-17 10:00:00+00:00,1.35589,1.35652,1.35536,1.35564
GBPUSD,2026-08-17 11:00:00+00:00,1.35563,1.35612,1.35518,1.35564
GBPUSD,2026-08-17 12:00:00+00:00,1.35564,1.35625,1.35529,1.35608
GBPUSD,2026-08-17 13:00:00+00:00,1.35608,1.35663,1.35512,1.356
GBPUSD,2026-08-17 14:00:00+00:00,1.35599,1.35688,1.35504,1.35528
GBPUSD,2026-08-17 15:00:00+00:00,1.35528,1.35621,1.35508,1.3562
GBPUSD,2026-08-17 16:00:00+00:00,1.3562,1.35649,1.35572,1.35588
GBPUSD,2026-08-17 17:00:00+00:00,1.35589,1.35599,1.35441,1.35444
GBPUSD,2026-08-17 18:00:00+00:00,1.35445,1.35457,1.35358,1.35378
GBPUSD,2026-08-17 19:00:00+00:00,1.35383,1.35449,1.3536,1.35434
GBPUSD,2026-08-17 20:00:00+00:00,1.35433,1.35452,1.35406,1.35425
GBPUSD,2026-08-17 21:00:00+00:00,1.35484,1.35507,1.35392,1.35412
GBPUSD,2026-08-17 22:00:00+00:00,1.35423,1.35458,1.35423,1.35443
GBPUSD,2026-08-17 23:00:00+00:00,1.35442,1.35522,1.35437,1.35505
GBPUSD,2026-08-18 00:00:00+00:00,1.35506,1.35542,1.3545,1.35504
GBPUSD,2026-08-18 01:00:00+00:00,1.35505,1.35536,1.35453,1.35463
GBPUSD,2026-08-18 02:00:00+00:00,1.35462,1.35472,1.35392,1.3546
GBPUSD,2026-08-18 03:00:00+00:00,1.3546,1.3546,1.3534,1.35352
GBPUSD,2026-08-18 04:00:00+00:00,1.35353,1.35381,1.35311,1.35353
GBPUSD,2026-08-18 05:00:00+00:00,1.35352,1.35392,1.35328,1.35358
GBPUSD,2026-08-18 06:00:00+00:00,1.35358,1.3543,1.35213,1.3527
GBPUSD,2026-08-18 07:00:00+00:00,1.35269,1.35315,1.35197,1.35288
GBPUSD,2026-08-18 08:00:00+00:00,1.35288,1.35338,1.35236,1.35322
GBPUSD,2026-08-18 09:00:00+00:00,1.35322,1.35338,1.35265,1.3532
GBPUSD,2026-08-18 10:00:00+00:00,1.35321,1.35322,1.35244,1.3526
GBPUSD,2026-08-18 11:00:00+00:00,1.35257,1.35278,1.35198,1.35272
GBPUSD,2026-08-18 12:00:00+00:00,1.35271,1.35344,1.35236,1.35314
GBPUSD,2026-08-18 13:00:00+00:00,1.35314,1.35438,1.35282,1.35411
GBPUSD,2026-08-18 14:00:00+00:00,1.3541,1.35511,1.35391,1.35428
GBPUSD,2026-08-18 15:00:00+00:00,1.35428,1.35482,1.35362,1.3543
GBPUSD,2026-08-18 16:00:00+00:00,1.3543,1.35472,1.35406,1.35407
GBPUSD,2026-08-18 17:00:00+00:00,1.35408,1.35415,1.35322,1.35348
GBPUSD,2026-08-18 18:00:00+00:00,1.35348,1.3538,1.35326,1.3534
GBPUSD,2026-08-18 19:00:00+00:00,1.3534,1.35398,1.35314,1.35328
GBPUSD,2026-08-18 20:00:00+00:00,1.35328,1.35328,1.35285,1.35319
GBPUSD,2026-08-18 21:00:00+00:00,1.35346,1.35369,1.35294,1.3536
GBPUSD,2026-08-18 22:00:00+00:00,1.35364,1.3538,1.3531,1.35336
GBPUSD,2026-08-18 23:00:00+00:00,1.35338,1.35364,1.3532,1.35362
GBPUSD,2026-08-19 00:00:00+00:00,1.35367,1.35418,1.3529,1.35292
GBPUSD,2026-08-19 01:00:00+00:00,1.3529,1.35315,1.35236,1.35308
GBPUSD,2026-08-19 02:00:00+00:00,1.35308,1.35437,1.353,1.35398
GBPUSD,2026-08-19 03:00:00+00:00,1.35399,1.35417,1.3537,1.35374
GBPUSD,2026-08-19 04:00:00+00:00,1.35374,1.35426,1.35365,1.35418
GBPUSD,2026-08-19 05:00:00+00:00,1.35418,1.3545,1.35395,1.35439
GBPUSD,2026-08-19 06:00:00+00:00,1.35439,1.35581,1.35406,1.35512
GBPUSD,2026-08-19 07:00:00+00:00,1.35512,1.35562,1.35448,1.3556
GBPUSD,2026-08-19 08:00:00+00:00,1.35559,1.3566,1.35528,1.35534
GBPUSD,2026-08-19 09:00:00+00:00,1.35533,1.35596,1.35498,1.35582
GBPUSD,2026-08-19 10:00:00+00:00,1.35582,1.35646,1.35547,1.35564
GBPUSD,2026-08-19 11:00:00+00:00,1.35563,1.35606,1.35476,1.3553
GBPUSD,2026-08-19 12:00:00+00:00,1.35529,1.36034,1.35525,1.35949
GBPUSD,2026-08-19 13:00:00+00:00,1.3595,1.36242,1.35949,1.36176
GBPUSD,2026-08-19 14:00:00+00:00,1.36173,1.36306,1.36067,1.36088
GBPUSD,2026-08-19 15:00:00+00:00,1.36088,1.36156,1.3601,1.36067
GBPUSD,2026-08-19 16:00:00+00:00,1.36068,1.36158,1.36041,1.36102
GBPUSD,2026-08-19 17:00:00+00:00,1.36103,1.3616,1.35904,1.35913
GBPUSD,2026-08-19 18:00:00+00:00,1.35912,1.36101,1.35897,1.36071
GBPUSD,2026-08-19 19:00:00+00:00,1.36076,1.3612,1.3603,1.36077
GBPUSD,2026-08-19 20:00:00+00:00,1.36078,1.361,1.36025,1.36062
GBPUSD,2026-08-19 21:00:00+00:00,1.36033,1.36128,1.36022,1.36086
GBPUSD,2026-08-19 22:00:00+00:00,1.36088,1.36104,1.36035,1.36035
GBPUSD,2026-08-19 23:00:00+00:00,1.36034,1.3607,1.35986,1.36
GBPUSD,2026-08-20 00:00:00+00:00,1.36002,1.36072,1.35974,1.35996
GBPUSD,2026-08-20 01:00:00+00:00,1.35996,1.36084,1.35946,1.36078
GBPUSD,2026-08-20 02:00:00+00:00,1.36078,1.3615,1.3602,1.3605
GBPUSD,2026-08-20 03:00:00+00:00,1.36051,1.3615,1.36044,1.36142
GBPUSD,2026-08-20 04:00:00+00:00,1.36143,1.36167,1.3606,1.36074
GBPUSD,2026-08-20 05:00:00+00:00,1.36075,1.36104,1.36,1.36046
GBPUSD,2026-08-20 06:00:00+00:00,1.36044,1.3617,1.36029,1.36168
GBPUSD,2026-08-20 07:00:00+00:00,1.36166,1.36314,1.36088,1.3625
GBPUSD,2026-08-20 08:00:00+00:00,1.3625,1.36374,1.36233,1.36356
GBPUSD,2026-08-20 09:00:00+00:00,1.36356,1.36478,1.36315,1.36478
GBPUSD,2026-08-20 10:00:00+00:00,1.36477,1.36598,1.36407,1.36445
GBPUSD,2026-08-20 11:00:00+00:00,1.36446,1.3646,1.36291,1.3632
GBPUSD,2026-08-20 12:00:00+00:00,1.3632,1.36456,1.36204,1.36422
GBPUSD,2026-08-20 13:00:00+00:00,1.36424,1.3653,1.3633,1.3634
GBPUSD,2026-08-20 14:00:00+00:00,1.3634,1.36398,1.36267,1.36318
GBPUSD,2026-08-20 15:00:00+00:00,1.36318,1.3648,1.36275,1.36368
GBPUSD,2026-08-20 16:00:00+00:00,1.3637,1.36376,1.36237,1.36308
GBPUSD,2026-08-20 17:00:00+00:00,1.36308,1.36316,1.36231,1.36276
GBPUSD,2026-08-20 18:00:00+00:00,1.36275,1.36284,1.36207,1.36277
GBPUSD,2026-08-20 19:00:00+00:00,1.36278,1.3631,1.3625,1.36285
GBPUSD,2026-08-20 20:00:00+00:00,1.36288,1.3633,1.36278,1.36308
GBPUSD,2026-08-20 21:00:00+00:00,1.36296,1.3634,1.3626,1.36315
GBPUSD,2026-08-20 22:00:00+00:00,1.36311,1.36368,1.36308,1.36362
GBPUSD,2026-08-20 23:00:00+00:00,1.3636,1.3644,1.3636,1.36429
US30,2026-06-22 08:00:00+00:00,51658.8,51677.8,51622.3,51670.8
US30,2026-06-22 09:00:00+00:00,51671.3,51741.8,51659.3,51670.8
US30,2026-06-22 10:00:00+00:00,51670.3,51735.8,51669.8,51699.3
US30,2026-06-22 11:00:00+00:00,51699.8,51803.8,51686.3,51751.8
US30,2026-06-22 12:00:00+00:00,51751.3,51828.8,51742.8,51747.3
US30,2026-06-22 13:00:00+00:00,51749.8,52002.8,51745.8,51958.4
US30,2026-06-22 14:00:00+00:00,51959.8,52010.8,51770.8,51841.8
US30,2026-06-22 15:00:00+00:00,51841.4,51923.0,51767.8,51892.0
US30,2026-06-22 16:00:00+00:00,51891.6,51925.6,51826.0,51893.0
US30,2026-06-22 17:00:00+00:00,51893.6,51903.6,51799.0,51835.0
US30,2026-06-22 18:00:00+00:00,51834.6,51899.0,51745.6,51751.0
US30,2026-06-22 19:00:00+00:00,51753.0,51861.6,51731.0,51836.0
US30,2026-06-22 20:00:00+00:00,51838.6,51922.0,51826.5,51900.5
US30,2026-06-22 22:00:00+00:00,51910.0,51929.0,51851.0,51866.0
US30,2026-06-22 23:00:00+00:00,51865.5,51877.5,51831.0,51875.0
US30,2026-06-23 00:00:00+00:00,51874.5,51983.0,51857.0,51975.5
US30,2026-06-23 01:00:00+00:00,51975.0,51985.0,51842.0,51898.5
US30,2026-06-23 02:00:00+00:00,51899.0,51919.5,51850.0,51858.0
US30,2026-06-23 03:00:00+00:00,51858.5,51863.5,51769.5,51824.0
US30,2026-06-23 04:00:00+00:00,51824.5,51847.5,51707.5,51714.5
US30,2026-06-23 05:00:00+00:00,51717.5,51752.0,51642.0,51667.5
US30,2026-06-23 06:00:00+00:00,51668.5,51688.5,51579.5,51585.0
US30,2026-06-23 07:00:00+00:00,51584.5,51590.0,51420.0,51456.0
US30,2026-06-23 08:00:00+00:00,51458.0,51547.0,51414.5,51504.0
US30,2026-06-23 09:00:00+00:00,51504.5,51601.5,51487.5,51592.5
US30,2026-06-23 10:00:00+00:00,51593.0,51666.0,51538.5,51566.0
US30,2026-06-23 11:00:00+00:00,51564.5,51689.5,51543.5,51647.5
US30,2026-06-23 12:00:00+00:00,51643.5,51671.0,51568.5,51614.5
US30,2026-06-23 13:00:00+00:00,51614.0,51812.6,51417.0,51657.0
US30,2026-06-23 14:00:00+00:00,51655.0,51930.0,51637.0,51890.0
US30,2026-06-23 15:00:00+00:00,51890.6,51901.6,51744.6,51872.6
US30,2026-06-23 16:00:00+00:00,51872.0,51996.6,51864.6,51959.6
US30,2026-06-23 17:00:00+00:00,51960.0,52010.6,51890.6,51907.6
US30,2026-06-23 18:00:00+00:00,51910.6,51944.6,51773.6,51817.6
US30,2026-06-23 19:00:00+00:00,51817.0,51890.6,51776.6,51797.0
US30,2026-06-23 20:00:00+00:00,51798.6,51856.5,51782.0,51855.0
US30,2026-06-23 22:00:00+00:00,51824.0,51830.5,51740.5,51769.0
US30,2026-06-23 23:00:00+00:00,51769.5,51846.5,51698.5,51821.0
US30,2026-06-24 00:00:00+00:00,51820.5,51858.0,51763.5,51789.5
US30,2026-06-24 01:00:00+00:00,51790.0,51809.5,51752.5,51789.5
US30,2026-06-24 02:00:00+00:00,51789.0,51814.0,51729.5,51730.0
US30,2026-06-24 03:00:00+00:00,51730.5,51818.5,51713.0,51805.0
US30,2026-06-24 04:00:00+00:00,51805.5,51817.5,51745.0,51778.0
US30,2026-06-24 05:00:00+00:00,51780.0,51787.5,51734.0,51763.0
US30,2026-06-24 06:00:00+00:00,51762.5,51765.0,51710.5,51741.5
US30,2026-06-24 07:00:00+00:00,51742.0,51768.5,51691.0,51713.5
US30,2026-06-24 08:00:00+00:00,51714.0,51769.0,51713.0,51743.5
US30,2026-06-24 09:00:00+00:00,51745.0,51769.5,51693.5,51734.0
US30,2026-06-24 10:00:00+00:00,51733.5,51810.5,51699.0,51747.0
US30,2026-06-24 11:00:00+00:00,51748.5,51905.0,51746.0,51901.0
US30,2026-06-24 12:00:00+00:00,51900.5,51906.5,51758.0,51776.0
US30,2026-06-24 13:00:00+00:00,51775.5,51987.0,51664.0,51876.0
US30,2026-06-24 14:00:00+00:00,51876.6,52239.0,51860.6,52236.6
US30,2026-06-24 15:00:00+00:00,52239.6,52407.0,52193.0,52307.0
US30,2026-06-24 16:00:00+00:00,52307.4,52340.0,52182.0,52200.0
US30,2026-06-24 17:00:00+00:00,52200.4,52222.4,51890.0,51936.4
US30,2026-06-24 18:00:00+00:00,51937.0,52149.4,51924.4,52036.4
US30,2026-06-24 19:00:00+00:00,52037.0,52105.4,51920.4,52015.4
US30,2026-06-24 20:00:00+00:00,52015.0,52149.9,51989.4,52131.4
US30,2026-06-24 22:00:00+00:00,52133.9,52134.4,52032.9,52039.9
US30,2026-06-24 23:00:00+00:00,52040.4,52089.9,52023.4,52060.4
US30,2026-06-25 00:00:00+00:00,52060.9,52066.4,51966.4,51977.9
US30,2026-06-25 01:00:00+00:00,51978.4,52033.4,51962.9,51988.4
US30,2026-06-25 02:00:00+00:00,51988.9,52024.4,51977.9,52009.9
US30,2026-06-25 03:00:00+00:00,52010.4,52031.4,51988.9,52029.9
US30,2026-06-25 04:00:00+00:00,52030.4,52034.4,51948.9,51960.4
US30,2026-06-25 05:00:00+00:00,51960.9,52017.4,51960.4,51999.4
US30,2026-06-25 06:00:00+00:00,51999.9,52096.4,51999.9,52062.4
US30,2026-06-25 07:00:00+00:00,52062.9,52094.9,52057.9,52078.4
US30,2026-06-25 08:00:00+00:00,52077.9,52093.9,52025.4,52035.4
US30,2026-06-25 09:00:00+00:00,52035.9,52088.4,52028.9,52070.4
US30,2026-06-25 10:00:00+00:00,52069.9,52193.9,52068.9,52155.9
US30,2026-06-25 11:00:00+00:00,52155.4,52160.9,52068.4,52069.9
US30,2026-06-25 12:00:00+00:00,52068.4,52195.9,52039.4,52136.4
US30,2026-06-25 13:00:00+00:00,52138.9,52413.4,52128.4,52195.4
US30,2026-06-25 14:00:00+00:00,52197.4,52824.4,52190.4,52635.4
US30,2026-06-25 15:00:00+00:00,52637.0,52668.0,52340.4,52404.0
US30,2026-06-25 16:00:00+00:00,52405.6,52481.6,52173.0,52201.0
US30,2026-06-25 17:00:00+00:00,52201.6,52255.6,52074.6,52175.0
US30,2026-06-25 18:00:00+00:00,52174.6,52302.6,52039.0,52128.0
US30,2026-06-25 19:00:00+00:00,52127.6,52162.6,52027.6,52101.6
US30,2026-06-25 20:00:00+00:00,52102.0,52263.5,52096.0,52190.0
US30,2026-06-25 22:00:00+00:00,52158.5,52179.5,52137.0,52162.5
US30,2026-06-25 23:00:00+00:00,52163.0,52263.0,52095.0,52129.0
US30,2026-06-26 00:00:00+00:00,52127.5,52206.5,52112.0,52168.0
US30,2026-06-26 01:00:00+00:00,52170.0,52195.5,52050.5,52073.0
US30,2026-06-26 02:00:00+00:00,52074.5,52081.0,51963.0,51971.0
US30,2026-06-26 03:00:00+00:00,51972.5,52013.5,51923.5,52011.0
US30,2026-06-26 04:00:00+00:00,52011.5,52020.0,51953.5,51960.0
US30,2026-06-26 05:00:00+00:00,51959.5,52016.5,51901.5,51954.0
US30,2026-06-26 06:00:00+00:00,51954.5,52159.0,51949.5,52133.5
US30,2026-06-26 07:00:00+00:00,52134.0,52182.0,52079.0,52168.0
US30,2026-06-26 08:00:00+00:00,52170.0,52193.0,52015.5,52053.0
US30,2026-06-26 09:00:00+00:00,52052.5,52074.0,51989.0,52024.5
US30,2026-06-26 10:00:00+00:00,52024.0,52035.0,51970.5,52019.0
US30,2026-06-26 11:00:00+00:00,52021.0,52050.0,51977.0,52012.5
US30,2026-06-26 12:00:00+00:00,52015.0,52129.0,51925.5,51982.0
US30,2026-06-26 13:00:00+00:00,51982.5,51989.0,51744.0,51934.6
US30,2026-06-26 14:00:00+00:00,51934.0,52169.0,51918.6,52023.6
US30,2026-06-26 15:00:00+00:00,52025.6,52277.6,52008.0,52249.6
US30,2026-06-26 16:00:00+00:00,52252.2,52254.2,51989.2,52122.2
US30,2026-06-26 17:00:00+00:00,52122.6,52221.2,52037.6,52057.2
US30,2026-06-26 18:00:00+00:00,52057.6,52115.6,51965.6,51986.2
US30,2026-06-26 19:00:00+00:00,51986.6,52068.2,51877.6,51904.2
US30,2026-06-26 20:00:00+00:00,51914.2,52050.6,51914.2,51945.6
US30,2026-06-28 22:00:00+00:00,51985.1,52100.1,51969.1,52082.1
US30,2026-06-28 23:00:00+00:00,52081.6,52197.1,52073.6,52150.1
US30,2026-06-29 00:00:00+00:00,52149.6,52152.6,52052.1,52113.1
US30,2026-06-29 01:00:00+00:00,52112.6,52122.1,52017.6,52073.6
US30,2026-06-29 02:00:00+00:00,52074.1,52117.6,52003.6,52107.1
US30,2026-06-29 03:00:00+00:00,52108.6,52146.1,52054.6,52131.1
US30,2026-06-29 04:00:00+00:00,52131.6,52131.6,52087.6,52106.1
US30,2026-06-29 05:00:00+00:00,52106.6,52186.1,52095.1,52177.6
US30,2026-06-29 06:00:00+00:00,52178.1,52179.6,52089.1,52098.6
US30,2026-06-29 07:00:00+00:00,52098.1,52166.6,52036.1,52158.1
US30,2026-06-29 08:00:00+00:00,52158.6,52213.1,52107.1,52111.6
US30,2026-06-29 09:00:00+00:00,52111.1,52168.6,52081.6,52119.1
US30,2026-06-29 10:00:00+00:00,52119.6,52199.6,52088.1,52196.1
US30,2026-06-29 11:00:00+00:00,52196.6,52243.1,52148.6,52210.6
US30,2026-06-29 12:00:00+00:00,52211.1,52219.1,52132.1,52208.1
US30,2026-06-29 13:00:00+00:00,52207.6,52430.6,52126.6,52299.6
US30,2026-06-29 14:00:00+00:00,52298.2,52442.2,52069.6,52342.6
US30,2026-06-29 15:00:00+00:00,52345.2,52348.2,52180.2,52235.6
US30,2026-06-29 16:00:00+00:00,52238.6,52289.2,52204.6,52241.2
US30,2026-06-29 17:00:00+00:00,52241.6,52378.6,52236.2,52363.2
US30,2026-06-29 18:00:00+00:00,52362.6,52405.2,52346.2,52362.6
US30,2026-06-29 19:00:00+00:00,52362.2,52377.2,52283.2,52301.6
US30,2026-06-29 20:00:00+00:00,52302.2,52330.1,52287.6,52297.1
US30,2026-06-29 22:00:00+00:00,52279.1,52303.6,52263.6,52275.1
US30,2026-06-29 23:00:00+00:00,52274.6,52299.1,52240.1,52262.1
US30,2026-06-30 00:00:00+00:00,52261.6,52274.1,52211.6,52262.1
US30,2026-06-30 01:00:00+00:00,52262.6,52304.1,52235.6,52292.6
US30,2026-06-30 02:00:00+00:00,52293.1,52293.6,52245.6,52253.6
US30,2026-06-30 03:00:00+00:00,52254.1,52333.1,52251.6,52309.1
US30,2026-06-30 04:00:00+00:00,52308.6,52352.1,52306.6,52323.6
US30,2026-06-30 05:00:00+00:00,52324.1,52346.6,52311.1,52334.6
US30,2026-06-30 06:00:00+00:00,52336.1,52349.1,52300.1,52349.1
US30,2026-06-30 07:00:00+00:00,52348.6,52384.1,52323.1,52333.1
US30,2026-06-30 08:00:00+00:00,52333.6,52367.1,52287.6,52339.6
US30,2026-06-30 09:00:00+00:00,52340.1,52444.1,52333.6,52411.6
US30,2026-06-30 10:00:00+00:00,52413.1,52434.6,52351.6,52417.1
US30,2026-06-30 11:00:00+00:00,52415.6,52458.1,52355.6,52359.6
US30,2026-06-30 12:00:00+00:00,52360.1,52361.1,52236.1,52290.1
US30,2026-06-30 13:00:00+00:00,52289.6,52407.6,52129.2,52357.2
US30,2026-06-30 14:00:00+00:00,52358.6,52477.2,52293.2,52356.2
US30,2026-06-30 15:00:00+00:00,52358.2,52471.2,52350.2,52428.4
US30,2026-06-30 16:00:00+00:00,52428.0,52510.4,52422.4,52491.4
US30,2026-06-30 17:00:00+00:00,52492.0,52512.4,52446.0,52449.4
US30,2026-06-30 18:00:00+00:00,52451.0,52486.4,52420.4,52461.4
US30,2026-06-30 19:00:00+00:00,52459.4,52503.4,52394.0,52416.4
US30,2026-06-30 20:00:00+00:00,52416.4,52453.9,52309.4,52333.4
US30,2026-06-30 22:00:00+00:00,52332.9,52357.9,52316.4,52324.9
US30,2026-06-30 23:00:00+00:00,52325.4,52334.4,52309.4,52320.9
US30,2026-07-01 00:00:00+00:00,52321.4,52374.4,52319.9,52353.4
US30,2026-07-01 01:00:00+00:00,52352.9,52362.9,52276.9,52283.4
US30,2026-07-01 02:00:00+00:00,52282.9,52294.4,52214.9,52240.4
US30,2026-07-01 03:00:00+00:00,52240.9,52257.4,52213.4,52250.9
US30,2026-07-01 04:00:00+00:00,52250.4,52278.9,52231.9,52258.4
US30,2026-07-01 05:00:00+00:00,52257.9,52267.9,52231.9,52247.9
US30,2026-07-01 06:00:00+00:00,52248.4,52281.4,52233.4,52261.9
US30,2026-07-01 07:00:00+00:00,52259.9,52282.4,52174.4,52244.9
US30,2026-07-01 08:00:00+00:00,52244.4,52320.4,52225.9,52307.9
US30,2026-07-01 09:00:00+00:00,52308.4,52311.4,52257.9,52294.4
US30,2026-07-01 10:00:00+00:00,52294.9,52320.4,52252.4,52302.9
US30,2026-07-01 11:00:00+00:00,52302.4,52333.4,52251.9,52266.9
US30,2026-07-01 12:00:00+00:00,52266.4,52299.4,52210.4,52276.4
US30,2026-07-01 13:00:00+00:00,52276.9,52401.4,52129.4,52380.4
US30,2026-07-01 14:00:00+00:00,52381.4,52555.4,52335.0,52553.0
US30,2026-07-01 15:00:00+00:00,52554.4,52737.0,52508.4,52733.4
US30,2026-07-01 16:00:00+00:00,52734.0,52855.8,52614.8,52616.8
US30,2026-07-01 17:00:00+00:00,52617.4,52648.4,52512.4,52521.4
US30,2026-07-01 18:00:00+00:00,52522.0,52545.0,52444.4,52477.0
US30,2026-07-01 19:00:00+00:00,52477.4,52500.0,52410.8,52416.2
US30,2026-07-01 20:00:00+00:00,52416.8,52420.7,52324.2,52356.7
US30,2026-07-01 22:00:00+00:00,52327.1,52371.1,52324.1,52367.1
US30,2026-07-01 23:00:00+00:00,52367.6,52376.6,52330.1,52356.1
US30,2026-07-02 00:00:00+00:00,52356.6,52363.6,52309.1,52359.1
US30,2026-07-02 01:00:00+00:00,52359.6,52444.1,52356.6,52428.6
US30,2026-07-02 02:00:00+00:00,52428.1,52468.6,52425.1,52465.6
US30,2026-07-02 03:00:00+00:00,52466.1,52484.1,52452.6,52469.6
US30,2026-07-02 04:00:00+00:00,52470.1,52471.6,52415.1,52433.6
US30,2026-07-02 05:00:00+00:00,52435.1,52452.6,52399.1,52401.1
US30,2026-07-02 06:00:00+00:00,52400.6,52413.1,52336.1,52338.6
US30,2026-07-02 07:00:00+00:00,52339.1,52402.1,52298.6,52379.6
US30,2026-07-02 08:00:00+00:00,52381.1,52468.6,52363.1,52434.1
US30,2026-07-02 09:00:00+00:00,52434.6,52460.6,52411.6,52447.6
US30,2026-07-02 10:00:00+00:00,52447.1,52520.6,52429.1,52506.6
US30,2026-07-02 11:00:00+00:00,52507.1,52530.6,52477.6,52479.1
US30,2026-07-02 12:00:00+00:00,52478.6,52694.6,52459.6,52618.1
US30,2026-07-02 13:00:00+00:00,52618.6,52875.6,52552.6,52783.6
US30,2026-07-02 14:00:00+00:00,52782.2,52890.2,52673.2,52865.6
US30,2026-07-02 15:00:00+00:00,52864.2,52867.2,52669.6,52762.6
US30,2026-07-02 16:00:00+00:00,52762.0,52791.6,52674.0,52710.6
US30,2026-07-02 17:00:00+00:00,52709.0,52713.6,52520.0,52538.0
US30,2026-07-02 18:00:00+00:00,52538.6,52791.0,52517.6,52751.6
US30,2026-07-02 19:00:00+00:00,52753.6,52971.0,52668.6,52923.6
US30,2026-07-02 20:00:00+00:00,52924.0,52932.0,52890.5,52916.0
US30,2026-07-02 22:00:00+00:00,52915.5,52946.5,52897.5,52945.0
US30,2026-07-02 23:00:00+00:00,52943.0,52980.0,52932.0,52972.0
US30,2026-07-03 00:00:00+00:00,52971.5,53032.0,52941.0,53015.0
US30,2026-07-03 01:00:00+00:00,53015.5,53153.0,53009.0,53107.0
US30,2026-07-03 02:00:00+00:00,53108.5,53123.5,53066.0,53088.0
US30,2026-07-03 03:00:00+00:00,53087.5,53094.0,53054.5,53089.0
US30,2026-07-03 04:00:00+00:00,53089.5,53094.5,53065.5,53067.5
US30,2026-07-03 05:00:00+00:00,53068.0,53071.0,53012.0,53016.0
US30,2026-07-03 06:00:00+00:00,53016.5,53075.5,53013.0,53059.5
US30,2026-07-03 07:00:00+00:00,53060.0,53097.5,52975.0,52975.0
US30,2026-07-03 08:00:00+00:00,52975.5,52981.5,52875.0,52879.5
US30,2026-07-03 09:00:00+00:00,52879.0,52913.0,52870.0,52871.0
US30,2026-07-03 10:00:00+00:00,52870.5,52914.5,52856.5,52873.5
US30,2026-07-03 11:00:00+00:00,52873.0,52873.0,52826.5,52857.5
US30,2026-07-03 12:00:00+00:00,52858.0,52876.5,52826.5,52869.0
US30,2026-07-03 13:00:00+00:00,52869.5,52906.6,52834.5,52878.6
US30,2026-07-03 14:00:00+00:00,52879.0,52999.6,52862.6,52992.6
US30,2026-07-03 15:00:00+00:00,52993.0,52994.6,52899.6,52931.6
US30,2026-07-03 16:00:00+00:00,52933.0,52937.0,52907.0,52923.6
US30,2026-07-05 22:00:00+00:00,52949.6,52949.6,52879.6,52920.1
US30,2026-07-05 23:00:00+00:00,52919.6,52999.1,52914.1,52996.6
US30,2026-07-06 00:00:00+00:00,52998.6,53037.1,52944.1,53014.6
US30,2026-07-06 01:00:00+00:00,53015.1,53018.6,52961.6,52980.6
US30,2026-07-06 02:00:00+00:00,52982.1,52989.6,52915.1,52933.6
US30,2026-07-06 03:00:00+00:00,52933.1,52933.1,52893.6,52905.1
US30,2026-07-06 04:00:00+00:00,52904.6,52933.6,52887.6,52923.1
US30,2026-07-06 05:00:00+00:00,52923.6,52951.6,52910.1,52921.1
US30,2026-07-06 06:00:00+00:00,52921.6,52941.1,52912.1,52936.6
US30,2026-07-06 07:00:00+00:00,52936.1,53040.1,52928.1,53034.6
US30,2026-07-06 08:00:00+00:00,53034.1,53051.6,52963.1,52982.6
US30,2026-07-06 09:00:00+00:00,52983.1,52983.6,52920.6,52946.1
US30,2026-07-06 10:00:00+00:00,52947.6,52982.1,52905.1,52926.1
US30,2026-07-06 11:00:00+00:00,52926.6,52945.6,52848.6,52859.1
US30,2026-07-06 12:00:00+00:00,52856.6,52905.1,52839.1,52875.1
US30,2026-07-06 13:00:00+00:00,52874.6,53123.2,52780.2,52806.6
US30,2026-07-06 14:00:00+00:00,52810.2,52934.2,52703.2,52933.2
US30,2026-07-06 15:00:00+00:00,52935.2,52968.6,52885.2,52941.4
US30,2026-07-06 16:00:00+00:00,52940.8,53003.8,52903.8,52968.8
US30,2026-07-06 17:00:00+00:00,52970.4,53040.4,52943.4,52983.8
US30,2026-07-06 18:00:00+00:00,52986.8,53091.8,52986.8,53091.8
US30,2026-07-06 19:00:00+00:00,53093.4,53144.4,53031.8,53143.8
US30,2026-07-06 20:00:00+00:00,53143.4,53176.3,53125.8,53167.8
US30,2026-07-06 22:00:00+00:00,53183.8,53199.3,53169.8,53185.3
US30,2026-07-06 23:00:00+00:00,53185.8,53200.8,53114.3,53124.8
US30,2026-07-07 00:00:00+00:00,53124.3,53179.3,53115.3,53153.8
US30,2026-07-07 01:00:00+00:00,53154.3,53231.3,53149.3,53200.3
US30,2026-07-07 02:00:00+00:00,53199.8,53209.8,53169.8,53169.8
US30,2026-07-07 03:00:00+00:00,53167.3,53204.3,53167.3,53182.3
US30,2026-07-07 04:00:00+00:00,53182.8,53195.8,53127.8,53139.3
US30,2026-07-07 05:00:00+00:00,53138.8,53169.8,53119.8,53167.3
US30,2026-07-07 06:00:00+00:00,53166.8,53172.8,53102.3,53148.3
US30,2026-07-07 07:00:00+00:00,53148.8,53237.3,53133.3,53203.3
US30,2026-07-07 08:00:00+00:00,53203.8,53280.3,53173.3,53222.3
US30,2026-07-07 09:00:00+00:00,53220.3,53262.8,53202.8,53248.3
US30,2026-07-07 10:00:00+00:00,53247.8,53260.8,53171.8,53198.8
US30,2026-07-07 11:00:00+00:00,53200.3,53292.3,53183.3,53278.8
US30,2026-07-07 12:00:00+00:00,53278.3,53381.8,53259.8,53350.3
US30,2026-07-07 13:00:00+00:00,53352.8,53414.8,53096.4,53129.8
US30,2026-07-07 14:00:00+00:00,53130.4,53164.4,52944.4,52947.8
US30,2026-07-07 15:00:00+00:00,52944.4,52958.0,52839.8,52945.0
US30,2026-07-07 16:00:00+00:00,52945.6,52988.6,52917.0,52965.0
US30,2026-07-07 17:00:00+00:00,52964.6,53017.0,52923.0,52981.6
US30,2026-07-07 18:00:00+00:00,52982.0,53029.6,52947.0,52965.6
US30,2026-07-07 19:00:00+00:00,52965.0,53030.6,52890.6,52974.0
US30,2026-07-07 20:00:00+00:00,52974.6,52977.0,52917.5,52949.5
US30,2026-07-07 22:00:00+00:00,52915.5,52959.5,52905.5,52936.0
US30,2026-07-07 23:00:00+00:00,52936.5,52961.5,52897.5,52902.0
US30,2026-07-08 00:00:00+00:00,52900.5,52962.5,52860.5,52962.0
US30,2026-07-08 01:00:00+00:00,52962.5,52974.0,52921.5,52932.0
US30,2026-07-08 02:00:00+00:00,52934.0,52939.5,52880.0,52904.5
US30,2026-07-08 03:00:00+00:00,52905.0,52938.0,52902.5,52905.0
US30,2026-07-08 04:00:00+00:00,52904.5,52933.5,52896.5,52921.5
US30,2026-07-08 05:00:00+00:00,52922.0,52931.5,52859.0,52881.0
US30,2026-07-08 06:00:00+00:00,52881.5,52883.5,52790.5,52821.5
US30,2026-07-08 07:00:00+00:00,52823.0,52826.5,52743.5,52761.0
US30,2026-07-08 08:00:00+00:00,52760.5,52775.5,52309.5,52318.0
US30,2026-07-08 09:00:00+00:00,52317.5,52341.0,52236.5,52266.5
US30,2026-07-08 10:00:00+00:00,52267.0,52426.5,52235.5,52389.0
US30,2026-07-08 11:00:00+00:00,52388.5,52536.5,52338.5,52456.5
US30,2026-07-08 12:00:00+00:00,52457.0,52583.0,52421.0,52463.0
US30,2026-07-08 13:00:00+00:00,52463.5,52560.0,52367.6,52423.6
US30,2026-07-08 14:00:00+00:00,52424.0,52512.6,52188.0,52232.0
US30,2026-07-08 15:00:00+00:00,52235.0,52242.0,52108.6,52160.6
US30,2026-07-08 16:00:00+00:00,52160.0,52388.0,52160.0,52363.0
US30,2026-07-08 17:00:00+00:00,52363.6,52467.0,52340.6,52374.6
US30,2026-07-08 18:00:00+00:00,52372.6,52455.6,52351.6,52431.0
US30,2026-07-08 19:00:00+00:00,52431.6,52443.0,52351.0,52396.6
US30,2026-07-08 20:00:00+00:00,52397.0,52402.0,52307.0,52345.0
US30,2026-07-08 22:00:00+00:00,52344.5,52368.0,52332.5,52348.0
US30,2026-07-08 23:00:00+00:00,52348.5,52379.5,52338.5,52373.0
US30,2026-07-09 00:00:00+00:00,52371.5,52437.5,52352.5,52433.5
US30,2026-07-09 01:00:00+00:00,52435.5,52460.0,52413.5,52446.5
US30,2026-07-09 02:00:00+00:00,52447.0,52470.0,52420.0,52433.0
US30,2026-07-09 03:00:00+00:00,52434.5,52475.5,52414.5,52468.5
US30,2026-07-09 04:00:00+00:00,52468.0,52500.0,52459.5,52493.0
US30,2026-07-09 05:00:00+00:00,52493.5,52530.0,52446.0,52528.5
US30,2026-07-09 06:00:00+00:00,52528.0,52536.5,52465.0,52479.5
US30,2026-07-09 07:00:00+00:00,52480.0,52513.0,52450.0,52472.5
US30,2026-07-09 08:00:00+00:00,52474.0,52490.0,52412.5,52445.5
US30,2026-07-09 09:00:00+00:00,52444.0,52449.5,52345.5,52401.5
US30,2026-07-09 10:00:00+00:00,52401.0,52414.0,52278.0,52337.0
US30,2026-07-09 11:00:00+00:00,52337.5,52371.0,52302.5,52365.5
US30,2026-07-09 12:00:00+00:00,52365.0,52461.5,52359.5,52424.5
US30,2026-07-09 13:00:00+00:00,52422.0,52525.0,52325.0,52454.0
US30,2026-07-09 14:00:00+00:00,52454.6,52554.0,52399.0,52551.6
US30,2026-07-09 15:00:00+00:00,52552.0,52635.2,52491.6,52555.8
US30,2026-07-09 16:00:00+00:00,52555.2,52647.2,52554.8,52583.2
US30,2026-07-09 17:00:00+00:00,52583.8,52629.2,52563.8,52599.8
US30,2026-07-09 18:00:00+00:00,52597.8,52634.8,52521.2,52537.8
US30,2026-07-09 19:00:00+00:00,52538.2,52555.2,52480.8,52549.8
US30,2026-07-09 20:00:00+00:00,52551.8,52567.7,52505.7,52512.7
US30,2026-07-09 22:00:00+00:00,52507.2,52538.2,52497.2,52529.2
US30,2026-07-09 23:00:00+00:00,52528.7,52548.2,52513.7,52529.7
US30,2026-07-10 00:00:00+00:00,52530.2,52535.2,52492.7,52513.2
US30,2026-07-10 01:00:00+00:00,52513.7,52526.2,52503.7,52512.7
US30,2026-07-10 02:00:00+00:00,52513.2,52528.2,52497.2,52525.7
US30,2026-07-10 03:00:00+00:00,52526.2,52544.7,52511.2,52518.7
US30,2026-07-10 04:00:00+00:00,52519.2,52523.2,52486.2,52490.7
US30,2026-07-10 05:00:00+00:00,52491.2,52527.7,52486.7,52525.7
US30,2026-07-10 06:00:00+00:00,52526.2,52600.2,52526.2,52568.7
US30,2026-07-10 07:00:00+00:00,52570.2,52629.7,52562.2,52588.2
US30,2026-07-10 08:00:00+00:00,52588.7,52650.2,52550.2,52577.7
US30,2026-07-10 09:00:00+00:00,52578.2,52630.2,52560.2,52599.2
US30,2026-07-10 10:00:00+00:00,52599.7,52677.2,52599.7,52664.7
US30,2026-07-10 11:00:00+00:00,52665.2,52669.2,52582.7,52604.7
US30,2026-07-10 12:00:00+00:00,52605.2,52733.2,52567.7,52667.2
US30,2026-07-10 13:00:00+00:00,52666.7,52719.7,52556.8,52595.8
US30,2026-07-10 14:00:00+00:00,52595.2,52641.2,52288.8,52566.8
US30,2026-07-10 15:00:00+00:00,52568.2,52704.8,52558.8,52653.0
US30,2026-07-10 16:00:00+00:00,52654.4,52696.4,52600.0,52687.4
US30,2026-07-10 17:00:00+00:00,52687.0,52721.0,52665.0,52691.0
US30,2026-07-10 18:00:00+00:00,52693.0,52741.0,52679.0,52732.0
US30,2026-07-10 19:00:00+00:00,52730.0,52771.0,52679.4,52701.0
US30,2026-07-10 20:00:00+00:00,52701.4,52777.4,52695.9,52758.9
US30,2026-07-12 22:00:00+00:00,52641.9,52648.4,52537.9,52603.4
US30,2026-07-12 23:00:00+00:00,52601.9,52605.9,52558.4,52592.4
US30,2026-07-13 00:00:00+00:00,52592.9,52628.4,52546.9,52563.9
US30,2026-07-13 01:00:00+00:00,52564.4,52564.9,52506.9,52524.4
US30,2026-07-13 02:00:00+00:00,52526.4,52531.4,52496.9,52503.4
US30,2026-07-13 03:00:00+00:00,52503.9,52505.4,52475.9,52481.9
US30,2026-07-13 04:00:00+00:00,52482.4,52498.4,52461.4,52471.9
US30,2026-07-13 05:00:00+00:00,52471.4,52509.4,52440.9,52494.4
US30,2026-07-13 06:00:00+00:00,52493.9,52615.9,52492.4,52612.4
US30,2026-07-13 07:00:00+00:00,52614.9,52678.9,52586.4,52637.9
US30,2026-07-13 08:00:00+00:00,52638.4,52733.9,52632.4,52732.4
US30,2026-07-13 09:00:00+00:00,52732.9,52767.9,52707.9,52709.4
US30,2026-07-13 10:00:00+00:00,52711.4,52711.9,52666.4,52680.4
US30,2026-07-13 11:00:00+00:00,52679.9,52697.9,52616.4,52629.9
US30,2026-07-13 12:00:00+00:00,52629.4,52668.9,52590.4,52668.4
US30,2026-07-13 13:00:00+00:00,52667.9,52897.0,52641.9,52875.0
US30,2026-07-13 14:00:00+00:00,52874.4,52899.0,52557.0,52615.0
US30,2026-07-13 15:00:00+00:00,52617.0,52634.0,52536.6,52545.6
US30,2026-07-13 16:00:00+00:00,52543.6,52560.6,52396.0,52505.6
US30,2026-07-13 17:00:00+00:00,52506.0,52588.6,52501.6,52515.0
US30,2026-07-13 18:00:00+00:00,52515.6,52582.0,52491.6,52549.6
US30,2026-07-13 19:00:00+00:00,52549.0,52583.6,52472.0,52563.0
US30,2026-07-13 20:00:00+00:00,52562.6,52563.0,52477.0,52522.5
US30,2026-07-13 22:00:00+00:00,52554.0,52554.5,52488.5,52492.5
US30,2026-07-13 23:00:00+00:00,52493.0,52493.0,52438.0,52492.0
US30,2026-07-14 00:00:00+00:00,52492.5,52516.5,52370.0,52444.0
US30,2026-07-14 01:00:00+00:00,52444.5,52476.0,52399.5,52414.0
US30,2026-07-14 02:00:00+00:00,52414.5,52453.0,52377.0,52384.5
US30,2026-07-14 03:00:00+00:00,52385.0,52407.0,52357.5,52394.5
US30,2026-07-14 04:00:00+00:00,52395.0,52487.0,52375.5,52480.5
US30,2026-07-14 05:00:00+00:00,52480.0,52542.0,52472.0,52514.5
US30,2026-07-14 06:00:00+00:00,52515.0,52536.5,52431.0,52432.5
US30,2026-07-14 07:00:00+00:00,52432.0,52492.5,52367.5,52429.5
US30,2026-07-14 08:00:00+00:00,52430.0,52446.5,52357.5,52382.0
US30,2026-07-14 09:00:00+00:00,52381.5,52467.5,52361.5,52439.0
US30,2026-07-14 10:00:00+00:00,52439.5,52557.5,52358.5,52380.5
US30,2026-07-14 11:00:00+00:00,52380.0,52405.0,52054.5,52261.0
US30,2026-07-14 12:00:00+00:00,52260.5,52694.0,52214.5,52426.5
US30,2026-07-14 13:00:00+00:00,52428.0,52685.6,52369.6,52617.6
US30,2026-07-14 14:00:00+00:00,52618.0,52774.6,52547.0,52561.0
US30,2026-07-14 15:00:00+00:00,52560.6,52673.6,52382.6,52466.0
US30,2026-07-14 16:00:00+00:00,52465.6,52509.0,52406.6,52483.0
US30,2026-07-14 17:00:00+00:00,52485.0,52539.6,52462.0,52490.6
US30,2026-07-14 18:00:00+00:00,52490.0,52558.0,52464.0,52550.0
US30,2026-07-14 19:00:00+00:00,52549.6,52633.6,52542.0,52589.6
US30,2026-07-14 20:00:00+00:00,52590.0,52618.5,52581.5,52609.5
US30,2026-07-14 22:00:00+00:00,52605.5,52624.0,52567.5,52598.5
US30,2026-07-14 23:00:00+00:00,52599.0,52679.0,52596.0,52672.5
US30,2026-07-15 00:00:00+00:00,52673.0,52679.5,52583.0,52633.0
US30,2026-07-15 01:00:00+00:00,52634.5,52648.5,52606.5,52631.0
US30,2026-07-15 02:00:00+00:00,52631.5,52656.5,52621.0,52635.5
US30,2026-07-15 03:00:00+00:00,52636.0,52657.0,52630.5,52652.5
US30,2026-07-15 04:00:00+00:00,52653.0,52673.0,52647.5,52658.5
US30,2026-07-15 05:00:00+00:00,52661.0,52681.5,52624.5,52654.5
US30,2026-07-15 06:00:00+00:00,52654.0,52654.0,52594.5,52601.5
US30,2026-07-15 07:00:00+00:00,52601.0,52601.0,52507.0,52559.5
US30,2026-07-15 08:00:00+00:00,52561.0,52696.5,52554.0,52691.5
US30,2026-07-15 09:00:00+00:00,52690.0,52733.5,52678.0,52688.0
US30,2026-07-15 10:00:00+00:00,52687.5,52712.0,52581.0,52619.0
US30,2026-07-15 11:00:00+00:00,52618.5,52634.0,52551.0,52620.0
US30,2026-07-15 12:00:00+00:00,52620.5,52750.0,52574.5,52699.5
US30,2026-07-15 13:00:00+00:00,52699.0,52895.0,52572.6,52754.0
US30,2026-07-15 14:00:00+00:00,52755.6,52893.6,52712.0,52768.0
US30,2026-07-15 15:00:00+00:00,52770.0,52805.0,52693.0,52701.0
US30,2026-07-15 16:00:00+00:00,52701.6,52710.6,52495.0,52607.0
US30,2026-07-15 17:00:00+00:00,52608.6,52742.6,52576.6,52734.0
US30,2026-07-15 18:00:00+00:00,52736.0,52765.0,52670.6,52676.0
US30,2026-07-15 19:00:00+00:00,52674.6,52734.0,52649.0,52728.6
US30,2026-07-15 20:00:00+00:00,52728.0,52754.5,52696.5,52718.5
US30,2026-07-15 22:00:00+00:00,52729.0,52749.5,52712.5,52724.0
US30,2026-07-15 23:00:00+00:00,52723.5,52753.5,52720.0,52723.5
US30,2026-07-16 00:00:00+00:00,52721.5,52779.5,52721.5,52738.5
US30,2026-07-16 01:00:00+00:00,52739.0,52740.5,52688.0,52697.0
US30,2026-07-16 02:00:00+00:00,52697.5,52739.0,52668.0,52737.5
US30,2026-07-16 03:00:00+00:00,52738.0,52780.0,52733.0,52770.5
US30,2026-07-16 04:00:00+00:00,52772.0,52785.5,52752.0,52768.5
US30,2026-07-16 05:00:00+00:00,52769.0,52810.0,52740.0,52745.0
US30,2026-07-16 06:00:00+00:00,52745.5,52776.0,52711.0,52757.0
US30,2026-07-16 07:00:00+00:00,52754.0,52762.5,52647.0,52659.5
US30,2026-07-16 08:00:00+00:00,52661.5,52744.5,52653.5,52716.5
US30,2026-07-16 09:00:00+00:00,52717.0,52870.5,52648.0,52838.0
US30,2026-07-16 10:00:00+00:00,52838.5,52867.0,52780.5,52804.5
US30,2026-07-16 11:00:00+00:00,52802.5,52843.5,52673.0,52795.5
US30,2026-07-16 12:00:00+00:00,52795.0,52817.0,52695.0,52720.0
US30,2026-07-16 13:00:00+00:00,52722.5,52900.0,52665.0,52681.0
US30,2026-07-16 14:00:00+00:00,52683.0,52880.0,52670.6,52867.0
US30,2026-07-16 15:00:00+00:00,52866.6,52921.6,52801.0,52824.0
US30,2026-07-16 16:00:00+00:00,52823.6,52830.0,52640.4,52777.8
US30,2026-07-16 17:00:00+00:00,52775.8,52795.4,52588.8,52598.8
US30,2026-07-16 18:00:00+00:00,52598.4,52603.8,52504.8,52532.8
US30,2026-07-16 19:00:00+00:00,52534.8,52613.4,52428.8,52604.8
US30,2026-07-16 20:00:00+00:00,52603.4,52605.3,52544.8,52560.3
US30,2026-07-16 22:00:00+00:00,52594.3,52597.3,52537.8,52546.8
US30,2026-07-16 23:00:00+00:00,52549.3,52549.3,52501.8,52511.8
US30,2026-07-17 00:00:00+00:00,52513.3,52523.8,52414.8,52432.3
US30,2026-07-17 01:00:00+00:00,52432.8,52439.8,52320.3,52332.3
US30,2026-07-17 02:00:00+00:00,52331.8,52345.3,52285.3,52309.8
US30,2026-07-17 03:00:00+00:00,52310.3,52352.8,52264.8,52265.8
US30,2026-07-17 04:00:00+00:00,52265.3,52270.8,52178.8,52205.8
US30,2026-07-17 05:00:00+00:00,52207.3,52213.8,52140.8,52207.8
US30,2026-07-17 06:00:00+00:00,52207.3,52307.3,52206.8,52263.8
US30,2026-07-17 07:00:00+00:00,52265.3,52353.8,52248.3,52334.3
US30,2026-07-17 08:00:00+00:00,52334.8,52382.3,52214.8,52238.3
US30,2026-07-17 09:00:00+00:00,52238.8,52270.8,52187.8,52248.3
US30,2026-07-17 10:00:00+00:00,52248.8,52393.3,52228.3,52333.3
US30,2026-07-17 11:00:00+00:00,52329.8,52362.8,52259.8,52324.3
US30,2026-07-17 12:00:00+00:00,52323.8,52334.8,52173.8,52187.8
US30,2026-07-17 13:00:00+00:00,52188.3,52551.8,51992.8,52526.8
US30,2026-07-17 14:00:00+00:00,52527.4,52653.8,52496.8,52547.8
US30,2026-07-17 15:00:00+00:00,52548.4,52588.8,52431.8,52564.8
US30,2026-07-17 16:00:00+00:00,52566.4,52574.8,52385.8,52402.4
US30,2026-07-17 17:00:00+00:00,52402.8,52439.8,52284.4,52295.8
US30,2026-07-17 18:00:00+00:00,52297.4,52322.8,52205.8,52259.8
US30,2026-07-17 19:00:00+00:00,52259.4,52269.4,52151.8,52192.8
US30,2026-07-17 20:00:00+00:00,52193.4,52213.3,52137.3,52196.3
US30,2026-07-19 22:00:00+00:00,52130.9,52195.4,52068.4,52168.9
US30,2026-07-19 23:00:00+00:00,52169.4,52185.9,52135.4,52181.9
US30,2026-07-20 00:00:00+00:00,52182.4,52232.9,52161.4,52198.4
US30,2026-07-20 01:00:00+00:00,52198.9,52227.4,52110.4,52128.9
US30,2026-07-20 02:00:00+00:00,52129.4,52188.9,52116.9,52170.4
US30,2026-07-20 03:00:00+00:00,52169.9,52194.4,52140.4,52172.4
US30,2026-07-20 04:00:00+00:00,52172.9,52231.4,52141.4,52208.4
US30,2026-07-20 05:00:00+00:00,52208.9,52214.9,52136.9,52142.4
US30,2026-07-20 06:00:00+00:00,52143.9,52158.4,52097.4,52124.4
US30,2026-07-20 07:00:00+00:00,52123.9,52299.4,52123.9,52257.9
US30,2026-07-20 08:00:00+00:00,52257.4,52311.9,52257.4,52287.9
US30,2026-07-20 09:00:00+00:00,52288.4,52368.4,52282.9,52345.4
US30,2026-07-20 10:00:00+00:00,52345.9,52351.4,52271.9,52310.4
US30,2026-07-20 11:00:00+00:00,52310.9,52449.9,52300.4,52406.9
US30,2026-07-20 12:00:00+00:00,52407.4,52408.4,52257.4,52272.9
US30,2026-07-20 13:00:00+00:00,52278.4,52463.0,52149.0,52149.0
US30,2026-07-20 14:00:00+00:00,52148.4,52205.0,51991.4,52026.4
US30,2026-07-20 15:00:00+00:00,52027.0,52117.4,51966.0,52059.4
US30,2026-07-20 16:00:00+00:00,52059.0,52132.4,51985.4,52026.0
US30,2026-07-20 17:00:00+00:00,52026.4,52046.4,51946.0,52009.0
US30,2026-07-20 18:00:00+00:00,52009.4,52068.4,51853.4,51891.4
US30,2026-07-20 19:00:00+00:00,51894.0,51950.4,51826.4,51907.4
US30,2026-07-20 20:00:00+00:00,51908.0,51936.9,51873.9,51921.4
US30,2026-07-20 22:00:00+00:00,51901.9,51915.9,51878.4,51882.9
US30,2026-07-20 23:00:00+00:00,51884.4,51948.9,51880.9,51924.4
US30,2026-07-21 00:00:00+00:00,51920.9,51944.9,51863.4,51933.9
US30,2026-07-21 01:00:00+00:00,51935.4,51968.9,51905.9,51918.4
US30,2026-07-21 02:00:00+00:00,51918.9,51964.4,51902.9,51962.9
US30,2026-07-21 03:00:00+00:00,51962.4,52030.4,51962.4,52029.9
US30,2026-07-21 04:00:00+00:00,52030.4,52070.9,52029.9,52063.9
US30,2026-07-21 05:00:00+00:00,52064.4,52095.9,52032.9,52077.9
US30,2026-07-21 06:00:00+00:00,52077.4,52102.9,52039.4,52076.9
US30,2026-07-21 07:00:00+00:00,52075.4,52145.9,52015.9,52059.9
US30,2026-07-21 08:00:00+00:00,52061.4,52113.4,52026.9,52086.9
US30,2026-07-21 09:00:00+00:00,52085.9,52115.9,52043.4,52051.9
US30,2026-07-21 10:00:00+00:00,52051.4,52152.4,52043.4,52129.9
US30,2026-07-21 11:00:00+00:00,52130.4,52132.4,52014.4,52026.9
US30,2026-07-21 12:00:00+00:00,52027.4,52054.9,51944.9,52030.9
US30,2026-07-21 13:00:00+00:00,52032.4,52127.0,51917.4,52047.4
US30,2026-07-21 14:00:00+00:00,52048.0,52239.4,52041.0,52149.4
US30,2026-07-21 15:00:00+00:00,52150.0,52284.4,52120.4,52259.4
US30,2026-07-21 16:00:00+00:00,52256.4,52419.4,52256.4,52396.4
US30,2026-07-21 17:00:00+00:00,52397.0,52405.4,52287.4,52296.4
US30,2026-07-21 18:00:00+00:00,52296.0,52302.4,52240.0,52258.4
US30,2026-07-21 19:00:00+00:00,52259.0,52285.0,52241.4,52271.4
US30,2026-07-21 20:00:00+00:00,52269.4,52279.4,52238.4,52242.4
US30,2026-07-21 22:00:00+00:00,52243.4,52267.9,52236.9,52254.4
US30,2026-07-21 23:00:00+00:00,52253.9,52262.4,52240.4,52254.4
US30,2026-07-22 00:00:00+00:00,52251.9,52264.9,52233.4,52250.4
US30,2026-07-22 01:00:00+00:00,52250.9,52260.4,52202.9,52249.9
US30,2026-07-22 02:00:00+00:00,52249.4,52264.4,52220.9,52260.4
US30,2026-07-22 03:00:00+00:00,52259.9,52271.9,52210.9,52217.4
US30,2026-07-22 04:00:00+00:00,52217.9,52233.9,52211.9,52225.4
US30,2026-07-22 05:00:00+00:00,52227.4,52244.4,52212.4,52241.4
US30,2026-07-22 06:00:00+00:00,52241.9,52257.4,52136.9,52149.4
US30,2026-07-22 07:00:00+00:00,52148.9,52200.4,52094.4,52136.4
US30,2026-07-22 08:00:00+00:00,52136.9,52262.9,52134.9,52235.9
US30,2026-07-22 09:00:00+00:00,52233.9,52272.4,52191.4,52231.4
US30,2026-07-22 10:00:00+00:00,52231.9,52305.4,52215.4,52244.4
US30,2026-07-22 11:00:00+00:00,52244.9,52248.4,52108.9,52131.4
US30,2026-07-22 12:00:00+00:00,52131.9,52226.4,52097.4,52167.9
US30,2026-07-22 13:00:00+00:00,52170.4,52521.0,52163.9,52473.4
US30,2026-07-22 14:00:00+00:00,52471.4,52548.4,52299.4,52318.0
US30,2026-07-22 15:00:00+00:00,52319.4,52448.0,52302.0,52447.4
US30,2026-07-22 16:00:00+00:00,52448.0,52479.4,52423.0,52437.4
US30,2026-07-22 17:00:00+00:00,52436.0,52440.4,52326.0,52349.4
US30,2026-07-22 18:00:00+00:00,52350.0,52357.4,52304.4,52328.0
US30,2026-07-22 19:00:00+00:00,52328.4,52331.0,52251.4,52267.2
US30,2026-07-22 20:00:00+00:00,52266.8,52382.2,52259.2,52330.7
US30,2026-07-22 22:00:00+00:00,52259.2,52263.7,52191.2,52226.2
US30,2026-07-22 23:00:00+00:00,52226.7,52264.2,52207.7,52263.7
US30,2026-07-23 00:00:00+00:00,52264.2,52340.2,52242.2,52331.7
US30,2026-07-23 01:00:00+00:00,52332.2,52354.2,52303.2,52313.7
US30,2026-07-23 02:00:00+00:00,52314.2,52327.2,52269.2,52289.7
US30,2026-07-23 03:00:00+00:00,52290.2,52292.2,52214.2,52229.2
US30,2026-07-23 04:00:00+00:00,52228.7,52253.2,52189.7,52216.7
US30,2026-07-23 05:00:00+00:00,52218.2,52257.2,52175.2,52177.2
US30,2026-07-23 06:00:00+00:00,52177.7,52210.2,52137.2,52140.7
US30,2026-07-23 07:00:00+00:00,52142.7,52145.2,51971.2,52042.2
US30,2026-07-23 08:00:00+00:00,52042.7,52134.7,52010.7,52132.7
US30,2026-07-23 09:00:00+00:00,52133.2,52172.2,52051.2,52065.2
US30,2026-07-23 10:00:00+00:00,52068.7,52159.7,52041.2,52136.7
US30,2026-07-23 11:00:00+00:00,52139.7,52153.7,51934.7,51989.7
US30,2026-07-23 12:00:00+00:00,51989.2,51992.2,51714.2,51732.7
US30,2026-07-23 13:00:00+00:00,51731.2,51923.2,51574.2,51715.8
US30,2026-07-23 14:00:00+00:00,51715.2,51807.2,51653.8,51765.2
US30,2026-07-23 15:00:00+00:00,51765.8,51782.2,51570.2,51733.8
US30,2026-07-23 16:00:00+00:00,51732.2,51856.2,51705.8,51778.2
US30,2026-07-23 17:00:00+00:00,51780.8,51797.8,51627.2,51629.2
US30,2026-07-23 18:00:00+00:00,51629.8,51726.2,51614.2,51701.2
US30,2026-07-23 19:00:00+00:00,51701.8,51767.2,51632.4,51738.4
US30,2026-07-23 20:00:00+00:00,51739.8,51762.8,51712.3,51753.3
US30,2026-07-23 22:00:00+00:00,51730.3,51735.8,51710.3,51732.3
US30,2026-07-23 23:00:00+00:00,51730.8,51736.3,51694.8,51724.3
US30,2026-07-24 00:00:00+00:00,51724.8,51804.8,51713.3,51788.3
US30,2026-07-24 01:00:00+00:00,51788.8,51816.8,51769.8,51792.3
US30,2026-07-24 02:00:00+00:00,51791.8,51806.8,51747.8,51755.3
US30,2026-07-24 03:00:00+00:00,51755.8,51767.3,51723.3,51739.3
US30,2026-07-24 04:00:00+00:00,51739.8,51759.3,51719.3,51753.8
US30,2026-07-24 05:00:00+00:00,51755.8,51802.8,51749.8,51772.3
US30,2026-07-24 06:00:00+00:00,51772.8,51806.8,51743.8,51791.3
US30,2026-07-24 07:00:00+00:00,51791.8,51955.8,51782.8,51914.8
US30,2026-07-24 08:00:00+00:00,51915.3,51976.8,51883.8,51946.8
US30,2026-07-24 09:00:00+00:00,51947.3,52023.8,51942.3,52019.8
US30,2026-07-24 10:00:00+00:00,52019.3,52035.8,51987.8,51992.3
US30,2026-07-24 11:00:00+00:00,51990.8,52021.3,51893.8,51961.3
US30,2026-07-24 12:00:00+00:00,51959.8,51969.3,51851.8,51861.8
US30,2026-07-24 13:00:00+00:00,51861.3,51921.8,51744.4,51825.8
US30,2026-07-24 14:00:00+00:00,51826.8,51931.8,51716.8,51901.8
US30,2026-07-24 15:00:00+00:00,51903.4,52144.8,51865.8,52111.8
US30,2026-07-24 16:00:00+00:00,52113.8,52152.8,51980.8,52023.8
US30,2026-07-24 17:00:00+00:00,52025.8,52060.8,51943.8,52008.4
US30,2026-07-24 18:00:00+00:00,52008.8,52038.8,51851.8,51919.8
US30,2026-07-24 19:00:00+00:00,51920.4,51981.8,51879.8,51966.8
US30,2026-07-24 20:00:00+00:00,51966.4,51982.8,51897.3,51934.3
US30,2026-07-26 22:00:00+00:00,52278.8,52295.8,52176.3,52182.8
US30,2026-07-26 23:00:00+00:00,52183.8,52300.3,52183.8,52291.3
US30,2026-07-27 00:00:00+00:00,52291.8,52320.8,52207.3,52209.3
US30,2026-07-27 01:00:00+00:00,52208.8,52250.3,52177.3,52248.8
US30,2026-07-27 02:00:00+00:00,52249.3,52263.8,52224.3,52244.8
US30,2026-07-27 03:00:00+00:00,52245.3,52275.3,52243.8,52263.3
US30,2026-07-27 04:00:00+00:00,52263.8,52315.8,52260.8,52304.3
US30,2026-07-27 05:00:00+00:00,52304.8,52371.3,52301.3,52360.3
US30,2026-07-27 06:00:00+00:00,52359.8,52397.8,52357.3,52373.3
US30,2026-07-27 07:00:00+00:00,52371.8,52438.8,52354.3,52354.8
US30,2026-07-27 08:00:00+00:00,52355.3,52468.3,52344.8,52465.3
US30,2026-07-27 09:00:00+00:00,52465.8,52517.3,52443.3,52508.3
US30,2026-07-27 10:00:00+00:00,52507.8,52555.3,52473.3,52539.3
US30,2026-07-27 11:00:00+00:00,52538.8,52557.8,52493.3,52537.3
US30,2026-07-27 12:00:00+00:00,52537.8,52588.3,52488.3,52584.8
US30,2026-07-27 13:00:00+00:00,52585.3,52629.8,52417.4,52417.8
US30,2026-07-27 14:00:00+00:00,52420.8,52493.8,52132.8,52253.4
US30,2026-07-27 15:00:00+00:00,52253.8,52297.8,52025.8,52066.0
US30,2026-07-27 16:00:00+00:00,52068.6,52236.6,52040.0,52090.6
US30,2026-07-27 17:00:00+00:00,52091.0,52142.0,52016.0,52135.0
US30,2026-07-27 18:00:00+00:00,52136.6,52217.6,52091.0,52212.0
US30,2026-07-27 19:00:00+00:00,52214.0,52259.0,52166.0,52233.0
US30,2026-07-27 20:00:00+00:00,52232.6,52282.0,52205.5,52263.5
US30,2026-07-27 22:00:00+00:00,52281.0,52289.5,52246.0,52249.0
US30,2026-07-27 23:00:00+00:00,52248.5,52267.0,52223.0,52255.0
US30,2026-07-28 00:00:00+00:00,52255.5,52264.5,52157.5,52188.0
US30,2026-07-28 01:00:00+00:00,52188.5,52239.5,52140.5,52201.0
US30,2026-07-28 02:00:00+00:00,52200.5,52212.5,52170.5,52187.0
US30,2026-07-28 03:00:00+00:00,52187.5,52273.5,52170.0,52265.5
US30,2026-07-28 04:00:00+00:00,52265.0,52267.5,52206.0,52210.5
US30,2026-07-28 05:00:00+00:00,52211.0,52249.5,52206.5,52226.5
US30,2026-07-28 06:00:00+00:00,52228.0,52293.5,52222.5,52280.5
US30,2026-07-28 07:00:00+00:00,52278.5,52345.5,52270.5,52291.5
US30,2026-07-28 08:00:00+00:00,52291.0,52390.0,52262.5,52339.0
US30,2026-07-28 09:00:00+00:00,52338.5,52421.0,52329.5,52375.0
US30,2026-07-28 10:00:00+00:00,52374.5,52420.5,52333.0,52416.5
US30,2026-07-28 11:00:00+00:00,52417.0,52627.0,52399.5,52621.0
US30,2026-07-28 12:00:00+00:00,52619.0,52758.5,52611.5,52740.0
US30,2026-07-28 13:00:00+00:00,52739.0,52756.5,52467.6,52585.6
US30,2026-07-28 14:00:00+00:00,52585.0,52716.6,52570.0,52613.0
US30,2026-07-28 15:00:00+00:00,52612.6,52928.6,52575.0,52916.0
US30,2026-07-28 16:00:00+00:00,52917.6,52939.0,52872.6,52934.6
US30,2026-07-28 17:00:00+00:00,52934.0,52960.6,52835.6,52857.6
US30,2026-07-28 18:00:00+00:00,52858.2,52877.6,52795.6,52857.6
US30,2026-07-28 19:00:00+00:00,52857.2,52874.2,52783.2,52803.2
US30,2026-07-28 20:00:00+00:00,52802.6,52831.1,52766.1,52775.1
US30,2026-07-28 22:00:00+00:00,52792.1,52806.1,52685.6,52745.6
US30,2026-07-28 23:00:00+00:00,52746.1,52858.1,52720.1,52824.1
US30,2026-07-29 00:00:00+00:00,52825.6,52889.6,52809.6,52860.6
US30,2026-07-29 01:00:00+00:00,52861.1,52867.1,52752.1,52755.6
US30,2026-07-29 02:00:00+00:00,52756.1,52786.6,52741.1,52780.6
US30,2026-07-29 03:00:00+00:00,52780.1,52784.6,52674.6,52684.1
US30,2026-07-29 04:00:00+00:00,52684.6,52719.6,52666.1,52719.1
US30,2026-07-29 05:00:00+00:00,52719.6,52770.6,52716.1,52745.6
US30,2026-07-29 06:00:00+00:00,52745.1,52813.1,52729.6,52808.1
US30,2026-07-29 07:00:00+00:00,52809.6,52865.6,52783.6,52851.6
US30,2026-07-29 08:00:00+00:00,52851.1,52882.1,52788.6,52848.6
US30,2026-07-29 09:00:00+00:00,52850.6,52850.6,52697.1,52753.1
US30,2026-07-29 10:00:00+00:00,52752.6,52753.1,52645.1,52667.1
US30,2026-07-29 11:00:00+00:00,52667.6,52677.1,52606.1,52619.1
US30,2026-07-29 12:00:00+00:00,52619.6,52620.1,52402.1,52441.1
US30,2026-07-29 13:00:00+00:00,52441.6,52443.1,52147.6,52163.6
US30,2026-07-29 14:00:00+00:00,52163.2,52172.6,51900.6,51928.6
US30,2026-07-29 15:00:00+00:00,51929.2,51986.6,51874.6,51912.6
US30,2026-07-29 16:00:00+00:00,51913.2,51974.0,51813.6,51974.0
US30,2026-07-29 17:00:00+00:00,51973.6,52092.0,51968.0,52005.6
US30,2026-07-29 18:00:00+00:00,52010.5,52290.6,51885.6,52233.6
US30,2026-07-29 19:00:00+00:00,52234.0,52275.6,51561.6,51625.6
US30,2026-07-29 20:00:00+00:00,51625.0,51688.5,51498.5,51604.5
US30,2026-07-29 22:00:00+00:00,51671.5,51824.5,51671.5,51761.0
US30,2026-07-29 23:00:00+00:00,51761.5,51794.0,51751.0,51780.5
US30,2026-07-30 00:00:00+00:00,51781.0,51812.5,51712.5,51746.5
US30,2026-07-30 01:00:00+00:00,51747.0,51790.0,51716.0,51771.5
US30,2026-07-30 02:00:00+00:00,51772.0,51794.0,51718.5,51719.0
US30,2026-07-30 03:00:00+00:00,51719.5,51754.5,51672.5,51695.0
US30,2026-07-30 04:00:00+00:00,51695.5,51722.5,51660.0,51669.5
US30,2026-07-30 05:00:00+00:00,51670.0,51713.5,51640.5,51668.0
US30,2026-07-30 06:00:00+00:00,51667.5,51670.5,51595.0,51667.5
US30,2026-07-30 07:00:00+00:00,51668.0,51791.0,51616.0,51665.0
US30,2026-07-30 08:00:00+00:00,51664.5,51795.5,51639.0,51751.0
US30,2026-07-30 09:00:00+00:00,51751.5,51821.5,51701.5,51705.0
US30,2026-07-30 10:00:00+00:00,51707.0,51817.0,51695.0,51748.0
US30,2026-07-30 11:00:00+00:00,51751.0,51910.5,51747.5,51875.0
US30,2026-07-30 12:00:00+00:00,51874.5,51903.0,51782.0,51831.0
US30,2026-07-30 13:00:00+00:00,51830.5,51995.6,51739.6,51956.0
US30,2026-07-30 14:00:00+00:00,51955.6,51982.6,51750.6,51792.0
US30,2026-07-30 15:00:00+00:00,51791.6,51970.0,51662.0,51948.0
US30,2026-07-30 16:00:00+00:00,51948.6,52132.0,51927.0,52102.0
US30,2026-07-30 17:00:00+00:00,52101.6,52187.6,52101.6,52129.0
US30,2026-07-30 18:00:00+00:00,52129.6,52220.0,52129.6,52216.0
US30,2026-07-30 19:00:00+00:00,52218.0,52284.6,52201.6,52252.0
US30,2026-07-30 20:00:00+00:00,52252.6,52358.0,52239.0,52308.0
US30,2026-07-30 22:00:00+00:00,52269.5,52355.0,52265.0,52352.5
US30,2026-07-30 23:00:00+00:00,52353.0,52376.5,52338.0,52355.5
US30,2026-07-31 00:00:00+00:00,52355.0,52427.0,52336.0,52404.0
US30,2026-07-31 01:00:00+00:00,52403.5,52464.0,52402.5,52450.0
US30,2026-07-31 02:00:00+00:00,52450.5,52468.0,52414.0,52429.5
US30,2026-07-31 03:00:00+00:00,52429.0,52455.5,52403.0,52446.5
US30,2026-07-31 04:00:00+00:00,52447.0,52508.5,52428.0,52504.0
US30,2026-07-31 05:00:00+00:00,52503.5,52514.5,52482.0,52489.0
US30,2026-07-31 06:00:00+00:00,52487.5,52503.0,52426.0,52468.5
US30,2026-07-31 07:00:00+00:00,52465.5,52567.0,52444.5,52534.5
US30,2026-07-31 08:00:00+00:00,52535.0,52572.0,52512.5,52537.0
US30,2026-07-31 09:00:00+00:00,52537.5,52569.0,52491.5,52514.5
US30,2026-07-31 10:00:00+00:00,52516.0,52615.5,52494.5,52600.0
US30,2026-07-31 11:00:00+00:00,52600.5,52603.0,52472.0,52537.5
US30,2026-07-31 12:00:00+00:00,52538.0,52539.5,52403.5,52426.5
US30,2026-07-31 13:00:00+00:00,52426.0,52527.0,52215.0,52218.0
US30,2026-07-31 14:00:00+00:00,52217.6,52317.0,51998.6,52309.6
US30,2026-07-31 15:00:00+00:00,52310.0,52423.6,52232.6,52411.0
US30,2026-07-31 16:00:00+00:00,52411.6,52491.6,52366.0,52457.0
US30,2026-07-31 17:00:00+00:00,52455.0,52558.0,52441.6,52496.0
US30,2026-07-31 18:00:00+00:00,52498.0,52572.6,52491.0,52544.8
US30,2026-07-31 19:00:00+00:00,52544.4,52652.8,52498.8,52517.8
US30,2026-07-31 20:00:00+00:00,52519.8,52568.3,52392.3,52420.3
US30,2026-08-02 22:00:00+00:00,52737.3,52755.3,52667.8,52673.3
US30,2026-08-02 23:00:00+00:00,52672.8,52717.8,52665.8,52697.3
US30,2026-08-03 00:00:00+00:00,52695.8,52732.3,52659.3,52723.8
US30,2026-08-03 01:00:00+00:00,52725.3,52770.8,52703.3,52751.8
US30,2026-08-03 02:00:00+00:00,52750.3,52773.8,52739.3,52769.8
US30,2026-08-03 03:00:00+00:00,52771.3,52802.3,52753.8,52786.8
US30,2026-08-03 04:00:00+00:00,52786.3,52822.8,52782.3,52804.3
US30,2026-08-03 05:00:00+00:00,52804.8,52817.3,52785.8,52795.3
US30,2026-08-03 06:00:00+00:00,52794.8,52824.3,52764.3,52772.8
US30,2026-08-03 07:00:00+00:00,52773.3,52839.8,52728.3,52833.8
US30,2026-08-03 08:00:00+00:00,52834.3,52873.8,52801.3,52873.8
US30,2026-08-03 09:00:00+00:00,52874.3,52886.8,52830.3,52856.8
US30,2026-08-03 10:00:00+00:00,52857.3,52959.8,52844.3,52939.8
US30,2026-08-03 11:00:00+00:00,52940.3,53087.8,52933.8,53053.8
US30,2026-08-03 12:00:00+00:00,53053.3,53201.3,53028.8,53185.8
US30,2026-08-03 13:00:00+00:00,53186.3,53212.8,53008.4,53156.8
US30,2026-08-03 14:00:00+00:00,53155.8,53258.8,53066.8,53082.8
US30,2026-08-03 15:00:00+00:00,53080.8,53107.4,53023.8,53058.8
US30,2026-08-03 16:00:00+00:00,53060.8,53070.4,52979.6,53007.6
US30,2026-08-03 17:00:00+00:00,53008.0,53144.0,52970.6,53125.6
US30,2026-08-03 18:00:00+00:00,53127.6,53207.6,53120.6,53175.6
US30,2026-08-03 19:00:00+00:00,53176.0,53271.6,53176.0,53229.6
US30,2026-08-03 20:00:00+00:00,53230.0,53308.5,53229.5,53287.0
US30,2026-08-03 22:00:00+00:00,53290.0,53335.0,53276.0,53322.0
US30,2026-08-03 23:00:00+00:00,53323.5,53330.0,53294.0,53302.0
US30,2026-08-04 00:00:00+00:00,53302.5,53358.5,53290.5,53336.5
US30,2026-08-04 01:00:00+00:00,53334.0,53370.0,53331.5,53353.0
US30,2026-08-04 02:00:00+00:00,53353.5,53384.5,53341.0,53369.5
US30,2026-08-04 03:00:00+00:00,53367.5,53387.0,53358.0,53377.5
US30,2026-08-04 04:00:00+00:00,53377.0,53378.0,53352.5,53355.0
US30,2026-08-04 05:00:00+00:00,53355.5,53362.5,53329.5,53334.5
US30,2026-08-04 06:00:00+00:00,53332.5,53369.0,53312.0,53320.0
US30,2026-08-04 07:00:00+00:00,53320.5,53351.5,53292.5,53321.0
US30,2026-08-04 08:00:00+00:00,53320.5,53331.0,53232.5,53255.0
US30,2026-08-04 09:00:00+00:00,53255.5,53309.5,53240.5,53302.0
US30,2026-08-04 10:00:00+00:00,53301.5,53589.5,53168.0,53539.5
US30,2026-08-04 11:00:00+00:00,53537.5,53837.0,53488.5,53805.0
US30,2026-08-04 12:00:00+00:00,53803.5,53925.0,53790.0,53843.5
US30,2026-08-04 13:00:00+00:00,53844.0,54012.0,53699.0,53757.0
US30,2026-08-04 14:00:00+00:00,53756.0,54052.6,53741.6,54025.0
US30,2026-08-04 15:00:00+00:00,54026.0,54152.4,53979.4,54090.4
US30,2026-08-04 16:00:00+00:00,54089.0,54214.0,54085.4,54195.0
US30,2026-08-04 17:00:00+00:00,54195.4,54318.4,54188.0,54224.4
US30,2026-08-04 18:00:00+00:00,54224.0,54251.4,54181.0,54223.4
US30,2026-08-04 19:00:00+00:00,54223.0,54284.0,54134.4,54149.4
US30,2026-08-04 20:00:00+00:00,54149.4,54282.4,54145.0,54273.9
US30,2026-08-04 22:00:00+00:00,54248.9,54283.4,54240.9,54273.4
US30,2026-08-04 23:00:00+00:00,54272.9,54280.9,54241.9,54245.4
US30,2026-08-05 00:00:00+00:00,54245.9,54293.4,54241.4,54293.4
US30,2026-08-05 01:00:00+00:00,54291.4,54291.9,54255.4,54287.9
US30,2026-08-05 02:00:00+00:00,54288.4,54359.9,54283.4,54344.9
US30,2026-08-05 03:00:00+00:00,54344.4,54389.4,54332.9,54386.4
US30,2026-08-05 04:00:00+00:00,54384.9,54396.9,54355.4,54356.4
US30,2026-08-05 05:00:00+00:00,54356.9,54395.4,54345.9,54371.4
US30,2026-08-05 06:00:00+00:00,54370.9,54373.4,54307.9,54333.9
US30,2026-08-05 07:00:00+00:00,54334.4,54336.4,54253.4,54300.4
US30,2026-08-05 08:00:00+00:00,54300.9,54331.4,54258.4,54288.9
US30,2026-08-05 09:00:00+00:00,54289.4,54320.9,54277.4,54292.9
US30,2026-08-05 10:00:00+00:00,54293.4,54371.4,54285.4,54358.4
US30,2026-08-05 11:00:00+00:00,54358.9,54409.4,54335.4,54402.9
US30,2026-08-05 12:00:00+00:00,54404.4,54444.9,54360.9,54372.9
US30,2026-08-05 13:00:00+00:00,54373.4,54772.4,54348.9,54768.0
US30,2026-08-05 14:00:00+00:00,54765.0,54780.0,54639.4,54683.0
US30,2026-08-05 15:00:00+00:00,54685.4,54754.4,54530.0,54533.4
US30,2026-08-05 16:00:00+00:00,54533.0,54594.0,54513.4,54577.4
US30,2026-08-05 17:00:00+00:00,54578.0,54632.0,54540.0,54591.4
US30,2026-08-05 18:00:00+00:00,54592.0,54620.0,54517.4,54524.0
US30,2026-08-05 19:00:00+00:00,54524.4,54541.4,54380.0,54382.4
US30,2026-08-05 20:00:00+00:00,54382.0,54473.4,54376.9,54454.9
US30,2026-08-05 22:00:00+00:00,54459.9,54486.9,54443.4,54463.9
US30,2026-08-05 23:00:00+00:00,54465.4,54498.9,54463.4,54480.9
US30,2026-08-06 00:00:00+00:00,54480.4,54492.9,54460.9,54487.4
US30,2026-08-06 01:00:00+00:00,54487.9,54493.4,54445.4,54480.4
US30,2026-08-06 02:00:00+00:00,54480.9,54521.9,54472.4,54495.9
US30,2026-08-06 03:00:00+00:00,54496.4,54517.9,54486.9,54506.4
US30,2026-08-06 04:00:00+00:00,54505.9,54516.9,54499.4,54512.4
US30,2026-08-06 05:00:00+00:00,54514.4,54531.9,54497.4,54530.9
US30,2026-08-06 06:00:00+00:00,54532.9,54532.9,54473.9,54525.9
US30,2026-08-06 07:00:00+00:00,54527.9,54557.9,54474.9,54528.9
US30,2026-08-06 08:00:00+00:00,54529.4,54563.9,54462.4,54562.9
US30,2026-08-06 09:00:00+00:00,54563.4,54574.9,54532.9,54565.4
US30,2026-08-06 10:00:00+00:00,54564.9,54566.4,54508.4,54538.4
US30,2026-08-06 11:00:00+00:00,54537.9,54547.4,54439.9,54480.4
US30,2026-08-06 12:00:00+00:00,54479.4,54530.9,54458.4,54491.9
US30,2026-08-06 13:00:00+00:00,54493.9,54554.4,54311.4,54335.4
US30,2026-08-06 14:00:00+00:00,54336.0,54384.0,54192.4,54210.4
US30,2026-08-06 15:00:00+00:00,54211.0,54226.4,53991.0,54020.4
US30,2026-08-06 16:00:00+00:00,54021.0,54072.0,53960.4,54048.4
US30,2026-08-06 17:00:00+00:00,54050.4,54055.4,53907.4,53965.0
US30,2026-08-06 18:00:00+00:00,53965.4,54010.4,53950.4,53960.0
US30,2026-08-06 19:00:00+00:00,53960.6,54002.6,53871.6,53926.0
US30,2026-08-06 20:00:00+00:00,53926.6,53947.5,53861.5,53876.5
US30,2026-08-06 22:00:00+00:00,53902.0,53936.5,53891.0,53896.0
US30,2026-08-06 23:00:00+00:00,53896.5,53915.5,53894.5,53907.0
US30,2026-08-07 00:00:00+00:00,53907.5,53912.5,53839.0,53862.5
US30,2026-08-07 01:00:00+00:00,53863.0,53877.0,53825.5,53834.0
US30,2026-08-07 02:00:00+00:00,53834.5,53836.0,53797.5,53814.0
US30,2026-08-07 03:00:00+00:00,53812.5,53824.5,53790.5,53806.0
US30,2026-08-07 04:00:00+00:00,53806.5,53816.5,53788.5,53814.5
US30,2026-08-07 05:00:00+00:00,53814.0,53837.0,53812.5,53818.5
US30,2026-08-07 06:00:00+00:00,53819.0,53880.0,53815.0,53876.0
US30,2026-08-07 07:00:00+00:00,53875.5,53906.0,53852.5,53862.5
US30,2026-08-07 08:00:00+00:00,53863.0,53895.0,53842.0,53892.5
US30,2026-08-07 09:00:00+00:00,53893.0,53933.0,53879.5,53926.5
US30,2026-08-07 10:00:00+00:00,53927.0,53967.5,53920.0,53953.5
US30,2026-08-07 11:00:00+00:00,53954.0,54002.5,53941.5,53958.5
US30,2026-08-07 12:00:00+00:00,53959.0,54109.5,53948.5,54069.5
US30,2026-08-07 13:00:00+00:00,54069.0,54071.5,53816.6,53980.6
US30,2026-08-07 14:00:00+00:00,53982.6,54106.0,53929.0,54063.0
US30,2026-08-07 15:00:00+00:00,54063.6,54064.0,53959.6,53968.0
US30,2026-08-07 16:00:00+00:00,53966.0,54017.6,53907.6,53967.0
US30,2026-08-07 17:00:00+00:00,53966.6,54020.0,53963.6,53992.0
US30,2026-08-07 18:00:00+00:00,53992.6,54002.0,53918.6,53973.6
US30,2026-08-07 19:00:00+00:00,53973.0,54094.6,53972.0,54052.0
US30,2026-08-07 20:00:00+00:00,54052.6,54069.0,54019.5,54031.0
US30,2026-08-09 22:00:00+00:00,53969.9,53976.9,53900.9,53931.9
US30,2026-08-09 23:00:00+00:00,53931.4,53945.4,53899.9,53899.9
US30,2026-08-10 00:00:00+00:00,53898.4,53954.4,53893.9,53950.9
US30,2026-08-10 01:00:00+00:00,53952.9,53981.4,53944.9,53963.4
US30,2026-08-10 02:00:00+00:00,53963.9,53991.4,53956.4,53979.4
US30,2026-08-10 03:00:00+00:00,53979.9,54002.4,53972.9,53988.9
US30,2026-08-10 04:00:00+00:00,53989.4,54031.4,53983.9,54026.9
US30,2026-08-10 05:00:00+00:00,54026.4,54044.9,54023.4,54034.4
US30,2026-08-10 06:00:00+00:00,54033.9,54048.4,53999.9,54037.9
US30,2026-08-10 07:00:00+00:00,54036.4,54066.4,53998.9,54028.9
US30,2026-08-10 08:00:00+00:00,54028.4,54037.9,53991.4,54003.4
US30,2026-08-10 09:00:00+00:00,54003.9,54041.4,53998.4,54011.4
US30,2026-08-10 10:00:00+00:00,54009.9,54045.9,53976.9,53986.4
US30,2026-08-10 11:00:00+00:00,53986.9,53994.4,53945.4,53977.9
US30,2026-08-10 12:00:00+00:00,53977.4,54021.4,53913.4,53960.4
US30,2026-08-10 13:00:00+00:00,53959.9,54025.4,53862.0,53947.0
US30,2026-08-10 14:00:00+00:00,53946.4,54053.0,53892.4,53993.4
US30,2026-08-10 15:00:00+00:00,53995.0,54062.0,53960.0,54016.4
US30,2026-08-10 16:00:00+00:00,54016.0,54021.0,53850.0,53938.0
US30,2026-08-10 17:00:00+00:00,53937.4,53942.0,53878.4,53896.4
US30,2026-08-10 18:00:00+00:00,53898.4,53915.4,53852.4,53891.4
US30,2026-08-10 19:00:00+00:00,53892.0,53984.0,53862.4,53972.0
US30,2026-08-10 20:00:00+00:00,53971.6,53974.0,53924.5,53964.5
US30,2026-08-10 22:00:00+00:00,53964.6,53971.1,53912.6,53924.6
US30,2026-08-10 23:00:00+00:00,53925.1,53931.6,53901.6,53926.6
US30,2026-08-11 00:00:00+00:00,53927.1,53944.1,53910.6,53932.6
US30,2026-08-11 01:00:00+00:00,53933.1,53959.6,53923.6,53931.1
US30,2026-08-11 02:00:00+00:00,53930.6,53958.1,53930.1,53951.6
US30,2026-08-11 03:00:00+00:00,53951.1,53985.6,53950.1,53969.6
US30,2026-08-11 04:00:00+00:00,53970.1,53988.1,53963.1,53969.1
US30,2026-08-11 05:00:00+00:00,53968.6,53983.1,53939.1,53939.1
US30,2026-08-11 06:00:00+00:00,53939.6,53965.1,53861.6,53919.6
US30,2026-08-11 07:00:00+00:00,53920.1,53944.6,53884.6,53909.6
US30,2026-08-11 08:00:00+00:00,53910.1,53936.1,53873.1,53904.6
US30,2026-08-11 09:00:00+00:00,53902.6,53927.6,53879.1,53913.6
US30,2026-08-11 10:00:00+00:00,53914.1,53971.1,53894.6,53951.6
US30,2026-08-11 11:00:00+00:00,53953.6,54034.1,53939.1,54015.6
US30,2026-08-11 12:00:00+00:00,54011.6,54052.1,53971.6,54024.6
US30,2026-08-11 13:00:00+00:00,54025.1,54238.6,54008.6,54178.2
US30,2026-08-11 14:00:00+00:00,54178.6,54209.2,53959.6,53990.2
US30,2026-08-11 15:00:00+00:00,53991.6,54014.2,53912.6,53947.2
US30,2026-08-11 16:00:00+00:00,53949.2,53972.2,53887.2,53917.0
US30,2026-08-11 17:00:00+00:00,53917.6,53923.0,53879.6,53914.0
US30,2026-08-11 18:00:00+00:00,53915.6,53916.0,53830.6,53833.0
US30,2026-08-11 19:00:00+00:00,53832.6,53863.0,53775.6,53814.6
US30,2026-08-11 20:00:00+00:00,53814.0,53847.0,53802.5,53820.5
US30,2026-08-11 22:00:00+00:00,53824.5,53829.5,53805.5,53812.5
US30,2026-08-11 23:00:00+00:00,53812.0,53829.5,53809.0,53822.5
US30,2026-08-12 00:00:00+00:00,53822.0,53823.5,53776.0,53789.5
US30,2026-08-12 01:00:00+00:00,53789.0,53795.0,53774.5,53781.0
US30,2026-08-12 02:00:00+00:00,53781.5,53811.0,53781.5,53810.0
US30,2026-08-12 03:00:00+00:00,53809.5,53814.5,53795.0,53808.0
US30,2026-08-12 04:00:00+00:00,53808.5,53822.0,53800.0,53819.0
US30,2026-08-12 05:00:00+00:00,53819.5,53832.0,53806.5,53817.0
US30,2026-08-12 06:00:00+00:00,53816.5,53837.5,53791.5,53835.5
US30,2026-08-12 07:00:00+00:00,53835.0,53835.0,53802.0,53813.0
US30,2026-08-12 08:00:00+00:00,53811.5,53826.5,53783.0,53797.5
US30,2026-08-12 09:00:00+00:00,53797.0,53906.5,53795.5,53864.5
US30,2026-08-12 10:00:00+00:00,53864.0,53887.5,53799.0,53857.5
US30,2026-08-12 11:00:00+00:00,53859.0,53916.0,53837.0,53896.0
US30,2026-08-12 12:00:00+00:00,53899.5,54069.5,53858.5,53962.5
US30,2026-08-12 13:00:00+00:00,53964.5,54005.5,53805.0,53808.6
US30,2026-08-12 14:00:00+00:00,53808.0,53893.0,53753.6,53805.0
US30,2026-08-12 15:00:00+00:00,53805.6,53843.0,53765.0,53828.6
US30,2026-08-12 16:00:00+00:00,53829.0,53867.0,53820.0,53836.6
US30,2026-08-12 17:00:00+00:00,53837.0,53860.0,53804.0,53831.0
US30,2026-08-12 18:00:00+00:00,53831.6,53877.0,53819.0,53847.0
US30,2026-08-12 19:00:00+00:00,53847.6,53879.0,53773.6,53787.0
US30,2026-08-12 20:00:00+00:00,53787.6,53865.5,53781.5,53790.7
US30,2026-08-12 22:00:00+00:00,53810.7,53816.7,53793.2,53806.7
US30,2026-08-12 23:00:00+00:00,53806.2,53829.2,53802.2,53803.7
US30,2026-08-13 00:00:00+00:00,53803.2,53811.7,53754.7,53771.7
US30,2026-08-13 01:00:00+00:00,53770.2,53773.2,53729.2,53752.7
US30,2026-08-13 02:00:00+00:00,53754.2,53771.2,53746.7,53762.2
US30,2026-08-13 03:00:00+00:00,53760.7,53779.2,53752.2,53773.2
US30,2026-08-13 04:00:00+00:00,53773.7,53793.7,53765.7,53785.2
US30,2026-08-13 05:00:00+00:00,53783.7,53804.7,53783.7,53798.2
US30,2026-08-13 06:00:00+00:00,53799.7,53837.2,53797.7,53833.7
US30,2026-08-13 07:00:00+00:00,53835.2,53867.2,53816.7,53849.7
US30,2026-08-13 08:00:00+00:00,53850.2,53912.7,53831.7,53906.7
US30,2026-08-13 09:00:00+00:00,53907.2,53947.2,53903.2,53912.2
US30,2026-08-13 10:00:00+00:00,53915.2,53947.7,53895.7,53914.2
US30,2026-08-13 11:00:00+00:00,53915.7,53970.2,53905.7,53934.2
US30,2026-08-13 12:00:00+00:00,53937.7,53984.2,53901.2,53983.7
US30,2026-08-13 13:00:00+00:00,53984.2,54009.8,53861.2,53923.8
US30,2026-08-13 14:00:00+00:00,53923.2,54074.2,53830.2,53864.2
US30,2026-08-13 15:00:00+00:00,53864.8,53893.2,53641.2,53691.0
US30,2026-08-13 16:00:00+00:00,53691.4,53769.0,53688.0,53754.0
US30,2026-08-13 17:00:00+00:00,53753.4,53796.0,53739.0,53774.4
US30,2026-08-13 18:00:00+00:00,53775.0,53848.0,53775.0,53806.0
US30,2026-08-13 19:00:00+00:00,53805.4,53884.4,53805.0,53867.0
US30,2026-08-13 20:00:00+00:00,53869.4,53899.4,53852.9,53888.4
US30,2026-08-13 22:00:00+00:00,53894.2,53901.7,53862.2,53873.2
US30,2026-08-13 23:00:00+00:00,53872.7,53894.2,53870.2,53880.7
US30,2026-08-14 00:00:00+00:00,53883.2,53893.2,53852.7,53889.7
US30,2026-08-14 01:00:00+00:00,53889.2,53918.2,53882.7,53914.7
US30,2026-08-14 02:00:00+00:00,53915.2,53927.7,53897.7,53902.7
US30,2026-08-14 03:00:00+00:00,53902.2,53921.7,53895.2,53897.7
US30,2026-08-14 04:00:00+00:00,53896.2,53905.7,53891.7,53895.7
US30,2026-08-14 05:00:00+00:00,53897.2,53898.7,53870.2,53870.7
US30,2026-08-14 06:00:00+00:00,53873.2,53873.2,53824.7,53826.7
US30,2026-08-14 07:00:00+00:00,53827.2,53834.2,53777.7,53805.7
US30,2026-08-14 08:00:00+00:00,53805.2,53809.7,53752.7,53791.7
US30,2026-08-14 09:00:00+00:00,53791.2,53809.7,53762.2,53800.2
US30,2026-08-14 10:00:00+00:00,53799.7,53816.2,53773.2,53787.7
US30,2026-08-14 11:00:00+00:00,53788.2,53805.2,53727.7,53776.2
US30,2026-08-14 12:00:00+00:00,53775.7,53806.2,53722.7,53795.2
US30,2026-08-14 13:00:00+00:00,53795.7,53885.2,53686.8,53858.8
US30,2026-08-14 14:00:00+00:00,53858.2,53871.2,53728.8,53746.8
US30,2026-08-14 15:00:00+00:00,53745.2,53788.8,53690.6,53696.6
US30,2026-08-14 16:00:00+00:00,53697.2,53756.2,53679.2,53687.6
US30,2026-08-14 17:00:00+00:00,53687.2,53746.6,53686.6,53734.6
US30,2026-08-14 18:00:00+00:00,53736.2,53821.2,53726.6,53801.6
US30,2026-08-14 19:00:00+00:00,53802.2,53804.6,53714.2,53749.6
US30,2026-08-14 20:00:00+00:00,53748.2,53750.1,53710.1,53720.1
US30,2026-08-16 22:00:00+00:00,53731.6,53766.6,53716.6,53756.1
US30,2026-08-16 23:00:00+00:00,53756.6,53763.6,53744.1,53751.6
US30,2026-08-17 00:00:00+00:00,53749.6,53763.1,53706.6,53721.1
US30,2026-08-17 01:00:00+00:00,53720.6,53724.6,53665.1,53668.6
US30,2026-08-17 02:00:00+00:00,53669.1,53674.1,53655.1,53656.6
US30,2026-08-17 03:00:00+00:00,53656.1,53683.1,53654.6,53683.1
US30,2026-08-17 04:00:00+00:00,53682.6,53692.6,53673.1,53685.6
US30,2026-08-17 05:00:00+00:00,53685.1,53707.1,53679.1,53706.1
US30,2026-08-17 06:00:00+00:00,53706.6,53724.6,53688.6,53709.6
US30,2026-08-17 07:00:00+00:00,53709.1,53719.1,53661.1,53701.1
US30,2026-08-17 08:00:00+00:00,53701.6,53708.6,53625.6,53657.6
US30,2026-08-17 09:00:00+00:00,53655.1,53691.1,53642.6,53655.1
US30,2026-08-17 10:00:00+00:00,53655.6,53743.6,53638.1,53666.1
US30,2026-08-17 11:00:00+00:00,53665.6,53673.1,53617.1,53627.6
US30,2026-08-17 12:00:00+00:00,53628.1,53632.1,53539.6,53558.6
US30,2026-08-17 13:00:00+00:00,53558.1,53653.6,53501.1,53562.2
US30,2026-08-17 14:00:00+00:00,53563.6,53652.6,53486.2,53511.2
US30,2026-08-17 15:00:00+00:00,53510.6,53581.2,53492.2,53535.6
US30,2026-08-17 16:00:00+00:00,53537.2,53635.6,53522.6,53526.6
US30,2026-08-17 17:00:00+00:00,53524.6,53566.6,53416.6,53458.6
US30,2026-08-17 18:00:00+00:00,53456.2,53522.6,53450.6,53489.6
US30,2026-08-17 19:00:00+00:00,53490.2,53532.6,53461.2,53493.6
US30,2026-08-17 20:00:00+00:00,53493.6,53496.1,53455.6,53464.6
US30,2026-08-17 22:00:00+00:00,53461.1,53473.6,53438.6,53458.1
US30,2026-08-17 23:00:00+00:00,53458.6,53487.6,53449.6,53484.6
US30,2026-08-18 00:00:00+00:00,53484.1,53496.6,53455.1,53467.6
US30,2026-08-18 01:00:00+00:00,53468.1,53507.1,53464.1,53507.1
US30,2026-08-18 02:00:00+00:00,53507.6,53509.1,53451.6,53477.6
US30,2026-08-18 03:00:00+00:00,53478.1,53483.1,53432.6,53437.1
US30,2026-08-18 04:00:00+00:00,53437.6,53439.6,53406.6,53419.6
US30,2026-08-18 05:00:00+00:00,53418.1,53433.1,53392.1,53416.1
US30,2026-08-18 06:00:00+00:00,53417.6,53478.6,53376.6,53476.1
US30,2026-08-18 07:00:00+00:00,53475.6,53476.1,53343.6,53348.6
US30,2026-08-18 08:00:00+00:00,53350.1,53447.1,53334.1,53446.1
US30,2026-08-18 09:00:00+00:00,53445.6,53469.6,53424.6,53468.6
US30,2026-08-18 10:00:00+00:00,53467.1,53538.1,53467.1,53483.6
US30,2026-08-18 11:00:00+00:00,53483.1,53503.6,53433.1,53445.1
US30,2026-08-18 12:00:00+00:00,53443.6,53483.6,53400.1,53457.1
US30,2026-08-18 13:00:00+00:00,53456.6,53471.6,53262.6,53424.2
US30,2026-08-18 14:00:00+00:00,53424.6,53492.2,53382.6,53435.2
US30,2026-08-18 15:00:00+00:00,53434.6,53469.2,53315.6,53363.0
US30,2026-08-18 16:00:00+00:00,53363.4,53431.4,53358.4,53389.4
US30,2026-08-18 17:00:00+00:00,53390.0,53420.0,53351.0,53351.4
US30,2026-08-18 18:00:00+00:00,53349.4,53437.0,53345.0,53386.4
US30,2026-08-18 19:00:00+00:00,53387.0,53434.0,53340.0,53363.4
US30,2026-08-18 20:00:00+00:00,53364.0,53378.9,53345.9,53360.9
US30,2026-08-18 22:00:00+00:00,53358.8,53366.3,53338.3,53342.3
US30,2026-08-18 23:00:00+00:00,53341.8,53360.3,53336.3,53346.8
US30,2026-08-19 00:00:00+00:00,53346.3,53356.3,53310.3,53327.8
US30,2026-08-19 01:00:00+00:00,53326.3,53337.3,53303.8,53305.3
US30,2026-08-19 02:00:00+00:00,53305.8,53324.8,53295.3,53316.8
US30,2026-08-19 03:00:00+00:00,53318.3,53318.8,53296.8,53298.8
US30,2026-08-19 04:00:00+00:00,53300.3,53313.8,53283.8,53303.3
US30,2026-08-19 05:00:00+00:00,53303.8,53322.3,53287.8,53298.3
US30,2026-08-19 06:00:00+00:00,53298.8,53399.3,53282.8,53396.3
US30,2026-08-19 07:00:00+00:00,53395.8,53414.3,53363.8,53402.3
US30,2026-08-19 08:00:00+00:00,53401.8,53402.3,53334.3,53347.3
US30,2026-08-19 09:00:00+00:00,53346.8,53364.3,53317.8,53354.8
US30,2026-08-19 10:00:00+00:00,53355.3,53373.3,53335.8,53366.3
US30,2026-08-19 11:00:00+00:00,53366.8,53423.3,53366.8,53420.8
US30,2026-08-19 12:00:00+00:00,53421.3,53688.3,53387.8,53627.3
US30,2026-08-19 13:00:00+00:00,53626.8,53648.8,53409.8,53603.4
US30,2026-08-19 14:00:00+00:00,53601.8,53706.4,53569.8,53696.8
US30,2026-08-19 15:00:00+00:00,53697.4,53727.4,53499.6,53515.6
US30,2026-08-19 16:00:00+00:00,53515.0,53605.6,53433.0,53442.6
US30,2026-08-19 17:00:00+00:00,53442.0,53495.6,53434.6,53471.0
US30,2026-08-19 18:00:00+00:00,53471.6,53522.0,53448.6,53458.6
US30,2026-08-19 19:00:00+00:00,53457.0,53543.6,53439.6,53493.6
US30,2026-08-19 20:00:00+00:00,53493.0,53506.0,53470.5,53484.0
US30,2026-08-19 22:00:00+00:00,53479.6,53527.1,53474.1,53516.6
US30,2026-08-19 23:00:00+00:00,53514.6,53525.6,53502.6,53509.1
US30,2026-08-20 00:00:00+00:00,53508.1,53513.6,53481.6,53495.1
US30,2026-08-20 01:00:00+00:00,53494.6,53507.6,53471.1,53479.1
US30,2026-08-20 02:00:00+00:00,53479.6,53501.6,53474.1,53487.6
US30,2026-08-20 03:00:00+00:00,53488.1,53508.6,53486.6,53501.6
US30,2026-08-20 04:00:00+00:00,53502.1,53513.6,53490.6,53505.6
US30,2026-08-20 05:00:00+00:00,53505.1,53505.1,53463.1,53474.1
US30,2026-08-20 06:00:00+00:00,53474.6,53534.6,53473.1,53507.1
US30,2026-08-20 07:00:00+00:00,53507.6,53507.6,53407.1,53420.1
US30,2026-08-20 08:00:00+00:00,53419.6,53457.6,53350.6,53376.1
US30,2026-08-20 09:00:00+00:00,53375.6,53410.1,53369.6,53382.1
US30,2026-08-20 10:00:00+00:00,53381.6,53420.1,53375.6,53418.1
US30,2026-08-20 11:00:00+00:00,53417.6,53431.1,53174.6,53182.6
US30,2026-08-20 12:00:00+00:00,53183.1,53185.6,53014.1,53053.6
US30,2026-08-20 13:00:00+00:00,53054.1,53210.6,52991.1,53137.6
US30,2026-08-20 14:00:00+00:00,53137.2,53177.2,53020.2,53169.2
US30,2026-08-20 15:00:00+00:00,53171.2,53233.6,53001.6,53032.2
US30,2026-08-20 16:00:00+00:00,53030.2,53104.8,53003.2,53082.8
US30,2026-08-20 17:00:00+00:00,53083.4,53083.8,52927.8,52931.8
US30,2026-08-20 18:00:00+00:00,52931.4,52933.4,52831.4,52831.8
US30,2026-08-20 19:00:00+00:00,52833.8,52879.8,52779.8,52811.8
US30,2026-08-20 20:00:00+00:00,52812.4,52823.8,52763.8,52814.8
US30,2026-08-20 22:00:00+00:00,52806.1,52810.6,52779.1,52810.1
US30,2026-08-20 23:00:00+00:00,52809.1,52810.1,52790.1,52805.1
DE30,2026-06-12 00:00:00+00:00,24625.6,24644.6,24593.1,24608.1
DE30,2026-06-12 01:00:00+00:00,24611.1,24622.6,24537.6,24620.6
DE30,2026-06-12 02:00:00+00:00,24621.2,24632.6,24577.1,24598.1
DE30,2026-06-12 03:00:00+00:00,24597.6,24601.1,24565.6,24597.1
DE30,2026-06-12 04:00:00+00:00,24597.6,24623.6,24567.1,24609.6
DE30,2026-06-12 05:00:00+00:00,24610.6,24627.6,24522.1,24541.6
DE30,2026-06-12 06:00:00+00:00,24541.1,24599.2,24520.2,24564.6
DE30,2026-06-12 07:00:00+00:00,24563.6,24760.1,24491.6,24649.6
DE30,2026-06-12 08:00:00+00:00,24650.6,24756.6,24588.1,24621.6
DE30,2026-06-12 09:00:00+00:00,24622.1,24705.6,24619.6,24661.6
DE30,2026-06-12 10:00:00+00:00,24660.6,24674.1,24551.6,24587.1
DE30,2026-06-12 11:00:00+00:00,24587.6,24638.1,24569.6,24577.1
DE30,2026-06-12 12:00:00+00:00,24577.6,24582.1,24447.1,24465.6
DE30,2026-06-12 13:00:00+00:00,24466.6,24553.6,24412.6,24496.6
DE30,2026-06-12 14:00:00+00:00,24498.6,24634.6,24478.1,24622.1
DE30,2026-06-12 15:00:00+00:00,24623.1,24670.2,24553.6,24561.6
DE30,2026-06-12 16:00:00+00:00,24562.2,24641.2,24535.6,24625.6
DE30,2026-06-12 17:00:00+00:00,24626.6,24686.6,24625.6,24646.2
DE30,2026-06-12 18:00:00+00:00,24645.6,24676.2,24634.6,24650.6
DE30,2026-06-12 19:00:00+00:00,24650.2,24689.2,24647.6,24656.6
DE30,2026-06-15 00:00:00+00:00,24951.6,25079.6,24946.6,25041.6
DE30,2026-06-15 01:00:00+00:00,25040.1,25066.6,25010.6,25016.2
DE30,2026-06-15 02:00:00+00:00,25016.6,25039.2,24997.6,25035.6
DE30,2026-06-15 03:00:00+00:00,25034.6,25051.2,25008.6,25010.6
DE30,2026-06-15 04:00:00+00:00,25011.2,25030.6,24994.6,25029.6
DE30,2026-06-15 05:00:00+00:00,25029.1,25059.6,25008.6,25025.6
DE30,2026-06-15 06:00:00+00:00,25026.6,25083.2,24988.2,25050.2
DE30,2026-06-15 07:00:00+00:00,25050.1,25089.6,25018.1,25023.6
DE30,2026-06-15 08:00:00+00:00,25024.6,25049.6,24938.6,24946.6
DE30,2026-06-15 09:00:00+00:00,24946.1,24954.1,24896.1,24920.1
DE30,2026-06-15 10:00:00+00:00,24920.6,24958.6,24910.1,24944.1
DE30,2026-06-15 11:00:00+00:00,24944.6,24974.6,24936.1,24962.6
DE30,2026-06-15 12:00:00+00:00,24962.1,24995.6,24953.6,24990.6
DE30,2026-06-15 13:00:00+00:00,24991.1,25011.6,24916.1,24921.6
DE30,2026-06-15 14:00:00+00:00,24923.6,24971.1,24891.1,24935.1
DE30,2026-06-15 15:00:00+00:00,24934.6,24943.1,24880.1,24922.2
DE30,2026-06-15 16:00:00+00:00,24922.6,24924.6,24897.2,24907.6
DE30,2026-06-15 17:00:00+00:00,24906.6,24908.6,24868.6,24876.2
DE30,2026-06-15 18:00:00+00:00,24876.6,24880.2,24844.2,24852.2
DE30,2026-06-15 19:00:00+00:00,24853.2,24861.6,24833.2,24850.6
DE30,2026-06-16 00:00:00+00:00,24852.6,24869.2,24831.6,24856.1
DE30,2026-06-16 01:00:00+00:00,24856.6,24866.6,24834.6,24848.6
DE30,2026-06-16 02:00:00+00:00,24849.6,24852.2,24828.6,24837.1
DE30,2026-06-16 03:00:00+00:00,24837.6,24882.6,24835.6,24859.6
DE30,2026-06-16 04:00:00+00:00,24860.6,24869.6,24850.6,24858.1
DE30,2026-06-16 05:00:00+00:00,24858.6,24900.6,24858.1,24883.2
DE30,2026-06-16 06:00:00+00:00,24882.2,24948.2,24865.6,24944.2
DE30,2026-06-16 07:00:00+00:00,24944.6,24994.1,24896.1,24987.1
DE30,2026-06-16 08:00:00+00:00,24987.6,25108.6,24974.1,25090.1
DE30,2026-06-16 09:00:00+00:00,25089.1,25095.1,25038.6,25076.1
DE30,2026-06-16 10:00:00+00:00,25076.6,25086.1,25034.6,25048.1
DE30,2026-06-16 11:00:00+00:00,25047.6,25052.6,24991.1,25006.6
DE30,2026-06-16 12:00:00+00:00,25007.1,25052.1,24976.6,24981.1
DE30,2026-06-16 13:00:00+00:00,24980.6,24984.1,24923.1,24980.1
DE30,2026-06-16 14:00:00+00:00,24979.6,24979.6,24906.1,24928.4
DE30,2026-06-16 15:00:00+00:00,24928.9,24942.0,24806.0,24833.0
DE30,2026-06-16 16:00:00+00:00,24832.4,24853.4,24818.4,24835.4
DE30,2026-06-16 17:00:00+00:00,24836.0,24839.4,24800.0,24837.0
DE30,2026-06-16 18:00:00+00:00,24836.4,24837.0,24802.0,24805.4
DE30,2026-06-16 19:00:00+00:00,24806.0,24814.4,24761.0,24774.0
DE30,2026-06-17 00:00:00+00:00,24779.4,24802.0,24775.0,24797.0
DE30,2026-06-17 01:00:00+00:00,24796.4,24825.4,24788.4,24824.0
DE30,2026-06-17 02:00:00+00:00,24824.4,24830.4,24800.4,24803.9
DE30,2026-06-17 03:00:00+00:00,24803.4,24817.0,24787.0,24815.0
DE30,2026-06-17 04:00:00+00:00,24815.4,24828.0,24795.9,24825.9
DE30,2026-06-17 05:00:00+00:00,24825.4,24851.0,24821.4,24833.4
DE30,2026-06-17 06:00:00+00:00,24835.4,24863.4,24806.4,24824.0
DE30,2026-06-17 07:00:00+00:00,24824.4,24870.4,24795.4,24827.9
DE30,2026-06-17 08:00:00+00:00,24827.4,24838.9,24757.4,24825.9
DE30,2026-06-17 09:00:00+00:00,24824.9,24911.9,24822.4,24907.9
DE30,2026-06-17 10:00:00+00:00,24907.4,24950.4,24877.4,24936.9
DE30,2026-06-17 11:00:00+00:00,24937.4,24951.9,24845.9,24855.4
DE30,2026-06-17 12:00:00+00:00,24854.9,24896.4,24850.9,24869.9
DE30,2026-06-17 13:00:00+00:00,24869.4,24892.4,24818.4,24861.4
DE30,2026-06-17 14:00:00+00:00,24860.9,24940.4,24815.4,24878.4
DE30,2026-06-17 15:00:00+00:00,24877.9,24975.0,24876.4,24954.0
DE30,2026-06-17 16:00:00+00:00,24953.4,24964.4,24923.0,24936.4
DE30,2026-06-17 17:00:00+00:00,24936.0,24967.9,24901.0,24967.4
DE30,2026-06-17 18:00:00+00:00,24946.9,24974.0,24822.4,24896.4
DE30,2026-06-17 19:00:00+00:00,24898.4,24920.0,24779.4,24812.4
DE30,2026-06-18 00:00:00+00:00,24999.4,25017.4,24827.4,24836.9
DE30,2026-06-18 01:00:00+00:00,24835.9,24882.9,24828.4,24859.9
DE30,2026-06-18 02:00:00+00:00,24857.4,24885.4,24846.9,24851.9
DE30,2026-06-18 03:00:00+00:00,24850.4,24873.9,24824.9,24870.9
DE30,2026-06-18 04:00:00+00:00,24865.9,24885.4,24824.4,24840.4
DE30,2026-06-18 05:00:00+00:00,24839.9,24887.0,24829.4,24880.9
DE30,2026-06-18 06:00:00+00:00,24881.4,24976.4,24857.4,24974.4
DE30,2026-06-18 07:00:00+00:00,24974.0,25052.9,24946.4,24975.4
DE30,2026-06-18 08:00:00+00:00,24974.9,25000.4,24845.9,24852.9
DE30,2026-06-18 09:00:00+00:00,24853.4,24994.9,24830.9,24960.4
DE30,2026-06-18 10:00:00+00:00,24961.4,24983.9,24915.6,24923.6
DE30,2026-06-18 11:00:00+00:00,24923.1,24937.6,24861.6,24927.6
DE30,2026-06-18 12:00:00+00:00,24928.1,25027.1,24923.6,25014.1
DE30,2026-06-18 13:00:00+00:00,25014.6,25034.6,24912.6,24946.5
DE30,2026-06-18 14:00:00+00:00,24946.0,25046.5,24933.5,25045.0
DE30,2026-06-18 15:00:00+00:00,25045.5,25070.5,25000.0,25057.6
DE30,2026-06-18 16:00:00+00:00,25056.6,25079.0,25038.6,25055.0
DE30,2026-06-18 17:00:00+00:00,25056.6,25088.0,25046.0,25076.6
DE30,2026-06-18 18:00:00+00:00,25077.0,25088.6,25045.6,25061.6
DE30,2026-06-18 19:00:00+00:00,25062.0,25066.0,25023.0,25061.6
DE30,2026-06-19 00:00:00+00:00,25007.0,25007.0,24934.0,24977.5
DE30,2026-06-19 01:00:00+00:00,24977.0,24994.0,24949.5,24950.0
DE30,2026-06-19 02:00:00+00:00,24950.5,24959.0,24932.0,24948.0
DE30,2026-06-19 03:00:00+00:00,24948.5,24957.6,24930.0,24946.0
DE30,2026-06-19 04:00:00+00:00,24946.5,24966.6,24892.6,24908.6
DE30,2026-06-19 05:00:00+00:00,24908.0,24958.6,24902.6,24953.6
DE30,2026-06-19 06:00:00+00:00,24954.6,25039.0,24949.6,25034.6
DE30,2026-06-19 07:00:00+00:00,25034.5,25169.5,25030.0,25163.0
DE30,2026-06-19 08:00:00+00:00,25161.5,25180.0,25107.0,25125.0
DE30,2026-06-19 09:00:00+00:00,25125.5,25141.5,25064.0,25114.5
DE30,2026-06-19 10:00:00+00:00,25115.5,25130.0,25018.0,25046.0
DE30,2026-06-19 11:00:00+00:00,25045.5,25064.0,25013.5,25047.0
DE30,2026-06-19 12:00:00+00:00,25046.5,25088.0,24965.5,25082.5
DE30,2026-06-19 13:00:00+00:00,25083.0,25120.0,25053.2,25084.7
DE30,2026-06-19 14:00:00+00:00,25085.2,25117.7,25060.7,25070.7
DE30,2026-06-19 15:00:00+00:00,25071.2,25098.7,25007.8,25047.8
DE30,2026-06-19 16:00:00+00:00,25048.2,25076.8,25022.8,25029.8
DE30,2026-06-19 17:00:00+00:00,25028.8,25041.8,25023.8,25037.8
DE30,2026-06-19 18:00:00+00:00,25038.2,25045.8,25032.8,25036.8
DE30,2026-06-19 19:00:00+00:00,25036.2,25046.8,25020.8,25032.8
DE30,2026-06-22 00:00:00+00:00,24976.8,25038.8,24968.8,25033.7
DE30,2026-06-22 01:00:00+00:00,25036.7,25060.8,25007.2,25011.7
DE30,2026-06-22 02:00:00+00:00,25011.2,25027.2,24990.2,24994.2
DE30,2026-06-22 03:00:00+00:00,24993.8,25013.8,24975.2,24991.2
DE30,2026-06-22 04:00:00+00:00,24992.2,25005.8,24972.2,25005.8
DE30,2026-06-22 05:00:00+00:00,25006.2,25053.2,25004.8,25049.8
DE30,2026-06-22 06:00:00+00:00,25050.8,25112.2,25036.8,25103.2
DE30,2026-06-22 07:00:00+00:00,25104.8,25118.2,25018.2,25045.7
DE30,2026-06-22 08:00:00+00:00,25046.2,25049.7,24979.0,24985.0
DE30,2026-06-22 09:00:00+00:00,24984.5,25012.5,24938.0,24938.0
DE30,2026-06-22 10:00:00+00:00,24938.5,24977.5,24933.0,24949.5
DE30,2026-06-22 11:00:00+00:00,24950.0,25038.0,24935.0,25036.5
DE30,2026-06-22 12:00:00+00:00,25037.0,25071.0,25011.0,25061.5
DE30,2026-06-22 13:00:00+00:00,25062.0,25191.5,25062.0,25189.0
DE30,2026-06-22 14:00:00+00:00,25188.0,25217.5,25123.0,25153.5
DE30,2026-06-22 15:00:00+00:00,25154.0,25210.0,25131.0,25147.6
DE30,2026-06-22 16:00:00+00:00,25147.0,25151.0,25115.6,25132.6
DE30,2026-06-22 17:00:00+00:00,25133.0,25136.6,25103.0,25130.0
DE30,2026-06-22 18:00:00+00:00,25129.6,25151.0,25113.0,25115.0
DE30,2026-06-22 19:00:00+00:00,25114.6,25139.0,25106.0,25137.6
DE30,2026-06-23 00:00:00+00:00,25081.5,25138.0,25069.0,25124.0
DE30,2026-06-23 01:00:00+00:00,25124.6,25134.0,25071.0,25090.6
DE30,2026-06-23 02:00:00+00:00,25089.0,25100.0,25034.6,25039.0
DE30,2026-06-23 03:00:00+00:00,25040.0,25044.0,24959.0,25021.0
DE30,2026-06-23 04:00:00+00:00,25020.0,25028.0,24951.6,24958.0
DE30,2026-06-23 05:00:00+00:00,24958.6,24979.0,24910.0,24923.5
DE30,2026-06-23 06:00:00+00:00,24924.0,24950.6,24868.0,24872.6
DE30,2026-06-23 07:00:00+00:00,24873.0,24918.0,24802.5,24824.0
DE30,2026-06-23 08:00:00+00:00,24823.5,24835.5,24759.5,24811.8
DE30,2026-06-23 09:00:00+00:00,24812.3,24898.8,24793.8,24892.3
DE30,2026-06-23 10:00:00+00:00,24891.8,24955.8,24873.8,24894.3
DE30,2026-06-23 11:00:00+00:00,24893.8,24973.8,24875.8,24944.8
DE30,2026-06-23 12:00:00+00:00,24945.8,24966.8,24898.8,24947.3
DE30,2026-06-23 13:00:00+00:00,24947.8,24985.3,24893.8,24984.3
DE30,2026-06-23 14:00:00+00:00,24983.8,25031.8,24963.3,24996.8
DE30,2026-06-23 15:00:00+00:00,24996.3,25020.8,24915.8,24975.8
DE30,2026-06-23 16:00:00+00:00,24976.4,25014.4,24972.4,25004.8
DE30,2026-06-23 17:00:00+00:00,25004.4,25010.8,24970.4,24972.4
DE30,2026-06-23 18:00:00+00:00,24972.8,24988.4,24923.8,24942.8
DE30,2026-06-23 19:00:00+00:00,24942.4,24978.4,24928.8,24939.4
DE30,2026-06-24 00:00:00+00:00,24973.8,24984.8,24941.4,24971.8
DE30,2026-06-24 01:00:00+00:00,24972.3,24989.8,24940.8,24981.4
DE30,2026-06-24 02:00:00+00:00,24978.8,24983.8,24903.8,24904.4
DE30,2026-06-24 03:00:00+00:00,24904.8,24972.4,24896.8,24927.8
DE30,2026-06-24 04:00:00+00:00,24928.4,24933.4,24870.8,24923.4
DE30,2026-06-24 05:00:00+00:00,24922.4,24979.4,24920.8,24953.4
DE30,2026-06-24 06:00:00+00:00,24953.8,24970.4,24910.4,24910.4
DE30,2026-06-24 07:00:00+00:00,24911.4,24911.4,24699.8,24731.8
DE30,2026-06-24 08:00:00+00:00,24732.3,24773.8,24720.8,24734.8
DE30,2026-06-24 09:00:00+00:00,24735.3,24746.8,24676.8,24690.3
DE30,2026-06-24 10:00:00+00:00,24689.8,24708.3,24652.3,24670.3
DE30,2026-06-24 11:00:00+00:00,24670.8,24703.8,24637.8,24699.3
DE30,2026-06-24 12:00:00+00:00,24699.3,24729.8,24652.9,24666.4
DE30,2026-06-24 13:00:00+00:00,24666.9,24727.4,24625.4,24696.4
DE30,2026-06-24 14:00:00+00:00,24695.4,24748.9,24650.4,24742.4
DE30,2026-06-24 15:00:00+00:00,24743.9,24794.4,24690.4,24769.0
DE30,2026-06-24 16:00:00+00:00,24768.4,24790.4,24731.4,24742.4
DE30,2026-06-24 17:00:00+00:00,24742.0,24763.0,24669.4,24691.0
DE30,2026-06-24 18:00:00+00:00,24691.4,24753.4,24680.4,24695.4
DE30,2026-06-24 19:00:00+00:00,24696.0,24742.0,24667.4,24723.4
DE30,2026-06-25 00:00:00+00:00,24779.4,24800.4,24750.4,24770.0
DE30,2026-06-25 01:00:00+00:00,24769.4,24797.4,24736.0,24739.4
DE30,2026-06-25 02:00:00+00:00,24739.0,24753.0,24717.4,24742.0
DE30,2026-06-25 03:00:00+00:00,24742.4,24759.4,24722.0,24753.0
DE30,2026-06-25 04:00:00+00:00,24753.4,24771.0,24729.4,24765.4
DE30,2026-06-25 05:00:00+00:00,24765.0,24813.4,24751.4,24786.4
DE30,2026-06-25 06:00:00+00:00,24787.0,24829.0,24769.0,24828.0
DE30,2026-06-25 07:00:00+00:00,24828.4,24891.4,24794.4,24890.4
DE30,2026-06-25 08:00:00+00:00,24891.9,24930.9,24854.9,24907.9
DE30,2026-06-25 09:00:00+00:00,24908.4,24951.4,24906.4,24945.9
DE30,2026-06-25 10:00:00+00:00,24946.4,24965.4,24921.9,24955.4
DE30,2026-06-25 11:00:00+00:00,24955.9,24961.4,24896.4,24945.9
DE30,2026-06-25 12:00:00+00:00,24945.4,25029.9,24942.9,25012.9
DE30,2026-06-25 13:00:00+00:00,25012.4,25046.4,24878.9,24888.4
DE30,2026-06-25 14:00:00+00:00,24889.4,25126.9,24889.4,25093.9
DE30,2026-06-25 15:00:00+00:00,25094.9,25110.9,24997.4,25062.0
DE30,2026-06-25 16:00:00+00:00,25062.4,25092.4,25005.4,25031.0
DE30,2026-06-25 17:00:00+00:00,25032.0,25058.4,25013.0,25037.0
DE30,2026-06-25 18:00:00+00:00,25037.4,25047.0,24984.0,25008.0
DE30,2026-06-25 19:00:00+00:00,25007.0,25015.4,24976.0,25000.0
DE30,2026-06-26 00:00:00+00:00,25020.4,25022.9,24957.0,24965.0
DE30,2026-06-26 01:00:00+00:00,24965.4,24988.0,24888.4,24908.4
DE30,2026-06-26 02:00:00+00:00,24910.0,24912.4,24772.0,24788.0
DE30,2026-06-26 03:00:00+00:00,24787.0,24835.0,24739.9,24834.4
DE30,2026-06-26 04:00:00+00:00,24835.0,24843.0,24790.4,24797.4
DE30,2026-06-26 05:00:00+00:00,24798.4,24858.4,24788.0,24815.4
DE30,2026-06-26 06:00:00+00:00,24815.9,24931.4,24806.4,24902.0
DE30,2026-06-26 07:00:00+00:00,24901.9,24916.9,24826.9,24856.9
DE30,2026-06-26 08:00:00+00:00,24857.4,24865.9,24760.9,24789.4
DE30,2026-06-26 09:00:00+00:00,24789.9,24789.9,24715.5,24747.0
DE30,2026-06-26 10:00:00+00:00,24746.5,24751.0,24703.5,24718.5
DE30,2026-06-26 11:00:00+00:00,24719.5,24758.0,24702.0,24709.0
DE30,2026-06-26 12:00:00+00:00,24709.5,24750.5,24661.0,24671.0
DE30,2026-06-26 13:00:00+00:00,24672.0,24705.0,24586.0,24699.5
DE30,2026-06-26 14:00:00+00:00,24699.0,24739.0,24636.5,24650.5
DE30,2026-06-26 15:00:00+00:00,24651.0,24748.0,24632.5,24717.0
DE30,2026-06-26 16:00:00+00:00,24717.6,24720.0,24642.6,24685.0
DE30,2026-06-26 17:00:00+00:00,24686.0,24716.0,24673.0,24694.6
DE30,2026-06-26 18:00:00+00:00,24695.0,24709.6,24657.0,24665.6
DE30,2026-06-26 19:00:00+00:00,24665.0,24699.0,24651.0,24679.6
DE30,2026-06-29 00:00:00+00:00,24759.0,24782.6,24721.6,24776.0
DE30,2026-06-29 01:00:00+00:00,24777.0,24793.6,24737.0,24763.6
DE30,2026-06-29 02:00:00+00:00,24764.0,24800.6,24725.6,24795.0
DE30,2026-06-29 03:00:00+00:00,24795.5,24817.6,24773.0,24808.6
DE30,2026-06-29 04:00:00+00:00,24808.0,24809.0,24767.0,24773.0
DE30,2026-06-29 05:00:00+00:00,24776.6,24837.6,24760.6,24831.0
DE30,2026-06-29 06:00:00+00:00,24832.6,24838.6,24777.6,24793.0
DE30,2026-06-29 07:00:00+00:00,24793.0,24809.0,24721.0,24779.5
DE30,2026-06-29 08:00:00+00:00,24780.0,24795.0,24680.0,24680.0
DE30,2026-06-29 09:00:00+00:00,24680.5,24752.0,24677.5,24716.5
DE30,2026-06-29 10:00:00+00:00,24717.0,24728.5,24685.5,24717.0
DE30,2026-06-29 11:00:00+00:00,24716.5,24734.5,24667.0,24723.5
DE30,2026-06-29 12:00:00+00:00,24724.0,24747.0,24695.5,24736.0
DE30,2026-06-29 13:00:00+00:00,24736.5,24753.5,24681.0,24704.5
DE30,2026-06-29 14:00:00+00:00,24705.0,24705.0,24598.5,24629.5
DE30,2026-06-29 15:00:00+00:00,24630.0,24685.0,24592.5,24675.6
DE30,2026-06-29 16:00:00+00:00,24676.0,24720.6,24672.0,24709.6
DE30,2026-06-29 17:00:00+00:00,24710.0,24739.6,24709.6,24729.6
DE30,2026-06-29 18:00:00+00:00,24730.0,24784.0,24726.0,24776.0
DE30,2026-06-29 19:00:00+00:00,24775.6,24783.6,24756.6,24772.6
DE30,2026-06-30 00:00:00+00:00,24768.6,24784.0,24709.0,24744.0
DE30,2026-06-30 01:00:00+00:00,24744.5,24805.0,24726.6,24787.0
DE30,2026-06-30 02:00:00+00:00,24786.5,24786.5,24754.5,24775.0
DE30,2026-06-30 03:00:00+00:00,24774.0,24806.0,24768.5,24793.5
DE30,2026-06-30 04:00:00+00:00,24793.0,24829.0,24788.6,24818.0
DE30,2026-06-30 05:00:00+00:00,24820.0,24858.6,24817.0,24837.6
DE30,2026-06-30 06:00:00+00:00,24837.0,24852.6,24788.6,24852.0
DE30,2026-06-30 07:00:00+00:00,24851.6,24905.5,24823.0,24836.0
DE30,2026-06-30 08:00:00+00:00,24851.0,24901.5,24835.0,24850.5
DE30,2026-06-30 09:00:00+00:00,24849.0,24963.0,24848.0,24936.0
DE30,2026-06-30 10:00:00+00:00,24936.5,25016.5,24929.5,25005.5
DE30,2026-06-30 11:00:00+00:00,25006.5,25052.0,24987.5,25021.5
DE30,2026-06-30 12:00:00+00:00,25020.5,25025.0,24923.0,24975.5
DE30,2026-06-30 13:00:00+00:00,24976.0,24979.5,24903.5,24965.0
DE30,2026-06-30 14:00:00+00:00,24964.5,24985.0,24923.0,24941.5
DE30,2026-06-30 15:00:00+00:00,24942.0,25045.6,24941.0,25015.6
DE30,2026-06-30 16:00:00+00:00,25016.0,25041.0,25004.0,25034.6
DE30,2026-06-30 17:00:00+00:00,25035.0,25048.0,25025.0,25045.0
DE30,2026-06-30 18:00:00+00:00,25044.0,25064.0,25034.0,25059.6
DE30,2026-06-30 19:00:00+00:00,25060.0,25071.6,25031.0,25047.0
DE30,2026-07-01 00:00:00+00:00,25036.6,25049.0,25032.0,25035.5
DE30,2026-07-01 01:00:00+00:00,25036.6,25052.0,24995.6,24999.6
DE30,2026-07-01 02:00:00+00:00,25000.0,25019.0,24975.6,25004.0
DE30,2026-07-01 03:00:00+00:00,25002.6,25023.5,24997.0,25018.0
DE30,2026-07-01 04:00:00+00:00,25018.6,25025.0,25003.0,25004.0
DE30,2026-07-01 05:00:00+00:00,25004.6,25025.0,24995.5,25024.0
DE30,2026-07-01 06:00:00+00:00,25023.6,25053.0,25006.6,25051.0
DE30,2026-07-01 07:00:00+00:00,25055.0,25077.5,24978.5,25076.5
DE30,2026-07-01 08:00:00+00:00,25076.0,25118.5,25040.0,25093.2
DE30,2026-07-01 09:00:00+00:00,25092.7,25116.7,25063.2,25101.7
DE30,2026-07-01 10:00:00+00:00,25102.2,25105.7,25050.7,25089.2
DE30,2026-07-01 11:00:00+00:00,25089.7,25106.7,25008.2,25015.2
DE30,2026-07-01 12:00:00+00:00,25014.7,25046.2,24966.7,24966.7
DE30,2026-07-01 13:00:00+00:00,24966.2,25026.2,24906.2,25008.2
DE30,2026-07-01 14:00:00+00:00,25007.2,25041.7,24981.7,25005.2
DE30,2026-07-01 15:00:00+00:00,25004.2,25107.2,25001.2,25080.2
DE30,2026-07-01 16:00:00+00:00,25080.8,25112.2,25067.2,25068.8
DE30,2026-07-01 17:00:00+00:00,25069.2,25104.8,25064.2,25069.2
DE30,2026-07-01 18:00:00+00:00,25068.8,25081.2,25056.8,25063.8
DE30,2026-07-01 19:00:00+00:00,25063.2,25087.2,25060.8,25071.2
DE30,2026-07-02 00:00:00+00:00,25024.8,25069.7,25005.8,25060.7
DE30,2026-07-02 01:00:00+00:00,25064.2,25170.8,25052.8,25150.8
DE30,2026-07-02 02:00:00+00:00,25151.2,25169.8,25143.8,25151.2
DE30,2026-07-02 03:00:00+00:00,25151.8,25159.8,25128.8,25157.2
DE30,2026-07-02 04:00:00+00:00,25159.2,25168.2,25096.2,25119.7
DE30,2026-07-02 05:00:00+00:00,25121.2,25144.8,25077.8,25084.2
DE30,2026-07-02 06:00:00+00:00,25081.8,25095.8,24995.2,24996.8
DE30,2026-07-02 07:00:00+00:00,24996.7,25162.2,24977.2,25129.2
DE30,2026-07-02 08:00:00+00:00,25130.2,25188.2,25114.2,25171.2
DE30,2026-07-02 09:00:00+00:00,25170.7,25220.2,25153.2,25199.7
DE30,2026-07-02 10:00:00+00:00,25200.7,25313.2,25181.2,25302.7
DE30,2026-07-02 11:00:00+00:00,25303.2,25332.7,25283.2,25324.2
DE30,2026-07-02 12:00:00+00:00,25323.7,25490.2,25316.2,25462.2
DE30,2026-07-02 13:00:00+00:00,25462.7,25685.7,25451.2,25664.2
DE30,2026-07-02 14:00:00+00:00,25663.7,25675.7,25604.7,25663.2
DE30,2026-07-02 15:00:00+00:00,25664.2,25674.2,25567.8,25578.8
DE30,2026-07-02 16:00:00+00:00,25579.2,25629.2,25555.2,25564.2
DE30,2026-07-02 17:00:00+00:00,25563.8,25567.2,25511.2,25514.2
DE30,2026-07-02 18:00:00+00:00,25514.8,25574.8,25503.2,25566.2
DE30,2026-07-02 19:00:00+00:00,25567.8,25651.2,25534.2,25649.2
DE30,2026-07-03 00:00:00+00:00,25665.7,25668.8,25629.8,25645.7
DE30,2026-07-03 01:00:00+00:00,25645.2,25736.2,25641.2,25715.8
DE30,2026-07-03 02:00:00+00:00,25714.7,25725.8,25701.8,25713.7
DE30,2026-07-03 03:00:00+00:00,25714.7,25740.2,25706.2,25738.2
DE30,2026-07-03 04:00:00+00:00,25738.8,25749.8,25725.2,25727.8
DE30,2026-07-03 05:00:00+00:00,25727.2,25729.8,25694.8,25715.2
DE30,2026-07-03 06:00:00+00:00,25716.8,25776.2,25712.8,25776.2
DE30,2026-07-03 07:00:00+00:00,25775.8,25846.7,25705.2,25706.7
DE30,2026-07-03 08:00:00+00:00,25707.7,25760.2,25647.7,25650.7
DE30,2026-07-03 09:00:00+00:00,25650.2,25690.2,25631.2,25673.7
DE30,2026-07-03 10:00:00+00:00,25674.2,25726.2,25659.7,25722.7
DE30,2026-07-03 11:00:00+00:00,25723.2,25729.2,25677.2,25727.2
DE30,2026-07-03 12:00:00+00:00,25727.7,25771.2,25721.2,25770.2
DE30,2026-07-03 13:00:00+00:00,25771.2,25806.0,25748.0,25792.5
DE30,2026-07-03 14:00:00+00:00,25793.0,25842.0,25761.5,25830.5
DE30,2026-07-03 15:00:00+00:00,25831.0,25856.5,25801.6,25818.6
DE30,2026-07-03 16:00:00+00:00,25819.0,25842.0,25815.6,25825.0
DE30,2026-07-03 17:00:00+00:00,25825.6,25830.0,25815.6,25826.6
DE30,2026-07-03 18:00:00+00:00,25826.0,25830.0,25811.6,25814.6
DE30,2026-07-03 19:00:00+00:00,25814.0,25843.6,25811.0,25834.6
DE30,2026-07-06 00:00:00+00:00,25912.0,25916.5,25847.0,25889.0
DE30,2026-07-06 01:00:00+00:00,25890.5,25905.0,25839.5,25855.0
DE30,2026-07-06 02:00:00+00:00,25855.6,25862.0,25809.6,25824.6
DE30,2026-07-06 03:00:00+00:00,25823.0,25838.0,25804.6,25820.0
DE30,2026-07-06 04:00:00+00:00,25822.5,25852.0,25809.0,25846.0
DE30,2026-07-06 05:00:00+00:00,25845.5,25845.5,25798.6,25809.6
DE30,2026-07-06 06:00:00+00:00,25813.0,25831.0,25787.0,25814.6
DE30,2026-07-06 07:00:00+00:00,25814.5,25928.0,25777.0,25910.5
DE30,2026-07-06 08:00:00+00:00,25911.0,25921.0,25844.5,25850.5
DE30,2026-07-06 09:00:00+00:00,25850.0,25883.0,25816.5,25863.0
DE30,2026-07-06 10:00:00+00:00,25862.5,25869.0,25807.5,25812.5
DE30,2026-07-06 11:00:00+00:00,25812.0,25818.5,25774.0,25784.0
DE30,2026-07-06 12:00:00+00:00,25783.5,25804.0,25756.0,25760.0
DE30,2026-07-06 13:00:00+00:00,25760.5,25788.0,25712.5,25787.0
DE30,2026-07-06 14:00:00+00:00,25786.5,25833.0,25775.0,25827.0
DE30,2026-07-06 15:00:00+00:00,25827.5,25864.6,25801.5,25822.0
DE30,2026-07-06 16:00:00+00:00,25823.0,25830.6,25807.6,25816.0
DE30,2026-07-06 17:00:00+00:00,25815.0,25844.6,25809.0,25821.0
DE30,2026-07-06 18:00:00+00:00,25821.6,25837.0,25819.0,25827.6
DE30,2026-07-06 19:00:00+00:00,25828.0,25846.6,25821.0,25831.6
DE30,2026-07-07 00:00:00+00:00,25827.0,25839.0,25800.6,25808.0
DE30,2026-07-07 01:00:00+00:00,25808.6,25835.6,25800.6,25816.0
DE30,2026-07-07 02:00:00+00:00,25816.6,25826.5,25783.6,25789.6
DE30,2026-07-07 03:00:00+00:00,25790.0,25805.6,25757.6,25769.0
DE30,2026-07-07 04:00:00+00:00,25768.6,25783.0,25755.6,25759.0
DE30,2026-07-07 05:00:00+00:00,25758.6,25799.6,25723.0,25784.0
DE30,2026-07-07 06:00:00+00:00,25783.6,25813.6,25763.0,25810.0
DE30,2026-07-07 07:00:00+00:00,25809.6,25829.5,25768.5,25801.5
DE30,2026-07-07 08:00:00+00:00,25802.0,25822.5,25732.5,25732.5
DE30,2026-07-07 09:00:00+00:00,25733.0,25752.0,25705.5,25713.0
DE30,2026-07-07 10:00:00+00:00,25712.5,25730.5,25670.5,25686.5
DE30,2026-07-07 11:00:00+00:00,25685.5,25698.5,25639.5,25664.0
DE30,2026-07-07 12:00:00+00:00,25663.5,25726.0,25657.0,25678.0
DE30,2026-07-07 13:00:00+00:00,25677.5,25697.0,25561.0,25579.5
DE30,2026-07-07 14:00:00+00:00,25580.0,25585.0,25509.5,25537.0
DE30,2026-07-07 15:00:00+00:00,25537.5,25540.0,25485.0,25529.6
DE30,2026-07-07 16:00:00+00:00,25530.0,25571.0,25526.0,25563.0
DE30,2026-07-07 17:00:00+00:00,25562.6,25574.0,25550.6,25571.0
DE30,2026-07-07 18:00:00+00:00,25571.6,25577.0,25519.6,25522.6
DE30,2026-07-07 19:00:00+00:00,25523.0,25527.0,25434.6,25476.6
DE30,2026-07-08 00:00:00+00:00,25463.0,25532.6,25438.5,25529.6
DE30,2026-07-08 01:00:00+00:00,25530.0,25554.5,25500.6,25519.5
DE30,2026-07-08 02:00:00+00:00,25519.0,25522.5,25465.5,25488.6
DE30,2026-07-08 03:00:00+00:00,25487.5,25513.0,25476.0,25497.5
DE30,2026-07-08 04:00:00+00:00,25500.0,25502.0,25457.5,25482.6
DE30,2026-07-08 05:00:00+00:00,25483.0,25496.5,25423.6,25437.0
DE30,2026-07-08 06:00:00+00:00,25435.5,25442.0,25317.0,25334.0
DE30,2026-07-08 07:00:00+00:00,25333.6,25356.5,25169.5,25215.5
DE30,2026-07-08 08:00:00+00:00,25216.5,25223.5,24899.0,24919.0
DE30,2026-07-08 09:00:00+00:00,24919.5,24939.0,24842.5,24874.0
DE30,2026-07-08 10:00:00+00:00,24875.5,24977.5,24852.0,24952.0
DE30,2026-07-08 11:00:00+00:00,24950.5,25100.0,24913.5,25009.0
DE30,2026-07-08 12:00:00+00:00,25008.0,25079.0,24973.5,25013.5
DE30,2026-07-08 13:00:00+00:00,25013.0,25100.5,24980.0,25051.5
DE30,2026-07-08 14:00:00+00:00,25051.0,25072.5,24949.5,24962.0
DE30,2026-07-08 15:00:00+00:00,24961.5,24968.5,24866.0,24911.0
DE30,2026-07-08 16:00:00+00:00,24911.6,25031.0,24906.6,25023.0
DE30,2026-07-08 17:00:00+00:00,25023.6,25033.6,24992.0,25004.6
DE30,2026-07-08 18:00:00+00:00,25004.0,25038.6,24992.6,25030.6
DE30,2026-07-08 19:00:00+00:00,25030.0,25040.0,25001.6,25032.0
DE30,2026-07-09 00:00:00+00:00,25026.5,25067.0,25016.5,25048.0
DE30,2026-07-09 01:00:00+00:00,25048.5,25080.6,25036.0,25056.0
DE30,2026-07-09 02:00:00+00:00,25055.5,25099.0,25014.0,25017.0
DE30,2026-07-09 03:00:00+00:00,25019.5,25067.6,24995.0,25060.0
DE30,2026-07-09 04:00:00+00:00,25061.0,25076.6,25033.5,25072.0
DE30,2026-07-09 05:00:00+00:00,25072.5,25123.6,25036.6,25120.6
DE30,2026-07-09 06:00:00+00:00,25120.0,25129.0,25066.0,25090.6
DE30,2026-07-09 07:00:00+00:00,25090.5,25140.0,25006.0,25041.5
DE30,2026-07-09 08:00:00+00:00,25041.0,25051.0,24928.0,24946.0
DE30,2026-07-09 09:00:00+00:00,24947.0,24979.5,24911.5,24961.0
DE30,2026-07-09 10:00:00+00:00,24960.5,24982.0,24871.5,24920.5
DE30,2026-07-09 11:00:00+00:00,24921.0,24979.5,24911.5,24954.5
DE30,2026-07-09 12:00:00+00:00,24955.0,25023.0,24945.5,25007.0
DE30,2026-07-09 13:00:00+00:00,25008.0,25075.5,24983.5,25053.0
DE30,2026-07-09 14:00:00+00:00,25054.5,25103.5,25010.0,25103.5
DE30,2026-07-09 15:00:00+00:00,25103.0,25137.5,25085.6,25108.0
DE30,2026-07-09 16:00:00+00:00,25108.6,25132.6,25105.0,25112.6
DE30,2026-07-09 17:00:00+00:00,25112.0,25148.0,25111.6,25138.6
DE30,2026-07-09 18:00:00+00:00,25138.0,25147.6,25107.6,25122.0
DE30,2026-07-09 19:00:00+00:00,25122.6,25130.6,25102.6,25130.0
DE30,2026-07-10 00:00:00+00:00,25105.6,25120.5,25084.5,25103.0
DE30,2026-07-10 01:00:00+00:00,25104.0,25142.0,25097.0,25126.0
DE30,2026-07-10 02:00:00+00:00,25125.6,25151.5,25109.0,25121.5
DE30,2026-07-10 03:00:00+00:00,25121.0,25142.6,25104.0,25118.0
DE30,2026-07-10 04:00:00+00:00,25117.0,25118.0,25083.0,25088.0
DE30,2026-07-10 05:00:00+00:00,25090.0,25109.0,25072.6,25082.0
DE30,2026-07-10 06:00:00+00:00,25083.5,25137.0,25083.0,25111.6
DE30,2026-07-10 07:00:00+00:00,25111.5,25207.5,25079.5,25128.0
DE30,2026-07-10 08:00:00+00:00,25128.5,25177.5,25071.5,25089.5
DE30,2026-07-10 09:00:00+00:00,25090.0,25133.5,25061.0,25086.0
DE30,2026-07-10 10:00:00+00:00,25085.5,25166.0,25085.5,25143.5
DE30,2026-07-10 11:00:00+00:00,25143.0,25160.0,25099.0,25111.5
DE30,2026-07-10 12:00:00+00:00,25112.0,25201.0,25076.5,25132.0
DE30,2026-07-10 13:00:00+00:00,25132.5,25166.5,25095.5,25098.0
DE30,2026-07-10 14:00:00+00:00,25097.5,25135.0,24932.0,25048.0
DE30,2026-07-10 15:00:00+00:00,25047.5,25095.6,25016.0,25084.6
DE30,2026-07-10 16:00:00+00:00,25085.0,25120.0,25081.6,25119.0
DE30,2026-07-10 17:00:00+00:00,25118.6,25133.0,25106.6,25118.6
DE30,2026-07-10 18:00:00+00:00,25119.0,25135.0,25113.0,25120.0
DE30,2026-07-10 19:00:00+00:00,25120.6,25130.0,25104.6,25111.0
DE30,2026-07-13 00:00:00+00:00,25033.5,25051.0,24941.5,24953.6
DE30,2026-07-13 01:00:00+00:00,24955.5,24960.0,24900.5,24915.0
DE30,2026-07-13 02:00:00+00:00,24915.5,24929.6,24893.0,24893.6
DE30,2026-07-13 03:00:00+00:00,24894.0,24896.0,24848.0,24850.0
DE30,2026-07-13 04:00:00+00:00,24849.6,24849.6,24795.6,24808.6
DE30,2026-07-13 05:00:00+00:00,24809.0,24866.5,24775.5,24854.0
DE30,2026-07-13 06:00:00+00:00,24853.6,24935.0,24853.6,24931.6
DE30,2026-07-13 07:00:00+00:00,24931.5,25073.5,24930.0,25072.5
DE30,2026-07-13 08:00:00+00:00,25073.5,25124.5,25052.5,25120.0
DE30,2026-07-13 09:00:00+00:00,25121.5,25159.5,25093.0,25149.0
DE30,2026-07-13 10:00:00+00:00,25149.5,25159.0,25067.5,25108.0
DE30,2026-07-13 11:00:00+00:00,25109.5,25136.0,25090.0,25102.0
DE30,2026-07-13 12:00:00+00:00,25101.5,25129.0,25053.0,25123.5
DE30,2026-07-13 13:00:00+00:00,25124.0,25136.0,25067.5,25122.0
DE30,2026-07-13 14:00:00+00:00,25122.5,25135.5,24975.0,25123.7
DE30,2026-07-13 15:00:00+00:00,25122.2,25132.8,25071.2,25089.2
DE30,2026-07-13 16:00:00+00:00,25089.8,25107.2,25026.2,25050.8
DE30,2026-07-13 17:00:00+00:00,25051.2,25081.8,25015.2,25017.2
DE30,2026-07-13 18:00:00+00:00,25018.8,25026.2,24984.2,25020.8
DE30,2026-07-13 19:00:00+00:00,25021.2,25030.8,24969.8,25010.8
DE30,2026-07-14 00:00:00+00:00,24947.2,24947.8,24831.7,24913.8
DE30,2026-07-14 01:00:00+00:00,24915.2,24925.8,24854.2,24865.2
DE30,2026-07-14 02:00:00+00:00,24867.2,24899.2,24835.8,24838.8
DE30,2026-07-14 03:00:00+00:00,24839.8,24873.8,24789.2,24871.8
DE30,2026-07-14 04:00:00+00:00,24872.2,24956.2,24850.2,24951.2
DE30,2026-07-14 05:00:00+00:00,24950.2,25007.2,24934.2,24983.2
DE30,2026-07-14 06:00:00+00:00,24984.2,25019.2,24865.2,24875.8
DE30,2026-07-14 07:00:00+00:00,24878.8,25016.7,24855.7,24982.7
DE30,2026-07-14 08:00:00+00:00,24983.7,25013.2,24931.2,24941.7
DE30,2026-07-14 09:00:00+00:00,24942.2,25013.2,24930.7,24997.7
DE30,2026-07-14 10:00:00+00:00,24998.2,25024.2,24921.7,24952.2
DE30,2026-07-14 11:00:00+00:00,24953.2,24958.7,24891.7,24919.7
DE30,2026-07-14 12:00:00+00:00,24920.2,25099.2,24872.2,24987.7
DE30,2026-07-14 13:00:00+00:00,24990.2,25110.2,24981.2,25104.7
DE30,2026-07-14 14:00:00+00:00,25105.2,25226.7,25043.2,25134.2
DE30,2026-07-14 15:00:00+00:00,25135.2,25189.2,25080.8,25096.8
DE30,2026-07-14 16:00:00+00:00,25096.2,25112.8,25075.2,25112.2
DE30,2026-07-14 17:00:00+00:00,25112.8,25120.2,25080.8,25083.2
DE30,2026-07-14 18:00:00+00:00,25084.2,25088.8,25046.8,25062.2
DE30,2026-07-14 19:00:00+00:00,25062.8,25073.2,25046.2,25046.2
DE30,2026-07-15 00:00:00+00:00,25080.2,25087.2,25045.2,25082.8
DE30,2026-07-15 01:00:00+00:00,25083.8,25087.2,25037.2,25069.8
DE30,2026-07-15 02:00:00+00:00,25067.7,25092.2,25067.7,25074.8
DE30,2026-07-15 03:00:00+00:00,25075.7,25098.2,25070.8,25092.8
DE30,2026-07-15 04:00:00+00:00,25092.2,25103.8,25084.2,25101.2
DE30,2026-07-15 05:00:00+00:00,25110.2,25142.8,25036.8,25068.2
DE30,2026-07-15 06:00:00+00:00,25066.8,25075.2,24996.2,25021.8
DE30,2026-07-15 07:00:00+00:00,25022.2,25023.2,24833.2,24919.2
DE30,2026-07-15 08:00:00+00:00,24920.7,25025.7,24902.7,25006.7
DE30,2026-07-15 09:00:00+00:00,25007.2,25037.7,24938.7,24945.7
DE30,2026-07-15 10:00:00+00:00,24944.7,24988.7,24936.2,24936.2
DE30,2026-07-15 11:00:00+00:00,24936.7,25005.7,24912.7,24999.7
DE30,2026-07-15 12:00:00+00:00,24998.7,25033.7,24975.7,25015.7
DE30,2026-07-15 13:00:00+00:00,25016.7,25052.7,24955.7,25017.2
DE30,2026-07-15 14:00:00+00:00,25018.7,25059.2,24994.2,25037.7
DE30,2026-07-15 15:00:00+00:00,25038.2,25042.2,24992.2,24996.8
DE30,2026-07-15 16:00:00+00:00,24996.2,25000.2,24922.8,24963.8
DE30,2026-07-15 17:00:00+00:00,24966.2,25035.2,24963.8,25019.8
DE30,2026-07-15 18:00:00+00:00,25020.2,25028.2,24996.2,24999.2
DE30,2026-07-15 19:00:00+00:00,24999.8,25017.8,24975.8,24988.8
DE30,2026-07-16 00:00:00+00:00,25022.2,25026.7,24956.7,24962.7
DE30,2026-07-16 01:00:00+00:00,24961.2,24969.2,24906.8,24934.2
DE30,2026-07-16 02:00:00+00:00,24934.7,24987.7,24913.7,24984.2
DE30,2026-07-16 03:00:00+00:00,24984.7,25029.2,24980.2,25028.8
DE30,2026-07-16 04:00:00+00:00,25029.2,25033.8,24987.2,24996.7
DE30,2026-07-16 05:00:00+00:00,24999.2,25063.2,24994.2,25021.8
DE30,2026-07-16 06:00:00+00:00,25019.2,25037.2,24965.2,25024.8
DE30,2026-07-16 07:00:00+00:00,25024.7,25052.2,24842.7,24868.7
DE30,2026-07-16 08:00:00+00:00,24868.2,24939.2,24819.2,24901.7
DE30,2026-07-16 09:00:00+00:00,24902.2,24946.2,24832.7,24853.2
DE30,2026-07-16 10:00:00+00:00,24853.7,24876.7,24811.7,24832.7
DE30,2026-07-16 11:00:00+00:00,24832.2,24837.7,24682.7,24770.7
DE30,2026-07-16 12:00:00+00:00,24771.2,24796.2,24697.2,24730.2
DE30,2026-07-16 13:00:00+00:00,24732.2,24796.7,24721.7,24775.2
DE30,2026-07-16 14:00:00+00:00,24775.7,24822.7,24770.2,24818.2
DE30,2026-07-16 15:00:00+00:00,24817.7,24936.8,24810.2,24883.8
DE30,2026-07-16 16:00:00+00:00,24884.2,24911.2,24832.2,24905.2
DE30,2026-07-16 17:00:00+00:00,24906.2,24914.8,24873.2,24882.2
DE30,2026-07-16 18:00:00+00:00,24882.8,24896.8,24859.2,24874.8
DE30,2026-07-16 19:00:00+00:00,24874.2,24885.8,24824.2,24874.8
DE30,2026-07-17 00:00:00+00:00,24794.2,24824.8,24776.2,24805.7
DE30,2026-07-17 01:00:00+00:00,24806.7,24826.2,24725.2,24734.7
DE30,2026-07-17 02:00:00+00:00,24735.2,24750.7,24714.2,24723.7
DE30,2026-07-17 03:00:00+00:00,24724.2,24772.8,24705.2,24706.7
DE30,2026-07-17 04:00:00+00:00,24708.2,24708.2,24607.2,24668.7
DE30,2026-07-17 05:00:00+00:00,24667.7,24709.8,24644.7,24703.7
DE30,2026-07-17 06:00:00+00:00,24692.2,24786.8,24682.2,24735.2
DE30,2026-07-17 07:00:00+00:00,24735.8,24836.7,24707.2,24811.2
DE30,2026-07-17 08:00:00+00:00,24812.2,24848.7,24686.2,24722.2
DE30,2026-07-17 09:00:00+00:00,24722.7,24723.2,24648.2,24689.7
DE30,2026-07-17 10:00:00+00:00,24690.2,24794.2,24677.7,24767.7
DE30,2026-07-17 11:00:00+00:00,24766.7,24800.7,24729.7,24795.7
DE30,2026-07-17 12:00:00+00:00,24795.2,24808.7,24751.7,24763.7
DE30,2026-07-17 13:00:00+00:00,24764.2,24803.2,24691.7,24802.7
DE30,2026-07-17 14:00:00+00:00,24805.2,24822.2,24761.2,24799.2
DE30,2026-07-17 15:00:00+00:00,24798.7,24878.2,24761.2,24875.8
DE30,2026-07-17 16:00:00+00:00,24876.2,24879.8,24815.8,24851.8
DE30,2026-07-17 17:00:00+00:00,24852.2,24876.8,24815.2,24816.8
DE30,2026-07-17 18:00:00+00:00,24817.2,24829.8,24788.2,24805.8
DE30,2026-07-17 19:00:00+00:00,24805.2,24845.2,24761.8,24834.8
DE30,2026-07-20 00:00:00+00:00,24855.7,24883.8,24806.2,24816.8
DE30,2026-07-20 01:00:00+00:00,24817.2,24858.7,24771.2,24789.7
DE30,2026-07-20 02:00:00+00:00,24790.2,24843.2,24772.8,24823.7
DE30,2026-07-20 03:00:00+00:00,24824.2,24846.2,24807.7,24829.7
DE30,2026-07-20 04:00:00+00:00,24830.2,24866.8,24810.2,24841.2
DE30,2026-07-20 05:00:00+00:00,24840.8,24846.8,24756.2,24761.7
DE30,2026-07-20 06:00:00+00:00,24766.7,24785.2,24724.8,24742.2
DE30,2026-07-20 07:00:00+00:00,24741.2,24902.7,24730.7,24853.2
DE30,2026-07-20 08:00:00+00:00,24852.7,24908.7,24831.2,24899.7
DE30,2026-07-20 09:00:00+00:00,24900.2,24943.2,24870.2,24915.7
DE30,2026-07-20 10:00:00+00:00,24916.7,24923.2,24813.2,24855.7
DE30,2026-07-20 11:00:00+00:00,24856.7,24971.7,24854.7,24938.2
DE30,2026-07-20 12:00:00+00:00,24937.7,24940.7,24822.7,24831.2
DE30,2026-07-20 13:00:00+00:00,24830.7,24842.2,24750.7,24780.2
DE30,2026-07-20 14:00:00+00:00,24780.7,24845.7,24755.2,24821.2
DE30,2026-07-20 15:00:00+00:00,24820.7,24874.2,24801.7,24843.8
DE30,2026-07-20 16:00:00+00:00,24842.8,24877.2,24799.7,24810.2
DE30,2026-07-20 17:00:00+00:00,24811.2,24818.8,24780.8,24794.8
DE30,2026-07-20 18:00:00+00:00,24795.2,24811.8,24722.8,24739.8
DE30,2026-07-20 19:00:00+00:00,24738.8,24753.8,24687.2,24710.2
DE30,2026-07-21 00:00:00+00:00,24682.7,24738.8,24661.8,24720.2
DE30,2026-07-21 01:00:00+00:00,24719.2,24777.2,24707.2,24737.2
DE30,2026-07-21 02:00:00+00:00,24737.7,24773.2,24726.7,24772.2
DE30,2026-07-21 03:00:00+00:00,24776.2,24822.2,24775.7,24812.7
DE30,2026-07-21 04:00:00+00:00,24811.7,24826.8,24806.2,24815.8
DE30,2026-07-21 05:00:00+00:00,24814.2,24857.8,24784.8,24850.2
DE30,2026-07-21 06:00:00+00:00,24850.8,24864.2,24819.8,24856.8
DE30,2026-07-21 07:00:00+00:00,24856.7,24927.2,24811.7,24865.7
DE30,2026-07-21 08:00:00+00:00,24866.2,24898.7,24827.2,24875.7
DE30,2026-07-21 09:00:00+00:00,24875.2,24948.7,24871.7,24920.7
DE30,2026-07-21 10:00:00+00:00,24921.2,24981.7,24920.7,24923.7
DE30,2026-07-21 11:00:00+00:00,24924.2,24929.7,24855.2,24888.2
DE30,2026-07-21 12:00:00+00:00,24890.7,24900.7,24816.7,24887.7
DE30,2026-07-21 13:00:00+00:00,24887.2,24894.7,24803.2,24819.2
DE30,2026-07-21 14:00:00+00:00,24819.7,24961.7,24817.7,24951.7
DE30,2026-07-21 15:00:00+00:00,24951.2,25031.2,24932.7,25023.2
DE30,2026-07-21 16:00:00+00:00,25022.8,25050.8,25022.2,25033.8
DE30,2026-07-21 17:00:00+00:00,25033.2,25041.2,25021.8,25027.8
DE30,2026-07-21 18:00:00+00:00,25027.2,25050.2,25026.8,25044.8
DE30,2026-07-21 19:00:00+00:00,25045.2,25065.8,25033.8,25064.8
DE30,2026-07-22 00:00:00+00:00,25059.2,25077.7,25043.7,25076.7
DE30,2026-07-22 01:00:00+00:00,25076.2,25092.2,25055.2,25079.8
DE30,2026-07-22 02:00:00+00:00,25079.2,25079.2,25054.2,25060.8
DE30,2026-07-22 03:00:00+00:00,25060.2,25077.2,25032.2,25044.2
DE30,2026-07-22 04:00:00+00:00,25043.7,25067.8,25039.2,25055.2
DE30,2026-07-22 05:00:00+00:00,25054.2,25054.2,25030.7,25038.8
DE30,2026-07-22 06:00:00+00:00,25037.8,25059.2,24941.8,24958.2
DE30,2026-07-22 07:00:00+00:00,24957.8,25073.7,24957.7,25055.7
DE30,2026-07-22 08:00:00+00:00,25055.2,25180.7,25048.2,25162.2
DE30,2026-07-22 09:00:00+00:00,25163.2,25231.7,25107.2,25160.2
DE30,2026-07-22 10:00:00+00:00,25159.7,25263.7,25123.7,25126.2
DE30,2026-07-22 11:00:00+00:00,25125.7,25131.7,25040.7,25055.7
DE30,2026-07-22 12:00:00+00:00,25056.7,25176.7,25046.7,25138.2
DE30,2026-07-22 13:00:00+00:00,25137.7,25213.2,25121.2,25195.2
DE30,2026-07-22 14:00:00+00:00,25196.2,25199.7,25141.2,25173.7
DE30,2026-07-22 15:00:00+00:00,25175.2,25211.8,25157.7,25203.8
DE30,2026-07-22 16:00:00+00:00,25204.8,25207.2,25169.2,25203.8
DE30,2026-07-22 17:00:00+00:00,25204.2,25211.8,25170.8,25173.2
DE30,2026-07-22 18:00:00+00:00,25173.8,25175.8,25139.2,25153.8
DE30,2026-07-22 19:00:00+00:00,25154.2,25158.8,25136.2,25147.8
DE30,2026-07-23 00:00:00+00:00,25151.2,25217.8,25147.8,25209.2
DE30,2026-07-23 01:00:00+00:00,25210.2,25219.7,25170.7,25177.2
DE30,2026-07-23 02:00:00+00:00,25174.7,25186.7,25142.2,25156.2
DE30,2026-07-23 03:00:00+00:00,25156.7,25165.2,25121.2,25157.8
DE30,2026-07-23 04:00:00+00:00,25158.2,25164.8,25105.8,25114.2
DE30,2026-07-23 05:00:00+00:00,25114.8,25135.2,25037.7,25040.2
DE30,2026-07-23 06:00:00+00:00,25043.7,25080.8,25008.8,25019.8
DE30,2026-07-23 07:00:00+00:00,25019.2,25026.2,24896.7,24981.7
DE30,2026-07-23 08:00:00+00:00,24982.7,25068.7,24962.7,25028.7
DE30,2026-07-23 09:00:00+00:00,25029.2,25071.7,24977.2,24988.7
DE30,2026-07-23 10:00:00+00:00,24989.2,25046.2,24958.2,25023.2
DE30,2026-07-23 11:00:00+00:00,25021.2,25026.7,24927.7,24993.7
DE30,2026-07-23 12:00:00+00:00,24994.2,24998.7,24830.2,24841.7
DE30,2026-07-23 13:00:00+00:00,24840.7,24874.2,24742.7,24816.7
DE30,2026-07-23 14:00:00+00:00,24817.2,24859.7,24741.7,24784.7
DE30,2026-07-23 15:00:00+00:00,24785.2,24792.7,24687.8,24778.2
DE30,2026-07-23 16:00:00+00:00,24777.8,24833.2,24772.2,24786.8
DE30,2026-07-23 17:00:00+00:00,24787.2,24797.8,24751.8,24752.2
DE30,2026-07-23 18:00:00+00:00,24751.8,24762.2,24731.8,24748.2
DE30,2026-07-23 19:00:00+00:00,24749.2,24762.2,24711.8,24735.2
DE30,2026-07-24 00:00:00+00:00,24736.2,24770.8,24728.2,24761.7
DE30,2026-07-24 01:00:00+00:00,24763.7,24780.2,24742.7,24748.2
DE30,2026-07-24 02:00:00+00:00,24749.7,24762.2,24696.2,24700.2
DE30,2026-07-24 03:00:00+00:00,24700.7,24728.2,24690.8,24708.2
DE30,2026-07-24 04:00:00+00:00,24708.7,24737.2,24695.2,24735.2
DE30,2026-07-24 05:00:00+00:00,24735.7,24786.2,24728.7,24753.8
DE30,2026-07-24 06:00:00+00:00,24753.2,24780.8,24703.8,24736.8
DE30,2026-07-24 07:00:00+00:00,24737.8,24942.7,24725.7,24883.2
DE30,2026-07-24 08:00:00+00:00,24882.2,24966.7,24853.2,24937.7
DE30,2026-07-24 09:00:00+00:00,24936.7,25001.2,24926.7,24987.7
DE30,2026-07-24 10:00:00+00:00,24988.2,24993.7,24937.2,24955.7
DE30,2026-07-24 11:00:00+00:00,24954.2,24980.2,24910.7,24962.2
DE30,2026-07-24 12:00:00+00:00,24964.2,24983.7,24899.7,24907.7
DE30,2026-07-24 13:00:00+00:00,24907.2,24992.7,24906.7,24947.2
DE30,2026-07-24 14:00:00+00:00,24946.7,24997.2,24932.2,24991.7
DE30,2026-07-24 15:00:00+00:00,24992.2,25132.2,24974.7,25107.2
DE30,2026-07-24 16:00:00+00:00,25107.8,25124.2,25077.2,25103.2
DE30,2026-07-24 17:00:00+00:00,25103.8,25119.2,25055.8,25085.2
DE30,2026-07-24 18:00:00+00:00,25084.2,25093.2,25034.2,25055.2
DE30,2026-07-24 19:00:00+00:00,25055.8,25073.2,25020.8,25061.2
DE30,2026-07-27 00:00:00+00:00,25268.2,25271.2,25190.2,25201.2
DE30,2026-07-27 01:00:00+00:00,25200.2,25242.2,25173.2,25239.2
DE30,2026-07-27 02:00:00+00:00,25239.7,25261.7,25233.2,25251.8
DE30,2026-07-27 03:00:00+00:00,25251.2,25293.2,25246.2,25257.7
DE30,2026-07-27 04:00:00+00:00,25258.2,25331.8,25257.2,25315.2
DE30,2026-07-27 05:00:00+00:00,25315.7,25368.2,25308.7,25350.2
DE30,2026-07-27 06:00:00+00:00,25351.8,25442.8,25349.8,25428.8
DE30,2026-07-27 07:00:00+00:00,25429.8,25474.2,25377.7,25380.7
DE30,2026-07-27 08:00:00+00:00,25381.2,25502.2,25358.7,25500.7
DE30,2026-07-27 09:00:00+00:00,25501.7,25505.7,25457.7,25471.2
DE30,2026-07-27 10:00:00+00:00,25470.7,25524.7,25452.7,25502.7
DE30,2026-07-27 11:00:00+00:00,25503.2,25537.7,25495.7,25519.7
DE30,2026-07-27 12:00:00+00:00,25519.2,25537.7,25477.2,25506.2
DE30,2026-07-27 13:00:00+00:00,25505.7,25561.7,25469.7,25473.7
DE30,2026-07-27 14:00:00+00:00,25474.2,25505.7,25394.2,25473.7
DE30,2026-07-27 15:00:00+00:00,25474.7,25475.7,25358.8,25394.8
DE30,2026-07-27 16:00:00+00:00,25395.2,25467.8,25387.8,25396.2
DE30,2026-07-27 17:00:00+00:00,25396.8,25437.8,25375.8,25437.2
DE30,2026-07-27 18:00:00+00:00,25437.8,25466.2,25411.2,25466.2
DE30,2026-07-27 19:00:00+00:00,25465.8,25482.8,25450.8,25469.8
DE30,2026-07-28 00:00:00+00:00,25434.2,25438.2,25402.2,25404.2
DE30,2026-07-28 01:00:00+00:00,25403.7,25427.8,25375.8,25390.2
DE30,2026-07-28 02:00:00+00:00,25390.7,25415.2,25377.2,25398.8
DE30,2026-07-28 03:00:00+00:00,25401.2,25501.2,25380.2,25487.2
DE30,2026-07-28 04:00:00+00:00,25484.7,25487.2,25425.8,25436.8
DE30,2026-07-28 05:00:00+00:00,25437.2,25452.2,25393.2,25409.8
DE30,2026-07-28 06:00:00+00:00,25414.2,25480.8,25398.8,25457.8
DE30,2026-07-28 07:00:00+00:00,25457.2,25555.2,25435.7,25472.7
DE30,2026-07-28 08:00:00+00:00,25472.2,25515.7,25428.7,25493.2
DE30,2026-07-28 09:00:00+00:00,25492.7,25538.7,25480.7,25512.2
DE30,2026-07-28 10:00:00+00:00,25512.7,25524.7,25429.7,25449.2
DE30,2026-07-28 11:00:00+00:00,25450.2,25453.2,25352.2,25402.2
DE30,2026-07-28 12:00:00+00:00,25401.7,25431.5,25343.5,25352.5
DE30,2026-07-28 13:00:00+00:00,25352.0,25388.5,25314.0,25361.0
DE30,2026-07-28 14:00:00+00:00,25361.5,25431.0,25357.0,25402.0
DE30,2026-07-28 15:00:00+00:00,25402.5,25521.0,25375.5,25512.0
DE30,2026-07-28 16:00:00+00:00,25512.6,25558.6,25493.0,25547.6
DE30,2026-07-28 17:00:00+00:00,25547.0,25558.6,25511.6,25522.6
DE30,2026-07-28 18:00:00+00:00,25523.0,25531.6,25503.6,25525.6
DE30,2026-07-28 19:00:00+00:00,25525.0,25539.6,25513.0,25519.0
DE30,2026-07-29 00:00:00+00:00,25532.5,25586.5,25480.6,25483.0
DE30,2026-07-29 01:00:00+00:00,25482.6,25484.6,25373.0,25373.5
DE30,2026-07-29 02:00:00+00:00,25375.5,25395.0,25362.0,25375.0
DE30,2026-07-29 03:00:00+00:00,25374.5,25399.0,25303.0,25315.5
DE30,2026-07-29 04:00:00+00:00,25312.5,25340.0,25281.6,25339.0
DE30,2026-07-29 05:00:00+00:00,25349.5,25424.0,25340.0,25397.6
DE30,2026-07-29 06:00:00+00:00,25398.0,25499.6,25392.0,25499.6
DE30,2026-07-29 07:00:00+00:00,25500.6,25571.0,25489.5,25490.5
DE30,2026-07-29 08:00:00+00:00,25491.0,25493.5,25365.5,25439.5
DE30,2026-07-29 09:00:00+00:00,25438.5,25441.0,25345.0,25378.0
DE30,2026-07-29 10:00:00+00:00,25378.5,25490.0,25360.0,25458.0
DE30,2026-07-29 11:00:00+00:00,25458.5,25562.5,25443.0,25559.5
DE30,2026-07-29 12:00:00+00:00,25559.0,25580.0,25446.0,25500.5
DE30,2026-07-29 13:00:00+00:00,25500.0,25544.5,25459.5,25506.5
DE30,2026-07-29 14:00:00+00:00,25507.0,25546.0,25439.5,25468.5
DE30,2026-07-29 15:00:00+00:00,25469.0,25506.0,25427.0,25442.6
DE30,2026-07-29 16:00:00+00:00,25444.0,25482.6,25410.0,25481.6
DE30,2026-07-29 17:00:00+00:00,25482.0,25518.0,25474.6,25509.0
DE30,2026-07-29 18:00:00+00:00,25509.5,25597.6,25480.6,25567.0
DE30,2026-07-29 19:00:00+00:00,25567.6,25580.0,25366.0,25374.0
DE30,2026-07-30 00:00:00+00:00,25462.0,25482.0,25416.6,25448.0
DE30,2026-07-30 01:00:00+00:00,25450.0,25553.5,25449.5,25527.6
DE30,2026-07-30 02:00:00+00:00,25528.0,25536.0,25443.6,25445.5
DE30,2026-07-30 03:00:00+00:00,25446.0,25469.0,25416.5,25435.0
DE30,2026-07-30 04:00:00+00:00,25435.5,25436.0,25373.5,25377.0
DE30,2026-07-30 05:00:00+00:00,25379.0,25431.0,25354.5,25405.0
DE30,2026-07-30 06:00:00+00:00,25404.0,25409.0,25324.6,25358.5
DE30,2026-07-30 07:00:00+00:00,25361.0,25426.0,25298.5,25383.0
DE30,2026-07-30 08:00:00+00:00,25384.5,25467.5,25359.5,25436.5
DE30,2026-07-30 09:00:00+00:00,25438.5,25515.0,25418.5,25422.0
DE30,2026-07-30 10:00:00+00:00,25422.5,25500.5,25405.0,25450.5
DE30,2026-07-30 11:00:00+00:00,25451.0,25558.5,25435.5,25535.0
DE30,2026-07-30 12:00:00+00:00,25534.5,25554.0,25488.0,25510.5
DE30,2026-07-30 13:00:00+00:00,25511.0,25637.5,25510.5,25627.5
DE30,2026-07-30 14:00:00+00:00,25627.0,25656.9,25588.4,25613.9
DE30,2026-07-30 15:00:00+00:00,25613.4,25641.4,25565.9,25626.0
DE30,2026-07-30 16:00:00+00:00,25626.4,25658.4,25616.4,25645.4
DE30,2026-07-30 17:00:00+00:00,25646.0,25688.0,25645.4,25672.0
DE30,2026-07-30 18:00:00+00:00,25672.4,25694.0,25665.0,25693.0
DE30,2026-07-30 19:00:00+00:00,25693.4,25716.4,25679.0,25714.4
DE30,2026-07-31 00:00:00+00:00,25707.4,25717.4,25672.4,25700.4
DE30,2026-07-31 01:00:00+00:00,25700.9,25733.4,25666.4,25672.4
DE30,2026-07-31 02:00:00+00:00,25670.4,25690.4,25655.9,25690.4
DE30,2026-07-31 03:00:00+00:00,25688.4,25711.4,25668.4,25689.4
DE30,2026-07-31 04:00:00+00:00,25689.9,25738.4,25674.4,25734.4
DE30,2026-07-31 05:00:00+00:00,25734.0,25742.4,25720.4,25738.0
DE30,2026-07-31 06:00:00+00:00,25737.4,25764.4,25699.0,25727.4
DE30,2026-07-31 07:00:00+00:00,25728.0,25894.9,25699.4,25877.4
DE30,2026-07-31 08:00:00+00:00,25876.9,25891.9,25821.9,25848.4
DE30,2026-07-31 09:00:00+00:00,25849.9,25861.4,25789.9,25798.4
DE30,2026-07-31 10:00:00+00:00,25798.9,25829.9,25774.4,25784.4
DE30,2026-07-31 11:00:00+00:00,25785.4,25807.4,25672.9,25717.4
DE30,2026-07-31 12:00:00+00:00,25717.9,25721.4,25626.2,25642.7
DE30,2026-07-31 13:00:00+00:00,25642.2,25670.7,25567.7,25589.2
DE30,2026-07-31 14:00:00+00:00,25588.7,25695.7,25550.7,25693.2
DE30,2026-07-31 15:00:00+00:00,25693.7,25715.2,25601.8,25672.8
DE30,2026-07-31 16:00:00+00:00,25673.2,25696.2,25646.8,25683.2
DE30,2026-07-31 17:00:00+00:00,25683.8,25717.2,25678.2,25685.2
DE30,2026-07-31 18:00:00+00:00,25685.8,25711.8,25684.2,25697.8
DE30,2026-07-31 19:00:00+00:00,25698.2,25735.2,25687.8,25703.8
DE30,2026-08-03 00:00:00+00:00,25851.2,25860.2,25829.8,25849.7
DE30,2026-08-03 01:00:00+00:00,25850.7,25856.8,25817.2,25851.7
DE30,2026-08-03 02:00:00+00:00,25851.2,25867.7,25838.2,25859.2
DE30,2026-08-03 03:00:00+00:00,25861.7,25919.2,25853.2,25894.2
DE30,2026-08-03 04:00:00+00:00,25894.8,25925.2,25886.8,25903.2
DE30,2026-08-03 05:00:00+00:00,25901.2,25912.2,25886.2,25901.2
DE30,2026-08-03 06:00:00+00:00,25900.2,25908.2,25851.8,25877.8
DE30,2026-08-03 07:00:00+00:00,25875.8,25995.2,25843.7,25975.7
DE30,2026-08-03 08:00:00+00:00,25976.2,26014.7,25948.7,26010.7
DE30,2026-08-03 09:00:00+00:00,26011.2,26038.2,25989.2,26006.2
DE30,2026-08-03 10:00:00+00:00,26005.2,26032.7,25984.7,26005.1
DE30,2026-08-03 11:00:00+00:00,26007.6,26042.6,25996.1,26021.6
DE30,2026-08-03 12:00:00+00:00,26021.1,26021.1,25943.1,26010.1
DE30,2026-08-03 13:00:00+00:00,26009.1,26062.1,25956.6,26058.1
DE30,2026-08-03 14:00:00+00:00,26054.1,26109.1,26041.6,26078.1
DE30,2026-08-03 15:00:00+00:00,26079.1,26083.6,26003.6,26034.2
DE30,2026-08-03 16:00:00+00:00,26034.6,26052.2,26022.2,26023.2
DE30,2026-08-03 17:00:00+00:00,26023.6,26059.6,26017.2,26056.6
DE30,2026-08-03 18:00:00+00:00,26057.2,26094.2,26057.2,26076.2
DE30,2026-08-03 19:00:00+00:00,26076.6,26090.2,26076.6,26087.6
DE30,2026-08-04 00:00:00+00:00,26106.2,26113.1,26080.6,26086.2
DE30,2026-08-04 01:00:00+00:00,26087.1,26159.2,26076.6,26148.6
DE30,2026-08-04 02:00:00+00:00,26150.1,26150.1,26115.6,26129.6
DE30,2026-08-04 03:00:00+00:00,26127.6,26136.1,26097.6,26120.6
DE30,2026-08-04 04:00:00+00:00,26121.1,26131.6,26111.6,26122.6
DE30,2026-08-04 05:00:00+00:00,26123.1,26146.6,26106.6,26143.1
DE30,2026-08-04 06:00:00+00:00,26142.1,26168.6,26130.2,26149.2
DE30,2026-08-04 07:00:00+00:00,26148.6,26280.6,26126.6,26275.1
DE30,2026-08-04 08:00:00+00:00,26274.6,26274.6,26137.1,26154.6
DE30,2026-08-04 09:00:00+00:00,26154.1,26175.1,26118.6,26141.1
DE30,2026-08-04 10:00:00+00:00,26140.6,26187.6,26089.6,26155.8
DE30,2026-08-04 11:00:00+00:00,26155.3,26238.3,26141.3,26234.8
DE30,2026-08-04 12:00:00+00:00,26235.3,26248.8,26151.8,26153.3
DE30,2026-08-04 13:00:00+00:00,26152.8,26253.8,26147.8,26209.8
DE30,2026-08-04 14:00:00+00:00,26210.3,26268.8,26184.8,26218.3
DE30,2026-08-04 15:00:00+00:00,26218.8,26270.8,26203.3,26243.8
DE30,2026-08-04 16:00:00+00:00,26243.4,26269.8,26238.4,26267.4
DE30,2026-08-04 17:00:00+00:00,26266.8,26316.4,26265.4,26302.4
DE30,2026-08-04 18:00:00+00:00,26301.8,26323.8,26293.4,26308.8
DE30,2026-08-04 19:00:00+00:00,26309.4,26362.4,26308.8,26359.4
DE30,2026-08-05 00:00:00+00:00,26373.8,26400.3,26353.3,26379.8
DE30,2026-08-05 01:00:00+00:00,26379.4,26402.8,26355.8,26398.8
DE30,2026-08-05 02:00:00+00:00,26400.3,26432.4,26399.3,26418.8
DE30,2026-08-05 03:00:00+00:00,26418.3,26443.8,26414.3,26434.3
DE30,2026-08-05 04:00:00+00:00,26434.8,26437.3,26405.8,26410.8
DE30,2026-08-05 05:00:00+00:00,26415.3,26427.8,26356.8,26421.4
DE30,2026-08-05 06:00:00+00:00,26422.4,26443.4,26394.8,26440.4
DE30,2026-08-05 07:00:00+00:00,26441.4,26450.8,26304.8,26309.3
DE30,2026-08-05 08:00:00+00:00,26309.8,26310.3,26233.8,26252.8
DE30,2026-08-05 09:00:00+00:00,26253.3,26261.3,26206.3,26227.3
DE30,2026-08-05 10:00:00+00:00,26228.3,26230.3,26186.7,26196.7
DE30,2026-08-05 11:00:00+00:00,26197.2,26275.2,26188.7,26269.2
DE30,2026-08-05 12:00:00+00:00,26268.7,26285.2,26236.7,26254.7
DE30,2026-08-05 13:00:00+00:00,26255.2,26299.2,26241.7,26279.2
DE30,2026-08-05 14:00:00+00:00,26275.2,26276.7,26175.2,26196.7
DE30,2026-08-05 15:00:00+00:00,26197.2,26220.2,26136.8,26144.2
DE30,2026-08-05 16:00:00+00:00,26143.8,26194.8,26142.2,26188.2
DE30,2026-08-05 17:00:00+00:00,26188.8,26210.2,26178.8,26205.2
DE30,2026-08-05 18:00:00+00:00,26205.8,26211.2,26197.2,26198.2
DE30,2026-08-05 19:00:00+00:00,26198.8,26213.8,26193.2,26201.2
DE30,2026-08-06 00:00:00+00:00,26205.2,26221.8,26192.2,26210.8
DE30,2026-08-06 01:00:00+00:00,26209.2,26223.2,26169.8,26188.7
DE30,2026-08-06 02:00:00+00:00,26189.2,26236.2,26182.7,26233.2
DE30,2026-08-06 03:00:00+00:00,26232.7,26254.8,26225.7,26254.2
DE30,2026-08-06 04:00:00+00:00,26255.2,26259.2,26223.2,26235.7
DE30,2026-08-06 05:00:00+00:00,26238.2,26259.2,26170.8,26187.8
DE30,2026-08-06 06:00:00+00:00,26188.2,26224.2,26163.2,26207.2
DE30,2026-08-06 07:00:00+00:00,26208.2,26220.7,26107.7,26130.7
DE30,2026-08-06 08:00:00+00:00,26131.7,26204.2,26095.2,26199.2
DE30,2026-08-06 09:00:00+00:00,26199.7,26220.2,26170.2,26217.2
DE30,2026-08-06 10:00:00+00:00,26216.7,26226.7,26193.2,26216.2
DE30,2026-08-06 11:00:00+00:00,26215.7,26229.7,26167.7,26194.2
DE30,2026-08-06 12:00:00+00:00,26193.7,26225.2,26146.7,26165.2
DE30,2026-08-06 13:00:00+00:00,26166.2,26202.2,26117.7,26191.2
DE30,2026-08-06 14:00:00+00:00,26191.7,26242.7,26184.7,26208.7
DE30,2026-08-06 15:00:00+00:00,26208.2,26233.7,26152.8,26181.2
DE30,2026-08-06 16:00:00+00:00,26181.8,26199.2,26154.8,26198.2
DE30,2026-08-06 17:00:00+00:00,26199.2,26204.8,26178.8,26192.8
DE30,2026-08-06 18:00:00+00:00,26194.2,26205.2,26178.8,26188.8
DE30,2026-08-06 19:00:00+00:00,26189.2,26197.2,26155.2,26176.2
DE30,2026-08-07 00:00:00+00:00,26144.7,26164.8,26135.2,26164.8
DE30,2026-08-07 01:00:00+00:00,26166.8,26188.2,26151.2,26166.7
DE30,2026-08-07 02:00:00+00:00,26165.7,26183.7,26154.2,26171.7
DE30,2026-08-07 03:00:00+00:00,26173.7,26179.7,26166.2,26175.2
DE30,2026-08-07 04:00:00+00:00,26174.7,26187.2,26162.2,26178.7
DE30,2026-08-07 05:00:00+00:00,26177.7,26207.7,26170.2,26175.2
DE30,2026-08-07 06:00:00+00:00,26175.8,26216.2,26173.8,26200.8
DE30,2026-08-07 07:00:00+00:00,26200.7,26304.7,26200.7,26273.2
DE30,2026-08-07 08:00:00+00:00,26273.7,26331.7,26254.2,26327.2
DE30,2026-08-07 09:00:00+00:00,26327.7,26344.7,26301.2,26339.2
DE30,2026-08-07 10:00:00+00:00,26338.7,26379.2,26335.7,26376.2
DE30,2026-08-07 11:00:00+00:00,26374.7,26395.2,26346.2,26359.7
DE30,2026-08-07 12:00:00+00:00,26359.2,26455.7,26359.2,26431.7
DE30,2026-08-07 13:00:00+00:00,26433.7,26437.7,26344.7,26350.7
DE30,2026-08-07 14:00:00+00:00,26352.2,26421.2,26312.2,26389.7
DE30,2026-08-07 15:00:00+00:00,26390.2,26393.7,26323.2,26328.2
DE30,2026-08-07 16:00:00+00:00,26329.8,26336.8,26298.2,26313.2
DE30,2026-08-07 17:00:00+00:00,26313.8,26326.2,26304.2,26321.2
DE30,2026-08-07 18:00:00+00:00,26321.8,26322.8,26291.2,26312.2
DE30,2026-08-07 19:00:00+00:00,26311.8,26382.2,26311.2,26370.2
DE30,2026-08-10 00:00:00+00:00,26338.7,26340.8,26292.7,26297.7
DE30,2026-08-10 01:00:00+00:00,26296.2,26349.8,26294.7,26344.2
DE30,2026-08-10 02:00:00+00:00,26343.7,26346.2,26328.2,26328.8
DE30,2026-08-10 03:00:00+00:00,26329.2,26351.2,26329.2,26349.8
DE30,2026-08-10 04:00:00+00:00,26350.8,26365.2,26343.7,26356.7
DE30,2026-08-10 05:00:00+00:00,26358.2,26376.7,26357.7,26363.2
DE30,2026-08-10 06:00:00+00:00,26364.2,26371.8,26327.8,26352.2
DE30,2026-08-10 07:00:00+00:00,26352.8,26384.7,26320.7,26376.7
DE30,2026-08-10 08:00:00+00:00,26378.2,26398.7,26332.7,26397.7
DE30,2026-08-10 09:00:00+00:00,26397.2,26421.2,26381.7,26404.7
DE30,2026-08-10 10:00:00+00:00,26404.2,26446.7,26392.2,26418.2
DE30,2026-08-10 11:00:00+00:00,26418.7,26422.7,26391.2,26407.2
DE30,2026-08-10 12:00:00+00:00,26407.7,26410.2,26360.7,26381.7
DE30,2026-08-10 13:00:00+00:00,26382.2,26390.7,26309.7,26318.7
DE30,2026-08-10 14:00:00+00:00,26320.7,26380.7,26311.7,26357.7
DE30,2026-08-10 15:00:00+00:00,26356.7,26377.2,26327.8,26343.2
DE30,2026-08-10 16:00:00+00:00,26343.8,26352.8,26307.8,26334.2
DE30,2026-08-10 17:00:00+00:00,26333.8,26340.2,26309.8,26323.8
DE30,2026-08-10 18:00:00+00:00,26324.2,26330.8,26314.2,26327.8
DE30,2026-08-10 19:00:00+00:00,26328.2,26348.8,26324.2,26339.8
DE30,2026-08-11 00:00:00+00:00,26322.2,26352.2,26320.2,26348.7
DE30,2026-08-11 01:00:00+00:00,26347.7,26381.2,26337.2,26360.8
DE30,2026-08-11 02:00:00+00:00,26360.2,26377.2,26357.8,26365.7
DE30,2026-08-11 03:00:00+00:00,26366.8,26378.2,26360.2,26361.8
DE30,2026-08-11 04:00:00+00:00,26362.2,26386.8,26361.2,26378.2
DE30,2026-08-11 05:00:00+00:00,26377.8,26382.2,26353.8,26361.8
DE30,2026-08-11 06:00:00+00:00,26365.8,26384.2,26331.2,26367.8
DE30,2026-08-11 07:00:00+00:00,26368.2,26393.2,26265.2,26285.7
DE30,2026-08-11 08:00:00+00:00,26286.7,26306.7,26269.7,26270.2
DE30,2026-08-11 09:00:00+00:00,26268.2,26300.2,26254.2,26296.7
DE30,2026-08-11 10:00:00+00:00,26297.2,26330.7,26283.2,26316.7
DE30,2026-08-11 11:00:00+00:00,26315.7,26387.7,26311.2,26380.2
DE30,2026-08-11 12:00:00+00:00,26380.7,26421.7,26370.7,26417.7
DE30,2026-08-11 13:00:00+00:00,26418.7,26479.8,26408.7,26458.3
DE30,2026-08-11 14:00:00+00:00,26457.3,26519.3,26440.3,26479.3
DE30,2026-08-11 15:00:00+00:00,26480.3,26483.3,26399.8,26409.4
DE30,2026-08-11 16:00:00+00:00,26409.8,26435.4,26402.8,26405.4
DE30,2026-08-11 17:00:00+00:00,26405.8,26411.4,26376.8,26383.4
DE30,2026-08-11 18:00:00+00:00,26382.8,26382.8,26353.4,26379.8
DE30,2026-08-11 19:00:00+00:00,26380.4,26399.8,26368.4,26398.4
DE30,2026-08-12 00:00:00+00:00,26389.4,26396.8,26380.8,26389.8
DE30,2026-08-12 01:00:00+00:00,26389.4,26394.8,26377.8,26386.3
DE30,2026-08-12 02:00:00+00:00,26386.8,26394.4,26380.4,26393.8
DE30,2026-08-12 03:00:00+00:00,26394.4,26396.4,26379.4,26385.4
DE30,2026-08-12 04:00:00+00:00,26384.8,26406.8,26384.8,26406.8
DE30,2026-08-12 05:00:00+00:00,26405.8,26411.4,26389.8,26408.4
DE30,2026-08-12 06:00:00+00:00,26412.3,26440.8,26403.8,26434.8
DE30,2026-08-12 07:00:00+00:00,26435.8,26476.8,26412.3,26427.8
DE30,2026-08-12 08:00:00+00:00,26428.3,26490.3,26419.3,26481.8
DE30,2026-08-12 09:00:00+00:00,26482.3,26539.8,26476.8,26504.8
DE30,2026-08-12 10:00:00+00:00,26505.8,26548.3,26496.3,26539.8
DE30,2026-08-12 11:00:00+00:00,26540.8,26554.8,26498.2,26499.7
DE30,2026-08-12 12:00:00+00:00,26500.7,26596.2,26484.7,26485.2
DE30,2026-08-12 13:00:00+00:00,26485.7,26503.7,26444.7,26444.7
DE30,2026-08-12 14:00:00+00:00,26445.7,26452.2,26357.7,26383.2
DE30,2026-08-12 15:00:00+00:00,26383.7,26385.2,26328.2,26353.2
DE30,2026-08-12 16:00:00+00:00,26353.8,26361.2,26337.2,26351.8
DE30,2026-08-12 17:00:00+00:00,26351.2,26358.8,26343.8,26353.8
DE30,2026-08-12 18:00:00+00:00,26354.2,26371.2,26352.2,26364.2
DE30,2026-08-12 19:00:00+00:00,26364.8,26386.8,26364.2,26384.2
DE30,2026-08-13 00:00:00+00:00,26384.7,26403.2,26377.2,26393.7
DE30,2026-08-13 01:00:00+00:00,26393.2,26404.7,26374.7,26400.7
DE30,2026-08-13 02:00:00+00:00,26401.2,26421.2,26394.8,26418.2
DE30,2026-08-13 03:00:00+00:00,26417.8,26435.8,26413.8,26432.8
DE30,2026-08-13 04:00:00+00:00,26433.2,26436.2,26417.2,26426.2
DE30,2026-08-13 05:00:00+00:00,26426.8,26447.8,26418.8,26420.2
DE30,2026-08-13 06:00:00+00:00,26419.8,26458.8,26408.8,26454.2
DE30,2026-08-13 07:00:00+00:00,26454.2,26510.2,26413.7,26437.7
DE30,2026-08-13 08:00:00+00:00,26439.2,26470.7,26426.2,26460.2
DE30,2026-08-13 09:00:00+00:00,26460.7,26488.2,26450.7,26482.2
DE30,2026-08-13 10:00:00+00:00,26482.7,26500.2,26471.7,26484.2
DE30,2026-08-13 11:00:00+00:00,26482.7,26490.7,26437.2,26447.7
DE30,2026-08-13 12:00:00+00:00,26447.2,26467.2,26406.7,26415.2
DE30,2026-08-13 13:00:00+00:00,26415.7,26425.7,26366.2,26377.2
DE30,2026-08-13 14:00:00+00:00,26376.7,26399.2,26357.7,26379.7
DE30,2026-08-13 15:00:00+00:00,26380.7,26384.7,26293.7,26329.8
DE30,2026-08-13 16:00:00+00:00,26330.2,26357.2,26329.8,26355.8
DE30,2026-08-13 17:00:00+00:00,26356.2,26367.8,26344.8,26351.2
DE30,2026-08-13 18:00:00+00:00,26351.8,26402.8,26351.8,26391.8
DE30,2026-08-13 19:00:00+00:00,26391.2,26423.2,26386.8,26414.8
DE30,2026-08-14 00:00:00+00:00,26416.7,26428.7,26406.2,26414.2
DE30,2026-08-14 01:00:00+00:00,26413.7,26432.8,26398.2,26429.2
DE30,2026-08-14 02:00:00+00:00,26429.8,26442.7,26426.8,26431.2
DE30,2026-08-14 03:00:00+00:00,26431.7,26447.8,26426.7,26426.7
DE30,2026-08-14 04:00:00+00:00,26427.2,26435.2,26423.8,26424.7
DE30,2026-08-14 05:00:00+00:00,26425.2,26428.7,26407.2,26407.2
DE30,2026-08-14 06:00:00+00:00,26409.2,26462.2,26402.8,26457.8
DE30,2026-08-14 07:00:00+00:00,26457.7,26505.7,26438.2,26491.7
DE30,2026-08-14 08:00:00+00:00,26491.2,26498.7,26412.2,26450.7
DE30,2026-08-14 09:00:00+00:00,26451.2,26500.7,26430.7,26492.2
DE30,2026-08-14 10:00:00+00:00,26491.7,26512.7,26475.7,26503.7
DE30,2026-08-14 11:00:00+00:00,26504.2,26549.2,26479.2,26547.2
DE30,2026-08-14 12:00:00+00:00,26547.7,26552.7,26505.2,26522.7
DE30,2026-08-14 13:00:00+00:00,26523.2,26535.2,26451.2,26477.7
DE30,2026-08-14 14:00:00+00:00,26477.2,26478.7,26423.2,26463.2
DE30,2026-08-14 15:00:00+00:00,26464.2,26470.2,26423.7,26460.8
DE30,2026-08-14 16:00:00+00:00,26460.2,26473.8,26451.2,26454.2
DE30,2026-08-14 17:00:00+00:00,26453.8,26470.2,26449.2,26460.8
DE30,2026-08-14 18:00:00+00:00,26461.2,26476.2,26457.2,26468.2
DE30,2026-08-14 19:00:00+00:00,26467.8,26479.8,26453.2,26463.8
DE30,2026-08-17 00:00:00+00:00,26495.2,26495.7,26485.8,26494.8
DE30,2026-08-17 01:00:00+00:00,26495.2,26521.8,26488.8,26495.2
DE30,2026-08-17 02:00:00+00:00,26494.8,26494.8,26478.2,26489.2
DE30,2026-08-17 03:00:00+00:00,26489.8,26515.2,26488.8,26515.2
DE30,2026-08-17 04:00:00+00:00,26513.8,26524.8,26491.8,26493.2
DE30,2026-08-17 05:00:00+00:00,26492.7,26516.2,26490.7,26515.8
DE30,2026-08-17 06:00:00+00:00,26517.8,26526.2,26474.2,26487.8
DE30,2026-08-17 07:00:00+00:00,26488.2,26508.2,26428.7,26478.7
DE30,2026-08-17 08:00:00+00:00,26479.2,26480.7,26401.5,26447.5
DE30,2026-08-17 09:00:00+00:00,26447.0,26458.5,26413.0,26431.5
DE30,2026-08-17 10:00:00+00:00,26431.0,26510.0,26418.5,26457.0
DE30,2026-08-17 11:00:00+00:00,26458.0,26473.0,26441.0,26464.0
DE30,2026-08-17 12:00:00+00:00,26464.5,26466.5,26392.0,26407.0
DE30,2026-08-17 13:00:00+00:00,26407.5,26430.5,26369.0,26429.5
DE30,2026-08-17 14:00:00+00:00,26429.0,26431.0,26390.0,26395.0
DE30,2026-08-17 15:00:00+00:00,26395.5,26410.0,26337.6,26352.0
DE30,2026-08-17 16:00:00+00:00,26352.6,26371.0,26347.0,26354.0
DE30,2026-08-17 17:00:00+00:00,26353.6,26356.6,26315.6,26317.0
DE30,2026-08-17 18:00:00+00:00,26316.6,26327.6,26304.6,26309.0
DE30,2026-08-17 19:00:00+00:00,26309.6,26330.6,26300.6,26329.6
DE30,2026-08-18 00:00:00+00:00,26334.0,26334.6,26303.6,26311.5
DE30,2026-08-18 01:00:00+00:00,26312.0,26319.0,26270.6,26295.0
DE30,2026-08-18 02:00:00+00:00,26296.0,26297.6,26249.6,26266.0
DE30,2026-08-18 03:00:00+00:00,26266.6,26269.5,26235.0,26256.5
DE30,2026-08-18 04:00:00+00:00,26256.0,26258.0,26239.0,26257.6
DE30,2026-08-18 05:00:00+00:00,26257.0,26282.0,26233.0,26265.6
DE30,2026-08-18 06:00:00+00:00,26263.0,26303.0,26236.6,26302.6
DE30,2026-08-18 07:00:00+00:00,26302.5,26321.0,26179.5,26188.5
DE30,2026-08-18 08:00:00+00:00,26188.0,26253.0,26160.0,26252.0
DE30,2026-08-18 09:00:00+00:00,26252.5,26274.5,26214.0,26264.0
DE30,2026-08-18 10:00:00+00:00,26263.5,26284.0,26255.0,26274.0
DE30,2026-08-18 11:00:00+00:00,26271.5,26288.0,26251.0,26271.0
DE30,2026-08-18 12:00:00+00:00,26271.5,26287.0,26252.0,26270.0
DE30,2026-08-18 13:00:00+00:00,26270.5,26271.0,26191.5,26214.5
DE30,2026-08-18 14:00:00+00:00,26214.0,26233.5,26133.0,26143.0
DE30,2026-08-18 15:00:00+00:00,26142.0,26188.6,26133.0,26179.0
DE30,2026-08-18 16:00:00+00:00,26179.6,26208.0,26169.6,26199.0
DE30,2026-08-18 17:00:00+00:00,26198.6,26203.0,26178.0,26178.0
DE30,2026-08-18 18:00:00+00:00,26177.6,26198.0,26173.0,26180.0
DE30,2026-08-18 19:00:00+00:00,26179.0,26194.6,26169.6,26174.6
DE30,2026-08-19 00:00:00+00:00,26124.0,26165.0,26106.0,26134.6
DE30,2026-08-19 01:00:00+00:00,26134.0,26153.6,26120.0,26129.0
DE30,2026-08-19 02:00:00+00:00,26129.6,26141.0,26120.0,26130.0
DE30,2026-08-19 03:00:00+00:00,26131.0,26137.6,26118.0,26123.0
DE30,2026-08-19 04:00:00+00:00,26122.6,26138.6,26113.6,26137.0
DE30,2026-08-19 05:00:00+00:00,26136.6,26150.6,26122.6,26127.6
DE30,2026-08-19 06:00:00+00:00,26126.6,26214.0,26100.6,26201.0
DE30,2026-08-19 07:00:00+00:00,26201.0,26207.0,26112.0,26144.0
DE30,2026-08-19 08:00:00+00:00,26143.0,26160.0,26103.0,26115.0
DE30,2026-08-19 09:00:00+00:00,26114.5,26129.0,26083.0,26127.0
DE30,2026-08-19 10:00:00+00:00,26126.5,26140.5,26100.5,26115.0
DE30,2026-08-19 11:00:00+00:00,26115.5,26140.0,26100.1,26103.6
DE30,2026-08-19 12:00:00+00:00,26104.6,26203.6,26084.6,26124.1
DE30,2026-08-19 13:00:00+00:00,26124.6,26136.1,26077.6,26097.6
DE30,2026-08-19 14:00:00+00:00,26098.1,26153.6,26083.1,26151.6
DE30,2026-08-19 15:00:00+00:00,26152.1,26154.6,26097.2,26123.6
DE30,2026-08-19 16:00:00+00:00,26124.2,26145.2,26097.2,26100.2
DE30,2026-08-19 17:00:00+00:00,26099.6,26109.2,26080.2,26091.6
DE30,2026-08-19 18:00:00+00:00,26091.2,26106.2,26069.6,26084.6
DE30,2026-08-19 19:00:00+00:00,26085.6,26107.2,26083.6,26095.2
DE30,2026-08-20 00:00:00+00:00,26117.2,26117.6,26101.6,26107.2
DE30,2026-08-20 01:00:00+00:00,26106.6,26107.2,26075.6,26079.2
DE30,2026-08-20 02:00:00+00:00,26078.6,26096.2,26066.6,26078.6
DE30,2026-08-20 03:00:00+00:00,26079.2,26093.2,26074.2,26084.6
DE30,2026-08-20 04:00:00+00:00,26084.2,26102.2,26080.6,26095.6
DE30,2026-08-20 05:00:00+00:00,26096.2,26116.6,26088.6,26094.6
DE30,2026-08-20 06:00:00+00:00,26095.6,26146.6,26093.2,26118.6
DE30,2026-08-20 07:00:00+00:00,26118.6,26119.1,25976.6,25980.1
DE30,2026-08-20 08:00:00+00:00,25979.6,25996.6,25932.6,25945.6
DE30,2026-08-20 09:00:00+00:00,25946.1,26001.6,25942.6,25988.6
DE30,2026-08-20 10:00:00+00:00,25989.1,26004.7,25959.7,26003.2
DE30,2026-08-20 11:00:00+00:00,26002.7,26019.2,25963.7,25964.2
DE30,2026-08-20 12:00:00+00:00,25964.7,25977.2,25920.2,25976.2
DE30,2026-08-20 13:00:00+00:00,25977.2,26002.2,25953.2,25981.7
DE30,2026-08-20 14:00:00+00:00,25981.2,26024.2,25950.2,26023.2
DE30,2026-08-20 15:00:00+00:00,26023.7,26047.2,25979.8,26005.2
DE30,2026-08-20 16:00:00+00:00,26005.8,26028.8,25992.2,26025.2
DE30,2026-08-20 17:00:00+00:00,26024.8,26025.2,25985.2,25993.2
DE30,2026-08-20 18:00:00+00:00,25994.2,25994.2,25960.8,25973.2
DE30,2026-08-20 19:00:00+00:00,25972.8,25998.2,25970.8,25981.8
UK100,2026-06-12 00:00:00+00:00,10413.2,10413.2,10393.4,10400.2
UK100,2026-06-12 01:00:00+00:00,10399.2,10409.0,10381.4,10407.0
UK100,2026-06-12 02:00:00+00:00,10406.7,10411.7,10393.2,10399.7
UK100,2026-06-12 03:00:00+00:00,10399.4,10401.0,10388.4,10394.4
UK100,2026-06-12 04:00:00+00:00,10394.2,10398.0,10386.0,10395.2
UK100,2026-06-12 05:00:00+00:00,10395.0,10400.4,10368.0,10374.4
UK100,2026-06-12 06:00:00+00:00,10377.4,10393.2,10366.0,10367.0
UK100,2026-06-12 07:00:00+00:00,10367.0,10442.4,10366.2,10430.0
UK100,2026-06-12 08:00:00+00:00,10430.4,10469.0,10426.4,10434.4
UK100,2026-06-12 09:00:00+00:00,10435.0,10447.7,10424.0,10424.4
UK100,2026-06-12 10:00:00+00:00,10424.2,10429.4,10397.0,10414.4
UK100,2026-06-12 11:00:00+00:00,10414.2,10436.0,10410.0,10412.2
UK100,2026-06-12 12:00:00+00:00,10412.4,10414.7,10384.7,10390.0
UK100,2026-06-12 13:00:00+00:00,10390.4,10439.0,10390.0,10432.0
UK100,2026-06-12 14:00:00+00:00,10432.2,10466.4,10431.0,10463.0
UK100,2026-06-12 15:00:00+00:00,10463.4,10479.2,10452.4,10456.0
UK100,2026-06-12 16:00:00+00:00,10455.4,10477.2,10443.4,10460.7
UK100,2026-06-12 17:00:00+00:00,10461.0,10473.4,10459.4,10467.0
UK100,2026-06-12 18:00:00+00:00,10466.7,10475.4,10463.7,10468.0
UK100,2026-06-12 19:00:00+00:00,10467.4,10483.4,10457.0,10463.2
UK100,2026-06-15 00:00:00+00:00,10506.2,10538.2,10493.0,10522.7
UK100,2026-06-15 01:00:00+00:00,10523.2,10528.0,10517.0,10520.2
UK100,2026-06-15 02:00:00+00:00,10520.0,10529.2,10516.4,10527.4
UK100,2026-06-15 03:00:00+00:00,10527.2,10534.0,10526.0,10531.0
UK100,2026-06-15 04:00:00+00:00,10530.7,10538.7,10530.0,10536.7
UK100,2026-06-15 05:00:00+00:00,10536.2,10546.4,10531.7,10535.7
UK100,2026-06-15 06:00:00+00:00,10536.4,10560.4,10533.4,10552.4
UK100,2026-06-15 07:00:00+00:00,10551.4,10568.4,10517.4,10520.4
UK100,2026-06-15 08:00:00+00:00,10521.0,10526.7,10493.2,10497.4
UK100,2026-06-15 09:00:00+00:00,10498.0,10498.0,10471.7,10483.4
UK100,2026-06-15 10:00:00+00:00,10483.2,10487.2,10475.0,10479.4
UK100,2026-06-15 11:00:00+00:00,10480.0,10485.7,10473.4,10475.4
UK100,2026-06-15 12:00:00+00:00,10475.7,10485.0,10469.2,10476.7
UK100,2026-06-15 13:00:00+00:00,10477.0,10478.7,10423.0,10425.0
UK100,2026-06-15 14:00:00+00:00,10424.4,10438.4,10417.4,10432.4
UK100,2026-06-15 15:00:00+00:00,10433.0,10445.0,10416.4,10433.0
UK100,2026-06-15 16:00:00+00:00,10433.2,10434.0,10418.4,10421.0
UK100,2026-06-15 17:00:00+00:00,10420.4,10423.2,10407.4,10410.4
UK100,2026-06-15 18:00:00+00:00,10410.7,10413.7,10398.4,10408.2
UK100,2026-06-15 19:00:00+00:00,10408.4,10416.2,10398.4,10411.4
UK100,2026-06-16 00:00:00+00:00,10404.4,10426.7,10404.4,10422.7
UK100,2026-06-16 01:00:00+00:00,10423.2,10427.0,10411.7,10416.4
UK100,2026-06-16 02:00:00+00:00,10416.7,10420.7,10411.2,10412.7
UK100,2026-06-16 03:00:00+00:00,10412.2,10425.4,10412.0,10417.2
UK100,2026-06-16 04:00:00+00:00,10417.0,10424.7,10413.7,10423.7
UK100,2026-06-16 05:00:00+00:00,10424.7,10433.2,10417.2,10423.4
UK100,2026-06-16 06:00:00+00:00,10423.7,10444.0,10417.0,10440.7
UK100,2026-06-16 07:00:00+00:00,10441.0,10455.4,10427.4,10441.0
UK100,2026-06-16 08:00:00+00:00,10441.2,10496.2,10439.4,10485.4
UK100,2026-06-16 09:00:00+00:00,10484.7,10499.4,10483.2,10496.7
UK100,2026-06-16 10:00:00+00:00,10497.0,10504.0,10476.2,10489.4
UK100,2026-06-16 11:00:00+00:00,10489.0,10493.7,10477.4,10492.4
UK100,2026-06-16 12:00:00+00:00,10492.2,10498.2,10482.2,10495.7
UK100,2026-06-16 13:00:00+00:00,10496.0,10514.0,10489.2,10507.4
UK100,2026-06-16 14:00:00+00:00,10507.2,10525.0,10491.2,10496.4
UK100,2026-06-16 15:00:00+00:00,10496.7,10510.7,10488.4,10497.4
UK100,2026-06-16 16:00:00+00:00,10497.0,10507.0,10494.2,10503.4
UK100,2026-06-16 17:00:00+00:00,10503.0,10505.4,10493.2,10499.4
UK100,2026-06-16 18:00:00+00:00,10499.2,10499.4,10479.7,10479.7
UK100,2026-06-16 19:00:00+00:00,10479.4,10479.7,10465.0,10469.4
UK100,2026-06-17 00:00:00+00:00,10472.4,10474.7,10460.7,10469.2
UK100,2026-06-17 01:00:00+00:00,10469.4,10492.0,10464.4,10491.4
UK100,2026-06-17 02:00:00+00:00,10491.7,10494.4,10482.7,10485.4
UK100,2026-06-17 03:00:00+00:00,10485.2,10492.4,10478.4,10490.4
UK100,2026-06-17 04:00:00+00:00,10490.7,10492.7,10481.0,10486.7
UK100,2026-06-17 05:00:00+00:00,10486.0,10494.0,10483.2,10484.0
UK100,2026-06-17 06:00:00+00:00,10484.4,10507.4,10483.2,10491.4
UK100,2026-06-17 07:00:00+00:00,10491.4,10507.4,10473.0,10476.0
UK100,2026-06-17 08:00:00+00:00,10475.7,10484.4,10467.0,10478.7
UK100,2026-06-17 09:00:00+00:00,10478.2,10487.4,10473.0,10484.4
UK100,2026-06-17 10:00:00+00:00,10485.0,10503.7,10481.7,10496.4
UK100,2026-06-17 11:00:00+00:00,10495.7,10496.0,10483.7,10487.0
UK100,2026-06-17 12:00:00+00:00,10487.2,10496.0,10477.7,10481.4
UK100,2026-06-17 13:00:00+00:00,10481.7,10490.4,10470.0,10488.2
UK100,2026-06-17 14:00:00+00:00,10488.4,10505.9,10475.2,10492.2
UK100,2026-06-17 15:00:00+00:00,10492.4,10514.6,10487.6,10502.6
UK100,2026-06-17 16:00:00+00:00,10502.4,10503.9,10489.4,10492.6
UK100,2026-06-17 17:00:00+00:00,10492.4,10498.4,10477.6,10487.4
UK100,2026-06-17 18:00:00+00:00,10487.6,10494.2,10450.4,10474.6
UK100,2026-06-17 19:00:00+00:00,10475.2,10487.4,10433.6,10447.4
UK100,2026-06-18 00:00:00+00:00,10482.0,10494.5,10431.3,10435.0
UK100,2026-06-18 01:00:00+00:00,10434.3,10451.3,10430.8,10438.8
UK100,2026-06-18 02:00:00+00:00,10439.3,10446.0,10434.8,10437.8
UK100,2026-06-18 03:00:00+00:00,10437.3,10446.6,10427.0,10443.8
UK100,2026-06-18 04:00:00+00:00,10442.3,10450.0,10434.8,10438.8
UK100,2026-06-18 05:00:00+00:00,10439.6,10455.0,10434.3,10446.0
UK100,2026-06-18 06:00:00+00:00,10445.8,10460.6,10429.8,10456.8
UK100,2026-06-18 07:00:00+00:00,10457.0,10466.6,10415.6,10435.6
UK100,2026-06-18 08:00:00+00:00,10436.0,10443.0,10389.8,10390.0
UK100,2026-06-18 09:00:00+00:00,10389.8,10418.6,10383.6,10413.0
UK100,2026-06-18 10:00:00+00:00,10412.0,10416.6,10390.3,10394.0
UK100,2026-06-18 11:00:00+00:00,10393.6,10402.3,10384.3,10401.8
UK100,2026-06-18 12:00:00+00:00,10402.0,10429.0,10399.8,10421.0
UK100,2026-06-18 13:00:00+00:00,10421.3,10424.3,10378.3,10380.8
UK100,2026-06-18 14:00:00+00:00,10380.6,10414.3,10377.6,10414.3
UK100,2026-06-18 15:00:00+00:00,10414.6,10416.8,10393.6,10404.0
UK100,2026-06-18 16:00:00+00:00,10404.8,10419.8,10404.6,10412.3
UK100,2026-06-18 17:00:00+00:00,10412.6,10426.0,10405.0,10424.8
UK100,2026-06-18 18:00:00+00:00,10424.3,10431.3,10418.0,10420.0
UK100,2026-06-18 19:00:00+00:00,10419.8,10426.8,10410.6,10420.6
UK100,2026-06-19 00:00:00+00:00,10415.5,10415.5,10389.0,10394.8
UK100,2026-06-19 01:00:00+00:00,10394.6,10397.6,10389.8,10390.0
UK100,2026-06-19 02:00:00+00:00,10390.3,10391.0,10378.0,10385.0
UK100,2026-06-19 03:00:00+00:00,10385.3,10387.3,10372.0,10378.8
UK100,2026-06-19 04:00:00+00:00,10378.6,10380.0,10361.0,10362.8
UK100,2026-06-19 05:00:00+00:00,10362.3,10378.3,10362.3,10376.0
UK100,2026-06-19 06:00:00+00:00,10376.3,10397.0,10375.8,10391.6
UK100,2026-06-19 07:00:00+00:00,10391.6,10424.0,10386.6,10420.6
UK100,2026-06-19 08:00:00+00:00,10420.3,10425.6,10402.6,10416.0
UK100,2026-06-19 09:00:00+00:00,10416.3,10421.0,10378.6,10387.0
UK100,2026-06-19 10:00:00+00:00,10387.6,10393.0,10371.0,10381.6
UK100,2026-06-19 11:00:00+00:00,10380.8,10382.0,10363.6,10374.6
UK100,2026-06-19 12:00:00+00:00,10374.8,10410.6,10368.6,10407.6
UK100,2026-06-19 13:00:00+00:00,10407.8,10410.6,10392.8,10400.8
UK100,2026-06-19 14:00:00+00:00,10401.2,10402.8,10382.2,10382.8
UK100,2026-06-19 15:00:00+00:00,10383.0,10400.5,10366.0,10398.8
UK100,2026-06-19 16:00:00+00:00,10398.2,10406.8,10377.2,10379.8
UK100,2026-06-19 17:00:00+00:00,10380.2,10383.0,10376.8,10380.2
UK100,2026-06-19 18:00:00+00:00,10380.8,10384.5,10380.8,10382.2
UK100,2026-06-19 19:00:00+00:00,10382.0,10386.8,10380.2,10384.8
UK100,2026-06-22 00:00:00+00:00,10365.5,10397.5,10361.8,10396.0
UK100,2026-06-22 01:00:00+00:00,10396.5,10401.2,10372.2,10374.2
UK100,2026-06-22 02:00:00+00:00,10374.5,10381.5,10372.2,10376.5
UK100,2026-06-22 03:00:00+00:00,10376.2,10379.8,10372.2,10378.8
UK100,2026-06-22 04:00:00+00:00,10379.2,10386.8,10374.5,10384.5
UK100,2026-06-22 05:00:00+00:00,10385.0,10398.2,10378.2,10393.2
UK100,2026-06-22 06:00:00+00:00,10393.5,10419.2,10389.8,10403.0
UK100,2026-06-22 07:00:00+00:00,10403.0,10408.8,10373.5,10385.5
UK100,2026-06-22 08:00:00+00:00,10385.2,10388.8,10372.0,10375.0
UK100,2026-06-22 09:00:00+00:00,10374.8,10399.0,10370.3,10380.0
UK100,2026-06-22 10:00:00+00:00,10379.7,10423.0,10379.7,10418.4
UK100,2026-06-22 11:00:00+00:00,10419.0,10446.0,10418.4,10445.0
UK100,2026-06-22 12:00:00+00:00,10445.2,10454.4,10437.2,10449.0
UK100,2026-06-22 13:00:00+00:00,10449.2,10466.2,10443.0,10448.7
UK100,2026-06-22 14:00:00+00:00,10448.4,10463.0,10437.0,10460.4
UK100,2026-06-22 15:00:00+00:00,10460.7,10475.7,10452.7,10468.2
UK100,2026-06-22 16:00:00+00:00,10468.7,10474.2,10461.2,10472.0
UK100,2026-06-22 17:00:00+00:00,10472.2,10472.7,10451.4,10457.7
UK100,2026-06-22 18:00:00+00:00,10457.2,10463.0,10450.0,10451.0
UK100,2026-06-22 19:00:00+00:00,10451.2,10457.0,10440.7,10451.4
UK100,2026-06-23 00:00:00+00:00,10439.4,10455.7,10438.0,10446.2
UK100,2026-06-23 01:00:00+00:00,10447.2,10448.2,10418.7,10425.7
UK100,2026-06-23 02:00:00+00:00,10426.0,10428.2,10395.4,10396.4
UK100,2026-06-23 03:00:00+00:00,10397.0,10397.2,10365.0,10386.4
UK100,2026-06-23 04:00:00+00:00,10387.2,10392.2,10373.2,10377.7
UK100,2026-06-23 05:00:00+00:00,10378.0,10380.4,10357.0,10357.0
UK100,2026-06-23 06:00:00+00:00,10357.4,10369.7,10346.0,10357.0
UK100,2026-06-23 07:00:00+00:00,10356.4,10406.0,10355.7,10364.0
UK100,2026-06-23 08:00:00+00:00,10364.4,10404.5,10357.0,10403.8
UK100,2026-06-23 09:00:00+00:00,10404.2,10434.8,10402.8,10431.8
UK100,2026-06-23 10:00:00+00:00,10431.2,10450.0,10414.5,10416.2
UK100,2026-06-23 11:00:00+00:00,10416.8,10426.2,10405.8,10419.2
UK100,2026-06-23 12:00:00+00:00,10420.2,10434.2,10412.5,10423.5
UK100,2026-06-23 13:00:00+00:00,10423.8,10475.8,10411.2,10471.2
UK100,2026-06-23 14:00:00+00:00,10471.5,10488.2,10466.2,10484.0
UK100,2026-06-23 15:00:00+00:00,10484.2,10490.2,10455.8,10478.5
UK100,2026-06-23 16:00:00+00:00,10479.0,10491.0,10477.0,10491.0
UK100,2026-06-23 17:00:00+00:00,10490.8,10499.2,10484.2,10485.2
UK100,2026-06-23 18:00:00+00:00,10485.0,10491.2,10466.0,10473.2
UK100,2026-06-23 19:00:00+00:00,10473.0,10480.8,10452.0,10461.8
UK100,2026-06-24 00:00:00+00:00,10454.5,10471.5,10441.2,10454.5
UK100,2026-06-24 01:00:00+00:00,10455.0,10463.0,10450.0,10455.0
UK100,2026-06-24 02:00:00+00:00,10454.8,10455.8,10423.8,10423.8
UK100,2026-06-24 03:00:00+00:00,10424.0,10445.0,10422.0,10423.5
UK100,2026-06-24 04:00:00+00:00,10423.8,10429.2,10401.5,10425.2
UK100,2026-06-24 05:00:00+00:00,10425.0,10454.5,10422.8,10441.2
UK100,2026-06-24 06:00:00+00:00,10441.5,10459.5,10429.8,10450.0
UK100,2026-06-24 07:00:00+00:00,10450.0,10466.0,10428.0,10436.2
UK100,2026-06-24 08:00:00+00:00,10436.0,10459.2,10434.0,10453.2
UK100,2026-06-24 09:00:00+00:00,10453.0,10461.0,10438.2,10451.8
UK100,2026-06-24 10:00:00+00:00,10452.0,10468.2,10446.2,10456.8
UK100,2026-06-24 11:00:00+00:00,10457.2,10470.2,10451.2,10462.2
UK100,2026-06-24 12:00:00+00:00,10462.5,10473.0,10455.3,10458.0
UK100,2026-06-24 13:00:00+00:00,10458.3,10489.0,10439.6,10489.0
UK100,2026-06-24 14:00:00+00:00,10488.6,10496.3,10476.6,10481.0
UK100,2026-06-24 15:00:00+00:00,10480.6,10493.3,10463.6,10487.0
UK100,2026-06-24 16:00:00+00:00,10486.8,10492.0,10470.8,10471.6
UK100,2026-06-24 17:00:00+00:00,10471.8,10474.8,10442.8,10449.6
UK100,2026-06-24 18:00:00+00:00,10449.8,10476.8,10447.0,10464.6
UK100,2026-06-24 19:00:00+00:00,10465.0,10482.0,10453.0,10476.3
UK100,2026-06-25 00:00:00+00:00,10473.0,10476.0,10458.8,10464.3
UK100,2026-06-25 01:00:00+00:00,10465.0,10474.0,10454.6,10457.0
UK100,2026-06-25 02:00:00+00:00,10457.3,10459.3,10439.3,10451.3
UK100,2026-06-25 03:00:00+00:00,10451.6,10456.3,10439.8,10446.6
UK100,2026-06-25 04:00:00+00:00,10446.8,10449.6,10437.8,10447.3
UK100,2026-06-25 05:00:00+00:00,10446.8,10461.0,10444.0,10452.0
UK100,2026-06-25 06:00:00+00:00,10451.8,10459.6,10436.0,10453.6
UK100,2026-06-25 07:00:00+00:00,10454.3,10500.0,10440.6,10491.0
UK100,2026-06-25 08:00:00+00:00,10491.3,10518.3,10486.8,10513.3
UK100,2026-06-25 09:00:00+00:00,10514.0,10529.8,10504.6,10515.0
UK100,2026-06-25 10:00:00+00:00,10514.8,10527.3,10512.0,10524.0
UK100,2026-06-25 11:00:00+00:00,10524.6,10556.6,10524.0,10552.6
UK100,2026-06-25 12:00:00+00:00,10552.8,10585.3,10548.8,10575.0
UK100,2026-06-25 13:00:00+00:00,10575.3,10582.3,10542.0,10552.2
UK100,2026-06-25 14:00:00+00:00,10553.2,10604.2,10552.5,10582.5
UK100,2026-06-25 15:00:00+00:00,10583.0,10584.8,10551.2,10572.2
UK100,2026-06-25 16:00:00+00:00,10572.0,10584.8,10547.2,10555.2
UK100,2026-06-25 17:00:00+00:00,10555.0,10560.2,10543.0,10555.0
UK100,2026-06-25 18:00:00+00:00,10555.2,10559.2,10534.0,10544.2
UK100,2026-06-25 19:00:00+00:00,10544.0,10551.8,10538.8,10545.0
UK100,2026-06-26 00:00:00+00:00,10545.8,10547.8,10529.5,10534.0
UK100,2026-06-26 01:00:00+00:00,10534.2,10542.2,10516.2,10521.5
UK100,2026-06-26 02:00:00+00:00,10521.2,10522.5,10466.5,10473.5
UK100,2026-06-26 03:00:00+00:00,10474.0,10482.8,10453.5,10482.0
UK100,2026-06-26 04:00:00+00:00,10482.5,10486.2,10473.5,10481.0
UK100,2026-06-26 05:00:00+00:00,10481.5,10506.5,10480.8,10498.2
UK100,2026-06-26 06:00:00+00:00,10498.0,10534.0,10484.8,10524.2
UK100,2026-06-26 07:00:00+00:00,10524.2,10538.2,10502.0,10516.2
UK100,2026-06-26 08:00:00+00:00,10516.0,10525.0,10480.5,10490.2
UK100,2026-06-26 09:00:00+00:00,10490.0,10495.8,10467.0,10484.4
UK100,2026-06-26 10:00:00+00:00,10484.6,10485.1,10467.1,10472.8
UK100,2026-06-26 11:00:00+00:00,10473.1,10480.6,10456.8,10457.8
UK100,2026-06-26 12:00:00+00:00,10458.1,10465.6,10432.8,10438.4
UK100,2026-06-26 13:00:00+00:00,10438.8,10488.1,10428.4,10485.4
UK100,2026-06-26 14:00:00+00:00,10485.8,10524.4,10483.4,10520.8
UK100,2026-06-26 15:00:00+00:00,10521.4,10553.8,10511.1,10546.6
UK100,2026-06-26 16:00:00+00:00,10547.1,10547.6,10514.6,10528.8
UK100,2026-06-26 17:00:00+00:00,10529.1,10539.4,10526.8,10527.6
UK100,2026-06-26 18:00:00+00:00,10527.8,10530.4,10506.8,10510.6
UK100,2026-06-26 19:00:00+00:00,10511.1,10514.6,10492.8,10505.1
UK100,2026-06-29 00:00:00+00:00,10527.4,10537.8,10519.6,10529.4
UK100,2026-06-29 01:00:00+00:00,10529.6,10532.6,10511.8,10524.8
UK100,2026-06-29 02:00:00+00:00,10524.6,10548.8,10519.6,10546.1
UK100,2026-06-29 03:00:00+00:00,10546.6,10551.4,10540.4,10548.6
UK100,2026-06-29 04:00:00+00:00,10548.1,10548.6,10532.6,10535.1
UK100,2026-06-29 05:00:00+00:00,10534.8,10552.1,10531.1,10548.8
UK100,2026-06-29 06:00:00+00:00,10548.4,10555.6,10526.8,10528.8
UK100,2026-06-29 07:00:00+00:00,10528.8,10535.1,10507.8,10527.8
UK100,2026-06-29 08:00:00+00:00,10528.4,10546.8,10503.1,10504.4
UK100,2026-06-29 09:00:00+00:00,10505.4,10514.4,10498.4,10500.4
UK100,2026-06-29 10:00:00+00:00,10500.6,10517.6,10495.1,10515.4
UK100,2026-06-29 11:00:00+00:00,10514.6,10527.8,10496.8,10526.4
UK100,2026-06-29 12:00:00+00:00,10526.6,10530.4,10511.8,10516.1
UK100,2026-06-29 13:00:00+00:00,10515.8,10539.1,10515.8,10524.4
UK100,2026-06-29 14:00:00+00:00,10524.6,10531.1,10495.8,10504.8
UK100,2026-06-29 15:00:00+00:00,10504.5,10531.5,10494.2,10520.2
UK100,2026-06-29 16:00:00+00:00,10520.5,10531.5,10517.5,10529.2
UK100,2026-06-29 17:00:00+00:00,10529.5,10534.8,10522.8,10529.8
UK100,2026-06-29 18:00:00+00:00,10529.5,10538.5,10528.8,10534.8
UK100,2026-06-29 19:00:00+00:00,10534.5,10540.5,10526.0,10540.2
UK100,2026-06-30 00:00:00+00:00,10531.2,10533.0,10513.0,10519.5
UK100,2026-06-30 01:00:00+00:00,10519.8,10535.5,10515.8,10528.2
UK100,2026-06-30 02:00:00+00:00,10528.0,10528.0,10516.0,10520.0
UK100,2026-06-30 03:00:00+00:00,10520.2,10530.5,10519.5,10526.2
UK100,2026-06-30 04:00:00+00:00,10527.2,10540.2,10526.2,10535.8
UK100,2026-06-30 05:00:00+00:00,10536.2,10540.8,10529.0,10533.2
UK100,2026-06-30 06:00:00+00:00,10533.0,10540.2,10519.8,10534.0
UK100,2026-06-30 07:00:00+00:00,10534.0,10550.5,10514.8,10531.8
UK100,2026-06-30 08:00:00+00:00,10533.0,10555.0,10528.8,10547.0
UK100,2026-06-30 09:00:00+00:00,10547.5,10602.2,10546.2,10599.2
UK100,2026-06-30 10:00:00+00:00,10600.0,10630.5,10596.8,10620.8
UK100,2026-06-30 11:00:00+00:00,10620.0,10633.0,10616.0,10625.8
UK100,2026-06-30 12:00:00+00:00,10625.2,10626.2,10578.0,10583.8
UK100,2026-06-30 13:00:00+00:00,10584.2,10584.8,10549.2,10558.8
UK100,2026-06-30 14:00:00+00:00,10558.2,10563.0,10518.5,10519.8
UK100,2026-06-30 15:00:00+00:00,10519.5,10548.0,10512.0,10515.2
UK100,2026-06-30 16:00:00+00:00,10514.8,10524.0,10511.8,10514.0
UK100,2026-06-30 17:00:00+00:00,10513.8,10525.5,10510.0,10525.0
UK100,2026-06-30 18:00:00+00:00,10524.5,10537.8,10523.0,10536.8
UK100,2026-06-30 19:00:00+00:00,10536.5,10539.8,10522.0,10535.0
UK100,2026-07-01 00:00:00+00:00,10523.8,10528.0,10517.2,10521.5
UK100,2026-07-01 01:00:00+00:00,10522.2,10524.8,10487.8,10488.8
UK100,2026-07-01 02:00:00+00:00,10488.5,10498.2,10471.2,10491.2
UK100,2026-07-01 03:00:00+00:00,10491.8,10500.0,10490.0,10496.8
UK100,2026-07-01 04:00:00+00:00,10496.2,10505.2,10492.2,10500.2
UK100,2026-07-01 05:00:00+00:00,10500.2,10506.0,10494.2,10505.5
UK100,2026-07-01 06:00:00+00:00,10505.2,10513.2,10493.2,10504.8
UK100,2026-07-01 07:00:00+00:00,10504.8,10523.5,10455.2,10521.2
UK100,2026-07-01 08:00:00+00:00,10520.5,10521.8,10496.0,10505.0
UK100,2026-07-01 09:00:00+00:00,10505.4,10507.4,10481.2,10487.0
UK100,2026-07-01 10:00:00+00:00,10486.7,10489.4,10464.2,10470.0
UK100,2026-07-01 11:00:00+00:00,10469.4,10481.4,10449.0,10451.2
UK100,2026-07-01 12:00:00+00:00,10451.0,10466.7,10440.7,10457.0
UK100,2026-07-01 13:00:00+00:00,10456.4,10487.7,10447.0,10473.0
UK100,2026-07-01 14:00:00+00:00,10473.2,10478.4,10452.4,10458.7
UK100,2026-07-01 15:00:00+00:00,10459.0,10517.0,10459.0,10511.4
UK100,2026-07-01 16:00:00+00:00,10511.7,10516.7,10493.4,10494.4
UK100,2026-07-01 17:00:00+00:00,10494.7,10501.7,10489.2,10498.2
UK100,2026-07-01 18:00:00+00:00,10497.7,10502.7,10488.0,10490.7
UK100,2026-07-01 19:00:00+00:00,10491.0,10496.2,10482.0,10488.4
UK100,2026-07-02 00:00:00+00:00,10472.6,10493.6,10464.8,10490.1
UK100,2026-07-02 01:00:00+00:00,10489.8,10512.8,10488.6,10506.4
UK100,2026-07-02 02:00:00+00:00,10506.6,10508.8,10497.8,10499.8
UK100,2026-07-02 03:00:00+00:00,10500.1,10511.6,10496.8,10510.4
UK100,2026-07-02 04:00:00+00:00,10510.6,10511.6,10484.8,10491.1
UK100,2026-07-02 05:00:00+00:00,10490.8,10498.8,10477.6,10483.1
UK100,2026-07-02 06:00:00+00:00,10483.4,10486.8,10455.4,10457.6
UK100,2026-07-02 07:00:00+00:00,10457.6,10519.6,10448.4,10514.4
UK100,2026-07-02 08:00:00+00:00,10514.8,10547.4,10514.6,10537.8
UK100,2026-07-02 09:00:00+00:00,10538.6,10544.6,10531.6,10542.8
UK100,2026-07-02 10:00:00+00:00,10543.1,10545.8,10528.8,10543.1
UK100,2026-07-02 11:00:00+00:00,10542.8,10547.1,10531.6,10544.4
UK100,2026-07-02 12:00:00+00:00,10544.1,10590.8,10542.4,10575.8
UK100,2026-07-02 13:00:00+00:00,10576.1,10676.4,10573.4,10664.6
UK100,2026-07-02 14:00:00+00:00,10664.4,10700.8,10646.8,10700.8
UK100,2026-07-02 15:00:00+00:00,10701.1,10710.6,10659.1,10663.1
UK100,2026-07-02 16:00:00+00:00,10663.4,10678.8,10655.4,10661.8
UK100,2026-07-02 17:00:00+00:00,10661.6,10664.1,10636.4,10637.8
UK100,2026-07-02 18:00:00+00:00,10637.4,10659.8,10634.4,10658.1
UK100,2026-07-02 19:00:00+00:00,10658.6,10691.4,10642.6,10689.8
UK100,2026-07-03 00:00:00+00:00,10690.1,10698.8,10674.6,10680.1
UK100,2026-07-03 01:00:00+00:00,10680.8,10716.1,10680.6,10711.4
UK100,2026-07-03 02:00:00+00:00,10711.1,10715.1,10703.6,10708.8
UK100,2026-07-03 03:00:00+00:00,10708.4,10721.4,10707.4,10715.4
UK100,2026-07-03 04:00:00+00:00,10715.1,10718.4,10707.4,10707.4
UK100,2026-07-03 05:00:00+00:00,10707.6,10708.8,10691.1,10700.6
UK100,2026-07-03 06:00:00+00:00,10700.8,10714.8,10698.6,10711.8
UK100,2026-07-03 07:00:00+00:00,10711.8,10714.6,10674.4,10674.8
UK100,2026-07-03 08:00:00+00:00,10675.1,10675.1,10627.6,10631.4
UK100,2026-07-03 09:00:00+00:00,10631.6,10633.8,10612.8,10632.4
UK100,2026-07-03 10:00:00+00:00,10633.1,10642.6,10625.8,10630.1
UK100,2026-07-03 11:00:00+00:00,10630.4,10640.4,10612.6,10639.8
UK100,2026-07-03 12:00:00+00:00,10640.4,10653.8,10640.4,10653.1
UK100,2026-07-03 13:00:00+00:00,10653.4,10677.6,10652.2,10677.4
UK100,2026-07-03 14:00:00+00:00,10676.9,10692.4,10666.6,10687.4
UK100,2026-07-03 15:00:00+00:00,10687.6,10694.6,10676.2,10682.4
UK100,2026-07-03 16:00:00+00:00,10682.6,10687.4,10674.9,10675.2
UK100,2026-07-03 17:00:00+00:00,10674.9,10674.9,10668.4,10669.9
UK100,2026-07-03 18:00:00+00:00,10669.2,10670.2,10662.9,10663.6
UK100,2026-07-03 19:00:00+00:00,10663.4,10665.6,10647.4,10654.2
UK100,2026-07-06 00:00:00+00:00,10665.9,10681.9,10658.9,10679.4
UK100,2026-07-06 01:00:00+00:00,10679.6,10689.6,10671.4,10682.2
UK100,2026-07-06 02:00:00+00:00,10682.6,10685.2,10673.4,10677.9
UK100,2026-07-06 03:00:00+00:00,10677.6,10679.2,10664.9,10670.6
UK100,2026-07-06 04:00:00+00:00,10671.2,10676.9,10668.9,10676.9
UK100,2026-07-06 05:00:00+00:00,10677.4,10683.6,10672.2,10673.6
UK100,2026-07-06 06:00:00+00:00,10674.2,10693.2,10667.2,10691.6
UK100,2026-07-06 07:00:00+00:00,10691.2,10740.6,10682.6,10738.6
UK100,2026-07-06 08:00:00+00:00,10738.9,10745.6,10709.6,10710.2
UK100,2026-07-06 09:00:00+00:00,10709.6,10710.2,10677.6,10678.2
UK100,2026-07-06 10:00:00+00:00,10678.4,10680.9,10663.9,10664.6
UK100,2026-07-06 11:00:00+00:00,10664.2,10666.9,10642.4,10645.4
UK100,2026-07-06 12:00:00+00:00,10645.6,10666.6,10644.4,10665.2
UK100,2026-07-06 13:00:00+00:00,10664.6,10670.9,10636.4,10643.6
UK100,2026-07-06 14:00:00+00:00,10643.4,10649.9,10626.9,10649.4
UK100,2026-07-06 15:00:00+00:00,10649.6,10665.2,10641.4,10647.4
UK100,2026-07-06 16:00:00+00:00,10647.2,10662.9,10642.4,10662.2
UK100,2026-07-06 17:00:00+00:00,10662.4,10677.2,10661.6,10668.6
UK100,2026-07-06 18:00:00+00:00,10669.2,10674.2,10666.2,10672.2
UK100,2026-07-06 19:00:00+00:00,10672.4,10684.2,10665.6,10680.2
UK100,2026-07-07 00:00:00+00:00,10679.4,10683.2,10666.9,10670.9
UK100,2026-07-07 01:00:00+00:00,10671.2,10694.6,10667.4,10686.6
UK100,2026-07-07 02:00:00+00:00,10686.9,10690.6,10671.2,10672.6
UK100,2026-07-07 03:00:00+00:00,10672.9,10678.4,10665.6,10671.9
UK100,2026-07-07 04:00:00+00:00,10672.4,10675.2,10663.9,10665.4
UK100,2026-07-07 05:00:00+00:00,10665.2,10682.6,10651.4,10679.6
UK100,2026-07-07 06:00:00+00:00,10678.4,10682.2,10659.9,10677.6
UK100,2026-07-07 07:00:00+00:00,10677.6,10711.9,10658.6,10710.2
UK100,2026-07-07 08:00:00+00:00,10709.9,10736.2,10707.4,10709.4
UK100,2026-07-07 09:00:00+00:00,10709.2,10719.2,10705.4,10707.6
UK100,2026-07-07 10:00:00+00:00,10707.9,10713.6,10679.2,10681.6
UK100,2026-07-07 11:00:00+00:00,10682.2,10706.4,10680.6,10705.2
UK100,2026-07-07 12:00:00+00:00,10704.9,10746.6,10703.2,10725.2
UK100,2026-07-07 13:00:00+00:00,10725.6,10760.6,10717.4,10726.3
UK100,2026-07-07 14:00:00+00:00,10726.6,10727.6,10695.6,10708.0
UK100,2026-07-07 15:00:00+00:00,10708.3,10708.8,10669.6,10674.6
UK100,2026-07-07 16:00:00+00:00,10674.8,10681.8,10668.6,10672.6
UK100,2026-07-07 17:00:00+00:00,10672.0,10679.0,10668.0,10672.6
UK100,2026-07-07 18:00:00+00:00,10673.0,10684.3,10669.8,10677.6
UK100,2026-07-07 19:00:00+00:00,10677.0,10682.0,10661.6,10671.8
UK100,2026-07-08 00:00:00+00:00,10656.0,10669.0,10635.8,10667.8
UK100,2026-07-08 01:00:00+00:00,10668.0,10689.3,10665.8,10686.8
UK100,2026-07-08 02:00:00+00:00,10686.6,10687.8,10666.3,10672.3
UK100,2026-07-08 03:00:00+00:00,10672.6,10691.3,10672.6,10687.3
UK100,2026-07-08 04:00:00+00:00,10687.8,10692.6,10680.3,10688.6
UK100,2026-07-08 05:00:00+00:00,10688.3,10694.0,10677.3,10683.3
UK100,2026-07-08 06:00:00+00:00,10683.0,10684.6,10644.3,10654.0
UK100,2026-07-08 07:00:00+00:00,10654.0,10656.6,10585.8,10593.0
UK100,2026-07-08 08:00:00+00:00,10593.3,10595.3,10504.3,10508.0
UK100,2026-07-08 09:00:00+00:00,10508.3,10522.3,10490.0,10495.0
UK100,2026-07-08 10:00:00+00:00,10495.6,10528.8,10487.0,10524.0
UK100,2026-07-08 11:00:00+00:00,10523.0,10567.3,10514.8,10545.8
UK100,2026-07-08 12:00:00+00:00,10546.0,10588.6,10537.8,10574.6
UK100,2026-07-08 13:00:00+00:00,10574.3,10585.8,10543.6,10558.6
UK100,2026-07-08 14:00:00+00:00,10558.3,10571.8,10509.6,10511.6
UK100,2026-07-08 15:00:00+00:00,10512.0,10513.6,10476.0,10486.8
UK100,2026-07-08 16:00:00+00:00,10487.0,10515.0,10481.0,10513.8
UK100,2026-07-08 17:00:00+00:00,10514.3,10514.3,10486.3,10489.6
UK100,2026-07-08 18:00:00+00:00,10489.0,10507.0,10485.6,10502.0
UK100,2026-07-08 19:00:00+00:00,10502.3,10519.8,10498.6,10514.8
UK100,2026-07-09 00:00:00+00:00,10497.8,10509.8,10493.3,10506.0
UK100,2026-07-09 01:00:00+00:00,10506.6,10523.8,10499.8,10518.3
UK100,2026-07-09 02:00:00+00:00,10518.6,10532.8,10503.6,10504.3
UK100,2026-07-09 03:00:00+00:00,10504.6,10518.0,10501.3,10515.8
UK100,2026-07-09 04:00:00+00:00,10515.6,10524.0,10512.8,10521.6
UK100,2026-07-09 05:00:00+00:00,10521.0,10534.3,10508.0,10534.3
UK100,2026-07-09 06:00:00+00:00,10534.6,10534.6,10459.6,10459.6
UK100,2026-07-09 07:00:00+00:00,10459.6,10483.8,10435.3,10443.8
UK100,2026-07-09 08:00:00+00:00,10444.0,10452.8,10435.3,10443.8
UK100,2026-07-09 09:00:00+00:00,10443.6,10451.0,10400.6,10423.6
UK100,2026-07-09 10:00:00+00:00,10423.3,10434.8,10405.6,10414.8
UK100,2026-07-09 11:00:00+00:00,10414.6,10441.6,10409.6,10431.6
UK100,2026-07-09 12:00:00+00:00,10431.8,10447.3,10423.6,10433.0
UK100,2026-07-09 13:00:00+00:00,10433.3,10459.3,10433.3,10459.0
UK100,2026-07-09 14:00:00+00:00,10459.3,10487.3,10448.0,10484.6
UK100,2026-07-09 15:00:00+00:00,10484.8,10491.0,10468.6,10472.8
UK100,2026-07-09 16:00:00+00:00,10472.3,10490.0,10472.3,10483.6
UK100,2026-07-09 17:00:00+00:00,10483.0,10497.3,10482.6,10492.8
UK100,2026-07-09 18:00:00+00:00,10492.3,10494.6,10472.8,10477.6
UK100,2026-07-09 19:00:00+00:00,10477.3,10481.6,10470.0,10480.0
UK100,2026-07-10 00:00:00+00:00,10478.3,10478.8,10460.0,10468.0
UK100,2026-07-10 01:00:00+00:00,10468.3,10488.6,10462.3,10484.6
UK100,2026-07-10 02:00:00+00:00,10484.8,10491.6,10482.6,10489.6
UK100,2026-07-10 03:00:00+00:00,10489.8,10496.6,10485.6,10490.3
UK100,2026-07-10 04:00:00+00:00,10489.8,10489.8,10482.6,10484.8
UK100,2026-07-10 05:00:00+00:00,10485.0,10488.6,10481.6,10485.3
UK100,2026-07-10 06:00:00+00:00,10485.6,10519.6,10485.6,10511.0
UK100,2026-07-10 07:00:00+00:00,10511.0,10515.6,10476.6,10489.0
UK100,2026-07-10 08:00:00+00:00,10488.8,10512.0,10472.6,10480.3
UK100,2026-07-10 09:00:00+00:00,10480.6,10496.8,10477.0,10492.0
UK100,2026-07-10 10:00:00+00:00,10492.3,10500.0,10481.3,10485.6
UK100,2026-07-10 11:00:00+00:00,10485.0,10496.6,10477.8,10483.8
UK100,2026-07-10 12:00:00+00:00,10484.0,10512.6,10477.0,10504.8
UK100,2026-07-10 13:00:00+00:00,10505.3,10516.6,10492.8,10511.3
UK100,2026-07-10 14:00:00+00:00,10510.8,10525.8,10472.0,10506.6
UK100,2026-07-10 15:00:00+00:00,10506.0,10529.3,10494.3,10528.8
UK100,2026-07-10 16:00:00+00:00,10529.3,10539.0,10523.6,10539.0
UK100,2026-07-10 17:00:00+00:00,10539.3,10553.6,10538.8,10549.8
UK100,2026-07-10 18:00:00+00:00,10550.3,10558.3,10548.6,10555.6
UK100,2026-07-10 19:00:00+00:00,10555.3,10557.6,10540.3,10543.6
UK100,2026-07-13 00:00:00+00:00,10520.8,10529.6,10504.0,10506.3
UK100,2026-07-13 01:00:00+00:00,10506.8,10508.0,10489.3,10495.3
UK100,2026-07-13 02:00:00+00:00,10496.0,10502.6,10488.3,10488.3
UK100,2026-07-13 03:00:00+00:00,10488.6,10489.3,10477.0,10481.8
UK100,2026-07-13 04:00:00+00:00,10482.0,10487.0,10472.6,10473.6
UK100,2026-07-13 05:00:00+00:00,10472.8,10488.3,10460.3,10483.3
UK100,2026-07-13 06:00:00+00:00,10483.6,10511.3,10476.0,10505.0
UK100,2026-07-13 07:00:00+00:00,10505.0,10543.0,10486.8,10496.0
UK100,2026-07-13 08:00:00+00:00,10496.3,10525.3,10484.0,10525.0
UK100,2026-07-13 09:00:00+00:00,10525.3,10528.3,10499.0,10505.6
UK100,2026-07-13 10:00:00+00:00,10505.8,10506.8,10477.6,10489.0
UK100,2026-07-13 11:00:00+00:00,10489.3,10509.6,10482.0,10484.6
UK100,2026-07-13 12:00:00+00:00,10484.8,10501.0,10472.3,10500.0
UK100,2026-07-13 13:00:00+00:00,10500.3,10530.6,10483.6,10525.0
UK100,2026-07-13 14:00:00+00:00,10525.3,10526.6,10476.6,10515.8
UK100,2026-07-13 15:00:00+00:00,10516.0,10517.0,10496.0,10505.0
UK100,2026-07-13 16:00:00+00:00,10504.8,10513.0,10481.0,10499.6
UK100,2026-07-13 17:00:00+00:00,10500.0,10517.8,10499.6,10508.3
UK100,2026-07-13 18:00:00+00:00,10508.6,10513.0,10498.6,10507.8
UK100,2026-07-13 19:00:00+00:00,10508.3,10511.8,10499.6,10511.3
UK100,2026-07-14 00:00:00+00:00,10502.0,10502.0,10437.0,10454.3
UK100,2026-07-14 01:00:00+00:00,10454.8,10479.8,10441.0,10447.8
UK100,2026-07-14 02:00:00+00:00,10448.0,10472.0,10447.3,10460.0
UK100,2026-07-14 03:00:00+00:00,10460.3,10469.6,10444.8,10469.0
UK100,2026-07-14 04:00:00+00:00,10469.3,10491.8,10461.8,10488.6
UK100,2026-07-14 05:00:00+00:00,10488.8,10511.3,10486.8,10502.3
UK100,2026-07-14 06:00:00+00:00,10502.6,10518.0,10475.0,10477.6
UK100,2026-07-14 07:00:00+00:00,10477.3,10505.8,10432.0,10454.0
UK100,2026-07-14 08:00:00+00:00,10454.3,10469.0,10430.8,10432.0
UK100,2026-07-14 09:00:00+00:00,10432.3,10467.8,10428.8,10462.6
UK100,2026-07-14 10:00:00+00:00,10462.8,10472.0,10456.0,10465.0
UK100,2026-07-14 11:00:00+00:00,10465.3,10492.6,10455.3,10484.0
UK100,2026-07-14 12:00:00+00:00,10484.3,10522.3,10459.0,10504.3
UK100,2026-07-14 13:00:00+00:00,10504.6,10553.0,10496.8,10544.0
UK100,2026-07-14 14:00:00+00:00,10543.8,10564.3,10521.6,10529.6
UK100,2026-07-14 15:00:00+00:00,10529.8,10539.8,10507.8,10510.3
UK100,2026-07-14 16:00:00+00:00,10510.6,10522.8,10502.6,10513.6
UK100,2026-07-14 17:00:00+00:00,10514.0,10520.6,10501.6,10506.8
UK100,2026-07-14 18:00:00+00:00,10507.0,10509.0,10498.3,10500.0
UK100,2026-07-14 19:00:00+00:00,10499.8,10503.0,10488.6,10497.6
UK100,2026-07-15 00:00:00+00:00,10507.6,10508.0,10487.8,10498.3
UK100,2026-07-15 01:00:00+00:00,10498.6,10503.0,10490.0,10502.3
UK100,2026-07-15 02:00:00+00:00,10502.6,10506.0,10497.0,10501.3
UK100,2026-07-15 03:00:00+00:00,10501.8,10506.6,10499.0,10504.3
UK100,2026-07-15 04:00:00+00:00,10504.6,10505.8,10496.0,10498.6
UK100,2026-07-15 05:00:00+00:00,10499.8,10504.0,10485.8,10496.0
UK100,2026-07-15 06:00:00+00:00,10496.3,10498.0,10474.8,10477.0
UK100,2026-07-15 07:00:00+00:00,10477.6,10487.6,10446.8,10473.6
UK100,2026-07-15 08:00:00+00:00,10473.8,10520.8,10472.0,10510.6
UK100,2026-07-15 09:00:00+00:00,10510.0,10526.8,10504.3,10509.3
UK100,2026-07-15 10:00:00+00:00,10509.0,10526.8,10500.8,10502.6
UK100,2026-07-15 11:00:00+00:00,10502.8,10516.0,10498.6,10516.0
UK100,2026-07-15 12:00:00+00:00,10516.3,10536.0,10513.8,10524.8
UK100,2026-07-15 13:00:00+00:00,10525.8,10549.0,10518.3,10542.3
UK100,2026-07-15 14:00:00+00:00,10542.6,10552.0,10521.0,10528.0
UK100,2026-07-15 15:00:00+00:00,10528.3,10533.6,10497.6,10497.6
UK100,2026-07-15 16:00:00+00:00,10497.8,10499.3,10465.0,10473.6
UK100,2026-07-15 17:00:00+00:00,10474.0,10494.0,10472.6,10489.0
UK100,2026-07-15 18:00:00+00:00,10489.6,10500.6,10487.0,10494.8
UK100,2026-07-15 19:00:00+00:00,10495.0,10502.0,10485.3,10488.0
UK100,2026-07-16 00:00:00+00:00,10487.0,10497.6,10475.3,10476.0
UK100,2026-07-16 01:00:00+00:00,10475.8,10476.8,10463.8,10464.3
UK100,2026-07-16 02:00:00+00:00,10464.8,10478.6,10459.3,10477.8
UK100,2026-07-16 03:00:00+00:00,10478.0,10493.8,10476.6,10493.8
UK100,2026-07-16 04:00:00+00:00,10493.6,10494.3,10475.6,10475.6
UK100,2026-07-16 05:00:00+00:00,10475.8,10488.3,10469.8,10472.8
UK100,2026-07-16 06:00:00+00:00,10473.3,10478.8,10441.3,10468.6
UK100,2026-07-16 07:00:00+00:00,10468.3,10483.3,10444.3,10466.6
UK100,2026-07-16 08:00:00+00:00,10467.0,10488.0,10451.6,10479.8
UK100,2026-07-16 09:00:00+00:00,10480.0,10492.3,10470.0,10488.8
UK100,2026-07-16 10:00:00+00:00,10489.0,10499.0,10480.3,10487.0
UK100,2026-07-16 11:00:00+00:00,10487.3,10498.6,10456.8,10485.6
UK100,2026-07-16 12:00:00+00:00,10485.8,10499.6,10456.8,10458.3
UK100,2026-07-16 13:00:00+00:00,10458.0,10490.8,10450.3,10490.8
UK100,2026-07-16 14:00:00+00:00,10491.0,10533.6,10490.6,10527.0
UK100,2026-07-16 15:00:00+00:00,10526.6,10589.3,10525.6,10571.6
UK100,2026-07-16 16:00:00+00:00,10571.8,10582.8,10556.3,10582.3
UK100,2026-07-16 17:00:00+00:00,10582.8,10591.3,10575.6,10578.3
UK100,2026-07-16 18:00:00+00:00,10578.6,10585.6,10566.0,10572.3
UK100,2026-07-16 19:00:00+00:00,10572.0,10577.8,10556.8,10575.3
UK100,2026-07-17 00:00:00+00:00,10561.0,10565.6,10541.6,10552.3
UK100,2026-07-17 01:00:00+00:00,10552.6,10560.6,10532.6,10533.3
UK100,2026-07-17 02:00:00+00:00,10533.6,10539.0,10521.0,10529.0
UK100,2026-07-17 03:00:00+00:00,10529.3,10544.6,10519.8,10520.3
UK100,2026-07-17 04:00:00+00:00,10520.8,10521.3,10500.8,10511.0
UK100,2026-07-17 05:00:00+00:00,10511.3,10522.0,10505.3,10520.8
UK100,2026-07-17 06:00:00+00:00,10521.0,10551.0,10519.6,10547.6
UK100,2026-07-17 07:00:00+00:00,10548.0,10617.3,10543.0,10613.0
UK100,2026-07-17 08:00:00+00:00,10613.3,10629.3,10562.0,10563.0
UK100,2026-07-17 09:00:00+00:00,10562.8,10587.6,10547.0,10559.3
UK100,2026-07-17 10:00:00+00:00,10559.8,10585.3,10557.0,10558.6
UK100,2026-07-17 11:00:00+00:00,10557.8,10578.0,10544.6,10575.3
UK100,2026-07-17 12:00:00+00:00,10575.6,10582.0,10558.0,10571.3
UK100,2026-07-17 13:00:00+00:00,10571.6,10600.6,10528.0,10598.8
UK100,2026-07-17 14:00:00+00:00,10598.6,10601.0,10564.8,10581.0
UK100,2026-07-17 15:00:00+00:00,10581.6,10607.8,10565.6,10607.3
UK100,2026-07-17 16:00:00+00:00,10606.8,10607.6,10558.6,10563.8
UK100,2026-07-17 17:00:00+00:00,10564.3,10570.3,10549.6,10551.8
UK100,2026-07-17 18:00:00+00:00,10551.6,10554.6,10542.6,10551.3
UK100,2026-07-17 19:00:00+00:00,10551.6,10589.3,10534.8,10583.8
UK100,2026-07-20 00:00:00+00:00,10556.5,10586.8,10556.5,10568.3
UK100,2026-07-20 01:00:00+00:00,10569.3,10584.0,10556.0,10562.8
UK100,2026-07-20 02:00:00+00:00,10563.0,10573.8,10551.3,10566.8
UK100,2026-07-20 03:00:00+00:00,10565.8,10572.3,10558.8,10566.0
UK100,2026-07-20 04:00:00+00:00,10566.3,10586.0,10558.3,10579.0
UK100,2026-07-20 05:00:00+00:00,10580.0,10582.8,10546.3,10549.8
UK100,2026-07-20 06:00:00+00:00,10550.0,10555.0,10541.6,10549.6
UK100,2026-07-20 07:00:00+00:00,10548.6,10575.0,10521.3,10565.6
UK100,2026-07-20 08:00:00+00:00,10565.3,10578.6,10551.6,10569.6
UK100,2026-07-20 09:00:00+00:00,10569.3,10575.0,10554.0,10561.0
UK100,2026-07-20 10:00:00+00:00,10560.6,10562.6,10536.8,10550.8
UK100,2026-07-20 11:00:00+00:00,10551.0,10598.6,10549.3,10585.0
UK100,2026-07-20 12:00:00+00:00,10585.3,10586.0,10544.0,10551.0
UK100,2026-07-20 13:00:00+00:00,10550.8,10561.8,10522.3,10527.6
UK100,2026-07-20 14:00:00+00:00,10527.0,10542.3,10513.8,10530.3
UK100,2026-07-20 15:00:00+00:00,10530.0,10545.0,10503.8,10524.3
UK100,2026-07-20 16:00:00+00:00,10524.6,10526.8,10493.6,10497.6
UK100,2026-07-20 17:00:00+00:00,10498.0,10502.8,10481.3,10486.3
UK100,2026-07-20 18:00:00+00:00,10486.6,10493.8,10464.0,10467.8
UK100,2026-07-20 19:00:00+00:00,10467.6,10475.0,10452.0,10463.6
UK100,2026-07-21 00:00:00+00:00,10466.8,10470.6,10442.3,10461.3
UK100,2026-07-21 01:00:00+00:00,10461.0,10480.0,10455.0,10466.0
UK100,2026-07-21 02:00:00+00:00,10466.6,10476.6,10460.3,10476.3
UK100,2026-07-21 03:00:00+00:00,10476.6,10485.0,10476.0,10480.6
UK100,2026-07-21 04:00:00+00:00,10480.8,10483.0,10475.6,10475.8
UK100,2026-07-21 05:00:00+00:00,10476.3,10490.6,10466.6,10478.6
UK100,2026-07-21 06:00:00+00:00,10478.8,10488.8,10472.3,10487.3
UK100,2026-07-21 07:00:00+00:00,10487.3,10528.3,10477.8,10506.6
UK100,2026-07-21 08:00:00+00:00,10507.0,10535.6,10505.3,10530.8
UK100,2026-07-21 09:00:00+00:00,10530.0,10557.0,10528.8,10543.3
UK100,2026-07-21 10:00:00+00:00,10543.6,10564.6,10543.0,10545.6
UK100,2026-07-21 11:00:00+00:00,10544.0,10546.0,10526.0,10540.0
UK100,2026-07-21 12:00:00+00:00,10540.3,10546.0,10524.3,10541.4
UK100,2026-07-21 13:00:00+00:00,10542.2,10552.4,10506.2,10526.2
UK100,2026-07-21 14:00:00+00:00,10525.4,10572.7,10524.0,10563.7
UK100,2026-07-21 15:00:00+00:00,10563.4,10601.0,10554.7,10597.7
UK100,2026-07-21 16:00:00+00:00,10597.2,10608.2,10593.2,10604.2
UK100,2026-07-21 17:00:00+00:00,10604.7,10605.0,10594.0,10600.7
UK100,2026-07-21 18:00:00+00:00,10600.4,10611.4,10596.2,10609.2
UK100,2026-07-21 19:00:00+00:00,10609.7,10609.7,10594.0,10604.0
UK100,2026-07-22 00:00:00+00:00,10595.4,10613.7,10595.4,10613.2
UK100,2026-07-22 01:00:00+00:00,10614.0,10620.7,10607.7,10618.0
UK100,2026-07-22 02:00:00+00:00,10617.7,10618.0,10608.4,10612.2
UK100,2026-07-22 03:00:00+00:00,10612.0,10614.7,10599.7,10605.2
UK100,2026-07-22 04:00:00+00:00,10605.0,10607.4,10597.0,10599.2
UK100,2026-07-22 05:00:00+00:00,10598.7,10607.4,10594.4,10604.4
UK100,2026-07-22 06:00:00+00:00,10604.7,10615.0,10585.2,10594.4
UK100,2026-07-22 07:00:00+00:00,10594.4,10607.0,10564.0,10604.4
UK100,2026-07-22 08:00:00+00:00,10604.0,10704.7,10602.4,10702.0
UK100,2026-07-22 09:00:00+00:00,10702.4,10735.7,10675.7,10684.7
UK100,2026-07-22 10:00:00+00:00,10684.4,10724.4,10677.4,10717.4
UK100,2026-07-22 11:00:00+00:00,10718.0,10736.8,10695.0,10728.8
UK100,2026-07-22 12:00:00+00:00,10729.1,10754.6,10727.6,10744.4
UK100,2026-07-22 13:00:00+00:00,10744.6,10772.4,10731.8,10756.4
UK100,2026-07-22 14:00:00+00:00,10757.4,10769.6,10740.1,10754.4
UK100,2026-07-22 15:00:00+00:00,10754.6,10755.8,10724.1,10740.8
UK100,2026-07-22 16:00:00+00:00,10740.6,10750.4,10733.8,10749.4
UK100,2026-07-22 17:00:00+00:00,10749.6,10757.8,10744.4,10753.6
UK100,2026-07-22 18:00:00+00:00,10753.8,10754.4,10736.6,10741.8
UK100,2026-07-22 19:00:00+00:00,10742.4,10742.8,10714.1,10724.1
UK100,2026-07-23 00:00:00+00:00,10712.0,10739.2,10712.0,10735.0
UK100,2026-07-23 01:00:00+00:00,10734.7,10738.0,10716.2,10730.2
UK100,2026-07-23 02:00:00+00:00,10730.0,10734.0,10722.2,10728.0
UK100,2026-07-23 03:00:00+00:00,10727.7,10729.2,10713.2,10724.7
UK100,2026-07-23 04:00:00+00:00,10725.0,10728.7,10717.4,10721.0
UK100,2026-07-23 05:00:00+00:00,10720.7,10731.7,10711.4,10711.7
UK100,2026-07-23 06:00:00+00:00,10711.4,10720.0,10700.7,10720.0
UK100,2026-07-23 07:00:00+00:00,10720.0,10724.0,10658.2,10716.4
UK100,2026-07-23 08:00:00+00:00,10717.0,10725.7,10686.0,10704.2
UK100,2026-07-23 09:00:00+00:00,10704.4,10725.2,10691.0,10699.0
UK100,2026-07-23 10:00:00+00:00,10699.2,10723.0,10691.2,10713.0
UK100,2026-07-23 11:00:00+00:00,10712.7,10716.7,10675.2,10706.0
UK100,2026-07-23 12:00:00+00:00,10706.4,10707.0,10638.2,10643.0
UK100,2026-07-23 13:00:00+00:00,10642.7,10658.0,10613.2,10645.2
UK100,2026-07-23 14:00:00+00:00,10645.4,10666.0,10629.7,10653.7
UK100,2026-07-23 15:00:00+00:00,10653.4,10659.4,10624.2,10639.0
UK100,2026-07-23 16:00:00+00:00,10639.7,10650.2,10624.2,10630.4
UK100,2026-07-23 17:00:00+00:00,10631.0,10631.0,10606.4,10610.7
UK100,2026-07-23 18:00:00+00:00,10610.2,10614.0,10601.0,10603.0
UK100,2026-07-23 19:00:00+00:00,10603.2,10611.0,10597.0,10609.4
UK100,2026-07-24 00:00:00+00:00,10628.2,10628.7,10602.7,10617.4
UK100,2026-07-24 01:00:00+00:00,10618.0,10621.4,10607.0,10611.2
UK100,2026-07-24 02:00:00+00:00,10611.0,10614.4,10591.7,10592.0
UK100,2026-07-24 03:00:00+00:00,10592.2,10607.2,10591.2,10598.2
UK100,2026-07-24 04:00:00+00:00,10598.4,10611.0,10595.7,10610.4
UK100,2026-07-24 05:00:00+00:00,10611.2,10623.2,10608.2,10612.2
UK100,2026-07-24 06:00:00+00:00,10611.7,10614.0,10581.0,10597.0
UK100,2026-07-24 07:00:00+00:00,10597.0,10679.0,10595.2,10669.4
UK100,2026-07-24 08:00:00+00:00,10666.0,10703.0,10663.2,10684.4
UK100,2026-07-24 09:00:00+00:00,10684.7,10694.4,10676.7,10681.7
UK100,2026-07-24 10:00:00+00:00,10682.2,10689.4,10670.0,10673.0
UK100,2026-07-24 11:00:00+00:00,10672.7,10677.7,10645.4,10672.0
UK100,2026-07-24 12:00:00+00:00,10673.0,10686.0,10665.0,10668.4
UK100,2026-07-24 13:00:00+00:00,10668.0,10718.4,10667.4,10706.0
UK100,2026-07-24 14:00:00+00:00,10705.7,10723.2,10700.2,10714.4
UK100,2026-07-24 15:00:00+00:00,10715.0,10752.2,10711.0,10732.4
UK100,2026-07-24 16:00:00+00:00,10732.7,10743.0,10722.4,10738.4
UK100,2026-07-24 17:00:00+00:00,10739.0,10749.0,10726.4,10740.4
UK100,2026-07-24 18:00:00+00:00,10740.2,10745.2,10720.2,10728.4
UK100,2026-07-24 19:00:00+00:00,10729.0,10731.7,10717.0,10725.0
UK100,2026-07-27 00:00:00+00:00,10767.2,10768.0,10724.0,10728.0
UK100,2026-07-27 01:00:00+00:00,10729.2,10742.2,10721.2,10741.7
UK100,2026-07-27 02:00:00+00:00,10742.7,10748.2,10737.2,10746.4
UK100,2026-07-27 03:00:00+00:00,10746.7,10756.2,10741.2,10744.7
UK100,2026-07-27 04:00:00+00:00,10745.2,10759.4,10743.2,10758.4
UK100,2026-07-27 05:00:00+00:00,10759.2,10774.7,10757.7,10770.4
UK100,2026-07-27 06:00:00+00:00,10770.7,10837.0,10770.7,10814.0
UK100,2026-07-27 07:00:00+00:00,10813.4,10825.0,10773.4,10777.2
UK100,2026-07-27 08:00:00+00:00,10777.0,10791.4,10757.2,10790.4
UK100,2026-07-27 09:00:00+00:00,10789.4,10796.2,10775.7,10780.4
UK100,2026-07-27 10:00:00+00:00,10780.2,10807.4,10777.0,10806.0
UK100,2026-07-27 11:00:00+00:00,10806.2,10817.7,10800.0,10803.0
UK100,2026-07-27 12:00:00+00:00,10803.2,10811.4,10775.7,10785.4
UK100,2026-07-27 13:00:00+00:00,10785.7,10825.0,10777.4,10804.4
UK100,2026-07-27 14:00:00+00:00,10805.0,10828.4,10801.4,10827.0
UK100,2026-07-27 15:00:00+00:00,10827.2,10827.2,10780.4,10786.4
UK100,2026-07-27 16:00:00+00:00,10786.7,10799.4,10773.4,10774.4
UK100,2026-07-27 17:00:00+00:00,10774.7,10782.0,10765.4,10777.4
UK100,2026-07-27 18:00:00+00:00,10777.7,10794.2,10766.4,10792.4
UK100,2026-07-27 19:00:00+00:00,10792.2,10803.4,10787.4,10800.0
UK100,2026-07-28 00:00:00+00:00,10793.2,10798.4,10770.7,10775.4
UK100,2026-07-28 01:00:00+00:00,10775.7,10782.4,10763.7,10767.2
UK100,2026-07-28 02:00:00+00:00,10767.4,10780.0,10765.4,10771.4
UK100,2026-07-28 03:00:00+00:00,10771.7,10799.0,10767.4,10798.2
UK100,2026-07-28 04:00:00+00:00,10798.0,10798.4,10779.4,10782.0
UK100,2026-07-28 05:00:00+00:00,10782.4,10787.2,10765.0,10776.7
UK100,2026-07-28 06:00:00+00:00,10777.0,10837.0,10777.0,10807.2
UK100,2026-07-28 07:00:00+00:00,10806.7,10825.4,10773.7,10800.2
UK100,2026-07-28 08:00:00+00:00,10800.4,10844.0,10786.4,10834.0
UK100,2026-07-28 09:00:00+00:00,10834.4,10858.2,10832.4,10855.0
UK100,2026-07-28 10:00:00+00:00,10855.4,10864.4,10835.0,10844.4
UK100,2026-07-28 11:00:00+00:00,10844.7,10858.2,10830.0,10835.7
UK100,2026-07-28 12:00:00+00:00,10836.0,10851.9,10817.6,10819.2
UK100,2026-07-28 13:00:00+00:00,10818.9,10869.9,10808.9,10867.2
UK100,2026-07-28 14:00:00+00:00,10866.9,10893.9,10858.6,10871.9
UK100,2026-07-28 15:00:00+00:00,10872.2,10914.4,10863.6,10912.2
UK100,2026-07-28 16:00:00+00:00,10912.4,10923.6,10902.4,10921.9
UK100,2026-07-28 17:00:00+00:00,10922.2,10926.6,10897.4,10902.2
UK100,2026-07-28 18:00:00+00:00,10902.6,10913.4,10900.2,10909.9
UK100,2026-07-28 19:00:00+00:00,10909.6,10921.2,10906.6,10907.4
UK100,2026-07-29 00:00:00+00:00,10903.6,10918.9,10896.4,10897.2
UK100,2026-07-29 01:00:00+00:00,10897.4,10901.6,10867.2,10867.2
UK100,2026-07-29 02:00:00+00:00,10866.2,10883.4,10863.9,10875.2
UK100,2026-07-29 03:00:00+00:00,10874.9,10876.9,10847.9,10852.6
UK100,2026-07-29 04:00:00+00:00,10853.2,10858.6,10835.4,10857.9
UK100,2026-07-29 05:00:00+00:00,10858.4,10883.2,10852.6,10883.2
UK100,2026-07-29 06:00:00+00:00,10882.9,10920.6,10874.4,10909.9
UK100,2026-07-29 07:00:00+00:00,10909.6,10959.4,10909.4,10929.2
UK100,2026-07-29 08:00:00+00:00,10928.6,10932.2,10882.2,10888.2
UK100,2026-07-29 09:00:00+00:00,10888.6,10893.9,10868.9,10881.9
UK100,2026-07-29 10:00:00+00:00,10882.4,10909.6,10877.2,10896.2
UK100,2026-07-29 11:00:00+00:00,10896.6,10914.2,10892.9,10907.4
UK100,2026-07-29 12:00:00+00:00,10907.6,10915.2,10878.2,10910.6
UK100,2026-07-29 13:00:00+00:00,10910.9,10919.8,10895.8,10906.4
UK100,2026-07-29 14:00:00+00:00,10906.6,10916.1,10879.1,10885.1
UK100,2026-07-29 15:00:00+00:00,10885.4,10920.4,10881.4,10903.4
UK100,2026-07-29 16:00:00+00:00,10904.1,10908.8,10878.4,10888.1
UK100,2026-07-29 17:00:00+00:00,10888.4,10901.1,10881.8,10893.8
UK100,2026-07-29 18:00:00+00:00,10890.6,10932.1,10883.4,10924.4
UK100,2026-07-29 19:00:00+00:00,10924.1,10927.6,10828.4,10830.6
UK100,2026-07-30 00:00:00+00:00,10847.4,10866.1,10830.4,10836.6
UK100,2026-07-30 01:00:00+00:00,10836.8,10863.8,10836.8,10853.4
UK100,2026-07-30 02:00:00+00:00,10853.6,10859.1,10829.6,10830.1
UK100,2026-07-30 03:00:00+00:00,10830.6,10834.1,10809.8,10819.1
UK100,2026-07-30 04:00:00+00:00,10819.4,10820.1,10803.1,10804.1
UK100,2026-07-30 05:00:00+00:00,10803.8,10828.4,10796.4,10819.8
UK100,2026-07-30 06:00:00+00:00,10819.1,10888.1,10812.8,10881.8
UK100,2026-07-30 07:00:00+00:00,10881.8,10957.8,10850.4,10945.1
UK100,2026-07-30 08:00:00+00:00,10946.4,10982.1,10934.8,10949.1
UK100,2026-07-30 09:00:00+00:00,10949.8,10982.8,10933.4,10933.8
UK100,2026-07-30 10:00:00+00:00,10934.1,10941.8,10908.6,10916.1
UK100,2026-07-30 11:00:00+00:00,10917.8,10963.8,10903.8,10948.4
UK100,2026-07-30 12:00:00+00:00,10948.8,10964.8,10937.1,10956.4
UK100,2026-07-30 13:00:00+00:00,10956.8,10980.4,10929.4,10949.8
UK100,2026-07-30 14:00:00+00:00,10950.1,10951.6,10923.9,10935.2
UK100,2026-07-30 15:00:00+00:00,10935.6,10936.6,10890.9,10926.2
UK100,2026-07-30 16:00:00+00:00,10926.4,10936.4,10919.2,10929.9
UK100,2026-07-30 17:00:00+00:00,10931.2,10943.6,10921.2,10921.2
UK100,2026-07-30 18:00:00+00:00,10921.4,10931.6,10918.2,10931.2
UK100,2026-07-30 19:00:00+00:00,10931.4,10949.4,10931.4,10949.4
UK100,2026-07-31 00:00:00+00:00,10951.4,10951.4,10920.9,10927.2
UK100,2026-07-31 01:00:00+00:00,10927.4,10931.9,10914.2,10922.2
UK100,2026-07-31 02:00:00+00:00,10921.9,10939.9,10916.2,10939.6
UK100,2026-07-31 03:00:00+00:00,10938.4,10945.4,10928.6,10938.4
UK100,2026-07-31 04:00:00+00:00,10938.6,10953.9,10934.2,10952.9
UK100,2026-07-31 05:00:00+00:00,10953.2,10954.4,10942.4,10952.9
UK100,2026-07-31 06:00:00+00:00,10953.2,10953.6,10900.6,10900.9
UK100,2026-07-31 07:00:00+00:00,10900.4,10994.4,10884.4,10989.6
UK100,2026-07-31 08:00:00+00:00,10989.2,10997.2,10967.2,10991.9
UK100,2026-07-31 09:00:00+00:00,10992.2,10994.2,10953.6,10954.6
UK100,2026-07-31 10:00:00+00:00,10954.2,10966.2,10936.6,10937.2
UK100,2026-07-31 11:00:00+00:00,10937.4,10943.4,10916.9,10922.4
UK100,2026-07-31 12:00:00+00:00,10922.6,10929.4,10909.2,10911.9
UK100,2026-07-31 13:00:00+00:00,10912.2,10921.6,10867.2,10867.6
UK100,2026-07-31 14:00:00+00:00,10867.9,10893.6,10834.6,10893.4
UK100,2026-07-31 15:00:00+00:00,10893.6,10897.4,10862.2,10887.6
UK100,2026-07-31 16:00:00+00:00,10887.9,10891.2,10872.2,10883.2
UK100,2026-07-31 17:00:00+00:00,10883.6,10894.6,10878.6,10880.4
UK100,2026-07-31 18:00:00+00:00,10880.6,10891.6,10875.2,10876.6
UK100,2026-07-31 19:00:00+00:00,10876.9,10896.4,10871.2,10874.4
UK100,2026-08-03 00:00:00+00:00,10885.4,10918.4,10885.4,10915.6
UK100,2026-08-03 01:00:00+00:00,10916.2,10919.4,10900.4,10918.6
UK100,2026-08-03 02:00:00+00:00,10918.2,10919.4,10904.4,10908.2
UK100,2026-08-03 03:00:00+00:00,10908.4,10925.4,10908.2,10916.9
UK100,2026-08-03 04:00:00+00:00,10917.4,10924.9,10915.9,10917.2
UK100,2026-08-03 05:00:00+00:00,10918.6,10921.6,10907.2,10907.6
UK100,2026-08-03 06:00:00+00:00,10907.2,10911.9,10868.2,10872.6
UK100,2026-08-03 07:00:00+00:00,10872.2,10889.6,10843.9,10888.2
UK100,2026-08-03 08:00:00+00:00,10888.4,10894.2,10857.4,10870.2
UK100,2026-08-03 09:00:00+00:00,10870.4,10881.4,10861.2,10865.2
UK100,2026-08-03 10:00:00+00:00,10864.6,10878.9,10858.2,10877.2
UK100,2026-08-03 11:00:00+00:00,10876.9,10912.2,10874.4,10904.9
UK100,2026-08-03 12:00:00+00:00,10903.9,10904.2,10865.4,10880.2
UK100,2026-08-03 13:00:00+00:00,10880.4,10886.9,10850.9,10859.2
UK100,2026-08-03 14:00:00+00:00,10857.6,10881.4,10843.4,10852.4
UK100,2026-08-03 15:00:00+00:00,10852.6,10888.2,10845.2,10873.6
UK100,2026-08-03 16:00:00+00:00,10873.4,10874.9,10847.9,10858.2
UK100,2026-08-03 17:00:00+00:00,10857.6,10867.4,10852.9,10866.4
UK100,2026-08-03 18:00:00+00:00,10866.6,10884.6,10864.9,10870.6
UK100,2026-08-03 19:00:00+00:00,10871.2,10885.6,10870.9,10882.4
UK100,2026-08-04 00:00:00+00:00,10892.6,10894.6,10874.9,10878.6
UK100,2026-08-04 01:00:00+00:00,10879.4,10900.6,10875.6,10898.4
UK100,2026-08-04 02:00:00+00:00,10898.9,10900.4,10886.2,10893.4
UK100,2026-08-04 03:00:00+00:00,10893.2,10897.9,10890.4,10893.2
UK100,2026-08-04 04:00:00+00:00,10893.4,10901.9,10889.9,10890.9
UK100,2026-08-04 05:00:00+00:00,10891.6,10896.6,10883.9,10893.9
UK100,2026-08-04 06:00:00+00:00,10893.6,10909.2,10883.6,10894.2
UK100,2026-08-04 07:00:00+00:00,10894.6,10942.2,10879.2,10917.2
UK100,2026-08-04 08:00:00+00:00,10916.2,10917.4,10891.6,10897.2
UK100,2026-08-04 09:00:00+00:00,10897.4,10907.2,10888.9,10896.2
UK100,2026-08-04 10:00:00+00:00,10896.4,10914.2,10882.6,10904.6
UK100,2026-08-04 11:00:00+00:00,10904.8,10932.6,10900.6,10923.4
UK100,2026-08-04 12:00:00+00:00,10923.1,10926.1,10900.4,10902.4
UK100,2026-08-04 13:00:00+00:00,10902.1,10927.1,10887.4,10903.1
UK100,2026-08-04 14:00:00+00:00,10902.4,10919.4,10890.4,10914.8
UK100,2026-08-04 15:00:00+00:00,10915.1,10915.6,10890.8,10903.1
UK100,2026-08-04 16:00:00+00:00,10902.8,10924.6,10902.4,10923.4
UK100,2026-08-04 17:00:00+00:00,10923.6,10924.1,10912.8,10916.4
UK100,2026-08-04 18:00:00+00:00,10916.1,10927.8,10914.8,10921.4
UK100,2026-08-04 19:00:00+00:00,10921.1,10927.4,10908.1,10914.4
UK100,2026-08-05 00:00:00+00:00,10917.3,10930.1,10915.1,10919.1
UK100,2026-08-05 01:00:00+00:00,10918.8,10933.6,10909.1,10933.4
UK100,2026-08-05 02:00:00+00:00,10933.6,10940.8,10928.4,10929.6
UK100,2026-08-05 03:00:00+00:00,10929.1,10940.8,10928.6,10940.8
UK100,2026-08-05 04:00:00+00:00,10941.1,10944.4,10932.1,10932.6
UK100,2026-08-05 05:00:00+00:00,10933.6,10934.4,10922.6,10930.4
UK100,2026-08-05 06:00:00+00:00,10930.1,10939.1,10918.8,10920.4
UK100,2026-08-05 07:00:00+00:00,10920.4,10954.4,10915.8,10920.4
UK100,2026-08-05 08:00:00+00:00,10920.6,10922.4,10895.4,10903.6
UK100,2026-08-05 09:00:00+00:00,10903.4,10913.8,10895.6,10897.4
UK100,2026-08-05 10:00:00+00:00,10897.6,10909.4,10852.0,10862.0
UK100,2026-08-05 11:00:00+00:00,10862.2,10881.4,10849.0,10876.2
UK100,2026-08-05 12:00:00+00:00,10876.4,10964.4,10876.4,10953.4
UK100,2026-08-05 13:00:00+00:00,10955.0,10956.4,10907.7,10925.4
UK100,2026-08-05 14:00:00+00:00,10921.7,10935.2,10910.7,10918.0
UK100,2026-08-05 15:00:00+00:00,10917.7,10928.0,10898.0,10900.0
UK100,2026-08-05 16:00:00+00:00,10899.4,10917.7,10899.0,10911.4
UK100,2026-08-05 17:00:00+00:00,10911.2,10920.4,10906.4,10918.0
UK100,2026-08-05 18:00:00+00:00,10917.7,10921.0,10905.0,10905.4
UK100,2026-08-05 19:00:00+00:00,10905.0,10910.7,10897.0,10899.2
UK100,2026-08-06 00:00:00+00:00,10897.7,10901.5,10888.8,10893.5
UK100,2026-08-06 01:00:00+00:00,10893.2,10896.2,10879.8,10882.0
UK100,2026-08-06 02:00:00+00:00,10882.2,10894.2,10881.0,10894.2
UK100,2026-08-06 03:00:00+00:00,10894.0,10901.5,10894.0,10898.0
UK100,2026-08-06 04:00:00+00:00,10898.8,10900.8,10886.8,10894.0
UK100,2026-08-06 05:00:00+00:00,10894.2,10896.8,10883.2,10896.5
UK100,2026-08-06 06:00:00+00:00,10896.2,10923.0,10889.8,10904.2
UK100,2026-08-06 07:00:00+00:00,10903.8,10937.2,10901.8,10925.5
UK100,2026-08-06 08:00:00+00:00,10925.8,10945.5,10899.2,10943.5
UK100,2026-08-06 09:00:00+00:00,10943.2,10952.8,10921.0,10932.2
UK100,2026-08-06 10:00:00+00:00,10931.8,10944.8,10911.0,10914.8
UK100,2026-08-06 11:00:00+00:00,10915.2,10918.0,10899.5,10910.5
UK100,2026-08-06 12:00:00+00:00,10910.2,10919.2,10900.8,10916.2
UK100,2026-08-06 13:00:00+00:00,10917.0,10923.2,10873.0,10875.8
UK100,2026-08-06 14:00:00+00:00,10875.2,10899.8,10872.8,10888.8
UK100,2026-08-06 15:00:00+00:00,10888.2,10894.8,10873.2,10875.2
UK100,2026-08-06 16:00:00+00:00,10875.5,10877.5,10859.2,10869.8
UK100,2026-08-06 17:00:00+00:00,10870.2,10871.5,10859.2,10863.5
UK100,2026-08-06 18:00:00+00:00,10864.0,10872.0,10860.2,10871.0
UK100,2026-08-06 19:00:00+00:00,10870.8,10874.2,10860.2,10862.5
UK100,2026-08-07 00:00:00+00:00,10857.8,10865.2,10850.8,10861.8
UK100,2026-08-07 01:00:00+00:00,10862.0,10867.8,10849.0,10852.5
UK100,2026-08-07 02:00:00+00:00,10852.8,10861.8,10847.5,10858.2
UK100,2026-08-07 03:00:00+00:00,10858.5,10862.0,10856.0,10861.8
UK100,2026-08-07 04:00:00+00:00,10861.2,10864.8,10855.2,10860.2
UK100,2026-08-07 05:00:00+00:00,10860.0,10869.2,10859.8,10867.0
UK100,2026-08-07 06:00:00+00:00,10867.2,10892.0,10864.5,10881.8
UK100,2026-08-07 07:00:00+00:00,10881.5,10906.2,10876.0,10890.5
UK100,2026-08-07 08:00:00+00:00,10891.0,10897.0,10879.2,10895.0
UK100,2026-08-07 09:00:00+00:00,10895.2,10937.0,10885.0,10935.8
UK100,2026-08-07 10:00:00+00:00,10936.0,10958.8,10928.0,10957.0
UK100,2026-08-07 11:00:00+00:00,10957.2,10967.0,10947.0,10955.2
UK100,2026-08-07 12:00:00+00:00,10955.0,10961.0,10934.0,10942.8
UK100,2026-08-07 13:00:00+00:00,10943.0,10943.6,10914.0,10923.0
UK100,2026-08-07 14:00:00+00:00,10923.3,10932.6,10910.0,10927.6
UK100,2026-08-07 15:00:00+00:00,10927.3,10928.6,10893.8,10896.0
UK100,2026-08-07 16:00:00+00:00,10896.3,10907.0,10891.0,10897.3
UK100,2026-08-07 17:00:00+00:00,10897.0,10900.6,10895.3,10898.0
UK100,2026-08-07 18:00:00+00:00,10898.3,10898.3,10883.6,10889.8
UK100,2026-08-07 19:00:00+00:00,10890.0,10909.3,10889.0,10901.0
UK100,2026-08-10 00:00:00+00:00,10885.0,10885.0,10868.6,10870.6
UK100,2026-08-10 01:00:00+00:00,10870.3,10877.8,10863.3,10866.6
UK100,2026-08-10 02:00:00+00:00,10866.8,10869.6,10857.6,10857.8
UK100,2026-08-10 03:00:00+00:00,10858.3,10868.6,10858.3,10867.0
UK100,2026-08-10 04:00:00+00:00,10866.8,10872.3,10864.8,10870.8
UK100,2026-08-10 05:00:00+00:00,10871.0,10882.8,10869.8,10877.0
UK100,2026-08-10 06:00:00+00:00,10877.3,10893.0,10856.6,10890.8
UK100,2026-08-10 07:00:00+00:00,10890.8,10904.8,10879.0,10885.0
UK100,2026-08-10 08:00:00+00:00,10885.3,10890.8,10873.0,10875.8
UK100,2026-08-10 09:00:00+00:00,10876.0,10884.0,10860.8,10880.0
UK100,2026-08-10 10:00:00+00:00,10879.8,10882.0,10865.8,10869.0
UK100,2026-08-10 11:00:00+00:00,10868.8,10888.8,10866.0,10882.6
UK100,2026-08-10 12:00:00+00:00,10882.8,10883.8,10857.0,10861.6
UK100,2026-08-10 13:00:00+00:00,10862.0,10869.0,10837.6,10841.6
UK100,2026-08-10 14:00:00+00:00,10842.6,10869.3,10831.6,10867.6
UK100,2026-08-10 15:00:00+00:00,10868.0,10875.8,10849.6,10852.0
UK100,2026-08-10 16:00:00+00:00,10852.3,10860.6,10845.6,10858.6
UK100,2026-08-10 17:00:00+00:00,10859.0,10859.3,10849.8,10857.0
UK100,2026-08-10 18:00:00+00:00,10857.3,10864.8,10857.3,10862.3
UK100,2026-08-10 19:00:00+00:00,10862.6,10870.8,10858.3,10862.6
UK100,2026-08-11 00:00:00+00:00,10858.3,10876.5,10853.3,10860.3
UK100,2026-08-11 01:00:00+00:00,10860.6,10876.6,10853.8,10871.6
UK100,2026-08-11 02:00:00+00:00,10872.0,10877.0,10866.8,10867.8
UK100,2026-08-11 03:00:00+00:00,10868.3,10872.6,10863.6,10864.0
UK100,2026-08-11 04:00:00+00:00,10864.6,10873.6,10863.3,10865.6
UK100,2026-08-11 05:00:00+00:00,10864.8,10870.0,10857.0,10861.8
UK100,2026-08-11 06:00:00+00:00,10862.0,10866.8,10841.6,10861.6
UK100,2026-08-11 07:00:00+00:00,10863.0,10879.6,10835.6,10838.8
UK100,2026-08-11 08:00:00+00:00,10838.6,10847.6,10827.0,10834.0
UK100,2026-08-11 09:00:00+00:00,10832.6,10856.8,10830.6,10855.0
UK100,2026-08-11 10:00:00+00:00,10855.6,10875.8,10846.3,10875.6
UK100,2026-08-11 11:00:00+00:00,10874.6,10880.6,10857.8,10873.0
UK100,2026-08-11 12:00:00+00:00,10873.3,10889.0,10867.8,10882.8
UK100,2026-08-11 13:00:00+00:00,10883.3,10902.0,10867.0,10885.6
UK100,2026-08-11 14:00:00+00:00,10885.0,10887.3,10858.0,10860.6
UK100,2026-08-11 15:00:00+00:00,10861.0,10869.0,10847.6,10851.3
UK100,2026-08-11 16:00:00+00:00,10851.6,10858.8,10843.0,10843.6
UK100,2026-08-11 17:00:00+00:00,10843.8,10847.0,10828.0,10830.0
UK100,2026-08-11 18:00:00+00:00,10829.8,10831.0,10817.6,10826.3
UK100,2026-08-11 19:00:00+00:00,10826.0,10838.0,10826.0,10834.0
UK100,2026-08-12 00:00:00+00:00,10823.0,10836.6,10822.3,10833.3
UK100,2026-08-12 01:00:00+00:00,10832.8,10837.0,10824.3,10825.8
UK100,2026-08-12 02:00:00+00:00,10826.3,10826.8,10823.6,10826.0
UK100,2026-08-12 03:00:00+00:00,10826.3,10828.8,10824.3,10828.8
UK100,2026-08-12 04:00:00+00:00,10828.6,10834.6,10828.3,10833.6
UK100,2026-08-12 05:00:00+00:00,10833.8,10833.8,10825.8,10826.3
UK100,2026-08-12 06:00:00+00:00,10826.6,10845.3,10824.0,10845.0
UK100,2026-08-12 07:00:00+00:00,10845.0,10855.0,10825.3,10828.6
UK100,2026-08-12 08:00:00+00:00,10829.0,10845.3,10825.0,10843.6
UK100,2026-08-12 09:00:00+00:00,10843.8,10867.0,10839.0,10859.6
UK100,2026-08-12 10:00:00+00:00,10859.3,10865.6,10848.0,10864.3
UK100,2026-08-12 11:00:00+00:00,10864.8,10867.6,10844.2,10846.8
UK100,2026-08-12 12:00:00+00:00,10847.0,10871.8,10836.0,10838.5
UK100,2026-08-12 13:00:00+00:00,10839.0,10846.2,10815.2,10835.2
UK100,2026-08-12 14:00:00+00:00,10835.5,10844.5,10821.8,10828.0
UK100,2026-08-12 15:00:00+00:00,10827.8,10845.2,10816.0,10838.8
UK100,2026-08-12 16:00:00+00:00,10839.0,10845.2,10832.8,10837.8
UK100,2026-08-12 17:00:00+00:00,10837.2,10852.5,10835.5,10851.5
UK100,2026-08-12 18:00:00+00:00,10851.8,10855.8,10850.5,10852.0
UK100,2026-08-12 19:00:00+00:00,10851.8,10859.2,10848.8,10856.8
UK100,2026-08-13 00:00:00+00:00,10820.0,10825.8,10816.0,10825.5
UK100,2026-08-13 01:00:00+00:00,10825.8,10826.2,10811.5,10818.0
UK100,2026-08-13 02:00:00+00:00,10818.8,10824.8,10817.5,10822.0
UK100,2026-08-13 03:00:00+00:00,10821.8,10824.5,10819.2,10823.0
UK100,2026-08-13 04:00:00+00:00,10823.2,10824.2,10818.0,10820.8
UK100,2026-08-13 05:00:00+00:00,10821.2,10831.0,10820.5,10820.8
UK100,2026-08-13 06:00:00+00:00,10821.0,10840.8,10811.8,10831.0
UK100,2026-08-13 07:00:00+00:00,10831.0,10838.8,10778.8,10789.2
UK100,2026-08-13 08:00:00+00:00,10789.0,10811.0,10785.8,10807.8
UK100,2026-08-13 09:00:00+00:00,10808.0,10812.2,10798.5,10811.0
UK100,2026-08-13 10:00:00+00:00,10811.3,10817.6,10800.0,10815.6
UK100,2026-08-13 11:00:00+00:00,10816.0,10820.8,10802.8,10809.3
UK100,2026-08-13 12:00:00+00:00,10809.0,10809.3,10786.8,10790.3
UK100,2026-08-13 13:00:00+00:00,10790.8,10806.6,10785.8,10786.8
UK100,2026-08-13 14:00:00+00:00,10787.0,10796.8,10773.3,10776.0
UK100,2026-08-13 15:00:00+00:00,10776.3,10791.8,10756.3,10782.0
UK100,2026-08-13 16:00:00+00:00,10782.6,10801.6,10781.3,10800.8
UK100,2026-08-13 17:00:00+00:00,10801.3,10804.0,10794.6,10799.8
UK100,2026-08-13 18:00:00+00:00,10800.0,10804.8,10798.6,10799.8
UK100,2026-08-13 19:00:00+00:00,10799.6,10801.8,10796.3,10798.6
UK100,2026-08-14 00:00:00+00:00,10798.0,10805.6,10794.3,10794.6
UK100,2026-08-14 01:00:00+00:00,10794.3,10800.8,10792.3,10799.0
UK100,2026-08-14 02:00:00+00:00,10799.6,10803.3,10795.0,10795.8
UK100,2026-08-14 03:00:00+00:00,10795.6,10800.6,10795.6,10797.3
UK100,2026-08-14 04:00:00+00:00,10797.8,10798.3,10794.6,10795.0
UK100,2026-08-14 05:00:00+00:00,10795.6,10796.8,10791.0,10793.6
UK100,2026-08-14 06:00:00+00:00,10793.0,10793.6,10781.0,10786.6
UK100,2026-08-14 07:00:00+00:00,10786.6,10793.3,10743.0,10743.8
UK100,2026-08-14 08:00:00+00:00,10744.3,10752.3,10722.6,10746.6
UK100,2026-08-14 09:00:00+00:00,10746.3,10769.6,10744.0,10763.6
UK100,2026-08-14 10:00:00+00:00,10763.8,10772.6,10761.0,10765.8
UK100,2026-08-14 11:00:00+00:00,10766.0,10780.8,10753.6,10772.8
UK100,2026-08-14 12:00:00+00:00,10773.4,10782.4,10766.1,10772.8
UK100,2026-08-14 13:00:00+00:00,10773.1,10778.8,10755.8,10772.8
UK100,2026-08-14 14:00:00+00:00,10773.1,10775.4,10748.6,10759.4
UK100,2026-08-14 15:00:00+00:00,10759.6,10766.6,10734.1,10738.6
UK100,2026-08-14 16:00:00+00:00,10738.8,10749.4,10736.4,10746.8
UK100,2026-08-14 17:00:00+00:00,10747.1,10758.6,10746.8,10754.1
UK100,2026-08-14 18:00:00+00:00,10754.4,10768.8,10753.1,10767.4
UK100,2026-08-14 19:00:00+00:00,10767.1,10768.1,10749.8,10758.8
UK100,2026-08-17 00:00:00+00:00,10762.1,10762.8,10753.1,10758.8
UK100,2026-08-17 01:00:00+00:00,10759.1,10772.6,10757.8,10768.6
UK100,2026-08-17 02:00:00+00:00,10768.8,10769.1,10762.4,10765.8
UK100,2026-08-17 03:00:00+00:00,10766.1,10778.8,10766.1,10778.4
UK100,2026-08-17 04:00:00+00:00,10778.6,10780.4,10772.4,10773.1
UK100,2026-08-17 05:00:00+00:00,10772.6,10782.6,10771.1,10782.4
UK100,2026-08-17 06:00:00+00:00,10781.8,10795.6,10775.4,10791.4
UK100,2026-08-17 07:00:00+00:00,10791.4,10797.8,10774.1,10784.8
UK100,2026-08-17 08:00:00+00:00,10785.1,10785.4,10764.2,10765.5
UK100,2026-08-17 09:00:00+00:00,10765.2,10771.2,10751.8,10757.8
UK100,2026-08-17 10:00:00+00:00,10757.5,10777.0,10750.8,10767.8
UK100,2026-08-17 11:00:00+00:00,10767.2,10779.5,10762.5,10765.8
UK100,2026-08-17 12:00:00+00:00,10766.0,10766.0,10736.8,10742.8
UK100,2026-08-17 13:00:00+00:00,10743.0,10748.8,10728.8,10747.8
UK100,2026-08-17 14:00:00+00:00,10747.5,10749.5,10729.0,10731.8
UK100,2026-08-17 15:00:00+00:00,10732.5,10737.0,10715.0,10721.2
UK100,2026-08-17 16:00:00+00:00,10721.5,10734.0,10721.5,10730.5
UK100,2026-08-17 17:00:00+00:00,10730.2,10731.2,10722.0,10725.0
UK100,2026-08-17 18:00:00+00:00,10724.8,10732.0,10721.0,10727.0
UK100,2026-08-17 19:00:00+00:00,10727.5,10738.5,10724.5,10736.5
UK100,2026-08-18 00:00:00+00:00,10733.8,10743.5,10733.8,10741.5
UK100,2026-08-18 01:00:00+00:00,10741.8,10750.5,10736.0,10744.0
UK100,2026-08-18 02:00:00+00:00,10744.0,10744.5,10733.8,10739.0
UK100,2026-08-18 03:00:00+00:00,10739.2,10742.2,10731.8,10737.2
UK100,2026-08-18 04:00:00+00:00,10737.5,10737.5,10730.0,10734.2
UK100,2026-08-18 05:00:00+00:00,10733.5,10741.0,10727.5,10736.8
UK100,2026-08-18 06:00:00+00:00,10736.5,10757.2,10720.0,10754.0
UK100,2026-08-18 07:00:00+00:00,10754.0,10754.8,10720.2,10725.2
UK100,2026-08-18 08:00:00+00:00,10725.8,10726.8,10707.0,10719.0
UK100,2026-08-18 09:00:00+00:00,10718.2,10723.6,10706.8,10721.6
UK100,2026-08-18 10:00:00+00:00,10721.8,10735.0,10721.3,10734.6
UK100,2026-08-18 11:00:00+00:00,10734.0,10746.0,10728.6,10739.8
UK100,2026-08-18 12:00:00+00:00,10739.6,10765.6,10735.6,10765.3
UK100,2026-08-18 13:00:00+00:00,10765.0,10788.6,10752.0,10771.3
UK100,2026-08-18 14:00:00+00:00,10771.6,10777.6,10734.8,10737.3
UK100,2026-08-18 15:00:00+00:00,10737.0,10748.0,10721.8,10738.3
UK100,2026-08-18 16:00:00+00:00,10738.0,10741.8,10728.8,10739.8
UK100,2026-08-18 17:00:00+00:00,10740.0,10745.6,10738.3,10739.3
UK100,2026-08-18 18:00:00+00:00,10739.0,10744.8,10736.6,10736.8
UK100,2026-08-18 19:00:00+00:00,10737.3,10745.6,10731.0,10731.6
UK100,2026-08-19 00:00:00+00:00,10730.8,10738.6,10725.0,10729.0
UK100,2026-08-19 01:00:00+00:00,10729.3,10736.3,10717.3,10720.8
UK100,2026-08-19 02:00:00+00:00,10720.3,10731.8,10718.3,10729.8
UK100,2026-08-19 03:00:00+00:00,10730.3,10733.6,10724.3,10730.3
UK100,2026-08-19 04:00:00+00:00,10730.0,10730.3,10722.8,10726.0
UK100,2026-08-19 05:00:00+00:00,10726.3,10731.3,10717.6,10721.6
UK100,2026-08-19 06:00:00+00:00,10721.3,10748.0,10708.0,10747.0
UK100,2026-08-19 07:00:00+00:00,10747.0,10752.8,10724.6,10728.6
UK100,2026-08-19 08:00:00+00:00,10728.3,10737.6,10711.6,10713.8
UK100,2026-08-19 09:00:00+00:00,10713.3,10721.6,10706.6,10715.0
UK100,2026-08-19 10:00:00+00:00,10714.8,10720.8,10703.3,10719.8
UK100,2026-08-19 11:00:00+00:00,10718.6,10738.6,10717.6,10735.8
UK100,2026-08-19 12:00:00+00:00,10736.0,10766.6,10722.0,10742.3
UK100,2026-08-19 13:00:00+00:00,10742.6,10761.8,10722.6,10752.0
UK100,2026-08-19 14:00:00+00:00,10752.6,10773.6,10745.6,10760.0
UK100,2026-08-19 15:00:00+00:00,10760.3,10762.0,10744.8,10745.8
UK100,2026-08-19 16:00:00+00:00,10745.6,10755.6,10742.6,10749.0
UK100,2026-08-19 17:00:00+00:00,10749.3,10754.0,10745.0,10750.0
UK100,2026-08-19 18:00:00+00:00,10749.8,10757.0,10749.0,10756.6
UK100,2026-08-19 19:00:00+00:00,10756.3,10762.0,10751.0,10755.3
UK100,2026-08-20 00:00:00+00:00,10754.4,10759.4,10750.7,10753.2
UK100,2026-08-20 01:00:00+00:00,10753.0,10763.7,10749.0,10749.2
UK100,2026-08-20 02:00:00+00:00,10749.0,10754.0,10743.0,10748.2
UK100,2026-08-20 03:00:00+00:00,10749.0,10753.0,10746.2,10752.4
UK100,2026-08-20 04:00:00+00:00,10752.2,10753.0,10746.7,10749.7
UK100,2026-08-20 05:00:00+00:00,10750.0,10756.4,10748.0,10748.4
UK100,2026-08-20 06:00:00+00:00,10748.2,10768.2,10747.7,10754.0
UK100,2026-08-20 07:00:00+00:00,10754.0,10754.4,10709.2,10715.7
UK100,2026-08-20 08:00:00+00:00,10716.0,10725.7,10704.0,10717.2
UK100,2026-08-20 09:00:00+00:00,10717.4,10733.2,10716.0,10728.0
UK100,2026-08-20 10:00:00+00:00,10728.2,10734.9,10708.9,10714.2
UK100,2026-08-20 11:00:00+00:00,10713.9,10731.6,10706.2,10707.2
UK100,2026-08-20 12:00:00+00:00,10707.6,10719.9,10687.4,10717.9
UK100,2026-08-20 13:00:00+00:00,10718.2,10753.6,10708.4,10737.6
UK100,2026-08-20 14:00:00+00:00,10737.4,10762.4,10723.6,10761.4
UK100,2026-08-20 15:00:00+00:00,10761.2,10772.6,10735.9,10746.4
UK100,2026-08-20 16:00:00+00:00,10746.6,10756.6,10738.9,10756.2
UK100,2026-08-20 17:00:00+00:00,10755.9,10756.6,10743.9,10754.2
UK100,2026-08-20 18:00:00+00:00,10754.4,10754.6,10740.2,10741.2
UK100,2026-08-20 19:00:00+00:00,10740.9,10746.4,10736.2,10745.2
