date,NAS100_Pivot,Donchian,Connors_RSI,Monday_Effect,RSI2,Overnight_Ext
2008-01-01,0.0,0.0,0.0,0.0,0.0,0.0
2008-01-02,0.0,0.0,0.0,0.0,0.0,0.0
2008-01-03,0.0,0.0,0.0,0.0,0.0,0.0
2008-01-04,0.0,0.0,0.0,0.0,0.0,0.0
2008-01-05,0.0,0.0,0.0,0.0,0.0,0.0
2008-01-06,0.0,0.0,0.0,0.0,0.0,0.0
2008-01-07,0.0,0.0,0.0,0.0,0.0,0.0
2008-01-08,0.0,0.0,0.0,0.0,0.0,0.0
2008-01-09,0.0,0.0,0.0,0.0,0.0,0.0
2008-01-10,0.0,0.0,0.0,0.0,0.0,0.0
2008-01-11,0.0,0.0,0.0,0.0,0.0,0.0
2008-01-12,0.0,0.0,0.0,0.0,0.0,0.0
2008-01-13,0.0,0.0,0.0,0.0,0.0,0.0
2008-01-14,0.0,0.0,0.0,0.0,0.0,0.0
2008-01-15,0.0,0.0,0.0,0.0,0.0,0.0
2008-01-16,0.0,0.0,0.0,0.0,0.0,0.0
2008-01-17,0.0,0.0,0.0,0.0,0.0,0.0
2008-01-18,0.0,0.0,0.0,0.0,0.0,0.0
2008-01-19,0.0,0.0,0.0,0.0,0.0,0.0
2008-01-20,0.0,0.0,0.0,0.0,0.0,0.0
2008-01-21,0.0,0.0,0.0,0.0,0.0,0.0
2008-01-22,0.0,0.0,0.0,0.0,0.0,0.0
2008-01-23,0.0,0.0,0.0,0.0,0.0,0.0
2008-01-24,0.0,0.0,0.0,0.0,0.0,0.0
2008-01-25,0.0,0.0,0.0,0.0,0.0,0.0
2008-01-26,0.0,0.0,0.0,0.0,0.0,0.0
2008-01-27,0.0,0.0,0.0,0.0,0.0,0.0
2008-01-28,0.0,0.0,0.0,0.0,0.0,0.0
2008-01-29,0.0,0.0,0.0,0.0,0.0,0.0
2008-01-30,0.0,0.0,0.0,0.0,0.0,0.0
2008-01-31,0.0,0.0,0.0,0.0,0.0,0.0
2008-02-01,0.0,0.0,0.0,0.0,0.0,0.0
2008-02-02,0.0,0.0,0.0,0.0,0.0,0.0
2008-02-03,0.0,0.0,0.0,0.0,0.0,0.0
2008-02-04,0.0,0.0,0.0,0.0,0.0,0.0
2008-02-05,0.0,0.0,0.0,0.0,0.0,0.0
2008-02-06,0.0,0.0,0.0,0.0,0.0,0.0
2008-02-07,0.0,0.0,0.0,0.0,0.0,0.0
2008-02-08,0.0,0.0,0.0,0.0,0.0,0.0
2008-02-09,0.0,0.0,0.0,0.0,0.0,0.0
2008-02-10,0.0,0.0,0.0,0.0,0.0,0.0
2008-02-11,0.0,0.0,0.0,0.0,0.0,0.0
2008-02-12,0.0,0.0,0.0,0.0,0.0,0.0
2008-02-13,0.0,0.0,0.0,0.0,0.0,0.0
2008-02-14,0.0,0.0,0.0,0.0,0.0,0.0
2008-02-15,0.0,0.0,0.0,0.0,0.0,0.0
2008-02-16,0.0,0.0,0.0,0.0,0.0,0.0
2008-02-17,0.0,0.0,0.0,0.0,0.0,0.0
2008-02-18,0.0,0.0,0.0,0.0,0.0,0.0
2008-02-19,0.0,0.0,0.0,0.0,0.0,0.0
2008-02-20,0.0,0.0,0.0,0.0,0.0,0.0
2008-02-21,0.0,0.0,0.0,0.0,0.0,0.0
2008-02-22,0.0,0.0,0.0,0.0,0.0,0.0
2008-02-23,0.0,0.0,0.0,0.0,0.0,0.0
2008-02-24,0.0,0.0,0.0,0.0,0.0,0.0
2008-02-25,0.0,0.0,0.0,0.0,0.0,0.0
2008-02-26,0.0,0.0,0.0,0.0,0.0,0.0
2008-02-27,0.0,0.0,0.0,0.0,0.0,0.0
2008-02-28,0.0,0.0,0.0,0.0,0.0,0.0
2008-02-29,0.0,0.0,0.0,0.0,0.0,0.0
2008-03-01,0.0,0.0,0.0,0.0,0.0,0.0
2008-03-02,0.0,0.0,0.0,0.0,0.0,0.0
2008-03-03,0.0,0.0,0.0,0.0,0.0,0.0
2008-03-04,0.0,0.0,0.0,0.0,0.0,0.0
2008-03-05,0.0,0.0,0.0,0.0,0.0,0.0
2008-03-06,0.0,0.0,0.0,0.0,0.0,0.0
2008-03-07,0.0,0.0,0.0,0.0,0.0,0.0
2008-03-08,0.0,0.0,0.0,0.0,0.0,0.0
2008-03-09,0.0,0.0,0.0,0.0,0.0,0.0
2008-03-10,0.0,0.0,0.0,0.0,0.0,0.0
2008-03-11,0.0,0.0,0.0,0.0,0.0,0.0
2008-03-12,0.0,0.0,0.0,0.0,0.0,0.0
2008-03-13,0.0,0.0,0.0,0.0,0.0,0.0
2008-03-14,0.0,0.0,0.0,0.0,0.0,0.0
2008-03-15,0.0,0.0,0.0,0.0,0.0,0.0
2008-03-16,0.0,0.0,0.0,0.0,0.0,0.0
2008-03-17,0.0,0.0,0.0,0.0,0.0,0.0
2008-03-18,0.0,0.0,0.0,0.0,0.0,0.0
2008-03-19,0.0,0.0,0.0,0.0,0.0,0.0
2008-03-20,0.0,0.0,0.0,0.0,0.0,0.0
2008-03-21,0.0,0.0,0.0,0.0,0.0,0.0
2008-03-22,0.0,0.0,0.0,0.0,0.0,0.0
2008-03-23,0.0,0.0,0.0,0.0,0.0,0.0
2008-03-24,0.0,0.0,0.0,0.0,0.0,0.0
2008-03-25,0.0,0.0,0.0,0.0,0.0,0.0
2008-03-26,0.0,0.0,0.0,0.0,0.0,0.0
2008-03-27,0.0,0.0,0.0,0.0,0.0,0.0
2008-03-28,0.0,0.0,0.0,0.0,0.0,0.0
2008-03-29,0.0,0.0,0.0,0.0,0.0,0.0
2008-03-30,0.0,0.0,0.0,0.0,0.0,0.0
2008-03-31,0.0,0.0,0.0,0.0,0.0,0.0
2008-04-01,0.0,0.0,0.0,0.0,0.0,0.0
2008-04-02,0.0,0.0,0.0,0.0,0.0,0.0
2008-04-03,0.0,0.0,0.0,0.0,0.0,0.0
2008-04-04,0.0,0.0,0.0,0.0,0.0,0.0
2008-04-05,0.0,0.0,0.0,0.0,0.0,0.0
2008-04-06,0.0,0.0,0.0,0.0,0.0,0.0
2008-04-07,0.0,0.0,0.0,0.0,0.0,0.0
2008-04-08,0.0,0.0,0.0,0.0,0.0,0.0
2008-04-09,0.0,0.0,0.0,0.0,0.0,0.0
2008-04-10,0.0,0.0,0.0,0.0,0.0,0.0
2008-04-11,0.0,0.0,0.0,0.0,0.0,0.0
2008-04-12,0.0,0.0,0.0,0.0,0.0,0.0
2008-04-13,0.0,0.0,0.0,0.0,0.0,0.0
2008-04-14,0.0,0.0,0.0,0.0,0.0,0.0
2008-04-15,0.0,0.0,0.0,0.0,0.0,0.0
2008-04-16,0.0,0.0,0.0,0.0,0.0,0.0
2008-04-17,0.0,0.0,0.0,0.0,0.0,0.0
2008-04-18,0.0,0.0,0.0,0.0,0.0,0.0
2008-04-19,0.0,0.0,0.0,0.0,0.0,0.0
2008-04-20,0.0,0.0,0.0,0.0,0.0,0.0
2008-04-21,0.0,0.0,0.0,0.0,0.0,0.0
2008-04-22,0.0,0.0,0.0,0.0,0.0,0.0
2008-04-23,0.0,0.0,0.0,0.0,0.0,0.0
2008-04-24,0.0,0.0,0.0,0.0,0.0,0.0
2008-04-25,0.0,0.0,0.0,0.0,0.0,0.0
2008-04-26,0.0,0.0,0.0,0.0,0.0,0.0
2008-04-27,0.0,0.0,0.0,0.0,0.0,0.0
2008-04-28,0.0,0.0,0.0,0.0,0.0,0.0
2008-04-29,0.0,0.0,0.0,0.0,0.0,0.0
2008-04-30,0.0,0.0,0.0,0.0,0.0,0.0
2008-05-01,0.0,0.0,0.0,0.0,0.0,0.0
2008-05-02,0.0,0.0,0.0,0.0,0.0,0.0
2008-05-03,0.0,0.0,0.0,0.0,0.0,0.0
2008-05-04,0.0,0.0,0.0,0.0,0.0,0.0
2008-05-05,0.0,0.0,0.0,0.0,0.0,0.0
2008-05-06,0.0,0.0,0.0,0.0,0.0,0.0
2008-05-07,0.0,0.0,0.0,0.0,0.0,0.0
2008-05-08,0.0,0.0,0.0,0.0,0.0,0.0
2008-05-09,0.0,0.0,0.0,0.0,0.0,0.0
2008-05-10,0.0,0.0,0.0,0.0,0.0,0.0
2008-05-11,0.0,0.0,0.0,0.0,0.0,0.0
2008-05-12,0.0,0.0,0.0,0.0,0.0,0.0
2008-05-13,0.0,0.0,0.0,0.0,0.0,0.0
2008-05-14,0.0,0.0,0.0,0.0,0.0,0.0
2008-05-15,0.0,0.0,0.0,0.0,0.0,0.0
2008-05-16,0.0,0.0,0.0,0.0,0.0,0.0
2008-05-17,0.0,0.0,0.0,0.0,0.0,0.0
2008-05-18,0.0,0.0,0.0,0.0,0.0,0.0
2008-05-19,0.0,0.0,0.0,0.0,0.0,0.0
2008-05-20,0.0,0.0,0.0,0.0,0.0,0.0
2008-05-21,0.0,0.0,0.0,0.0,0.0,0.0
2008-05-22,0.0,0.0,0.0,0.0,0.0,0.0
2008-05-23,0.0,0.0,0.0,0.0,0.0,0.0
2008-05-24,0.0,0.0,0.0,0.0,0.0,0.0
2008-05-25,0.0,0.0,0.0,0.0,0.0,0.0
2008-05-26,0.0,0.0,0.0,0.0,0.0,0.0
2008-05-27,0.0,0.0,0.0,0.0,0.0,0.0
2008-05-28,0.0,0.0,0.0,0.0,0.0,0.0
2008-05-29,0.0,0.0,0.0,0.0,0.0,0.0
2008-05-30,0.0,0.0,0.0,0.0,0.0,0.0
2008-05-31,0.0,0.0,0.0,0.0,0.0,0.0
2008-06-01,0.0,0.0,0.0,0.0,0.0,0.0
2008-06-02,0.0,0.0,0.0,0.0,0.0,0.0
2008-06-03,0.0,0.0,0.0,0.0,0.0,0.0
2008-06-04,0.0,0.0,0.0,0.0,0.0,0.0
2008-06-05,0.0,0.0,0.0,0.0,0.0,0.0
2008-06-06,0.0,0.0,0.0,0.0,0.0,0.0
2008-06-07,0.0,0.0,0.0,0.0,0.0,0.0
2008-06-08,0.0,0.0,0.0,0.0,0.0,0.0
2008-06-09,0.0,0.0,0.0,0.0,0.0,0.0
2008-06-10,0.0,0.0,0.0,0.0,0.0,0.0
2008-06-11,0.0,0.0,0.0,0.0,0.0,0.0
2008-06-12,0.0,0.0,0.0,0.0,0.0,0.0
2008-06-13,0.0,0.0,0.0,0.0,0.0,0.0
2008-06-14,0.0,0.0,0.0,0.0,0.0,0.0
2008-06-15,0.0,0.0,0.0,0.0,0.0,0.0
2008-06-16,0.0,0.0,0.0,0.0,0.0,0.0
2008-06-17,0.0,0.0,0.0,0.0,0.0,0.0
2008-06-18,0.0,0.0,0.0,0.0,0.0,0.0
2008-06-19,0.0,0.0,0.0,0.0,0.0,0.0
2008-06-20,0.0,0.0,0.0,0.0,0.0,0.0
2008-06-21,0.0,0.0,0.0,0.0,0.0,0.0
2008-06-22,0.0,0.0,0.0,0.0,0.0,0.0
2008-06-23,0.0,0.0,0.0,0.0,0.0,0.0
2008-06-24,0.0,0.0,0.0,0.0,0.0,0.0
2008-06-25,0.0,0.0,0.0,0.0,0.0,0.0
2008-06-26,0.0,0.0,0.0,0.0,0.0,0.0
2008-06-27,0.0,0.0,0.0,0.0,0.0,0.0
2008-06-28,0.0,0.0,0.0,0.0,0.0,0.0
2008-06-29,0.0,0.0,0.0,0.0,0.0,0.0
2008-06-30,0.0,0.0,0.0,0.0,0.0,0.0
2008-07-01,0.0,0.0,0.0,0.0,0.0,0.0
2008-07-02,0.0,0.0,0.0,0.0,0.0,0.0
2008-07-03,0.0,0.0,0.0,0.0,0.0,0.0
2008-07-04,0.0,0.0,0.0,0.0,0.0,0.0
2008-07-05,0.0,0.0,0.0,0.0,0.0,0.0
2008-07-06,0.0,0.0,0.0,0.0,0.0,0.0
2008-07-07,0.0,0.0,0.0,0.0,0.0,0.0
2008-07-08,0.0,0.0,0.0,0.0,0.0,0.0
2008-07-09,0.0,0.0,0.0,0.0,0.0,0.0
2008-07-10,0.0,0.0,0.0,0.0,0.0,0.0
2008-07-11,0.0,0.0,0.0,0.0,0.0,0.0
2008-07-12,0.0,0.0,0.0,0.0,0.0,0.0
2008-07-13,0.0,0.0,0.0,0.0,0.0,0.0
2008-07-14,0.0,0.0,0.0,0.0,0.0,0.0
2008-07-15,0.0,0.0,0.0,0.0,0.0,0.0
2008-07-16,0.0,0.0,0.0,0.0,0.0,0.0
2008-07-17,0.0,0.0,0.0,0.0,0.0,0.0
2008-07-18,0.0,0.0,0.0,0.0,0.0,0.0
2008-07-19,0.0,0.0,0.0,0.0,0.0,0.0
2008-07-20,0.0,0.0,0.0,0.0,0.0,0.0
2008-07-21,0.0,0.0,0.0,0.0,0.0,0.0
2008-07-22,0.0,0.0,0.0,0.0,0.0,0.0
2008-07-23,0.0,0.0,0.0,0.0,0.0,0.0
2008-07-24,0.0,0.0,0.0,0.0,0.0,0.0
2008-07-25,0.0,0.0,0.0,0.0,0.0,0.0
2008-07-26,0.0,0.0,0.0,0.0,0.0,0.0
2008-07-27,0.0,0.0,0.0,0.0,0.0,0.0
2008-07-28,0.0,0.0,0.0,0.0,0.0,0.0
2008-07-29,0.0,0.0,0.0,0.0,0.0,0.0
2008-07-30,0.0,0.0,0.0,0.0,0.0,0.0
2008-07-31,0.0,0.0,0.0,0.0,0.0,0.0
2008-08-01,0.0,0.0,0.0,0.0,0.0,0.0
2008-08-02,0.0,0.0,0.0,0.0,0.0,0.0
2008-08-03,0.0,0.0,0.0,0.0,0.0,0.0
2008-08-04,0.0,0.0,0.0,0.0,0.0,0.0
2008-08-05,0.0,0.0,0.0,0.0,0.0,0.0
2008-08-06,0.0,0.0,0.0,0.0,0.0,0.0
2008-08-07,0.0,0.0,0.0,0.0,0.0,0.0
2008-08-08,0.0,0.0,0.0,0.0,0.0,0.0
2008-08-09,0.0,0.0,0.0,0.0,0.0,0.0
2008-08-10,0.0,0.0,0.0,0.0,0.0,0.0
2008-08-11,0.0,0.0,0.0,0.0,0.0,0.0
2008-08-12,0.0,0.0,0.0,0.0,0.0,0.0
2008-08-13,0.0,0.0,0.0,0.0,0.0,0.0
2008-08-14,0.0,0.0,0.0,0.0,0.0,0.0
2008-08-15,0.0,0.0,0.0,0.0,0.0,0.0
2008-08-16,0.0,0.0,0.0,0.0,0.0,0.0
2008-08-17,0.0,0.0,0.0,0.0,0.0,0.0
2008-08-18,0.0,0.0,0.0,0.0,0.0,0.0
2008-08-19,0.0,0.0,0.0,0.0,0.0,0.0
2008-08-20,0.0,0.0,0.0,0.0,0.0,0.0
2008-08-21,0.0,0.0,0.0,0.0,0.0,0.0
2008-08-22,0.0,0.0,0.0,0.0,0.0,0.0
2008-08-23,0.0,0.0,0.0,0.0,0.0,0.0
2008-08-24,0.0,0.0,0.0,0.0,0.0,0.0
2008-08-25,0.0,0.0,0.0,0.0,0.0,0.0
2008-08-26,0.0,0.0,0.0,0.0,0.0,0.0
2008-08-27,0.0,0.0,0.0,0.0,0.0,0.0
2008-08-28,0.0,0.0,0.0,0.0,0.0,0.0
2008-08-29,0.0,0.0,0.0,0.0,0.0,0.0
2008-08-30,0.0,0.0,0.0,0.0,0.0,0.0
2008-08-31,0.0,0.0,0.0,0.0,0.0,0.0
2008-09-01,0.0,0.0,0.0,0.0,0.0,0.0
2008-09-02,0.0,0.0,0.0,0.0,0.0,0.0
2008-09-03,0.0,0.0,0.0,0.0,0.0,0.0
2008-09-04,0.0,0.0,0.0,0.0,0.0,0.0
2008-09-05,0.0,0.0,0.0,0.0,0.0,0.0
2008-09-06,0.0,0.0,0.0,0.0,0.0,0.0
2008-09-07,0.0,0.0,0.0,0.0,0.0,0.0
2008-09-08,0.0,0.0,0.0,0.0,0.0,0.0
2008-09-09,0.0,0.0,0.0,0.0,0.0,0.0
2008-09-10,0.0,0.0,0.0,0.0,0.0,0.0
2008-09-11,0.0,0.0,0.0,0.0,0.0,0.0
2008-09-12,0.0,0.0,0.0,0.0,0.0,0.0
2008-09-13,0.0,0.0,0.0,0.0,0.0,0.0
2008-09-14,0.0,0.0,0.0,0.0,0.0,0.0
2008-09-15,0.0,0.0,0.0,0.0,0.0,0.0
2008-09-16,0.0,0.0,0.0,0.0,0.0,0.0
2008-09-17,0.0,0.0,0.0,0.0,0.0,0.0
2008-09-18,0.0,0.0,0.0,0.0,0.0,0.0
2008-09-19,0.0,0.0,0.0,0.0,0.0,0.0
2008-09-20,0.0,0.0,0.0,0.0,0.0,0.0
2008-09-21,0.0,0.0,0.0,0.0,0.0,0.0
2008-09-22,0.0,0.0,0.0,0.0,0.0,0.0
2008-09-23,0.0,0.0,0.0,0.0,0.0,0.0
2008-09-24,0.0,0.0,0.0,0.0,0.0,0.0
2008-09-25,0.0,0.0,0.0,0.0,0.0,0.0
2008-09-26,0.0,0.0,0.0,0.0,0.0,0.0
2008-09-27,0.0,0.0,0.0,0.0,0.0,0.0
2008-09-28,0.0,0.0,0.0,0.0,0.0,0.0
2008-09-29,0.0,0.0,0.0,0.0,0.0,0.0
2008-09-30,0.0,0.0,0.0,0.0,0.0,0.0
2008-10-01,0.0,0.0,0.0,0.0,0.0,0.0
2008-10-02,0.0,0.0,0.0,0.0,0.0,0.0
2008-10-03,0.0,0.0,0.0,0.0,0.0,0.0
2008-10-04,0.0,0.0,0.0,0.0,0.0,0.0
2008-10-05,0.0,0.0,0.0,0.0,0.0,0.0
2008-10-06,0.0,0.0,0.0,0.0,0.0,0.0
2008-10-07,0.0,0.0,0.0,0.0,0.0,0.0
2008-10-08,0.0,0.0,0.0,0.0,0.0,0.0
2008-10-09,0.0,0.0,0.0,0.0,0.0,0.0
2008-10-10,0.0,0.0,0.0,0.0,0.0,0.0
2008-10-11,0.0,0.0,0.0,0.0,0.0,0.0
2008-10-12,0.0,0.0,0.0,0.0,0.0,0.0
2008-10-13,0.0,0.0,0.0,0.0,0.0,0.0
2008-10-14,0.0,0.0,0.0,0.0,0.0,0.0
2008-10-15,0.0,0.0,0.0,0.0,0.0,0.0
2008-10-16,0.0,0.0,0.0,0.0,0.0,0.0
2008-10-17,0.0,0.0,0.0,0.0,0.0,0.0
2008-10-18,0.0,0.0,0.0,0.0,0.0,0.0
2008-10-19,0.0,0.0,0.0,0.0,0.0,0.0
2008-10-20,0.0,0.0,0.0,0.0,0.0,0.0
2008-10-21,0.0,0.0,0.0,0.0,0.0,0.0
2008-10-22,0.0,0.0,0.0,0.0,0.0,0.0
2008-10-23,0.0,0.0,0.0,0.0,0.0,0.0
2008-10-24,0.0,0.0,0.0,0.0,0.0,0.0
2008-10-25,0.0,0.0,0.0,0.0,0.0,0.0
2008-10-26,0.0,0.0,0.0,0.0,0.0,0.0
2008-10-27,0.0,0.0,0.0,0.0,0.0,0.0
2008-10-28,0.0,0.0,0.0,0.0,0.0,0.0
2008-10-29,0.0,0.0,0.0,0.0,0.0,0.0
2008-10-30,0.0,0.0,0.0,0.0,0.0,0.0
2008-10-31,0.0,0.0,0.0,0.0,0.0,0.0
2008-11-01,0.0,0.0,0.0,0.0,0.0,0.0
2008-11-02,0.0,0.0,0.0,0.0,0.0,0.0
2008-11-03,0.0,0.0,0.0,0.0,0.0,0.0
2008-11-04,0.0,0.0,0.0,0.0,0.0,0.0
2008-11-05,0.0,0.0,0.0,0.0,0.0,0.0
2008-11-06,0.0,0.0,0.0,0.0,0.0,0.0
2008-11-07,0.0,0.0,0.0,0.0,0.0,0.0
2008-11-08,0.0,0.0,0.0,0.0,0.0,0.0
2008-11-09,0.0,0.0,0.0,0.0,0.0,0.0
2008-11-10,0.0,0.0,0.0,0.0,0.0,0.0
2008-11-11,0.0,0.0,0.0,0.0,0.0,0.0
2008-11-12,0.0,0.0,0.0,0.0,0.0,0.0
2008-11-13,0.0,0.0,0.0,0.0,0.0,0.0
2008-11-14,0.0,0.0,0.0,0.0,0.0,0.0
2008-11-15,0.0,0.0,0.0,0.0,0.0,0.0
2008-11-16,0.0,0.0,0.0,0.0,0.0,0.0
2008-11-17,0.0,0.0,0.0,0.0,0.0,0.0
2008-11-18,0.0,0.0,0.0,0.0,0.0,0.0
2008-11-19,0.0,0.0,0.0,0.0,0.0,0.0
2008-11-20,0.0,0.0,0.0,0.0,0.0,0.0
2008-11-21,0.0,0.0,0.0,0.0,0.0,0.0
2008-11-22,0.0,0.0,0.0,0.0,0.0,0.0
2008-11-23,0.0,0.0,0.0,0.0,0.0,0.0
2008-11-24,0.0,0.0,0.0,0.0,0.0,0.0
2008-11-25,0.0,0.0,0.0,0.0,0.0,0.0
2008-11-26,0.0,0.0,0.0,0.0,0.0,0.0
2008-11-27,0.0,0.0,0.0,0.0,0.0,0.0
2008-11-28,0.0,0.0,0.0,0.0,0.0,0.0
2008-11-29,0.0,0.0,0.0,0.0,0.0,0.0
2008-11-30,0.0,0.0,0.0,0.0,0.0,0.0
2008-12-01,0.0,0.0,0.0,0.0,0.0,0.0
2008-12-02,0.0,0.0,0.0,0.0,0.0,0.0
2008-12-03,0.0,0.0,0.0,0.0,0.0,0.0
2008-12-04,0.0,0.0,0.0,0.0,0.0,0.0
2008-12-05,0.0,0.0,0.0,0.0,0.0,0.0
2008-12-06,0.0,0.0,0.0,0.0,0.0,0.0
2008-12-07,0.0,0.0,0.0,0.0,0.0,0.0
2008-12-08,0.0,0.0,0.0,0.0,0.0,0.0
2008-12-09,0.0,0.0,0.0,0.0,0.0,0.0
2008-12-10,0.0,0.0,0.0,0.0,0.0,0.0
2008-12-11,0.0,0.0,0.0,0.0,0.0,0.0
2008-12-12,0.0,0.0,0.0,0.0,0.0,0.0
2008-12-13,0.0,0.0,0.0,0.0,0.0,0.0
2008-12-14,0.0,0.0,0.0,0.0,0.0,0.0
2008-12-15,0.0,0.0,0.0,0.0,0.0,0.0
2008-12-16,0.0,0.0,0.0,0.0,0.0,0.0
2008-12-17,0.0,0.0,0.0,0.0,0.0,0.0
2008-12-18,0.0,0.0,0.0,0.0,0.0,0.0
2008-12-19,0.0,0.0,0.0,0.0,0.0,0.0
2008-12-20,0.0,0.0,0.0,0.0,0.0,0.0
2008-12-21,0.0,0.0,0.0,0.0,0.0,0.0
2008-12-22,0.0,0.0,0.0,0.0,0.0,0.0
2008-12-23,0.0,0.0,0.0,0.0,0.0,0.0
2008-12-24,0.0,0.0,0.0,0.0,0.0,0.0
2008-12-25,0.0,0.0,0.0,0.0,0.0,0.0
2008-12-26,0.0,0.0,0.0,0.0,0.0,0.0
2008-12-27,0.0,0.0,0.0,0.0,0.0,0.0
2008-12-28,0.0,0.0,0.0,0.0,0.0,0.0
2008-12-29,0.0,0.0,0.0,0.0,0.0,0.0
2008-12-30,0.0,0.0,0.0,0.0,0.0,0.0
2008-12-31,0.0,0.0,0.0,0.0,0.0,0.0
2009-01-01,0.0,0.0,0.0,0.0,0.0,0.0
2009-01-02,0.0,0.0,0.0,0.0,0.0,0.0
2009-01-03,0.0,0.0,0.0,0.0,0.0,0.0
2009-01-04,0.0,0.0,0.0,0.0,0.0,0.0
2009-01-05,0.0,0.0,0.0,0.0,0.0,0.0
2009-01-06,0.0,0.0,0.0,0.0,0.0,0.0
2009-01-07,0.0,0.0,0.0,0.0,0.0,0.0
2009-01-08,0.0,0.0,0.0,0.0,0.0,0.0
2009-01-09,0.0,0.0,0.0,0.0,0.0,0.0
2009-01-10,0.0,0.0,0.0,0.0,0.0,0.0
2009-01-11,0.0,0.0,0.0,0.0,0.0,0.0
2009-01-12,0.0,0.0,0.0,0.0,0.0,0.0
2009-01-13,0.0,0.0,0.0,0.0,0.0,0.0
2009-01-14,0.0,0.0,0.0,0.0,0.0,0.0
2009-01-15,0.0,0.0,0.0,0.0,0.0,0.0
2009-01-16,0.0,0.0,0.0,0.0,0.0,0.0
2009-01-17,0.0,0.0,0.0,0.0,0.0,0.0
2009-01-18,0.0,0.0,0.0,0.0,0.0,0.0
2009-01-19,0.0,0.0,0.0,0.0,0.0,0.0
2009-01-20,0.0,0.0,0.0,0.0,0.0,0.0
2009-01-21,0.0,0.0,0.0,0.0,0.0,0.0
2009-01-22,0.0,0.0,0.0,0.0,0.0,0.0
2009-01-23,0.0,0.0,0.0,0.0,0.0,0.0
2009-01-24,0.0,0.0,0.0,0.0,0.0,0.0
2009-01-25,0.0,0.0,0.0,0.0,0.0,0.0
2009-01-26,0.0,0.0,0.0,0.0,0.0,0.0
2009-01-27,0.0,0.0,0.0,0.0,0.0,0.0
2009-01-28,0.0,0.0,0.0,0.0,0.0,0.0
2009-01-29,0.0,0.0,0.0,0.0,0.0,0.0
2009-01-30,0.0,0.0,0.0,0.0,0.0,0.0
2009-01-31,0.0,0.0,0.0,0.0,0.0,0.0
2009-02-01,0.0,0.0,0.0,0.0,0.0,0.0
2009-02-02,0.0,0.0,0.0,0.0,0.0,0.0
2009-02-03,0.0,0.0,0.0,0.0,0.0,0.0
2009-02-04,0.0,0.0,0.0,0.0,0.0,0.0
2009-02-05,0.0,0.0,0.0,0.0,0.0,0.0
2009-02-06,0.0,0.0,0.0,0.0,0.0,0.0
2009-02-07,0.0,0.0,0.0,0.0,0.0,0.0
2009-02-08,0.0,0.0,0.0,0.0,0.0,0.0
2009-02-09,0.0,0.0,0.0,0.0,0.0,0.0
2009-02-10,0.0,0.0,0.0,0.0,0.0,0.0
2009-02-11,0.0,0.0,0.0,0.0,0.0,0.0
2009-02-12,0.0,0.0,0.0,0.0,0.0,0.0
2009-02-13,0.0,0.0,0.0,0.0,0.0,0.0
2009-02-14,0.0,0.0,0.0,0.0,0.0,0.0
2009-02-15,0.0,0.0,0.0,0.0,0.0,0.0
2009-02-16,0.0,0.0,0.0,0.0,0.0,0.0
2009-02-17,0.0,0.0,0.0,0.0,0.0,0.0
2009-02-18,0.0,0.0,0.0,0.0,0.0,0.0
2009-02-19,0.0,0.0,0.0,0.0,0.0,0.0
2009-02-20,0.0,0.0,0.0,0.0,0.0,0.0
2009-02-21,0.0,0.0,0.0,0.0,0.0,0.0
2009-02-22,0.0,0.0,0.0,0.0,0.0,0.0
2009-02-23,0.0,0.0,0.0,0.0,0.0,0.0
2009-02-24,0.0,0.0,0.0,0.0,0.0,0.0
2009-02-25,0.0,0.0,0.0,0.0,0.0,0.0
2009-02-26,0.0,0.0,0.0,0.0,0.0,0.0
2009-02-27,0.0,0.0,0.0,0.0,0.0,0.0
2009-02-28,0.0,0.0,0.0,0.0,0.0,0.0
2009-03-01,0.0,0.0,0.0,0.0,0.0,0.0
2009-03-02,0.0,0.0,0.0,0.0,0.0,0.0
2009-03-03,0.0,0.0,0.0,0.0,0.0,0.0
2009-03-04,0.0,0.0,0.0,0.0,0.0,0.0
2009-03-05,0.0,0.0,0.0,0.0,0.0,0.0
2009-03-06,0.0,0.0,0.0,0.0,0.0,0.0
2009-03-07,0.0,0.0,0.0,0.0,0.0,0.0
2009-03-08,0.0,0.0,0.0,0.0,0.0,0.0
2009-03-09,0.0,0.0,0.0,0.0,0.0,0.0
2009-03-10,0.0,0.0,0.0,0.0,0.0,0.0
2009-03-11,0.0,0.0,0.0,0.0,0.0,0.0
2009-03-12,0.0,0.0,0.0,0.0,0.0,0.0
2009-03-13,0.0,0.0,0.0,0.0,0.0,0.0
2009-03-14,0.0,0.0,0.0,0.0,0.0,0.0
2009-03-15,0.0,0.0,0.0,0.0,0.0,0.0
2009-03-16,0.0,0.0,0.0,0.0,0.0,0.0
2009-03-17,0.0,0.0,0.0,0.0,0.0,0.0
2009-03-18,0.0,0.0,0.0,0.0,0.0,0.0
2009-03-19,0.0,0.0,0.0,0.0,0.0,0.0
2009-03-20,0.0,0.0,0.0,0.0,0.0,0.0
2009-03-21,0.0,0.0,0.0,0.0,0.0,0.0
2009-03-22,0.0,0.0,0.0,0.0,0.0,0.0
2009-03-23,0.0,0.0,0.0,0.0,0.0,0.0
2009-03-24,0.0,0.0,0.0,0.0,0.0,0.0
2009-03-25,0.0,0.0,0.0,0.0,0.0,0.0
2009-03-26,0.0,0.0,0.0,0.0,0.0,0.0
2009-03-27,0.0,0.0,0.0,0.0,0.0,0.0
2009-03-28,0.0,0.0,0.0,0.0,0.0,0.0
2009-03-29,0.0,0.0,0.0,0.0,0.0,0.0
2009-03-30,0.0,0.0,0.0,0.0,0.0,0.0
2009-03-31,0.0,0.0,0.0,0.0,0.0,0.0
2009-04-01,0.0,0.0,0.0,0.0,0.0,0.0
2009-04-02,0.0,0.0,0.0,0.0,0.0,0.0
2009-04-03,0.0,0.0,0.0,0.0,0.0,0.0
2009-04-04,0.0,0.0,0.0,0.0,0.0,0.0
2009-04-05,0.0,0.0,0.0,0.0,0.0,0.0
2009-04-06,0.0,0.0,0.0,0.0,0.0,0.0
2009-04-07,0.0,0.0,0.0,0.0,0.0,0.0
2009-04-08,0.0,0.0,0.0,0.0,0.0,0.0
2009-04-09,0.0,0.0,0.0,0.0,0.0,0.0
2009-04-10,0.0,0.0,0.0,0.0,0.0,0.0
2009-04-11,0.0,0.0,0.0,0.0,0.0,0.0
2009-04-12,0.0,0.0,0.0,0.0,0.0,0.0
2009-04-13,0.0,0.0,0.0,0.0,0.0,0.0
2009-04-14,0.0,0.0,0.0,0.0,0.0,0.0
2009-04-15,0.0,0.0,0.0,0.0,0.0,0.0
2009-04-16,0.0,0.0,0.0,0.0,0.0,0.0
2009-04-17,0.0,0.0,0.0,0.0,0.0,0.0
2009-04-18,0.0,0.0,0.0,0.0,0.0,0.0
2009-04-19,0.0,0.0,0.0,0.0,0.0,0.0
2009-04-20,0.0,0.0,0.0,0.0,0.0,0.0
2009-04-21,0.0,0.0,0.0,0.0,0.0,0.0
2009-04-22,0.0,0.0,0.0,0.0,0.0,0.0
2009-04-23,0.0,0.0,0.0,0.0,0.0,0.0
2009-04-24,0.0,0.0,0.0,0.0,0.0,0.0
2009-04-25,0.0,0.0,0.0,0.0,0.0,0.0
2009-04-26,0.0,0.0,0.0,0.0,0.0,0.0
2009-04-27,0.0,0.0,0.0,0.0,0.0,0.0
2009-04-28,0.0,0.0,0.0,0.0,0.0,0.0
2009-04-29,0.0,0.0,0.0,0.0,0.0,0.0
2009-04-30,0.0,0.0,0.0,0.0,0.0,0.0
2009-05-01,0.0,0.0,0.0,0.0,0.0,0.0
2009-05-02,0.0,0.0,0.0,0.0,0.0,0.0
2009-05-03,0.0,0.0,0.0,0.0,0.0,0.0
2009-05-04,0.0,0.0,0.0,0.0,0.0,0.0
2009-05-05,0.0,0.0,0.0,0.0,0.0,0.0
2009-05-06,0.0,0.0,0.0,0.0,0.0,0.0
2009-05-07,0.0,0.0,0.0,0.0,0.0,0.0
2009-05-08,0.0,0.0,0.0,0.0,0.0,0.0
2009-05-09,0.0,0.0,0.0,0.0,0.0,0.0
2009-05-10,0.0,0.0,0.0,0.0,0.0,0.0
2009-05-11,0.0,0.0,0.0,0.0,0.0,0.0
2009-05-12,0.0,0.0,0.0,0.0,0.0,0.0
2009-05-13,0.0,0.0,0.0,0.0,0.0,0.0
2009-05-14,0.0,0.0,0.0,0.0,0.0,0.0
2009-05-15,0.0,0.0,0.0,0.0,0.0,0.0
2009-05-16,0.0,0.0,0.0,0.0,0.0,0.0
2009-05-17,0.0,0.0,0.0,0.0,0.0,0.0
2009-05-18,0.0,0.0,0.0,0.0,0.0,0.0
2009-05-19,0.0,0.0,0.0,0.0,0.0,0.0
2009-05-20,0.0,0.0,0.0,0.0,0.0,0.0
2009-05-21,0.0,0.0,0.0,0.0,0.0,0.0
2009-05-22,0.0,0.0,0.0,0.0,0.0,0.0
2009-05-23,0.0,0.0,0.0,0.0,0.0,0.0
2009-05-24,0.0,0.0,0.0,0.0,0.0,0.0
2009-05-25,0.0,0.0,0.0,0.0,0.0,0.0
2009-05-26,0.0,0.0,0.0,0.0,0.0,0.0
2009-05-27,0.0,0.0,0.0,0.0,0.0,0.0
2009-05-28,0.0,0.0,0.0,0.0,0.0,0.0
2009-05-29,0.0,0.0,0.0,0.0,0.0,0.0
2009-05-30,0.0,0.0,0.0,0.0,0.0,0.0
2009-05-31,0.0,0.0,0.0,0.0,0.0,0.0
2009-06-01,0.0,0.0,0.0,0.0,0.0,0.0
2009-06-02,0.0,0.0,0.0,0.0,0.0,0.0
2009-06-03,0.0,0.0,0.0,0.0,0.0,0.0
2009-06-04,0.0,0.0,0.0,0.0,0.0,0.0
2009-06-05,0.0,0.0,0.0,0.0,0.0,0.0
2009-06-06,0.0,0.0,0.0,0.0,0.0,0.0
2009-06-07,0.0,0.0,0.0,0.0,0.0,0.0
2009-06-08,0.0,0.0,0.0,0.0,0.0,0.0
2009-06-09,0.0,0.0,0.0,0.0,0.0,0.0
2009-06-10,0.0,0.0,0.0,0.0,0.0,0.0
2009-06-11,0.0,0.0,0.0,0.0,0.0,0.0
2009-06-12,0.0,0.0,0.0,0.0,0.0,0.0
2009-06-13,0.0,0.0,0.0,0.0,0.0,0.0
2009-06-14,0.0,0.0,0.0,0.0,0.0,0.0
2009-06-15,0.0,0.0,0.0,0.0,0.0,0.0
2009-06-16,0.0,0.0,0.0,0.0,0.0,0.0
2009-06-17,0.0,0.0,0.0,0.0,0.0,0.0
2009-06-18,0.0,0.0,0.0,0.0,0.0,0.0
2009-06-19,0.0,0.0,0.0,0.0,0.0,0.0
2009-06-20,0.0,0.0,0.0,0.0,0.0,0.0
2009-06-21,0.0,0.0,0.0,0.0,0.0,0.0
2009-06-22,0.0,0.0,0.0,0.0,0.0,0.0
2009-06-23,0.0,0.0,0.0,0.0,0.0,0.0
2009-06-24,0.0,0.0,0.0,0.0,0.0,0.0
2009-06-25,0.0,0.0,0.0,0.0,0.0,0.0
2009-06-26,0.0,0.0,0.0,0.0,0.0,0.0
2009-06-27,0.0,0.0,0.0,0.0,0.0,0.0
2009-06-28,0.0,0.0,0.0,0.0,0.0,0.0
2009-06-29,0.0,0.0,0.0,0.0,0.0,0.0
2009-06-30,0.0,0.0,0.0,0.0,0.0,0.0
2009-07-01,0.0,0.0,0.0,0.0,0.0,0.0
2009-07-02,0.0,0.0,0.0,0.0,0.0,0.0
2009-07-03,0.0,0.0,0.0,0.0,0.0,0.0
2009-07-04,0.0,0.0,0.0,0.0,0.0,0.0
2009-07-05,0.0,0.0,0.0,0.0,0.0,0.0
2009-07-06,0.0,0.0,0.0,0.0,0.0,0.0
2009-07-07,0.0,0.0,0.0,0.0,0.0,0.0
2009-07-08,0.0,0.0,0.0,0.0,0.0,0.0
2009-07-09,0.0,0.0,0.0,0.0,0.0,0.0
2009-07-10,0.0,0.0,0.0,0.0,0.0,0.0
2009-07-11,0.0,0.0,0.0,0.0,0.0,0.0
2009-07-12,0.0,0.0,0.0,0.0,0.0,0.0
2009-07-13,0.0,0.0,0.0,0.0,0.0,0.0
2009-07-14,0.0,0.0,0.0,0.0,0.0,0.0
2009-07-15,0.0,0.0,0.0,0.0,0.0,0.0
2009-07-16,0.0,0.0,0.0,0.0,0.0,0.0
2009-07-17,0.0,0.0,0.0,0.0,0.0,0.0
2009-07-18,0.0,0.0,0.0,0.0,0.0,0.0
2009-07-19,0.0,0.0,0.0,0.0,0.0,0.0
2009-07-20,0.0,0.0,0.0,0.0,0.0,0.0
2009-07-21,0.0,0.0,0.0,0.0,0.0,0.0
2009-07-22,0.0,0.0,0.0,0.0,0.0,0.0
2009-07-23,0.0,0.0,0.0,0.0,0.0,0.0
2009-07-24,0.0,0.0,0.0,0.0,0.0,0.0
2009-07-25,0.0,0.0,0.0,0.0,0.0,0.0
2009-07-26,0.0,0.0,0.0,0.0,0.0,0.0
2009-07-27,0.0,0.0,0.0,0.0,0.0,0.0
2009-07-28,0.0,0.0,0.0,0.0,0.0,0.0
2009-07-29,0.0,0.0,0.0,0.0,0.0,0.0
2009-07-30,0.0,0.0,0.0,0.0,0.0,0.0
2009-07-31,0.0,0.0,0.0,0.0,0.0,0.0
2009-08-01,0.0,0.0,0.0,0.0,0.0,0.0
2009-08-02,0.0,0.0,0.0,0.0,0.0,0.0
2009-08-03,0.0,0.0,0.0,0.0,0.0,0.0
2009-08-04,0.0,0.0,0.0,0.0,0.0,0.0
2009-08-05,0.0,0.0,0.0,0.0,0.0,0.0
2009-08-06,0.0,0.0,0.0,0.0,0.0,0.0
2009-08-07,0.0,0.0,0.0,0.0,0.0,0.0
2009-08-08,0.0,0.0,0.0,0.0,0.0,0.0
2009-08-09,0.0,0.0,0.0,0.0,0.0,0.0
2009-08-10,0.0,0.0,0.0,0.0,0.0,0.0
2009-08-11,0.0,0.0,0.0,0.0,0.0,0.0
2009-08-12,0.0,0.0,0.0,0.0,0.0,0.0
2009-08-13,0.0,0.0,0.0,0.0,0.0,0.0
2009-08-14,0.0,0.0,0.0,0.0,0.0,0.0
2009-08-15,0.0,0.0,0.0,0.0,0.0,0.0
2009-08-16,0.0,0.0,0.0,0.0,0.0,0.0
2009-08-17,0.0,0.0,0.0,0.0,0.0,0.0
2009-08-18,0.0,0.0,0.0,0.0,0.0,0.0
2009-08-19,0.0,0.0,0.0,0.0,0.0,0.0
2009-08-20,0.0,0.0,0.0,0.0,0.0,0.0
2009-08-21,0.0,0.0,0.0,0.0,0.0,0.0
2009-08-22,0.0,0.0,0.0,0.0,0.0,0.0
2009-08-23,0.0,0.0,0.0,0.0,0.0,0.0
2009-08-24,0.0,0.0,0.0,0.0,0.0,0.0
2009-08-25,0.0,0.0,0.0,0.0,0.0,0.0
2009-08-26,0.0,0.0,0.0,0.0,0.0,0.0
2009-08-27,0.0,0.0,0.0,0.0,0.0,0.0
2009-08-28,0.0,0.0,0.0,0.0,0.0,0.0
2009-08-29,0.0,0.0,0.0,0.0,0.0,0.0
2009-08-30,0.0,0.0,0.0,0.0,0.0,0.0
2009-08-31,0.0,0.0,0.0,0.0,0.0,0.0
2009-09-01,0.0,0.0,0.0,0.0,0.0,0.0
2009-09-02,0.0,0.0,0.0,0.0,0.0,0.0
2009-09-03,0.0,0.0,0.0,0.0,0.0,0.0
2009-09-04,0.0,0.0,0.0,0.0,0.0,0.0
2009-09-05,0.0,0.0,0.0,0.0,0.0,0.0
2009-09-06,0.0,0.0,0.0,0.0,0.0,0.0
2009-09-07,0.0,0.0,0.0,0.0,0.0,0.0
2009-09-08,0.0,0.0,0.0,0.0,0.0,0.0
2009-09-09,0.0,0.0,0.0,0.0,0.0,0.0
2009-09-10,0.0,0.0,0.0,0.0,0.0,0.0
2009-09-11,0.0,0.0,0.0,0.0,0.0,0.0
2009-09-12,0.0,0.0,0.0,0.0,0.0,0.0
2009-09-13,0.0,0.0,0.0,0.0,0.0,0.0
2009-09-14,0.0,0.0,0.0,0.0,0.0,0.0
2009-09-15,0.0,0.0,0.0,0.0,0.0,0.0
2009-09-16,0.0,0.0,0.0,0.0,0.0,0.0
2009-09-17,0.0,0.0,0.0,0.0,0.0,0.0
2009-09-18,0.0,0.0,0.0,0.0,0.0,0.0
2009-09-19,0.0,0.0,0.0,0.0,0.0,0.0
2009-09-20,0.0,0.0,0.0,0.0,0.0,0.0
2009-09-21,0.0,0.0,0.0,0.0,0.0,0.0
2009-09-22,0.0,0.0,0.0,0.0,0.0,0.0
2009-09-23,0.0,0.0,0.0,0.0,0.0,0.0
2009-09-24,0.0,0.0,0.0,0.0,0.0,0.0
2009-09-25,0.0,0.0,0.0,0.0,0.0,0.0
2009-09-26,0.0,0.0,0.0,0.0,0.0,0.0
2009-09-27,0.0,0.0,0.0,0.0,0.0,0.0
2009-09-28,0.0,0.0,0.0,0.0,0.0,0.0
2009-09-29,0.0,0.0,0.0,0.0,0.0,0.0
2009-09-30,0.0,0.0,0.0,0.0,0.0,0.0
2009-10-01,0.0,0.0,0.0,0.0,0.0,0.0
2009-10-02,0.0,0.0,0.0,0.0,0.0,0.0
2009-10-03,0.0,0.0,0.0,0.0,0.0,0.0
2009-10-04,0.0,0.0,0.0,0.0,0.0,0.0
2009-10-05,0.0,0.0,0.0,0.0,0.0,0.0
2009-10-06,0.0,0.0,0.0,0.0,0.0,0.0
2009-10-07,0.0,0.0,0.0,0.0,0.0,0.0
2009-10-08,0.0,0.0,0.0,0.0,0.0,0.0
2009-10-09,0.0,0.0,0.0,0.0,0.0,0.0
2009-10-10,0.0,0.0,0.0,0.0,0.0,0.0
2009-10-11,0.0,0.0,0.0,0.0,0.0,0.0
2009-10-12,0.0,0.0,0.0,0.0,0.0,0.0
2009-10-13,0.0,0.0,0.0,0.0,0.0,0.0
2009-10-14,0.0,0.0,0.0,0.0,0.0,0.0
2009-10-15,0.0,0.0,0.0,0.0,0.0,0.0
2009-10-16,0.0,0.0,0.0,0.0,0.0,0.0
2009-10-17,0.0,0.0,0.0,0.0,0.0,0.0
2009-10-18,0.0,0.0,0.0,0.0,0.0,0.0
2009-10-19,0.0,0.0,0.0,0.0,0.0,0.0
2009-10-20,0.0,0.0,0.0,0.0,0.0,0.0
2009-10-21,0.0,0.0,0.0,0.0,0.0,0.0
2009-10-22,0.0,0.0,0.0,0.0,0.0,0.0
2009-10-23,0.0,0.0,0.0,0.0,0.0,0.0
2009-10-24,0.0,0.0,0.0,0.0,0.0,0.0
2009-10-25,0.0,0.0,0.0,0.0,0.0,0.0
2009-10-26,0.0,0.0,0.0,0.0,0.0,0.0
2009-10-27,0.0,0.0,0.0,0.0,0.0,0.0
2009-10-28,0.0,0.0,0.0,0.0,0.0,0.0
2009-10-29,0.0,0.0,0.0,0.0,0.0,0.0
2009-10-30,0.0,0.0,0.0,0.0,0.0,0.0
2009-10-31,0.0,0.0,0.0,0.0,0.0,0.0
2009-11-01,0.0,0.0,0.0,0.0,0.0,0.0
2009-11-02,0.0,0.0,0.0,0.0,0.0,0.0
2009-11-03,0.0,0.0,0.0,0.0,0.0,0.0
2009-11-04,0.0,0.0,0.0,0.0,0.0,0.0
2009-11-05,0.0,0.0,0.0,0.0,0.0,0.0
2009-11-06,0.0,0.0,0.0,0.0,0.0,0.0
2009-11-07,0.0,0.0,0.0,0.0,0.0,0.0
2009-11-08,0.0,0.0,0.0,0.0,0.0,0.0
2009-11-09,0.0,0.0,0.0,0.0,0.0,0.0
2009-11-10,0.0,0.0,0.0,0.0,0.0,0.0
2009-11-11,0.0,0.0,0.0,0.0,0.0,0.0
2009-11-12,0.0,0.0,0.0,0.0,0.0,0.0
2009-11-13,0.0,0.0,0.0,0.0,0.0,0.0
2009-11-14,0.0,0.0,0.0,0.0,0.0,0.0
2009-11-15,0.0,0.0,0.0,0.0,0.0,0.0
2009-11-16,0.0,0.0,0.0,0.0,0.0,0.0
2009-11-17,0.0,0.0,0.0,0.0,0.0,0.0
2009-11-18,0.0,0.0,0.0,0.0,0.0,0.0
2009-11-19,0.0,0.0,0.0,0.0,0.0,0.0
2009-11-20,0.0,0.0,0.0,0.0,0.0,0.0
2009-11-21,0.0,0.0,0.0,0.0,0.0,0.0
2009-11-22,0.0,0.0,0.0,0.0,0.0,0.0
2009-11-23,0.0,0.0,0.0,0.0,0.0,0.0
2009-11-24,0.0,0.0,0.0,0.0,0.0,0.0
2009-11-25,0.0,0.0,0.0,0.0,0.0,0.0
2009-11-26,0.0,0.0,0.0,0.0,0.0,0.0
2009-11-27,0.0,0.0,0.0,0.0,0.0,0.0
2009-11-28,0.0,0.0,0.0,0.0,0.0,0.0
2009-11-29,0.0,0.0,0.0,0.0,0.0,0.0
2009-11-30,0.0,0.0,0.0,0.0,0.0,0.0
2009-12-01,0.0,0.0,0.0,0.0,0.0,0.0
2009-12-02,0.0,0.0,0.0,0.0,0.0,0.0
2009-12-03,0.0,0.0,0.0,0.0,0.0,0.0
2009-12-04,0.0,0.0,0.0,0.0,0.0,0.0
2009-12-05,0.0,0.0,0.0,0.0,0.0,0.0
2009-12-06,0.0,0.0,0.0,0.0,0.0,0.0
2009-12-07,0.0,0.0,0.0,0.0,0.0,0.0
2009-12-08,0.0,0.0,0.0,0.0,0.0,0.0
2009-12-09,0.0,0.0,0.0,0.0,0.0,0.0
2009-12-10,0.0,0.0,0.0,0.0,0.0,0.0
2009-12-11,0.0,0.0,0.0,0.0,0.0,0.0
2009-12-12,0.0,0.0,0.0,0.0,0.0,0.0
2009-12-13,0.0,0.0,0.0,0.0,0.0,0.0
2009-12-14,0.0,0.0,0.0,0.0,0.0,0.0
2009-12-15,0.0,0.0,0.0,0.0,0.0,0.0
2009-12-16,0.0,0.0,0.0,0.0,0.0,0.0
2009-12-17,0.0,0.0,0.0,0.0,0.0,0.0
2009-12-18,0.0,0.0,0.0,0.0,0.0,0.0
2009-12-19,0.0,0.0,0.0,0.0,0.0,0.0
2009-12-20,0.0,0.0,0.0,0.0,0.0,0.0
2009-12-21,0.0,0.0,0.0,0.0,0.0,0.0
2009-12-22,0.0,0.0,0.0,0.0,0.0,0.0
2009-12-23,0.0,0.0,0.0,0.0,0.0,0.0
2009-12-24,0.0,0.0,0.0,0.0,0.0,0.0
2009-12-25,0.0,0.0,0.0,0.0,0.0,0.0
2009-12-26,0.0,0.0,0.0,0.0,0.0,0.0
2009-12-27,0.0,0.0,0.0,0.0,0.0,0.0
2009-12-28,0.0,0.0,0.0,0.0,0.0,0.0
2009-12-29,0.0,0.0,0.0,0.0,0.0,0.0
2009-12-30,0.0,0.0,0.0,0.0,0.0,0.0
2009-12-31,0.0,0.0,0.0,0.0,0.0,0.0
2010-01-01,0.0,0.0,0.0,0.0,0.0,0.0
2010-01-02,0.0,0.0,0.0,0.0,0.0,0.0
2010-01-03,0.0,0.0,0.0,0.0,0.0,0.0
2010-01-04,0.0,0.0,0.0,0.0,0.0,0.0
2010-01-05,0.0,0.0,0.0,0.0,0.0,0.0
2010-01-06,0.0,0.0,0.0,0.0,0.0,0.0
2010-01-07,0.0,0.0,0.0,0.0,0.0,0.0
2010-01-08,0.0,0.0,0.0,0.0,0.0,0.0
2010-01-09,0.0,0.0,0.0,0.0,0.0,0.0
2010-01-10,0.0,0.0,0.0,0.0,0.0,0.0
2010-01-11,0.0,0.0,0.0,0.0,0.0,0.0
2010-01-12,0.0,0.0,0.0,0.0,0.0,0.0
2010-01-13,0.0,0.0,0.0,0.0,0.0,0.0
2010-01-14,0.0,0.0,0.0,0.0,0.0,0.0
2010-01-15,0.0,0.0,0.0,0.0,0.0,0.0
2010-01-16,0.0,0.0,0.0,0.0,0.0,0.0
2010-01-17,0.0,0.0,0.0,0.0,0.0,0.0
2010-01-18,0.0,0.0,0.0,0.0,0.0,0.0
2010-01-19,0.0,0.0,0.0,0.0,0.0,0.0
2010-01-20,0.0,0.0,0.0,0.0,0.0,0.0
2010-01-21,0.0,0.0,0.0,0.0,0.0,0.0
2010-01-22,0.0,0.0,0.0,0.0,0.0,0.0
2010-01-23,0.0,0.0,0.0,0.0,0.0,0.0
2010-01-24,0.0,0.0,0.0,0.0,0.0,0.0
2010-01-25,0.0,0.0,0.0,0.0,0.0,0.0
2010-01-26,0.0,0.0,0.0,0.0,0.0,0.0
2010-01-27,0.0,0.0,0.0,0.0,0.0,0.0
2010-01-28,0.0,0.0,0.0,0.0,0.0,0.0
2010-01-29,0.0,0.0,0.0,0.0,0.0,0.0
2010-01-30,0.0,0.0,0.0,0.0,0.0,0.0
2010-01-31,0.0,0.0,0.0,0.0,0.0,0.0
2010-02-01,0.0,0.0,0.0,0.0,0.0,0.0
2010-02-02,0.0,0.0,0.0,0.0,0.0,0.0
2010-02-03,0.0,0.0,0.0,0.0,0.0,0.0
2010-02-04,0.0,0.0,0.0,0.0,0.0,0.0
2010-02-05,0.0,0.0,0.0,0.0,0.0,0.0
2010-02-06,0.0,0.0,0.0,0.0,0.0,0.0
2010-02-07,0.0,0.0,0.0,0.0,0.0,0.0
2010-02-08,0.0,0.0,0.0,0.0,0.0,0.0
2010-02-09,0.0,0.0,0.0,0.0,0.0,0.0
2010-02-10,0.0,0.0,0.0,0.0,0.0,0.0
2010-02-11,0.0,0.0,0.0,0.0,0.0,0.0
2010-02-12,0.0,0.0,0.0,0.0,0.0,0.0
2010-02-13,0.0,0.0,0.0,0.0,0.0,0.0
2010-02-14,0.0,0.0,0.0,0.0,0.0,0.0
2010-02-15,0.0,0.0,0.0,0.0,0.0,0.0
2010-02-16,0.0,0.0,0.0,0.0,0.0,0.0
2010-02-17,0.0,0.0,0.0,0.0,0.0,0.0
2010-02-18,0.0,0.0,0.0,0.0,0.0,0.0
2010-02-19,0.0,0.0,0.0,0.0,0.0,0.0
2010-02-20,0.0,0.0,0.0,0.0,0.0,0.0
2010-02-21,0.0,0.0,0.0,0.0,0.0,0.0
2010-02-22,0.0,0.0,0.0,0.0,0.0,0.0
2010-02-23,0.0,0.0,0.0,0.0,0.0,0.0
2010-02-24,0.0,0.0,0.0,0.0,0.0,0.0
2010-02-25,0.0,0.0,0.0,0.0,0.0,0.0
2010-02-26,0.0,0.0,0.0,0.0,0.0,0.0
2010-02-27,0.0,0.0,0.0,0.0,0.0,0.0
2010-02-28,0.0,0.0,0.0,0.0,0.0,0.0
2010-03-01,0.0,0.0,0.0,0.0,0.0,0.0
2010-03-02,0.0,0.0,0.0,0.0,0.0,0.0
2010-03-03,0.0,0.0,0.0,0.0,0.0,0.0
2010-03-04,0.0,0.0,0.0,0.0,0.0,0.0
2010-03-05,0.0,0.0,0.0,0.0,0.0,0.0
2010-03-06,0.0,0.0,0.0,0.0,0.0,0.0
2010-03-07,0.0,0.0,0.0,0.0,0.0,0.0
2010-03-08,0.0,0.0,0.0,0.0,0.0,0.0
2010-03-09,0.0,0.0,0.0,0.0,0.0,0.0
2010-03-10,0.0,0.0,0.0,0.0,0.0,0.0
2010-03-11,0.0,0.0,0.0,0.0,0.0,0.0
2010-03-12,0.0,0.0,0.0,0.0,0.0,0.0
2010-03-13,0.0,0.0,0.0,0.0,0.0,0.0
2010-03-14,0.0,0.0,0.0,0.0,0.0,0.0
2010-03-15,0.0,0.0,0.0,0.0,0.0,0.0
2010-03-16,0.0,0.0,0.0,0.0,0.0,0.0
2010-03-17,0.0,0.0,0.0,0.0,0.0,0.0
2010-03-18,0.0,0.0,0.0,0.0,0.0,0.0
2010-03-19,0.0,0.0,0.0,0.0,0.0,0.0
2010-03-20,0.0,0.0,0.0,0.0,0.0,0.0
2010-03-21,0.0,0.0,0.0,0.0,0.0,0.0
2010-03-22,0.0,0.0,0.0,0.0,0.0,0.0
2010-03-23,0.0,0.0,0.0,0.0,0.0,0.0
2010-03-24,0.0,0.0,0.0,0.0,0.0,0.0
2010-03-25,0.0,0.0,0.0,0.0,0.0,0.0
2010-03-26,0.0,0.0,0.0,0.0,0.0,0.0
2010-03-27,0.0,0.0,0.0,0.0,0.0,0.0
2010-03-28,0.0,0.0,0.0,0.0,0.0,0.0
2010-03-29,0.0,0.0,0.0,0.0,0.0,0.0
2010-03-30,0.0,0.0,0.0,0.0,0.0,0.0
2010-03-31,0.0,0.0,0.0,0.0,0.0,0.0
2010-04-01,0.0,0.0,0.0,0.0,0.0,0.0
2010-04-02,0.0,0.0,0.0,0.0,0.0,0.0
2010-04-03,0.0,0.0,0.0,0.0,0.0,0.0
2010-04-04,0.0,0.0,0.0,0.0,0.0,0.0
2010-04-05,0.0,0.0,0.0,0.0,0.0,0.0
2010-04-06,0.0,0.0,0.0,0.0,0.0,0.0
2010-04-07,0.0,0.0,0.0,0.0,0.0,0.0
2010-04-08,0.0,0.0,0.0,0.0,0.0,0.0
2010-04-09,0.0,0.0,0.0,0.0,0.0,0.0
2010-04-10,0.0,0.0,0.0,0.0,0.0,0.0
2010-04-11,0.0,0.0,0.0,0.0,0.0,0.0
2010-04-12,0.0,0.0,0.0,0.0,0.0,0.0
2010-04-13,0.0,0.0,0.0,0.0,0.0,0.0
2010-04-14,0.0,0.0,0.0,0.0,0.0,0.0
2010-04-15,0.0,0.0,0.0,0.0,0.0,0.0
2010-04-16,0.0,0.0,0.0,0.0,0.0,0.0
2010-04-17,0.0,0.0,0.0,0.0,0.0,0.0
2010-04-18,0.0,0.0,0.0,0.0,0.0,0.0
2010-04-19,0.0,0.0,0.0,0.0,0.0,0.0
2010-04-20,0.0,0.0,0.0,0.0,0.0,0.0
2010-04-21,0.0,0.0,0.0,0.0,0.0,0.0
2010-04-22,0.0,0.0,0.0,0.0,0.0,0.0
2010-04-23,0.0,0.0,0.0,0.0,0.0,0.0
2010-04-24,0.0,0.0,0.0,0.0,0.0,0.0
2010-04-25,0.0,0.0,0.0,0.0,0.0,0.0
2010-04-26,0.0,0.0,0.0,0.0,0.0,0.0
2010-04-27,0.0,0.0,0.0,0.0,0.0,0.0
2010-04-28,0.0,0.0,0.0,0.0,0.0,0.0
2010-04-29,0.0,0.0,0.0,0.0,0.0,0.0
2010-04-30,0.0,0.0,0.0,0.0,0.0,0.0
2010-05-01,0.0,0.0,0.0,0.0,0.0,0.0
2010-05-02,0.0,0.0,0.0,0.0,0.0,0.0
2010-05-03,0.0,0.0,0.0,0.0,0.0,0.0
2010-05-04,0.0,0.0,0.0,0.0,0.0,0.0
2010-05-05,0.0,0.0,0.0,0.0,0.0,0.0
2010-05-06,0.0,0.0,0.0,0.0,0.0,0.0
2010-05-07,0.0,0.0,0.0,0.0,0.0,0.0
2010-05-08,0.0,0.0,0.0,0.0,0.0,0.0
2010-05-09,0.0,0.0,0.0,0.0,0.0,0.0
2010-05-10,0.0,0.0,0.0,0.0,0.0,0.0
2010-05-11,0.0,0.0,0.0,0.0,0.0,0.0
2010-05-12,0.0,0.0,0.0,0.0,0.0,0.0
2010-05-13,0.0,0.0,0.0,0.0,0.0,0.0
2010-05-14,0.0,0.0,0.0,0.0,0.0,0.0
2010-05-15,0.0,0.0,0.0,0.0,0.0,0.0
2010-05-16,0.0,0.0,0.0,0.0,0.0,0.0
2010-05-17,0.0,0.0,0.0,0.0,0.0,0.0
2010-05-18,0.0,0.0,0.0,0.0,0.0,0.0
2010-05-19,0.0,0.0,0.0,0.0,0.0,0.0
2010-05-20,0.0,0.0,0.0,0.0,0.0,0.0
2010-05-21,0.0,0.0,0.0,0.0,0.0,0.0
2010-05-22,0.0,0.0,0.0,0.0,0.0,0.0
2010-05-23,0.0,0.0,0.0,0.0,0.0,0.0
2010-05-24,0.0,0.0,0.0,0.0,0.0,0.0
2010-05-25,0.0,0.0,0.0,0.0,0.0,0.0
2010-05-26,0.0,0.0,0.0,0.0,0.0,0.0
2010-05-27,0.0,0.0,0.0,0.0,0.0,0.0
2010-05-28,0.0,0.0,0.0,0.0,0.0,0.0
2010-05-29,0.0,0.0,0.0,0.0,0.0,0.0
2010-05-30,0.0,0.0,0.0,0.0,0.0,0.0
2010-05-31,0.0,0.0,0.0,0.0,0.0,0.0
2010-06-01,0.0,0.0,0.0,0.0,0.0,0.0
2010-06-02,0.0,0.0,0.0,0.0,0.0,0.0
2010-06-03,0.0,0.0,0.0,0.0,0.0,0.0
2010-06-04,0.0,0.0,0.0,0.0,0.0,0.0
2010-06-05,0.0,0.0,0.0,0.0,0.0,0.0
2010-06-06,0.0,0.0,0.0,0.0,0.0,0.0
2010-06-07,0.0,0.0,0.0,0.0,0.0,0.0
2010-06-08,0.0,0.0,0.0,0.0,0.0,0.0
2010-06-09,0.0,0.0,0.0,0.0,0.0,0.0
2010-06-10,0.0,0.0,0.0,0.0,0.0,0.0
2010-06-11,0.0,0.0,0.0,0.0,0.0,0.0
2010-06-12,0.0,0.0,0.0,0.0,0.0,0.0
2010-06-13,0.0,0.0,0.0,0.0,0.0,0.0
2010-06-14,0.0,0.0,0.0,0.0,0.0,0.0
2010-06-15,0.0,0.0,0.0,0.0,0.0,0.0
2010-06-16,0.0,0.0,0.0,0.0,0.0,0.0
2010-06-17,0.0,0.0,0.0,0.0,0.0,0.0
2010-06-18,0.0,0.0,0.0,0.0,0.0,0.0
2010-06-19,0.0,0.0,0.0,0.0,0.0,0.0
2010-06-20,0.0,0.0,0.0,0.0,0.0,0.0
2010-06-21,0.0,0.0,0.0,0.0,0.0,0.0
2010-06-22,0.0,0.0,0.0,0.0,0.0,0.0
2010-06-23,0.0,0.0,0.0,0.0,0.0,0.0
2010-06-24,0.0,0.0,0.0,0.0,0.0,0.0
2010-06-25,0.0,0.0,0.0,0.0,0.0,0.0
2010-06-26,0.0,0.0,0.0,0.0,0.0,0.0
2010-06-27,0.0,0.0,0.0,0.0,0.0,0.0
2010-06-28,0.0,0.0,0.0,0.0,0.0,0.0
2010-06-29,0.0,0.0,0.0,0.0,0.0,0.0
2010-06-30,0.0,0.0,0.0,0.0,0.0,0.0
2010-07-01,0.0,0.0,0.0,0.0,0.0,0.0
2010-07-02,0.0,0.0,0.0,0.0,0.0,0.0
2010-07-03,0.0,0.0,0.0,0.0,0.0,0.0
2010-07-04,0.0,0.0,0.0,0.0,0.0,0.0
2010-07-05,0.0,0.0,0.0,0.0,0.0,0.0
2010-07-06,0.0,0.0,0.0,0.0,0.0,0.0
2010-07-07,0.0,0.0,0.0,0.0,0.0,0.0
2010-07-08,0.0,0.0,0.0,0.0,0.0,0.0
2010-07-09,0.0,0.0,0.0,0.0,0.0,0.0
2010-07-10,0.0,0.0,0.0,0.0,0.0,0.0
2010-07-11,0.0,0.0,0.0,0.0,0.0,0.0
2010-07-12,0.0,0.0,0.0,0.0,0.0,0.0
2010-07-13,0.0,0.0,0.0,0.0,0.0,0.0
2010-07-14,0.0,0.0,0.0,0.0,0.0,0.0
2010-07-15,0.0,0.0,0.0,0.0,0.0,0.0
2010-07-16,0.0,0.0,0.0,0.0,0.0,0.0
2010-07-17,0.0,0.0,0.0,0.0,0.0,0.0
2010-07-18,0.0,0.0,0.0,0.0,0.0,0.0
2010-07-19,0.0,0.0,0.0,0.0,0.0,0.0
2010-07-20,0.0,0.0,0.0,0.0,0.0,0.0
2010-07-21,0.0,0.0,0.0,0.0,0.0,0.0
2010-07-22,0.0,0.0,0.0,0.0,0.0,0.0
2010-07-23,0.0,0.0,0.0,0.0,0.0,0.0
2010-07-24,0.0,0.0,0.0,0.0,0.0,0.0
2010-07-25,0.0,0.0,0.0,0.0,0.0,0.0
2010-07-26,0.0,0.0,0.0,0.0,0.0,0.0
2010-07-27,0.0,0.0,0.0,0.0,0.0,0.0
2010-07-28,0.0,0.0,0.0,0.0,0.0,0.0
2010-07-29,0.0,0.0,0.0,0.0,0.0,0.0
2010-07-30,0.0,0.0,0.0,0.0,0.0,0.0
2010-07-31,0.0,0.0,0.0,0.0,0.0,0.0
2010-08-01,0.0,0.0,0.0,0.0,0.0,0.0
2010-08-02,0.0,0.0,0.0,0.0,0.0,0.0
2010-08-03,0.0,0.0,0.0,0.0,0.0,0.0
2010-08-04,0.0,0.0,0.0,0.0,0.0,0.0
2010-08-05,0.0,0.0,0.0,0.0,0.0,0.0
2010-08-06,0.0,0.0,0.0,0.0,0.0,0.0
2010-08-07,0.0,0.0,0.0,0.0,0.0,0.0
2010-08-08,0.0,0.0,0.0,0.0,0.0,0.0
2010-08-09,0.0,0.0,0.0,0.0,0.0,0.0
2010-08-10,0.0,0.0,0.0,0.0,0.0,0.0
2010-08-11,0.0,0.0,0.0,0.0,0.0,0.0
2010-08-12,0.0,0.0,0.0,0.0,0.0,0.0
2010-08-13,0.0,0.0,0.0,0.0,0.0,0.0
2010-08-14,0.0,0.0,0.0,0.0,0.0,0.0
2010-08-15,0.0,0.0,0.0,0.0,0.0,0.0
2010-08-16,0.0,0.0,0.0,0.0,0.0,0.0
2010-08-17,0.0,0.0,0.0,0.0,0.0,0.0
2010-08-18,0.0,0.0,0.0,0.0,0.0,0.0
2010-08-19,0.0,0.0,0.0,0.0,0.0,0.0
2010-08-20,0.0,0.0,0.0,0.0,0.0,0.0
2010-08-21,0.0,0.0,0.0,0.0,0.0,0.0
2010-08-22,0.0,0.0,0.0,0.0,0.0,0.0
2010-08-23,0.0,0.0,0.0,0.0,0.0,0.0
2010-08-24,0.0,0.0,0.0,0.0,0.0,0.0
2010-08-25,0.0,0.0,0.0,0.0,0.0,0.0
2010-08-26,0.0,0.0,0.0,0.0,0.0,0.0
2010-08-27,0.0,0.0,0.0,0.0,0.0,0.0
2010-08-28,0.0,0.0,0.0,0.0,0.0,0.0
2010-08-29,0.0,0.0,0.0,0.0,0.0,0.0
2010-08-30,0.0,0.0,0.0,0.0,0.0,0.0
2010-08-31,0.0,0.0,0.0,0.0,0.0,0.0
2010-09-01,0.0,0.0,0.0,0.0,0.0,0.0
2010-09-02,0.0,0.0,0.0,0.0,0.0,0.0
2010-09-03,0.0,0.0,0.0,0.0,0.0,0.0
2010-09-04,0.0,0.0,0.0,0.0,0.0,0.0
2010-09-05,0.0,0.0,0.0,0.0,0.0,0.0
2010-09-06,0.0,0.0,0.0,0.0,0.0,0.0
2010-09-07,0.0,0.0,0.0,0.0,0.0,0.0
2010-09-08,0.0,0.0,0.0,0.0,0.0,0.0
2010-09-09,0.0,0.0,0.0,0.0,0.0,0.0
2010-09-10,0.0,0.0,0.0,0.0,0.0,0.0
2010-09-11,0.0,0.0,0.0,0.0,0.0,0.0
2010-09-12,0.0,0.0,0.0,0.0,0.0,0.0
2010-09-13,0.0,0.0,0.0,0.0,0.0,0.0
2010-09-14,0.0,0.0,0.0,0.0,0.0,0.0
2010-09-15,0.0,0.0,0.0,0.0,0.0,0.0
2010-09-16,0.0,0.0,0.0,0.0,0.0,0.0
2010-09-17,0.0,0.0,0.0,0.0,0.0,0.0
2010-09-18,0.0,0.0,0.0,0.0,0.0,0.0
2010-09-19,0.0,0.0,0.0,0.0,0.0,0.0
2010-09-20,0.0,0.0,0.0,0.0,0.0,0.0
2010-09-21,0.0,0.0,0.0,0.0,0.0,0.0
2010-09-22,0.0,0.0,0.0,0.0,0.0,0.0
2010-09-23,0.0,0.0,0.0,0.0,0.0,0.0
2010-09-24,0.0,0.0,0.0,0.0,0.0,0.0
2010-09-25,0.0,0.0,0.0,0.0,0.0,0.0
2010-09-26,0.0,0.0,0.0,0.0,0.0,0.0
2010-09-27,0.0,0.0,0.0,0.0,0.0,0.0
2010-09-28,0.0,0.0,0.0,0.0,0.0,0.0
2010-09-29,0.0,0.0,0.0,0.0,0.0,0.0
2010-09-30,0.0,0.0,0.0,0.0,0.0,0.0
2010-10-01,0.0,0.0,0.0,0.0,0.0,0.0
2010-10-02,0.0,0.0,0.0,0.0,0.0,0.0
2010-10-03,0.0,0.0,0.0,0.0,0.0,0.0
2010-10-04,0.0,0.0,0.0,0.0,0.0,0.0
2010-10-05,0.0,0.0,0.0,0.0,0.0,0.0
2010-10-06,0.0,0.0,0.0,0.0,0.0,0.0
2010-10-07,0.0,0.0,0.0,0.0,0.0,0.0
2010-10-08,0.0,0.0,0.0,0.0,0.0,0.0
2010-10-09,0.0,0.0,0.0,0.0,0.0,0.0
2010-10-10,0.0,0.0,0.0,0.0,0.0,0.0
2010-10-11,0.0,0.0,0.0,0.0,0.0,0.0
2010-10-12,0.0,0.0,0.0,0.0,0.0,0.0
2010-10-13,0.0,0.0,0.0,0.0,0.0,0.0
2010-10-14,0.0,0.0,0.0,0.0,0.0,0.0
2010-10-15,0.0,0.0,0.0,0.0,0.0,0.0
2010-10-16,0.0,0.0,0.0,0.0,0.0,0.0
2010-10-17,0.0,0.0,0.0,0.0,0.0,0.0
2010-10-18,0.0,0.0,0.0,0.0,0.0,0.0
2010-10-19,0.0,0.0,0.0,0.0,0.0,0.0
2010-10-20,0.0,0.0,0.0,0.0,0.0,0.0
2010-10-21,0.0,0.0,0.0,0.0,0.0,0.0
2010-10-22,0.0,0.0,0.0,0.0,0.0,0.0
2010-10-23,0.0,0.0,0.0,0.0,0.0,0.0
2010-10-24,0.0,0.0,0.0,0.0,0.0,0.0
2010-10-25,0.0,0.0,0.0,0.0,0.0,0.0
2010-10-26,0.0,0.0,0.0,0.0,0.0,0.0
2010-10-27,0.0,0.0,0.0,0.0,0.0,0.0
2010-10-28,0.0,0.0,0.0,0.0,0.0,0.0
2010-10-29,0.0,0.0,0.0,0.0,0.0,0.0
2010-10-30,0.0,0.0,0.0,0.0,0.0,0.0
2010-10-31,0.0,0.0,0.0,0.0,0.0,0.0
2010-11-01,0.0,0.0,0.0,0.0,0.0,0.0
2010-11-02,0.0,0.0,0.0,0.0,0.0,0.0
2010-11-03,0.0,0.0,0.0,0.0,0.0,0.0
2010-11-04,0.0,0.0,0.0,0.0,0.0,0.0
2010-11-05,0.0,0.0,0.0,0.0,0.0,0.0
2010-11-06,0.0,0.0,0.0,0.0,0.0,0.0
2010-11-07,0.0,0.0,0.0,0.0,0.0,0.0
2010-11-08,0.0,0.0,0.0,0.0,0.0,0.0
2010-11-09,0.0,0.0,0.0,0.0,0.0,0.0
2010-11-10,0.0,0.0,0.0,0.0,0.0,0.0
2010-11-11,0.0,0.0,0.0,0.0,0.0,0.0
2010-11-12,0.0,0.0,0.0,0.0,0.0,0.0
2010-11-13,0.0,0.0,0.0,0.0,0.0,0.0
2010-11-14,0.0,0.0,0.0,0.0,0.0,0.0
2010-11-15,0.0,0.0,0.0,0.0,0.0,0.0
2010-11-16,0.0,0.0,0.0,0.0,0.0,0.0
2010-11-17,0.0,0.0,0.0,0.0,0.0,0.0
2010-11-18,0.0,0.0,0.0,0.0,0.0,0.0
2010-11-19,0.0,0.0,0.0,0.0,0.0,0.0
2010-11-20,0.0,0.0,0.0,0.0,0.0,0.0
2010-11-21,0.0,0.0,0.0,0.0,0.0,0.0
2010-11-22,0.0,0.0,0.0,0.0,0.0,0.0
2010-11-23,0.0,0.0,0.0,0.0,0.0,0.0
2010-11-24,0.0,0.0,0.0,0.0,0.0,0.0
2010-11-25,0.0,0.0,0.0,0.0,0.0,0.0
2010-11-26,0.0,0.0,0.0,0.0,0.0,0.0
2010-11-27,0.0,0.0,0.0,0.0,0.0,0.0
2010-11-28,0.0,0.0,0.0,0.0,0.0,0.0
2010-11-29,0.0,0.0,0.0,0.0,0.0,0.0
2010-11-30,0.0,0.0,0.0,0.0,0.0,0.0
2010-12-01,0.0,0.0,0.0,0.0,0.0,0.0
2010-12-02,0.0,0.0,0.0,0.0,0.0,0.0
2010-12-03,0.0,0.0,0.0,0.0,0.0,0.0
2010-12-04,0.0,0.0,0.0,0.0,0.0,0.0
2010-12-05,0.0,0.0,0.0,0.0,0.0,0.0
2010-12-06,0.0,0.0,0.0,0.0,0.0,0.0
2010-12-07,0.0,0.0,0.0,0.0,0.0,0.0
2010-12-08,0.0,0.0,0.0,0.0,0.0,0.0
2010-12-09,0.0,0.0,0.0,0.0,0.0,0.0
2010-12-10,0.0,0.0,0.0,0.0,0.0,0.0
2010-12-11,0.0,0.0,0.0,0.0,0.0,0.0
2010-12-12,0.0,0.0,0.0,0.0,0.0,0.0
2010-12-13,0.0,0.0,0.0,0.0,0.0,0.0
2010-12-14,0.0,0.0,0.0,0.0,0.0,0.0
2010-12-15,0.0,0.0,0.0,0.0,0.0,0.0
2010-12-16,0.0,0.0,0.0,0.0,0.0,0.0
2010-12-17,0.0,0.0,0.0,0.0,0.0,0.0
2010-12-18,0.0,0.0,0.0,0.0,0.0,0.0
2010-12-19,0.0,0.0,0.0,0.0,0.0,0.0
2010-12-20,0.0,0.0,0.0,0.0,0.0,0.0
2010-12-21,0.0,0.0,0.0,0.0,0.0,0.0
2010-12-22,0.0,0.0,0.0,0.0,0.0,0.0
2010-12-23,0.0,0.0,0.0,0.0,0.0,0.0
2010-12-24,0.0,0.0,0.0,0.0,0.0,0.0
2010-12-25,0.0,0.0,0.0,0.0,0.0,0.0
2010-12-26,0.0,0.0,0.0,0.0,0.0,0.0
2010-12-27,0.0,0.0,0.0,0.0,0.0,0.0
2010-12-28,0.0,0.0,0.0,0.0,0.0,0.0
2010-12-29,0.0,0.0,0.0,0.0,0.0,0.0
2010-12-30,0.0,0.0,0.0,0.0,0.0,0.0
2010-12-31,0.0,0.0,0.0,0.0,0.0,0.0
2011-01-01,0.0,0.0,0.0,0.0,0.0,0.0
2011-01-02,0.0,0.0,0.0,0.0,0.0,0.0
2011-01-03,0.0,0.0,0.0,0.0,0.0,0.0
2011-01-04,0.0,0.0,0.0,0.0,0.0,0.0
2011-01-05,0.0,0.0,0.0,0.0,0.0,0.0
2011-01-06,0.0,0.0,0.0,0.0,0.0,0.0
2011-01-07,0.0,0.0,0.0,0.0,0.0,0.0
2011-01-08,0.0,0.0,0.0,0.0,0.0,0.0
2011-01-09,0.0,0.0,0.0,0.0,0.0,0.0
2011-01-10,0.0,0.0,0.0,0.0,0.0,0.0
2011-01-11,0.0,0.0,0.0,0.0,0.0,0.0
2011-01-12,0.0,0.0,0.0,0.0,0.0,0.0
2011-01-13,0.0,0.0,0.0,0.0,0.0,0.0
2011-01-14,0.0,0.0,0.0,0.0,0.0,0.0
2011-01-15,0.0,0.0,0.0,0.0,0.0,0.0
2011-01-16,0.0,0.0,0.0,0.0,0.0,0.0
2011-01-17,0.0,0.0,0.0,0.0,0.0,0.0
2011-01-18,0.0,0.0,0.0,0.0,0.0,0.0
2011-01-19,0.0,0.0,0.0,0.0,0.0,0.0
2011-01-20,0.0,0.0,0.0,0.0,0.0,0.0
2011-01-21,0.0,0.0,0.0,0.0,0.0,0.0
2011-01-22,0.0,0.0,0.0,0.0,0.0,0.0
2011-01-23,0.0,0.0,0.0,0.0,0.0,0.0
2011-01-24,0.0,0.0,0.0,0.0,0.0,0.0
2011-01-25,0.0,0.0,0.0,0.0,0.0,0.0
2011-01-26,0.0,0.0,0.0,0.0,0.0,0.0
2011-01-27,0.0,0.0,0.0,0.0,0.0,0.0
2011-01-28,0.0,0.0,0.0,0.0,0.0,0.0
2011-01-29,0.0,0.0,0.0,0.0,0.0,0.0
2011-01-30,0.0,0.0,0.0,0.0,0.0,0.0
2011-01-31,0.0,0.0,0.0,0.0,0.0,0.0
2011-02-01,0.0,0.0,0.0,0.0,0.0,0.0
2011-02-02,0.0,0.0,0.0,0.0,0.0,0.0
2011-02-03,0.0,0.0,0.0,0.0,0.0,0.0
2011-02-04,0.0,0.0,0.0,0.0,0.0,0.0
2011-02-05,0.0,0.0,0.0,0.0,0.0,0.0
2011-02-06,0.0,0.0,0.0,0.0,0.0,0.0
2011-02-07,0.0,0.0,0.0,0.0,0.0,0.0
2011-02-08,0.0,0.0,0.0,0.0,0.0,0.0
2011-02-09,0.0,0.0,0.0,0.0,0.0,0.0
2011-02-10,0.0,0.0,0.0,0.0,0.0,0.0
2011-02-11,0.0,0.0,0.0,0.0,0.0,0.0
2011-02-12,0.0,0.0,0.0,0.0,0.0,0.0
2011-02-13,0.0,0.0,0.0,0.0,0.0,0.0
2011-02-14,0.0,0.0,0.0,0.0,0.0,0.0
2011-02-15,0.0,0.0,0.0,0.0,0.0,0.0
2011-02-16,0.0,0.0,0.0,0.0,0.0,0.0
2011-02-17,0.0,0.0,0.0,0.0,0.0,0.0
2011-02-18,0.0,0.0,0.0,0.0,0.0,0.0
2011-02-19,0.0,0.0,0.0,0.0,0.0,0.0
2011-02-20,0.0,0.0,0.0,0.0,0.0,0.0
2011-02-21,0.0,0.0,0.0,0.0,0.0,0.0
2011-02-22,0.0,0.0,0.0,0.0,0.0,0.0
2011-02-23,0.0,0.0,0.0,0.0,0.0,0.0
2011-02-24,0.0,0.0,0.0,0.0,0.0,0.0
2011-02-25,0.0,0.0,0.0,0.0,0.0,0.0
2011-02-26,0.0,0.0,0.0,0.0,0.0,0.0
2011-02-27,0.0,0.0,0.0,0.0,0.0,0.0
2011-02-28,0.0,0.0,0.0,0.0,0.0,0.0
2011-03-01,0.0,0.0,0.0,0.0,0.0,0.0
2011-03-02,0.0,0.0,0.0,0.0,0.0,0.0
2011-03-03,0.0,0.0,0.0,0.0,0.0,0.0
2011-03-04,0.0,0.0,0.0,0.0,0.0,0.0
2011-03-05,0.0,0.0,0.0,0.0,0.0,0.0
2011-03-06,0.0,0.0,0.0,0.0,0.0,0.0
2011-03-07,0.0,0.0,0.0,0.0,0.0,0.0
2011-03-08,0.0,0.0,0.0,0.0,0.0,0.0
2011-03-09,0.0,0.0,0.0,0.0,0.0,0.0
2011-03-10,0.0,0.0,0.0,0.0,0.0,0.0
2011-03-11,0.0,0.0,0.0,0.0,0.0,0.0
2011-03-12,0.0,0.0,0.0,0.0,0.0,0.0
2011-03-13,0.0,0.0,0.0,0.0,0.0,0.0
2011-03-14,0.0,0.0,0.0,0.0,0.0,0.0
2011-03-15,0.0,0.0,0.0,0.0,0.0,0.0
2011-03-16,0.0,0.0,0.0,0.0,0.0,0.0
2011-03-17,0.0,0.0,0.0,0.0,0.0,0.0
2011-03-18,0.0,0.0,0.0,0.0,0.0,0.0
2011-03-19,0.0,0.0,0.0,0.0,0.0,0.0
2011-03-20,0.0,0.0,0.0,0.0,0.0,0.0
2011-03-21,0.0,0.0,0.0,0.0,0.0,0.0
2011-03-22,0.0,0.0,0.0,0.0,0.0,0.0
2011-03-23,0.0,0.0,0.0,0.0,0.0,0.0
2011-03-24,0.0,0.0,0.0,0.0,0.0,0.0
2011-03-25,0.0,0.0,0.0,0.0,0.0,0.0
2011-03-26,0.0,0.0,0.0,0.0,0.0,0.0
2011-03-27,0.0,0.0,0.0,0.0,0.0,0.0
2011-03-28,0.0,0.0,0.0,0.0,0.0,0.0
2011-03-29,0.0,0.0,0.0,0.0,0.0,0.0
2011-03-30,0.0,0.0,0.0,0.0,0.0,0.0
2011-03-31,0.0,0.0,0.0,0.0,0.0,0.0
2011-04-01,0.0,0.0,0.0,0.0,0.0,0.0
2011-04-02,0.0,0.0,0.0,0.0,0.0,0.0
2011-04-03,0.0,0.0,0.0,0.0,0.0,0.0
2011-04-04,0.0,0.0,0.0,0.0,0.0,0.0
2011-04-05,0.0,0.0,0.0,0.0,0.0,0.0
2011-04-06,0.0,0.0,0.0,0.0,0.0,0.0
2011-04-07,0.0,0.0,0.0,0.0,0.0,0.0
2011-04-08,0.0,0.0,0.0,0.0,0.0,0.0
2011-04-09,0.0,0.0,0.0,0.0,0.0,0.0
2011-04-10,0.0,0.0,0.0,0.0,0.0,0.0
2011-04-11,0.0,0.0,0.0,0.0,0.0,0.0
2011-04-12,0.0,0.0,0.0,0.0,0.0,0.0
2011-04-13,0.0,0.0,0.0,0.0,0.0,0.0
2011-04-14,0.0,0.0,0.0,0.0,0.0,0.0
2011-04-15,0.0,0.0,0.0,0.0,0.0,0.0
2011-04-16,0.0,0.0,0.0,0.0,0.0,0.0
2011-04-17,0.0,0.0,0.0,0.0,0.0,0.0
2011-04-18,0.0,0.0,0.0,0.0,0.0,0.0
2011-04-19,0.0,0.0,0.0,0.0,0.0,0.0
2011-04-20,0.0,0.0,0.0,0.0,0.0,0.0
2011-04-21,0.0,0.0,0.0,0.0,0.0,0.0
2011-04-22,0.0,0.0,0.0,0.0,0.0,0.0
2011-04-23,0.0,0.0,0.0,0.0,0.0,0.0
2011-04-24,0.0,0.0,0.0,0.0,0.0,0.0
2011-04-25,0.0,0.0,0.0,0.0,0.0,0.0
2011-04-26,0.0,0.0,0.0,0.0,0.0,0.0
2011-04-27,0.0,0.0,0.0,0.0,0.0,0.0
2011-04-28,0.0,0.0,0.0,0.0,0.0,0.0
2011-04-29,0.0,0.0,0.0,0.0,0.0,0.0
2011-04-30,0.0,0.0,0.0,0.0,0.0,0.0
2011-05-01,0.0,0.0,0.0,0.0,0.0,0.0
2011-05-02,0.0,0.0,0.0,0.0,0.0,0.0
2011-05-03,0.0,0.0,0.0,0.0,0.0,0.0
2011-05-04,0.0,0.0,0.0,0.0,0.0,0.0
2011-05-05,0.0,0.0,0.0,0.0,0.0,0.0
2011-05-06,0.0,0.0,0.0,0.0,0.0,0.0
2011-05-07,0.0,0.0,0.0,0.0,0.0,0.0
2011-05-08,0.0,0.0,0.0,0.0,0.0,0.0
2011-05-09,0.0,0.0,0.0,0.0,0.0,0.0
2011-05-10,0.0,0.0,0.0,0.0,0.0,0.0
2011-05-11,0.0,0.0,0.0,0.0,0.0,0.0
2011-05-12,0.0,0.0,0.0,0.0,0.0,0.0
2011-05-13,0.0,0.0,0.0,0.0,0.0,0.0
2011-05-14,0.0,0.0,0.0,0.0,0.0,0.0
2011-05-15,0.0,0.0,0.0,0.0,0.0,0.0
2011-05-16,0.0,0.0,0.0,0.0,0.0,0.0
2011-05-17,0.0,0.0,0.0,0.0,0.0,0.0
2011-05-18,0.0,0.0,0.0,0.0,0.0,0.0
2011-05-19,0.0,0.0,0.0,0.0,0.0,0.0
2011-05-20,0.0,0.0,0.0,0.0,0.0,0.0
2011-05-21,0.0,0.0,0.0,0.0,0.0,0.0
2011-05-22,0.0,0.0,0.0,0.0,0.0,0.0
2011-05-23,0.0,0.0,0.0,0.0,0.0,0.0
2011-05-24,0.0,0.0,0.0,0.0,0.0,0.0
2011-05-25,0.0,0.0,0.0,0.0,0.0,0.0
2011-05-26,0.0,0.0,0.0,0.0,0.0,0.0
2011-05-27,0.0,0.0,0.0,0.0,0.0,0.0
2011-05-28,0.0,0.0,0.0,0.0,0.0,0.0
2011-05-29,0.0,0.0,0.0,0.0,0.0,0.0
2011-05-30,0.0,0.0,0.0,0.0,0.0,0.0
2011-05-31,0.0,0.0,0.0,0.0,0.0,0.0
2011-06-01,0.0,0.0,0.0,0.0,0.0,0.0
2011-06-02,0.0,0.0,0.0,0.0,0.0,0.0
2011-06-03,0.0,0.0,0.0,0.0,0.0,0.0
2011-06-04,0.0,0.0,0.0,0.0,0.0,0.0
2011-06-05,0.0,0.0,0.0,0.0,0.0,0.0
2011-06-06,0.0,0.0,0.0,0.0,0.0,0.0
2011-06-07,0.0,0.0,0.0,0.0,0.0,0.0
2011-06-08,0.0,0.0,0.0,0.0,0.0,0.0
2011-06-09,0.0,0.0,0.0,0.0,0.0,0.0
2011-06-10,0.0,0.0,0.0,0.0,0.0,0.0
2011-06-11,0.0,0.0,0.0,0.0,0.0,0.0
2011-06-12,0.0,0.0,0.0,0.0,0.0,0.0
2011-06-13,0.0,0.0,0.0,0.0,0.0,0.0
2011-06-14,0.0,0.0,0.0,0.0,0.0,0.0
2011-06-15,0.0,0.0,0.0,0.0,0.0,0.0
2011-06-16,0.0,0.0,0.0,0.0,0.0,0.0
2011-06-17,0.0,0.0,0.0,0.0,0.0,0.0
2011-06-18,0.0,0.0,0.0,0.0,0.0,0.0
2011-06-19,0.0,0.0,0.0,0.0,0.0,0.0
2011-06-20,0.0,0.0,0.0,0.0,0.0,0.0
2011-06-21,0.0,0.0,0.0,0.0,0.0,0.0
2011-06-22,0.0,0.0,0.0,0.0,0.0,0.0
2011-06-23,0.0,0.0,0.0,0.0,0.0,0.0
2011-06-24,0.0,0.0,0.0,0.0,0.0,0.0
2011-06-25,0.0,0.0,0.0,0.0,0.0,0.0
2011-06-26,0.0,0.0,0.0,0.0,0.0,0.0
2011-06-27,0.0,0.0,0.0,0.0,0.0,0.0
2011-06-28,0.0,0.0,0.0,0.0,0.0,0.0
2011-06-29,0.0,0.0,0.0,0.0,0.0,0.0
2011-06-30,0.0,0.0,0.0,0.0,0.0,0.0
2011-07-01,0.0,0.0,0.0,0.0,0.0,0.0
2011-07-02,0.0,0.0,0.0,0.0,0.0,0.0
2011-07-03,0.0,0.0,0.0,0.0,0.0,0.0
2011-07-04,0.0,0.0,0.0,0.0,0.0,0.0
2011-07-05,0.0,0.0,0.0,0.0,0.0,0.0
2011-07-06,0.0,0.0,0.0,0.0,0.0,0.0
2011-07-07,0.0,0.0,0.0,0.0,0.0,0.0
2011-07-08,0.0,0.0,0.0,0.0,0.0,0.0
2011-07-09,0.0,0.0,0.0,0.0,0.0,0.0
2011-07-10,0.0,0.0,0.0,0.0,0.0,0.0
2011-07-11,0.0,0.0,0.0,0.0,0.0,0.0
2011-07-12,0.0,0.0,0.0,0.0,0.0,0.0
2011-07-13,0.0,0.0,0.0,0.0,0.0,0.0
2011-07-14,0.0,0.0,0.0,0.0,0.0,0.0
2011-07-15,0.0,0.0,0.0,0.0,0.0,0.0
2011-07-16,0.0,0.0,0.0,0.0,0.0,0.0
2011-07-17,0.0,0.0,0.0,0.0,0.0,0.0
2011-07-18,0.0,0.0,0.0,0.0,0.0,0.0
2011-07-19,0.0,0.0,0.0,0.0,0.0,0.0
2011-07-20,0.0,0.0,0.0,0.0,0.0,0.0
2011-07-21,0.0,0.0,0.0,0.0,0.0,0.0
2011-07-22,0.0,0.0,0.0,0.0,0.0,0.0
2011-07-23,0.0,0.0,0.0,0.0,0.0,0.0
2011-07-24,0.0,0.0,0.0,0.0,0.0,0.0
2011-07-25,0.0,0.0,0.0,0.0,0.0,0.0
2011-07-26,0.0,0.0,0.0,0.0,0.0,0.0
2011-07-27,0.0,0.0,0.0,0.0,0.0,0.0
2011-07-28,0.0,0.0,0.0,0.0,0.0,0.0
2011-07-29,0.0,0.0,0.0,0.0,0.0,0.0
2011-07-30,0.0,0.0,0.0,0.0,0.0,0.0
2011-07-31,0.0,0.0,0.0,0.0,0.0,0.0
2011-08-01,0.0,0.0,0.0,0.0,0.0,0.0
2011-08-02,0.0,0.0,0.0,0.0,0.0,0.0
2011-08-03,0.0,0.0,0.0,0.0,0.0,0.0
2011-08-04,0.0,0.0,0.0,0.0,0.0,0.0
2011-08-05,0.0,0.0,0.0,0.0,0.0,0.0
2011-08-06,0.0,0.0,0.0,0.0,0.0,0.0
2011-08-07,0.0,0.0,0.0,0.0,0.0,0.0
2011-08-08,0.0,0.0,0.0,0.0,0.0,0.0
2011-08-09,0.0,0.0,0.0,0.0,0.0,0.0
2011-08-10,0.0,0.0,0.0,0.0,0.0,0.0
2011-08-11,0.0,0.0,0.0,0.0,0.0,0.0
2011-08-12,0.0,0.0,0.0,0.0,0.0,0.0
2011-08-13,0.0,0.0,0.0,0.0,0.0,0.0
2011-08-14,0.0,0.0,0.0,0.0,0.0,0.0
2011-08-15,0.0,0.0,0.0,0.0,0.0,0.0
2011-08-16,0.0,0.0,0.0,0.0,0.0,0.0
2011-08-17,0.0,0.0,0.0,0.0,0.0,0.0
2011-08-18,0.0,0.0,0.0,0.0,0.0,0.0
2011-08-19,0.0,0.0,0.0,0.0,0.0,0.0
2011-08-20,0.0,0.0,0.0,0.0,0.0,0.0
2011-08-21,0.0,0.0,0.0,0.0,0.0,0.0
2011-08-22,0.0,0.0,0.0,0.0,0.0,0.0
2011-08-23,0.0,0.0,0.0,0.0,0.0,0.0
2011-08-24,0.0,0.0,0.0,0.0,0.0,0.0
2011-08-25,0.0,0.0,0.0,0.0,0.0,0.0
2011-08-26,0.0,0.0,0.0,0.0,0.0,0.0
2011-08-27,0.0,0.0,0.0,0.0,0.0,0.0
2011-08-28,0.0,0.0,0.0,0.0,0.0,0.0
2011-08-29,0.0,0.0,0.0,0.0,0.0,0.0
2011-08-30,0.0,0.0,0.0,0.0,0.0,0.0
2011-08-31,0.0,0.0,0.0,0.0,0.0,0.0
2011-09-01,0.0,0.0,0.0,0.0,0.0,0.0
2011-09-02,0.0,0.0,0.0,0.0,0.0,0.0
2011-09-03,0.0,0.0,0.0,0.0,0.0,0.0
2011-09-04,0.0,0.0,0.0,0.0,0.0,0.0
2011-09-05,0.0,0.0,0.0,0.0,0.0,0.0
2011-09-06,0.0,0.0,0.0,0.0,0.0,0.0
2011-09-07,0.0,0.0,0.0,0.0,0.0,0.0
2011-09-08,0.0,0.0,0.0,0.0,0.0,0.0
2011-09-09,0.0,0.0,0.0,0.0,0.0,0.0
2011-09-10,0.0,0.0,0.0,0.0,0.0,0.0
2011-09-11,0.0,0.0,0.0,0.0,0.0,0.0
2011-09-12,0.0,0.0,0.0,0.0,0.0,0.0
2011-09-13,0.0,0.0,0.0,0.0,0.0,0.0
2011-09-14,0.0,0.0,0.0,0.0,0.0,0.0
2011-09-15,0.0,0.0,0.0,0.0,0.0,0.0
2011-09-16,0.0,0.0,0.0,0.0,0.0,0.0
2011-09-17,0.0,0.0,0.0,0.0,0.0,0.0
2011-09-18,0.0,0.0,0.0,0.0,0.0,0.0
2011-09-19,0.0,0.0,0.0,0.0,0.0,0.0
2011-09-20,0.0,0.0,0.0,0.0,0.0,0.0
2011-09-21,0.0,0.0,0.0,0.0,0.0,0.0
2011-09-22,0.0,0.0,0.0,0.0,0.0,0.0
2011-09-23,0.0,0.0,0.0,0.0,0.0,0.0
2011-09-24,0.0,0.0,0.0,0.0,0.0,0.0
2011-09-25,0.0,0.0,0.0,0.0,0.0,0.0
2011-09-26,0.0,0.0,0.0,0.0,0.0,0.0
2011-09-27,0.0,0.0,0.0,0.0,0.0,0.0
2011-09-28,0.0,0.0,0.0,0.0,0.0,0.0
2011-09-29,0.0,0.0,0.0,0.0,0.0,0.0
2011-09-30,0.0,0.0,0.0,0.0,0.0,0.0
2011-10-01,0.0,0.0,0.0,0.0,0.0,0.0
2011-10-02,0.0,0.0,0.0,0.0,0.0,0.0
2011-10-03,0.0,0.0,0.0,0.0,0.0,0.0
2011-10-04,0.0,0.0,0.0,0.0,0.0,0.0
2011-10-05,0.0,0.0,0.0,0.0,0.0,0.0
2011-10-06,0.0,0.0,0.0,0.0,0.0,0.0
2011-10-07,0.0,0.0,0.0,0.0,0.0,0.0
2011-10-08,0.0,0.0,0.0,0.0,0.0,0.0
2011-10-09,0.0,0.0,0.0,0.0,0.0,0.0
2011-10-10,0.0,0.0,0.0,0.0,0.0,0.0
2011-10-11,0.0,0.0,0.0,0.0,0.0,0.0
2011-10-12,0.0,0.0,0.0,0.0,0.0,0.0
2011-10-13,0.0,0.0,0.0,0.0,0.0,0.0
2011-10-14,0.0,0.0,0.0,0.0,0.0,0.0
2011-10-15,0.0,0.0,0.0,0.0,0.0,0.0
2011-10-16,0.0,0.0,0.0,0.0,0.0,0.0
2011-10-17,0.0,0.0,0.0,0.0,0.0,0.0
2011-10-18,0.0,0.0,0.0,0.0,0.0,0.0
2011-10-19,0.0,0.0,0.0,0.0,0.0,0.0
2011-10-20,0.0,0.0,0.0,0.0,0.0,0.0
2011-10-21,0.0,0.0,0.0,0.0,0.0,0.0
2011-10-22,0.0,0.0,0.0,0.0,0.0,0.0
2011-10-23,0.0,0.0,0.0,0.0,0.0,0.0
2011-10-24,0.0,0.0,0.0,0.0,0.0,0.0
2011-10-25,0.0,0.0,0.0,0.0,0.0,0.0
2011-10-26,0.0,0.0,0.0,0.0,0.0,0.0
2011-10-27,0.0,0.0,0.0,0.0,0.0,0.0
2011-10-28,0.0,0.0,0.0,0.0,0.0,0.0
2011-10-29,0.0,0.0,0.0,0.0,0.0,0.0
2011-10-30,0.0,0.0,0.0,0.0,0.0,0.0
2011-10-31,0.0,0.0,0.0,0.0,0.0,0.0
2011-11-01,0.0,0.0,0.0,0.0,0.0,0.0
2011-11-02,0.0,0.0,0.0,0.0,0.0,0.0
2011-11-03,0.0,0.0,0.0,0.0,0.0,0.0
2011-11-04,0.0,0.0,0.0,0.0,0.0,0.0
2011-11-05,0.0,0.0,0.0,0.0,0.0,0.0
2011-11-06,0.0,0.0,0.0,0.0,0.0,0.0
2011-11-07,0.0,0.0,0.0,0.0,0.0,0.0
2011-11-08,0.0,0.0,0.0,0.0,0.0,0.0
2011-11-09,0.0,0.0,0.0,0.0,0.0,0.0
2011-11-10,0.0,0.0,0.0,0.0,0.0,0.0
2011-11-11,0.0,0.0,0.0,0.0,0.0,0.0
2011-11-12,0.0,0.0,0.0,0.0,0.0,0.0
2011-11-13,0.0,0.0,0.0,0.0,0.0,0.0
2011-11-14,0.0,0.0,0.0,0.0,0.0,0.0
2011-11-15,0.0,0.0,0.0,0.0,0.0,0.0
2011-11-16,0.0,0.0,0.0,0.0,0.0,0.0
2011-11-17,0.0,0.0,0.0,0.0,0.0,0.0
2011-11-18,0.0,0.0,0.0,0.0,0.0,0.0
2011-11-19,0.0,0.0,0.0,0.0,0.0,0.0
2011-11-20,0.0,0.0,0.0,0.0,0.0,0.0
2011-11-21,0.0,0.0,0.0,0.0,0.0,0.0
2011-11-22,0.0,0.0,0.0,0.0,0.0,0.0
2011-11-23,0.0,0.0,0.0,0.0,0.0,0.0
2011-11-24,0.0,0.0,0.0,0.0,0.0,0.0
2011-11-25,0.0,0.0,0.0,0.0,0.0,0.0
2011-11-26,0.0,0.0,0.0,0.0,0.0,0.0
2011-11-27,0.0,0.0,0.0,0.0,0.0,0.0
2011-11-28,0.0,0.0,0.0,0.0,0.0,0.0
2011-11-29,0.0,0.0,0.0,0.0,0.0,0.0
2011-11-30,0.0,0.0,0.0,0.0,0.0,0.0
2011-12-01,0.0,0.0,0.0,0.0,0.0,0.0
2011-12-02,0.0,0.0,0.0,0.0,0.0,0.0
2011-12-03,0.0,0.0,0.0,0.0,0.0,0.0
2011-12-04,0.0,0.0,0.0,0.0,0.0,0.0
2011-12-05,0.0,0.0,0.0,0.0,0.0,0.0
2011-12-06,0.0,0.0,0.0,0.0,0.0,0.0
2011-12-07,0.0,0.0,0.0,0.0,0.0,0.0
2011-12-08,0.0,0.0,0.0,0.0,0.0,0.0
2011-12-09,0.0,0.0,0.0,0.0,0.0,0.0
2011-12-10,0.0,0.0,0.0,0.0,0.0,0.0
2011-12-11,0.0,0.0,0.0,0.0,0.0,0.0
2011-12-12,0.0,0.0,0.0,0.0,0.0,0.0
2011-12-13,0.0,0.0,0.0,0.0,0.0,0.0
2011-12-14,0.0,0.0,0.0,0.0,0.0,0.0
2011-12-15,0.0,0.0,0.0,0.0,0.0,0.0
2011-12-16,0.0,0.0,0.0,0.0,0.0,0.0
2011-12-17,0.0,0.0,0.0,0.0,0.0,0.0
2011-12-18,0.0,0.0,0.0,0.0,0.0,0.0
2011-12-19,0.0,0.0,0.0,0.0,0.0,0.0
2011-12-20,0.0,0.0,0.0,0.0,0.0,0.0
2011-12-21,0.0,0.0,0.0,0.0,0.0,0.0
2011-12-22,0.0,0.0,0.0,0.0,0.0,0.0
2011-12-23,0.0,0.0,0.0,0.0,0.0,0.0
2011-12-24,0.0,0.0,0.0,0.0,0.0,0.0
2011-12-25,0.0,0.0,0.0,0.0,0.0,0.0
2011-12-26,0.0,0.0,0.0,0.0,0.0,0.0
2011-12-27,0.0,0.0,0.0,0.0,0.0,0.0
2011-12-28,0.0,0.0,0.0,0.0,0.0,0.0
2011-12-29,0.0,0.0,0.0,0.0,0.0,0.0
2011-12-30,0.0,0.0,0.0,0.0,0.0,0.0
2011-12-31,0.0,0.0,0.0,0.0,0.0,0.0
2012-01-01,0.0,0.0,0.0,0.0,0.0,0.0
2012-01-02,0.0,0.0,0.0,0.0,0.0,0.0
2012-01-03,0.0,0.0,0.0,0.0,0.0,0.0
2012-01-04,0.0,0.0,0.0,0.0,0.0,0.0
2012-01-05,0.0,0.0,0.0,0.0,0.0,0.0
2012-01-06,0.0,0.0,0.0,0.0,0.0,0.0
2012-01-07,0.0,0.0,0.0,0.0,0.0,0.0
2012-01-08,0.0,0.0,0.0,0.0,0.0,0.0
2012-01-09,0.0,0.0,0.0,0.0,0.0,0.0
2012-01-10,0.0,0.0,0.0,0.0,0.0,0.0
2012-01-11,0.0,0.0,0.0,0.0,0.0,0.0
2012-01-12,0.0,0.0,0.0,0.0,0.0,0.0
2012-01-13,0.0,0.0,0.0,0.0,0.0,0.0
2012-01-14,0.0,0.0,0.0,0.0,0.0,0.0
2012-01-15,0.0,0.0,0.0,0.0,0.0,0.0
2012-01-16,0.0,0.0,0.0,0.0,0.0,0.0
2012-01-17,0.0,0.0,0.0,0.0,0.0,0.0
2012-01-18,0.0,0.0,0.0,0.0,0.0,0.0
2012-01-19,0.0,0.0,0.0,0.0,0.0,0.0
2012-01-20,0.0,0.0,0.0,0.0,0.0,0.0
2012-01-21,0.0,0.0,0.0,0.0,0.0,0.0
2012-01-22,0.0,0.0,0.0,0.0,0.0,0.0
2012-01-23,0.0,0.0,0.0,0.0,0.0,0.0
2012-01-24,0.0,0.0,0.0,0.0,0.0,0.0
2012-01-25,0.0,0.0,0.0,0.0,0.0,0.0
2012-01-26,0.0,0.0,0.0,0.0,0.0,0.0
2012-01-27,0.0,0.0,0.0,0.0,0.0,0.0
2012-01-28,0.0,0.0,0.0,0.0,0.0,0.0
2012-01-29,0.0,0.0,0.0,0.0,0.0,0.0
2012-01-30,0.0,0.0,0.0,0.0,0.0,0.0
2012-01-31,0.0,0.0,0.0,0.0,0.0,0.0
2012-02-01,0.0,0.0,0.0,0.0,0.0,0.0
2012-02-02,0.0,0.0,0.0,0.0,0.0,0.0
2012-02-03,0.0,0.0,0.0,0.0,0.0,0.0
2012-02-04,0.0,0.0,0.0,0.0,0.0,0.0
2012-02-05,0.0,0.0,0.0,0.0,0.0,0.0
2012-02-06,0.0,0.0,0.0,0.0,0.0,0.0
2012-02-07,0.0,0.0,0.0,0.0,0.0,0.0
2012-02-08,0.0,0.0,0.0,0.0,0.0,0.0
2012-02-09,0.0,0.0,0.0,0.0,0.0,0.0
2012-02-10,0.0,0.0,0.0,0.0,0.0,0.0
2012-02-11,0.0,0.0,0.0,0.0,0.0,0.0
2012-02-12,0.0,0.0,0.0,0.0,0.0,0.0
2012-02-13,0.0,0.0,0.0,0.0,0.0,0.0
2012-02-14,0.0,0.0,0.0,0.0,0.0,0.0
2012-02-15,0.0,0.0,0.0,0.0,0.0,0.0
2012-02-16,0.0,0.0,0.0,0.0,0.0,0.0
2012-02-17,0.0,0.0,0.0,0.0,0.0,0.0
2012-02-18,0.0,0.0,0.0,0.0,0.0,0.0
2012-02-19,0.0,0.0,0.0,0.0,0.0,0.0
2012-02-20,0.0,0.0,0.0,0.0,0.0,0.0
2012-02-21,0.0,0.0,0.0,0.0,0.0,0.0
2012-02-22,0.0,0.0,0.0,0.0,0.0,0.0
2012-02-23,0.0,0.0,0.0,0.0,0.0,0.0
2012-02-24,0.0,0.0,0.0,0.0,0.0,0.0
2012-02-25,0.0,0.0,0.0,0.0,0.0,0.0
2012-02-26,0.0,0.0,0.0,0.0,0.0,0.0
2012-02-27,0.0,0.0,0.0,0.0,0.0,0.0
2012-02-28,0.0,0.0,0.0,0.0,0.0,0.0
2012-02-29,0.0,0.0,0.0,0.0,0.0,0.0
2012-03-01,0.0,0.0,0.0,0.0,0.0,0.0
2012-03-02,0.0,0.0,0.0,0.0,0.0,0.0
2012-03-03,0.0,0.0,0.0,0.0,0.0,0.0
2012-03-04,0.0,0.0,0.0,0.0,0.0,0.0
2012-03-05,0.0,0.0,0.0,0.0,0.0,0.0
2012-03-06,0.0,0.0,0.0,0.0,0.0,0.0
2012-03-07,0.0,0.0,0.0,0.0,0.0,0.0
2012-03-08,0.0,0.0,0.0,0.0,0.0,0.0
2012-03-09,0.0,0.0,0.0,0.0,0.0,0.0
2012-03-10,0.0,0.0,0.0,0.0,0.0,0.0
2012-03-11,0.0,0.0,0.0,0.0,0.0,0.0
2012-03-12,0.0,0.0,0.0,0.0,0.0,0.0
2012-03-13,0.0,0.0,0.0,0.0,0.0,0.0
2012-03-14,0.0,0.0,0.0,0.0,0.0,0.0
2012-03-15,0.0,0.0,0.0,0.0,0.0,0.0
2012-03-16,0.0,0.0,0.0,0.0,0.0,0.0
2012-03-17,0.0,0.0,0.0,0.0,0.0,0.0
2012-03-18,0.0,0.0,0.0,0.0,0.0,0.0
2012-03-19,0.0,0.0,0.0,0.0,0.0,0.0
2012-03-20,0.0,0.0,0.0,0.0,0.0,0.0
2012-03-21,0.0,0.0,0.0,0.0,0.0,0.0
2012-03-22,0.0,0.0,0.0,0.0,0.0,0.0
2012-03-23,0.0,0.0,0.0,0.0,0.0,0.0
2012-03-24,0.0,0.0,0.0,0.0,0.0,0.0
2012-03-25,0.0,0.0,0.0,0.0,0.0,0.0
2012-03-26,0.0,0.0,0.0,0.0,0.0,0.0
2012-03-27,0.0,0.0,0.0,0.0,0.0,0.0
2012-03-28,0.0,0.0,0.0,0.0,0.0,0.0
2012-03-29,0.0,0.0,0.0,0.0,0.0,0.0
2012-03-30,0.0,0.0,0.0,0.0,0.0,0.0
2012-03-31,0.0,0.0,0.0,0.0,0.0,0.0
2012-04-01,0.0,0.0,0.0,0.0,0.0,0.0
2012-04-02,0.0,0.0,0.0,0.0,0.0,0.0
2012-04-03,0.0,0.0,0.0,0.0,0.0,0.0
2012-04-04,0.0,0.0,0.0,0.0,0.0,0.0
2012-04-05,0.0,0.0,0.0,0.0,0.0,0.0
2012-04-06,0.0,0.0,0.0,0.0,0.0,0.0
2012-04-07,0.0,0.0,0.0,0.0,0.0,0.0
2012-04-08,0.0,0.0,0.0,0.0,0.0,0.0
2012-04-09,0.0,0.0,0.0,0.0,0.0,0.0
2012-04-10,0.0,0.0,0.0,0.0,0.0,0.0
2012-04-11,0.0,0.0,0.0,0.0,0.0,0.0
2012-04-12,0.0,0.0,0.0,0.0,0.0,0.0
2012-04-13,0.0,0.0,0.0,0.0,0.0,0.0
2012-04-14,0.0,0.0,0.0,0.0,0.0,0.0
2012-04-15,0.0,0.0,0.0,0.0,0.0,0.0
2012-04-16,0.0,0.0,0.0,0.0,0.0,0.0
2012-04-17,0.0,0.0,0.0,0.0,0.0,0.0
2012-04-18,0.0,0.0,0.0,0.0,0.0,0.0
2012-04-19,0.0,0.0,0.0,0.0,0.0,0.0
2012-04-20,0.0,0.0,0.0,0.0,0.0,0.0
2012-04-21,0.0,0.0,0.0,0.0,0.0,0.0
2012-04-22,0.0,0.0,0.0,0.0,0.0,0.0
2012-04-23,0.0,0.0,0.0,0.0,0.0,0.0
2012-04-24,0.0,0.0,0.0,0.0,0.0,0.0
2012-04-25,0.0,0.0,0.0,0.0,0.0,0.0
2012-04-26,0.0,0.0,0.0,0.0,0.0,0.0
2012-04-27,0.0,0.0,0.0,0.0,0.0,0.0
2012-04-28,0.0,0.0,0.0,0.0,0.0,0.0
2012-04-29,0.0,0.0,0.0,0.0,0.0,0.0
2012-04-30,0.0,0.0,0.0,0.0,0.0,0.0
2012-05-01,0.0,0.0,0.0,0.0,0.0,0.0
2012-05-02,0.0,0.0,0.0,0.0,0.0,0.0
2012-05-03,0.0,0.0,0.0,0.0,0.0,0.0
2012-05-04,0.0,0.0,0.0,0.0,0.0,0.0
2012-05-05,0.0,0.0,0.0,0.0,0.0,0.0
2012-05-06,0.0,0.0,0.0,0.0,0.0,0.0
2012-05-07,0.0,0.0,0.0,0.0,0.0,0.0
2012-05-08,0.0,0.0,0.0,0.0,0.0,0.0
2012-05-09,0.0,0.0,0.0,0.0,0.0,0.0
2012-05-10,0.0,0.0,0.0,0.0,0.0,0.0
2012-05-11,0.0,0.0,0.0,0.0,0.0,0.0
2012-05-12,0.0,0.0,0.0,0.0,0.0,0.0
2012-05-13,0.0,0.0,0.0,0.0,0.0,0.0
2012-05-14,0.0,0.0,0.0,0.0,0.0,0.0
2012-05-15,0.0,0.0,0.0,0.0,0.0,0.0
2012-05-16,0.0,0.0,0.0,0.0,0.0,0.0
2012-05-17,0.0,0.0,0.0,0.0,0.0,0.0
2012-05-18,0.0,0.0,0.0,0.0,0.0,0.0
2012-05-19,0.0,0.0,0.0,0.0,0.0,0.0
2012-05-20,0.0,0.0,0.0,0.0,0.0,0.0
2012-05-21,0.0,0.0,0.0,0.0,0.0,0.0
2012-05-22,0.0,0.0,0.0,0.0,0.0,0.0
2012-05-23,0.0,0.0,0.0,0.0,0.0,0.0
2012-05-24,0.0,0.0,0.0,0.0,0.0,0.0
2012-05-25,0.0,0.0,0.0,0.0,0.0,0.0
2012-05-26,0.0,0.0,0.0,0.0,0.0,0.0
2012-05-27,0.0,0.0,0.0,0.0,0.0,0.0
2012-05-28,0.0,0.0,0.0,0.0,0.0,0.0
2012-05-29,0.0,0.0,0.0,0.0,0.0,0.0
2012-05-30,0.0,0.0,0.0,0.0,0.0,0.0
2012-05-31,0.0,0.0,0.0,0.0,0.0,0.0
2012-06-01,0.0,0.0,0.0,0.0,0.0,0.0
2012-06-02,0.0,0.0,0.0,0.0,0.0,0.0
2012-06-03,0.0,0.0,0.0,0.0,0.0,0.0
2012-06-04,0.0,0.0,0.0,0.0,0.0,0.0
2012-06-05,0.0,0.0,0.0,0.0,0.0,0.0
2012-06-06,0.0,0.0,0.0,0.0,0.0,0.0
2012-06-07,0.0,0.0,0.0,0.0,0.0,0.0
2012-06-08,0.0,0.0,0.0,0.0,0.0,0.0
2012-06-09,0.0,0.0,0.0,0.0,0.0,0.0
2012-06-10,0.0,0.0,0.0,0.0,0.0,0.0
2012-06-11,0.0,0.0,0.0,0.0,0.0,0.0
2012-06-12,0.0,0.0,0.0,0.0,0.0,0.0
2012-06-13,0.0,0.0,0.0,0.0,0.0,0.0
2012-06-14,0.0,0.0,0.0,0.0,0.0,0.0
2012-06-15,0.0,0.0,0.0,0.0,0.0,0.0
2012-06-16,0.0,0.0,0.0,0.0,0.0,0.0
2012-06-17,0.0,0.0,0.0,0.0,0.0,0.0
2012-06-18,0.0,0.0,0.0,0.0,0.0,0.0
2012-06-19,0.0,0.0,0.0,0.0,0.0,0.0
2012-06-20,0.0,0.0,0.0,0.0,0.0,0.0
2012-06-21,0.0,0.0,0.0,0.0,0.0,0.0
2012-06-22,0.0,0.0,0.0,0.0,0.0,0.0
2012-06-23,0.0,0.0,0.0,0.0,0.0,0.0
2012-06-24,0.0,0.0,0.0,0.0,0.0,0.0
2012-06-25,0.0,0.0,0.0,0.0,0.0,0.0
2012-06-26,0.0,0.0,0.0,0.0,0.0,0.0
2012-06-27,0.0,0.0,0.0,0.0,0.0,0.0
2012-06-28,0.0,0.0,0.0,0.0,0.0,0.0
2012-06-29,0.0,0.0,0.0,0.0,0.0,0.0
2012-06-30,0.0,0.0,0.0,0.0,0.0,0.0
2012-07-01,0.0,0.0,0.0,0.0,0.0,0.0
2012-07-02,0.0,0.0,0.0,0.0,0.0,0.0
2012-07-03,0.0,0.0,0.0,0.0,0.0,0.0
2012-07-04,0.0,0.0,0.0,0.0,0.0,0.0
2012-07-05,0.0,0.0,0.0,0.0,0.0,0.0
2012-07-06,0.0,0.0,0.0,0.0,0.0,0.0
2012-07-07,0.0,0.0,0.0,0.0,0.0,0.0
2012-07-08,0.0,0.0,0.0,0.0,0.0,0.0
2012-07-09,0.0,0.0,0.0,0.0,0.0,0.0
2012-07-10,0.0,0.0,0.0,0.0,0.0,0.0
2012-07-11,0.0,0.0,0.0,0.0,0.0,0.0
2012-07-12,0.0,0.0,0.0,0.0,0.0,0.0
2012-07-13,0.0,0.0,0.0,0.0,0.0,0.0
2012-07-14,0.0,0.0,0.0,0.0,0.0,0.0
2012-07-15,0.0,0.0,0.0,0.0,0.0,0.0
2012-07-16,0.0,0.0,0.0,0.0,0.0,0.0
2012-07-17,0.0,0.0,0.0,0.0,0.0,0.0
2012-07-18,0.0,0.0,0.0,0.0,0.0,0.0
2012-07-19,0.0,0.0,0.0,0.0,0.0,0.0
2012-07-20,0.0,0.0,0.0,0.0,0.0,0.0
2012-07-21,0.0,0.0,0.0,0.0,0.0,0.0
2012-07-22,0.0,0.0,0.0,0.0,0.0,0.0
2012-07-23,0.0,0.0,0.0,0.0,0.0,0.0
2012-07-24,0.0,0.0,0.0,0.0,0.0,0.0
2012-07-25,0.0,0.0,0.0,0.0,0.0,0.0
2012-07-26,0.0,0.0,0.0,0.0,0.0,0.0
2012-07-27,0.0,0.0,0.0,0.0,0.0,0.0
2012-07-28,0.0,0.0,0.0,0.0,0.0,0.0
2012-07-29,0.0,0.0,0.0,0.0,0.0,0.0
2012-07-30,0.0,0.0,0.0,0.0,0.0,0.0
2012-07-31,0.0,0.0,0.0,0.0,0.0,0.0
2012-08-01,0.0,0.0,0.0,0.0,0.0,0.0
2012-08-02,0.0,0.0,0.0,0.0,0.0,0.0
2012-08-03,0.0,0.0,0.0,0.0,0.0,0.0
2012-08-04,0.0,0.0,0.0,0.0,0.0,0.0
2012-08-05,0.0,0.0,0.0,0.0,0.0,0.0
2012-08-06,0.0,0.0,0.0,0.0,0.0,0.0
2012-08-07,0.0,0.0,0.0,0.0,0.0,0.0
2012-08-08,0.0,0.0,0.0,0.0,0.0,0.0
2012-08-09,0.0,0.0,0.0,0.0,0.0,0.0
2012-08-10,0.0,0.0,0.0,0.0,0.0,0.0
2012-08-11,0.0,0.0,0.0,0.0,0.0,0.0
2012-08-12,0.0,0.0,0.0,0.0,0.0,0.0
2012-08-13,0.0,0.0,0.0,0.0,0.0,0.0
2012-08-14,0.0,0.0,0.0,0.0,0.0,0.0
2012-08-15,0.0,0.0,0.0,0.0,0.0,0.0
2012-08-16,0.0,0.0,0.0,0.0,0.0,0.0
2012-08-17,0.0,0.0,0.0,0.0,0.0,0.0
2012-08-18,0.0,0.0,0.0,0.0,0.0,0.0
2012-08-19,0.0,0.0,0.0,0.0,0.0,0.0
2012-08-20,0.0,0.0,0.0,0.0,0.0,0.0
2012-08-21,0.0,0.0,0.0,0.0,0.0,0.0
2012-08-22,0.0,0.0,0.0,0.0,0.0,0.0
2012-08-23,0.0,0.0,0.0,0.0,0.0,0.0
2012-08-24,0.0,0.0,0.0,0.0,0.0,0.0
2012-08-25,0.0,0.0,0.0,0.0,0.0,0.0
2012-08-26,0.0,0.0,0.0,0.0,0.0,0.0
2012-08-27,0.0,0.0,0.0,0.0,0.0,0.0
2012-08-28,0.0,0.0,0.0,0.0,0.0,0.0
2012-08-29,0.0,0.0,0.0,0.0,0.0,0.0
2012-08-30,0.0,0.0,0.0,0.0,0.0,0.0
2012-08-31,0.0,0.0,0.0,0.0,0.0,0.0
2012-09-01,0.0,0.0,0.0,0.0,0.0,0.0
2012-09-02,0.0,0.0,0.0,0.0,0.0,0.0
2012-09-03,0.0,0.0,0.0,0.0,0.0,0.0
2012-09-04,0.0,0.0,0.0,0.0,0.0,0.0
2012-09-05,0.0,0.0,0.0,0.0,0.0,0.0
2012-09-06,0.0,0.0,0.0,0.0,0.0,0.0
2012-09-07,0.0,0.0,0.0,0.0,0.0,0.0
2012-09-08,0.0,0.0,0.0,0.0,0.0,0.0
2012-09-09,0.0,0.0,0.0,0.0,0.0,0.0
2012-09-10,0.0,0.0,0.0,0.0,0.0,0.0
2012-09-11,0.0,0.0,0.0,0.0,0.0,0.0
2012-09-12,0.0,0.0,0.0,0.0,0.0,0.0
2012-09-13,0.0,0.0,0.0,0.0,0.0,0.0
2012-09-14,0.0,0.0,0.0,0.0,0.0,0.0
2012-09-15,0.0,0.0,0.0,0.0,0.0,0.0
2012-09-16,0.0,0.0,0.0,0.0,0.0,0.0
2012-09-17,0.0,0.0,0.0,0.0,0.0,0.0
2012-09-18,0.0,0.0,0.0,0.0,0.0,0.0
2012-09-19,0.0,0.0,0.0,0.0,0.0,0.0
2012-09-20,0.0,0.0,0.0,0.0,0.0,0.0
2012-09-21,0.0,0.0,0.0,0.0,0.0,0.0
2012-09-22,0.0,0.0,0.0,0.0,0.0,0.0
2012-09-23,0.0,0.0,0.0,0.0,0.0,0.0
2012-09-24,0.0,0.0,0.0,0.0,0.0,0.0
2012-09-25,0.0,0.0,0.0,0.0,0.0,0.0
2012-09-26,0.0,0.0,0.0,0.0,0.0,0.0
2012-09-27,0.0,0.0,0.0,0.0,0.0,0.0
2012-09-28,0.0,0.0,0.0,0.0,0.0,0.0
2012-09-29,0.0,0.0,0.0,0.0,0.0,0.0
2012-09-30,0.0,0.0,0.0,0.0,0.0,0.0
2012-10-01,0.0,0.0,0.0,0.0,0.0,0.0
2012-10-02,0.0,0.0,0.0,0.0,0.0,0.0
2012-10-03,0.0,0.0,0.0,0.0,0.0,0.0
2012-10-04,0.0,0.0,0.0,0.0,0.0,0.0
2012-10-05,0.0,0.0,0.0,0.0,0.0,0.0
2012-10-06,0.0,0.0,0.0,0.0,0.0,0.0
2012-10-07,0.0,0.0,0.0,0.0,0.0,0.0
2012-10-08,0.0,0.0,0.0,0.0,0.0,0.0
2012-10-09,0.0,0.0,0.0,0.0,0.0,0.0
2012-10-10,0.0,0.0,0.0,0.0,0.0,0.0
2012-10-11,0.0,0.0,0.0,0.0,0.0,0.0
2012-10-12,0.0,0.0,0.0,0.0,0.0,0.0
2012-10-13,0.0,0.0,0.0,0.0,0.0,0.0
2012-10-14,0.0,0.0,0.0,0.0,0.0,0.0
2012-10-15,0.0,0.0,0.0,0.0,0.0,0.0
2012-10-16,0.0,0.0,0.0,0.0,0.0,0.0
2012-10-17,0.0,0.0,0.0,0.0,0.0,0.0
2012-10-18,0.0,0.0,0.0,0.0,0.0,0.0
2012-10-19,0.0,0.0,0.0,0.0,0.0,0.0
2012-10-20,0.0,0.0,0.0,0.0,0.0,0.0
2012-10-21,0.0,0.0,0.0,0.0,0.0,0.0
2012-10-22,0.0,0.0,0.0,0.0,0.0,0.0
2012-10-23,0.0,0.0,0.0,0.0,0.0,0.0
2012-10-24,0.0,0.0,0.0,0.0,0.0,0.0
2012-10-25,0.0,0.0,0.0,0.0,0.0,0.0
2012-10-26,0.0,0.0,0.0,0.0,0.0,0.0
2012-10-27,0.0,0.0,0.0,0.0,0.0,0.0
2012-10-28,0.0,0.0,0.0,0.0,0.0,0.0
2012-10-29,0.0,0.0,0.0,0.0,0.0,0.0
2012-10-30,0.0,0.0,0.0,0.0,0.0,0.0
2012-10-31,0.0,0.0,0.0,0.0,0.0,0.0
2012-11-01,0.0,0.0,0.0,0.0,0.0,0.0
2012-11-02,0.0,0.0,0.0,0.0,0.0,0.0
2012-11-03,0.0,0.0,0.0,0.0,0.0,0.0
2012-11-04,0.0,0.0,0.0,0.0,0.0,0.0
2012-11-05,0.0,0.0,0.0,0.0,0.0,0.0
2012-11-06,0.0,0.0,0.0,0.0,0.0,0.0
2012-11-07,0.0,0.0,0.0,0.0,0.0,0.0
2012-11-08,0.0,0.0,0.0,0.0,0.0,0.0
2012-11-09,0.0,0.0,0.0,0.0,0.0,0.0
2012-11-10,0.0,0.0,0.0,0.0,0.0,0.0
2012-11-11,0.0,0.0,0.0,0.0,0.0,0.0
2012-11-12,0.0,0.0,0.0,0.0,0.0,0.0
2012-11-13,0.0,0.0,0.0,0.0,0.0,0.0
2012-11-14,0.0,0.0,0.0,0.0,0.0,0.0
2012-11-15,0.0,0.0,0.0,0.0,0.0,0.0
2012-11-16,0.0,0.0,0.0,0.0,0.0,0.0
2012-11-17,0.0,0.0,0.0,0.0,0.0,0.0
2012-11-18,0.0,0.0,0.0,0.0,0.0,0.0
2012-11-19,0.0,0.0,0.0,0.0,0.0,0.0
2012-11-20,0.0,0.0,0.0,0.0,0.0,0.0
2012-11-21,0.0,0.0,0.0,0.0,0.0,0.0
2012-11-22,0.0,0.0,0.0,0.0,0.0,0.0
2012-11-23,0.0,0.0,0.0,0.0,0.0,0.0
2012-11-24,0.0,0.0,0.0,0.0,0.0,0.0
2012-11-25,0.0,0.0,0.0,0.0,0.0,0.0
2012-11-26,0.0,0.0,0.0,0.0,0.0,0.0
2012-11-27,0.0,0.0,0.0,0.0,0.0,0.0
2012-11-28,0.0,0.0,0.0,0.0,0.0,0.0
2012-11-29,0.0,0.0,0.0,0.0,0.0,0.0
2012-11-30,0.0,0.0,0.0,0.0,0.0,0.0
2012-12-01,0.0,0.0,0.0,0.0,0.0,0.0
2012-12-02,0.0,0.0,0.0,0.0,0.0,0.0
2012-12-03,0.0,0.0,0.0,0.0,0.0,0.0
2012-12-04,0.0,0.0,0.0,0.0,0.0,0.0
2012-12-05,0.0,0.0,0.0,0.0,0.0,0.0
2012-12-06,0.0,0.0,0.0,0.0,0.0,0.0
2012-12-07,0.0,0.0,0.0,0.0,0.0,0.0
2012-12-08,0.0,0.0,0.0,0.0,0.0,0.0
2012-12-09,0.0,0.0,0.0,0.0,0.0,0.0
2012-12-10,0.0,0.0,0.0,0.0,0.0,0.0
2012-12-11,0.0,0.0,0.0,0.0,0.0,0.0
2012-12-12,0.0,0.0,0.0,0.0,0.0,0.0
2012-12-13,0.0,0.0,0.0,0.0,0.0,0.0
2012-12-14,0.0,0.0,0.0,0.0,0.0,0.0
2012-12-15,0.0,0.0,0.0,0.0,0.0,0.0
2012-12-16,0.0,0.0,0.0,0.0,0.0,0.0
2012-12-17,0.0,0.0,0.0,0.0,0.0,0.0
2012-12-18,0.0,0.0,0.0,0.0,0.0,0.0
2012-12-19,0.0,0.0,0.0,0.0,0.0,0.0
2012-12-20,0.0,0.0,0.0,0.0,0.0,0.0
2012-12-21,0.0,0.0,0.0,0.0,0.0,0.0
2012-12-22,0.0,0.0,0.0,0.0,0.0,0.0
2012-12-23,0.0,0.0,0.0,0.0,0.0,0.0
2012-12-24,0.0,0.0,0.0,0.0,0.0,0.0
2012-12-25,0.0,0.0,0.0,0.0,0.0,0.0
2012-12-26,0.0,0.0,0.0,0.0,0.0,0.0
2012-12-27,0.0,0.0,0.0,0.0,0.0,0.0
2012-12-28,0.0,0.0,0.0,0.0,0.0,0.0
2012-12-29,0.0,0.0,0.0,0.0,0.0,0.0
2012-12-30,0.0,0.0,0.0,0.0,0.0,0.0
2012-12-31,0.0,0.0,0.0,0.0,0.0,0.0
2013-01-01,0.0,0.0,0.0,0.0,0.0,0.0
2013-01-02,0.0,0.0,0.0,0.0,0.0,0.0
2013-01-03,0.0,0.0,0.0,0.0,0.0,0.0
2013-01-04,0.0,0.0,0.0,0.0,0.0,0.0
2013-01-05,0.0,0.0,0.0,0.0,0.0,0.0
2013-01-06,0.0,0.0,0.0,0.0,0.0,0.0
2013-01-07,0.0,0.0,0.0,0.0,0.0,0.0
2013-01-08,0.0,0.0,0.0,0.0,0.0,0.0
2013-01-09,0.0,0.0,0.0,0.0,0.0,0.0
2013-01-10,0.0,0.0,0.0,0.0,0.0,0.0
2013-01-11,0.0,0.0,0.0,0.0,0.0,0.0
2013-01-12,0.0,0.0,0.0,0.0,0.0,0.0
2013-01-13,0.0,0.0,0.0,0.0,0.0,0.0
2013-01-14,0.0,0.0,0.0,0.0,0.0,0.0
2013-01-15,0.0,0.0,0.0,0.0,0.0,0.0
2013-01-16,0.0,0.0,0.0,0.0,0.0,0.0
2013-01-17,0.0,0.0,0.0,0.0,0.0,0.0
2013-01-18,0.0,0.0,0.0,0.0,0.0,0.0
2013-01-19,0.0,0.0,0.0,0.0,0.0,0.0
2013-01-20,0.0,0.0,0.0,0.0,0.0,0.0
2013-01-21,0.0,0.0,0.0,0.0,0.0,0.0
2013-01-22,0.0,0.0,0.0,0.0,0.0,0.0
2013-01-23,0.0,0.0,0.0,0.0,0.0,0.0
2013-01-24,0.0,0.0,0.0,0.0,0.0,0.0
2013-01-25,0.0,0.0,0.0,0.0,0.0,0.0
2013-01-26,0.0,0.0,0.0,0.0,0.0,0.0
2013-01-27,0.0,0.0,0.0,0.0,0.0,0.0
2013-01-28,0.0,0.0,0.0,0.0,0.0,0.0
2013-01-29,0.0,0.0,0.0,0.0,0.0,0.0
2013-01-30,0.0,0.0,0.0,0.0,0.0,0.0
2013-01-31,0.0,0.0,0.0,0.0,0.0,0.0
2013-02-01,0.0,0.0,0.0,0.0,0.0,0.0
2013-02-02,0.0,0.0,0.0,0.0,0.0,0.0
2013-02-03,0.0,0.0,0.0,0.0,0.0,0.0
2013-02-04,0.0,0.0,0.0,0.0,0.0,0.0
2013-02-05,0.0,0.0,0.0,0.0,0.0,0.0
2013-02-06,0.0,0.0,0.0,0.0,0.0,0.0
2013-02-07,0.0,0.0,0.0,0.0,0.0,0.0
2013-02-08,0.0,0.0,0.0,0.0,0.0,0.0
2013-02-09,0.0,0.0,0.0,0.0,0.0,0.0
2013-02-10,0.0,0.0,0.0,0.0,0.0,0.0
2013-02-11,0.0,0.0,0.0,0.0,0.0,0.0
2013-02-12,0.0,0.0,0.0,0.0,0.0,0.0
2013-02-13,0.0,0.0,0.0,0.0,0.0,0.0
2013-02-14,0.0,0.0,0.0,0.0,0.0,0.0
2013-02-15,0.0,0.0,0.0,0.0,0.0,0.0
2013-02-16,0.0,0.0,0.0,0.0,0.0,0.0
2013-02-17,0.0,0.0,0.0,0.0,0.0,0.0
2013-02-18,0.0,0.0,0.0,0.0,0.0,0.0
2013-02-19,0.0,0.0,0.0,0.0,0.0,0.0
2013-02-20,0.0,0.0,0.0,0.0,0.0,0.0
2013-02-21,0.0,0.0,0.0,0.0,0.0,0.0
2013-02-22,0.0,0.0,0.0,0.0,0.0,0.0
2013-02-23,0.0,0.0,0.0,0.0,0.0,0.0
2013-02-24,0.0,0.0,0.0,0.0,0.0,0.0
2013-02-25,0.0,0.0,0.0,0.0,0.0,0.0
2013-02-26,0.0,0.0,0.0,0.0,0.0,0.0
2013-02-27,0.0,0.0,0.0,0.0,0.0,0.0
2013-02-28,0.0,0.0,0.0,0.0,0.0,0.0
2013-03-01,0.0,0.0,0.0,0.0,0.0,0.0
2013-03-02,0.0,0.0,0.0,0.0,0.0,0.0
2013-03-03,0.0,0.0,0.0,0.0,0.0,0.0
2013-03-04,0.0,0.0,0.0,0.0,0.0,0.0
2013-03-05,0.0,0.0,0.0,0.0,0.0,0.0
2013-03-06,0.0,0.0,0.0,0.0,0.0,0.0
2013-03-07,0.0,0.0,0.0,0.0,0.0,0.0
2013-03-08,0.0,0.0,0.0,0.0,0.0,0.0
2013-03-09,0.0,0.0,0.0,0.0,0.0,0.0
2013-03-10,0.0,0.0,0.0,0.0,0.0,0.0
2013-03-11,0.0,0.0,0.0,0.0,0.0,0.0
2013-03-12,0.0,0.0,0.0,0.0,0.0,0.0
2013-03-13,0.0,0.0,0.0,0.0,0.0,0.0
2013-03-14,0.0,0.0,0.0,0.0,0.0,0.0
2013-03-15,0.0,0.0,0.0,0.0,0.0,0.0
2013-03-16,0.0,0.0,0.0,0.0,0.0,0.0
2013-03-17,0.0,0.0,0.0,0.0,0.0,0.0
2013-03-18,0.0,0.0,0.0,0.0,0.0,0.0
2013-03-19,0.0,0.0,0.0,0.0,0.0,0.0
2013-03-20,0.0,0.0,0.0,0.0,0.0,0.0
2013-03-21,0.0,0.0,0.0,0.0,0.0,0.0
2013-03-22,0.0,0.0,0.0,0.0,0.0,0.0
2013-03-23,0.0,0.0,0.0,0.0,0.0,0.0
2013-03-24,0.0,0.0,0.0,0.0,0.0,0.0
2013-03-25,0.0,0.0,0.0,0.0,0.0,0.0
2013-03-26,0.0,0.0,0.0,0.0,0.0,0.0
2013-03-27,0.0,0.0,0.0,0.0,0.0,0.0
2013-03-28,0.0,0.0,0.0,0.0,0.0,0.0
2013-03-29,0.0,0.0,0.0,0.0,0.0,0.0
2013-03-30,0.0,0.0,0.0,0.0,0.0,0.0
2013-03-31,0.0,0.0,0.0,0.0,0.0,0.0
2013-04-01,0.0,0.0,0.0,0.0,0.0,0.0
2013-04-02,0.0,0.0,0.0,0.0,0.0,0.0
2013-04-03,0.0,0.0,0.0,0.0,0.0,0.0
2013-04-04,0.0,0.0,0.0,0.0,0.0,0.0
2013-04-05,0.0,0.0,0.0,0.0,0.0,0.0
2013-04-06,0.0,0.0,0.0,0.0,0.0,0.0
2013-04-07,0.0,0.0,0.0,0.0,0.0,0.0
2013-04-08,0.0,0.0,0.0,0.0,0.0,0.0
2013-04-09,0.0,0.0,0.0,0.0,0.0,0.0
2013-04-10,0.0,0.0,0.0,0.0,0.0,0.0
2013-04-11,0.0,0.0,0.0,0.0,0.0,0.0
2013-04-12,0.0,0.0,0.0,0.0,0.0,0.0
2013-04-13,0.0,0.0,0.0,0.0,0.0,0.0
2013-04-14,0.0,0.0,0.0,0.0,0.0,0.0
2013-04-15,0.0,0.0,0.0,0.0,0.0,0.0
2013-04-16,0.0,0.0,0.0,0.0,0.0,0.0
2013-04-17,0.0,0.0,0.0,0.0,0.0,0.0
2013-04-18,0.0,0.0,0.0,0.0,0.0,0.0
2013-04-19,0.0,0.0,0.0,0.0,0.0,0.0
2013-04-20,0.0,0.0,0.0,0.0,0.0,0.0
2013-04-21,0.0,0.0,0.0,0.0,0.0,0.0
2013-04-22,0.0,0.0,0.0,0.0,0.0,0.0
2013-04-23,0.0,0.0,0.0,0.0,0.0,0.0
2013-04-24,0.0,0.0,0.0,0.0,0.0,0.0
2013-04-25,0.0,0.0,0.0,0.0,0.0,0.0
2013-04-26,0.0,0.0,0.0,0.0,0.0,0.0
2013-04-27,0.0,0.0,0.0,0.0,0.0,0.0
2013-04-28,0.0,0.0,0.0,0.0,0.0,0.0
2013-04-29,0.0,0.0,0.0,0.0,0.0,0.0
2013-04-30,0.0,0.0,0.0,0.0,0.0,0.0
2013-05-01,0.0,0.0,0.0,0.0,0.0,0.0
2013-05-02,0.0,0.0,0.0,0.0,0.0,0.0
2013-05-03,0.0,0.0,0.0,0.0,0.0,0.0
2013-05-04,0.0,0.0,0.0,0.0,0.0,0.0
2013-05-05,0.0,0.0,0.0,0.0,0.0,0.0
2013-05-06,0.0,0.0,0.0,0.0,0.0,0.0
2013-05-07,0.0,0.0,0.0,0.0,0.0,0.0
2013-05-08,0.0,0.0,0.0,0.0,0.0,0.0
2013-05-09,0.0,0.0,0.0,0.0,0.0,0.0
2013-05-10,0.0,0.0,0.0,0.0,0.0,0.0
2013-05-11,0.0,0.0,0.0,0.0,0.0,0.0
2013-05-12,0.0,0.0,0.0,0.0,0.0,0.0
2013-05-13,0.0,0.0,0.0,0.0,0.0,0.0
2013-05-14,0.0,0.0,0.0,0.0,0.0,0.0
2013-05-15,0.0,0.0,0.0,0.0,0.0,0.0
2013-05-16,0.0,0.0,0.0,0.0,0.0,0.0
2013-05-17,0.0,0.0,0.0,0.0,0.0,0.0
2013-05-18,0.0,0.0,0.0,0.0,0.0,0.0
2013-05-19,0.0,0.0,0.0,0.0,0.0,0.0
2013-05-20,0.0,0.0,0.0,0.0,0.0,0.0
2013-05-21,0.0,0.0,0.0,0.0,0.0,0.0
2013-05-22,0.0,0.0,0.0,0.0,0.0,0.0
2013-05-23,0.0,0.0,0.0,0.0,0.0,0.0
2013-05-24,0.0,0.0,0.0,0.0,0.0,0.0
2013-05-25,0.0,0.0,0.0,0.0,0.0,0.0
2013-05-26,0.0,0.0,0.0,0.0,0.0,0.0
2013-05-27,0.0,0.0,0.0,0.0,0.0,0.0
2013-05-28,0.0,0.0,0.0,0.0,0.0,0.0
2013-05-29,0.0,0.0,0.0,0.0,0.0,0.0
2013-05-30,0.0,0.0,0.0,0.0,0.0,0.0
2013-05-31,0.0,0.0,0.0,0.0,0.0,0.0
2013-06-01,0.0,0.0,0.0,0.0,0.0,0.0
2013-06-02,0.0,0.0,0.0,0.0,0.0,0.0
2013-06-03,0.0,0.0,0.0,0.0,0.0,0.0
2013-06-04,0.0,0.0,0.0,0.0,0.0,0.0
2013-06-05,0.0,0.0,0.0,0.0,0.0,0.0
2013-06-06,0.0,0.0,0.0,0.0,0.0,0.0
2013-06-07,0.0,0.0,0.0,0.0,0.0,0.0
2013-06-08,0.0,0.0,0.0,0.0,0.0,0.0
2013-06-09,0.0,0.0,0.0,0.0,0.0,0.0
2013-06-10,0.0,0.0,0.0,0.0,0.0,0.0
2013-06-11,0.0,0.0,0.0,0.0,0.0,0.0
2013-06-12,0.0,0.0,0.0,0.0,0.0,0.0
2013-06-13,0.0,0.0,0.0,0.0,0.0,0.0
2013-06-14,0.0,0.0,0.0,0.0,0.0,0.0
2013-06-15,0.0,0.0,0.0,0.0,0.0,0.0
2013-06-16,0.0,0.0,0.0,0.0,0.0,0.0
2013-06-17,0.0,0.0,0.0,0.0,0.0,0.0
2013-06-18,0.0,0.0,0.0,0.0,0.0,0.0
2013-06-19,0.0,0.0,0.0,0.0,0.0,0.0
2013-06-20,0.0,0.0,0.0,0.0,0.0,0.0
2013-06-21,0.0,0.0,0.0,0.0,0.0,0.0
2013-06-22,0.0,0.0,0.0,0.0,0.0,0.0
2013-06-23,0.0,0.0,0.0,0.0,0.0,0.0
2013-06-24,0.0,0.0,0.0,0.0,0.0,0.0
2013-06-25,0.0,0.0,0.0,0.0,0.0,0.0
2013-06-26,0.0,0.0,0.0,0.0,0.0,0.0
2013-06-27,0.0,0.0,0.0,0.0,0.0,0.0
2013-06-28,0.0,0.0,0.0,0.0,0.0,0.0
2013-06-29,0.0,0.0,0.0,0.0,0.0,0.0
2013-06-30,0.0,0.0,0.0,0.0,0.0,0.0
2013-07-01,0.0,0.0,0.0,0.0,0.0,0.0
2013-07-02,0.0,0.0,0.0,0.0,0.0,0.0
2013-07-03,0.0,0.0,0.0,0.0,0.0,0.0
2013-07-04,0.0,0.0,0.0,0.0,0.0,0.0
2013-07-05,0.0,0.0,0.0,0.0,0.0,0.0
2013-07-06,0.0,0.0,0.0,0.0,0.0,0.0
2013-07-07,0.0,0.0,0.0,0.0,0.0,0.0
2013-07-08,0.0,0.0,0.0,0.0,0.0,0.0
2013-07-09,0.0,0.0,0.0,0.0,0.0,0.0
2013-07-10,0.0,0.0,0.0,0.0,0.0,0.0
2013-07-11,0.0,0.0,0.0,0.0,0.0,0.0
2013-07-12,0.0,0.0,0.0,0.0,0.0,0.0
2013-07-13,0.0,0.0,0.0,0.0,0.0,0.0
2013-07-14,0.0,0.0,0.0,0.0,0.0,0.0
2013-07-15,0.0,0.0,0.0,0.0,0.0,0.0
2013-07-16,0.0,0.0,0.0,0.0,0.0,0.0
2013-07-17,0.0,0.0,0.0,0.0,0.0,0.0
2013-07-18,0.0,0.0,0.0,0.0,0.0,0.0
2013-07-19,0.0,0.0,0.0,0.0,0.0,0.0
2013-07-20,0.0,0.0,0.0,0.0,0.0,0.0
2013-07-21,0.0,0.0,0.0,0.0,0.0,0.0
2013-07-22,0.0,0.0,0.0,0.0,0.0,0.0
2013-07-23,0.0,0.0,0.0,0.0,0.0,0.0
2013-07-24,0.0,0.0,0.0,0.0,0.0,0.0
2013-07-25,0.0,0.0,0.0,0.0,0.0,0.0
2013-07-26,0.0,0.0,0.0,0.0,0.0,0.0
2013-07-27,0.0,0.0,0.0,0.0,0.0,0.0
2013-07-28,0.0,0.0,0.0,0.0,0.0,0.0
2013-07-29,0.0,0.0,0.0,0.0,0.0,0.0
2013-07-30,0.0,0.0,0.0,0.0,0.0,0.0
2013-07-31,0.0,0.0,0.0,0.0,0.0,0.0
2013-08-01,0.0,0.0,0.0,0.0,0.0,0.0
2013-08-02,0.0,0.0,0.0,0.0,0.0,0.0
2013-08-03,0.0,0.0,0.0,0.0,0.0,0.0
2013-08-04,0.0,0.0,0.0,0.0,0.0,0.0
2013-08-05,0.0,0.0,0.0,0.0,0.0,0.0
2013-08-06,0.0,0.0,0.0,0.0,0.0,0.0
2013-08-07,0.0,0.0,0.0,0.0,0.0,0.0
2013-08-08,0.0,0.0,0.0,0.0,0.0,0.0
2013-08-09,0.0,0.0,0.0,0.0,0.0,0.0
2013-08-10,0.0,0.0,0.0,0.0,0.0,0.0
2013-08-11,0.0,0.0,0.0,0.0,0.0,0.0
2013-08-12,0.0,0.0,0.0,0.0,0.0,0.0
2013-08-13,0.0,0.0,0.0,0.0,0.0,0.0
2013-08-14,0.0,0.0,0.0,0.0,0.0,0.0
2013-08-15,0.0,0.0,0.0,0.0,0.0,0.0
2013-08-16,0.0,0.0,0.0,0.0,0.0,0.0
2013-08-17,0.0,0.0,0.0,0.0,0.0,0.0
2013-08-18,0.0,0.0,0.0,0.0,0.0,0.0
2013-08-19,0.0,0.0,0.0,0.0,0.0,0.0
2013-08-20,0.0,0.0,0.0,0.0,0.0,0.0
2013-08-21,0.0,0.0,0.0,0.0,0.0,0.0
2013-08-22,0.0,0.0,0.0,0.0,0.0,0.0
2013-08-23,0.0,0.0,0.0,0.0,0.0,0.0
2013-08-24,0.0,0.0,0.0,0.0,0.0,0.0
2013-08-25,0.0,0.0,0.0,0.0,0.0,0.0
2013-08-26,0.0,0.0,0.0,0.0,0.0,0.0
2013-08-27,0.0,0.0,0.0,0.0,0.0,0.0
2013-08-28,0.0,0.0,0.0,0.0,0.0,0.0
2013-08-29,0.0,0.0,0.0,0.0,0.0,0.0
2013-08-30,0.0,0.0,0.0,0.0,0.0,0.0
2013-08-31,0.0,0.0,0.0,0.0,0.0,0.0
2013-09-01,0.0,0.0,0.0,0.0,0.0,0.0
2013-09-02,0.0,0.0,0.0,0.0,0.0,0.0
2013-09-03,0.0,0.0,0.0,0.0,0.0,0.0
2013-09-04,0.0,0.0,0.0,0.0,0.0,0.0
2013-09-05,0.0,0.0,0.0,0.0,0.0,0.0
2013-09-06,0.0,0.0,0.0,0.0,0.0,0.0
2013-09-07,0.0,0.0,0.0,0.0,0.0,0.0
2013-09-08,0.0,0.0,0.0,0.0,0.0,0.0
2013-09-09,0.0,0.0,0.0,0.0,0.0,0.0
2013-09-10,0.0,0.0,0.0,0.0,0.0,0.0
2013-09-11,0.0,0.0,0.0,0.0,0.0,0.0
2013-09-12,0.0,0.0,0.0,0.0,0.0,0.0
2013-09-13,0.0,0.0,0.0,0.0,0.0,0.0
2013-09-14,0.0,0.0,0.0,0.0,0.0,0.0
2013-09-15,0.0,0.0,0.0,0.0,0.0,0.0
2013-09-16,0.0,0.0,0.0,0.0,0.0,0.0
2013-09-17,0.0,0.0,0.0,0.0,0.0,0.0
2013-09-18,0.0,0.0,0.0,0.0,0.0,0.0
2013-09-19,0.0,0.0,0.0,0.0,0.0,0.0
2013-09-20,0.0,0.0,0.0,0.0,0.0,0.0
2013-09-21,0.0,0.0,0.0,0.0,0.0,0.0
2013-09-22,0.0,0.0,0.0,0.0,0.0,0.0
2013-09-23,0.0,0.0,0.0,0.0,0.0,0.0
2013-09-24,0.0,0.0,0.0,0.0,0.0,0.0
2013-09-25,0.0,0.0,0.0,0.0,0.0,0.0
2013-09-26,0.0,0.0,0.0,0.0,0.0,0.0
2013-09-27,0.0,0.0,0.0,0.0,0.0,0.0
2013-09-28,0.0,0.0,0.0,0.0,0.0,0.0
2013-09-29,0.0,0.0,0.0,0.0,0.0,0.0
2013-09-30,0.0,0.0,0.0,0.0,0.0,0.0
2013-10-01,0.0,0.0,0.0,0.0,0.0,0.0
2013-10-02,0.0,0.0,0.0,0.0,0.0,0.0
2013-10-03,0.0,0.0,0.0,0.0,0.0,0.0
2013-10-04,0.0,0.0,0.0,0.0,0.0,0.0
2013-10-05,0.0,0.0,0.0,0.0,0.0,0.0
2013-10-06,0.0,0.0,0.0,0.0,0.0,0.0
2013-10-07,0.0,0.0,0.0,0.0,0.0,0.0
2013-10-08,0.0,0.0,0.0,0.0,0.0,0.0
2013-10-09,0.0,0.0,0.0,0.0,0.0,0.0
2013-10-10,0.0,0.0,0.0,0.0,0.0,0.0
2013-10-11,0.0,0.0,0.0,0.0,0.0,0.0
2013-10-12,0.0,0.0,0.0,0.0,0.0,0.0
2013-10-13,0.0,0.0,0.0,0.0,0.0,0.0
2013-10-14,0.0,0.0,0.0,0.0,0.0,0.0
2013-10-15,0.0,0.0,0.0,0.0,0.0,0.0
2013-10-16,0.0,0.0,0.0,0.0,0.0,0.0
2013-10-17,0.0,0.0,0.0,0.0,0.0,0.0
2013-10-18,0.0,0.0,0.0,0.0,0.0,0.0
2013-10-19,0.0,0.0,0.0,0.0,0.0,0.0
2013-10-20,0.0,0.0,0.0,0.0,0.0,0.0
2013-10-21,0.0,0.0,0.0,0.0,0.0,0.0
2013-10-22,0.0,0.0,0.0,0.0,0.0,0.0
2013-10-23,0.0,0.0,0.0,0.0,0.0,0.0
2013-10-24,0.0,0.0,0.0,0.0,0.0,0.0
2013-10-25,0.0,0.0,0.0,0.0,0.0,0.0
2013-10-26,0.0,0.0,0.0,0.0,0.0,0.0
2013-10-27,0.0,0.0,0.0,0.0,0.0,0.0
2013-10-28,0.0,0.0,0.0,0.0,0.0,0.0
2013-10-29,0.0,0.0,0.0,0.0,0.0,0.0
2013-10-30,0.0,0.0,0.0,0.0,0.0,0.0
2013-10-31,0.0,0.0,0.0,0.0,0.0,0.0
2013-11-01,0.0,0.0,0.0,0.0,0.0,0.0
2013-11-02,0.0,0.0,0.0,0.0,0.0,0.0
2013-11-03,0.0,0.0,0.0,0.0,0.0,0.0
2013-11-04,0.0,0.0,0.0,0.0,0.0,0.0
2013-11-05,0.0,0.0,0.0,0.0,0.0,0.0
2013-11-06,0.0,0.0,0.0,0.0,0.0,0.0
2013-11-07,0.0,0.0,0.0,0.0,0.0,0.0
2013-11-08,0.0,0.0,0.0,0.0,0.0,0.0
2013-11-09,0.0,0.0,0.0,0.0,0.0,0.0
2013-11-10,0.0,0.0,0.0,0.0,0.0,0.0
2013-11-11,0.0,0.0,0.0,0.0,0.0,0.0
2013-11-12,0.0,0.0,0.0,0.0,0.0,0.0
2013-11-13,0.0,0.0,0.0,0.0,0.0,0.0
2013-11-14,0.0,0.0,0.0,0.0,0.0,0.0
2013-11-15,0.0,0.0,0.0,0.0,0.0,0.0
2013-11-16,0.0,0.0,0.0,0.0,0.0,0.0
2013-11-17,0.0,0.0,0.0,0.0,0.0,0.0
2013-11-18,0.0,0.0,0.0,0.0,0.0,0.0
2013-11-19,0.0,0.0,0.0,0.0,0.0,0.0
2013-11-20,0.0,0.0,0.0,0.0,0.0,0.0
2013-11-21,0.0,0.0,0.0,0.0,0.0,0.0
2013-11-22,0.0,0.0,0.0,0.0,0.0,0.0
2013-11-23,0.0,0.0,0.0,0.0,0.0,0.0
2013-11-24,0.0,0.0,0.0,0.0,0.0,0.0
2013-11-25,0.0,0.0,0.0,0.0,0.0,0.0
2013-11-26,0.0,0.0,0.0,0.0,0.0,0.0
2013-11-27,0.0,0.0,0.0,0.0,0.0,0.0
2013-11-28,0.0,0.0,0.0,0.0,0.0,0.0
2013-11-29,0.0,0.0,0.0,0.0,0.0,0.0
2013-11-30,0.0,0.0,0.0,0.0,0.0,0.0
2013-12-01,0.0,0.0,0.0,0.0,0.0,0.0
2013-12-02,0.0,0.0,0.0,0.0,0.0,0.0
2013-12-03,0.0,0.0,0.0,0.0,0.0,0.0
2013-12-04,0.0,0.0,0.0,0.0,0.0,0.0
2013-12-05,0.0,0.0,0.0,0.0,0.0,0.0
2013-12-06,0.0,0.0,0.0,0.0,0.0,0.0
2013-12-07,0.0,0.0,0.0,0.0,0.0,0.0
2013-12-08,0.0,0.0,0.0,0.0,0.0,0.0
2013-12-09,0.0,0.0,0.0,0.0,0.0,0.0
2013-12-10,0.0,0.0,0.0,0.0,0.0,0.0
2013-12-11,0.0,0.0,0.0,0.0,0.0,0.0
2013-12-12,0.0,0.0,0.0,0.0,0.0,0.0
2013-12-13,0.0,0.0,0.0,0.0,0.0,0.0
2013-12-14,0.0,0.0,0.0,0.0,0.0,0.0
2013-12-15,0.0,0.0,0.0,0.0,0.0,0.0
2013-12-16,0.0,0.0,0.0,0.0,0.0,0.0
2013-12-17,0.0,0.0,0.0,0.0,0.0,0.0
2013-12-18,0.0,0.0,0.0,0.0,0.0,0.0
2013-12-19,0.0,0.0,0.0,0.0,0.0,0.0
2013-12-20,0.0,0.0,0.0,0.0,0.0,0.0
2013-12-21,0.0,0.0,0.0,0.0,0.0,0.0
2013-12-22,0.0,0.0,0.0,0.0,0.0,0.0
2013-12-23,0.0,0.0,0.0,0.0,0.0,0.0
2013-12-24,0.0,0.0,0.0,0.0,0.0,0.0
2013-12-25,0.0,0.0,0.0,0.0,0.0,0.0
2013-12-26,0.0,0.0,0.0,0.0,0.0,0.0
2013-12-27,0.0,0.0,0.0,0.0,0.0,0.0
2013-12-28,0.0,0.0,0.0,0.0,0.0,0.0
2013-12-29,0.0,0.0,0.0,0.0,0.0,0.0
2013-12-30,0.0,0.0,0.0,0.0,0.0,0.0
2013-12-31,0.0,0.0,0.0,0.0,0.0,0.0
2014-01-01,0.0,0.0,0.0,0.0,0.0,0.0
2014-01-02,0.0,0.0,0.0,0.0,0.0,0.0
2014-01-03,0.0,0.0,0.0,0.0,0.0,0.0
2014-01-04,0.0,0.0,0.0,0.0,0.0,0.0
2014-01-05,0.0,0.0,0.0,0.0,0.0,0.0
2014-01-06,0.0,0.0,0.0,0.0,0.0,0.0
2014-01-07,0.0,0.0,0.0,0.0,0.0,0.0
2014-01-08,0.0,0.0,0.0,0.0,0.0,0.0
2014-01-09,0.0,0.0,0.0,0.0,0.0,0.0
2014-01-10,0.0,0.0,0.0,0.0,0.0,0.0
2014-01-11,0.0,0.0,0.0,0.0,0.0,0.0
2014-01-12,0.0,0.0,0.0,0.0,0.0,0.0
2014-01-13,0.0,0.0,0.0,0.0,0.0,0.0
2014-01-14,0.0,0.0,0.0,0.0,0.0,0.0
2014-01-15,0.0,0.0,0.0,0.0,0.0,0.0
2014-01-16,0.0,0.0,0.0,0.0,0.0,0.0
2014-01-17,0.0,0.0,0.0,0.0,0.0,0.0
2014-01-18,0.0,0.0,0.0,0.0,0.0,0.0
2014-01-19,0.0,0.0,0.0,0.0,0.0,0.0
2014-01-20,0.0,0.0,0.0,0.0,0.0,0.0
2014-01-21,0.0,0.0,0.0,0.0,0.0,0.0
2014-01-22,0.0,0.0,0.0,0.0,0.0,0.0
2014-01-23,0.0,0.0,0.0,0.0,0.0,0.0
2014-01-24,0.0,0.0,0.0,0.0,0.0,0.0
2014-01-25,0.0,0.0,0.0,0.0,0.0,0.0
2014-01-26,0.0,0.0,0.0,0.0,0.0,0.0
2014-01-27,0.0,0.0,0.0,0.0,0.0,0.0
2014-01-28,0.0,0.0,0.0,0.0,0.0,0.0
2014-01-29,0.0,0.0,0.0,0.0,0.0,0.0
2014-01-30,0.0,0.0,0.0,0.0,0.0,0.0
2014-01-31,0.0,0.0,0.0,0.0,0.0,0.0
2014-02-01,0.0,0.0,0.0,0.0,0.0,0.0
2014-02-02,0.0,0.0,0.0,0.0,0.0,0.0
2014-02-03,0.0,0.0,0.0,0.0,0.0,0.0
2014-02-04,0.0,0.0,0.0,0.0,0.0,0.0
2014-02-05,0.0,0.0,0.0,0.0,0.0,0.0
2014-02-06,0.0,0.0,0.0,0.0,0.0,0.0
2014-02-07,0.0,0.0,0.0,0.0,0.0,0.0
2014-02-08,0.0,0.0,0.0,0.0,0.0,0.0
2014-02-09,0.0,0.0,0.0,0.0,0.0,0.0
2014-02-10,0.0,0.0,0.0,0.0,0.0,0.0
2014-02-11,0.0,0.0,0.0,0.0,0.0,0.0
2014-02-12,0.0,0.0,0.0,0.0,0.0,0.0
2014-02-13,0.0,0.0,0.0,0.0,0.0,0.0
2014-02-14,0.0,0.0,0.0,0.0,0.0,0.0
2014-02-15,0.0,0.0,0.0,0.0,0.0,0.0
2014-02-16,0.0,0.0,0.0,0.0,0.0,0.0
2014-02-17,0.0,0.0,0.0,0.0,0.0,0.0
2014-02-18,0.0,0.0,0.0,0.0,0.0,0.0
2014-02-19,0.0,0.0,0.0,0.0,0.0,0.0
2014-02-20,0.0,0.0,0.0,0.0,0.0,0.0
2014-02-21,0.0,0.0,0.0,0.0,0.0,0.0
2014-02-22,0.0,0.0,0.0,0.0,0.0,0.0
2014-02-23,0.0,0.0,0.0,0.0,0.0,0.0
2014-02-24,0.0,0.0,0.0,0.0,0.0,0.0
2014-02-25,0.0,0.0,0.0,0.0,0.0,0.0
2014-02-26,0.0,0.0,0.0,0.0,0.0,0.0
2014-02-27,0.0,0.0,0.0,0.0,0.0,0.0
2014-02-28,0.0,0.0,0.0,0.0,0.0,0.0
2014-03-01,0.0,0.0,0.0,0.0,0.0,0.0
2014-03-02,0.0,0.0,0.0,0.0,0.0,0.0
2014-03-03,0.0,0.0,0.0,0.0,0.0,0.0
2014-03-04,0.0,0.0,0.0,0.0,0.0,0.0
2014-03-05,0.0,0.0,0.0,0.0,0.0,0.0
2014-03-06,0.0,0.0,0.0,0.0,0.0,0.0
2014-03-07,0.0,0.0,0.0,0.0,0.0,0.0
2014-03-08,0.0,0.0,0.0,0.0,0.0,0.0
2014-03-09,0.0,0.0,0.0,0.0,0.0,0.0
2014-03-10,0.0,0.0,0.0,0.0,0.0,0.0
2014-03-11,0.0,0.0,0.0,0.0,0.0,0.0
2014-03-12,0.0,0.0,0.0,0.0,0.0,0.0
2014-03-13,0.0,0.0,0.0,0.0,0.0,0.0
2014-03-14,0.0,0.0,0.0,0.0,0.0,0.0
2014-03-15,0.0,0.0,0.0,0.0,0.0,0.0
2014-03-16,0.0,0.0,0.0,0.0,0.0,0.0
2014-03-17,0.0,0.0,0.0,0.0,0.0,0.0
2014-03-18,0.0,0.0,0.0,0.0,0.0,0.0
2014-03-19,0.0,0.0,0.0,0.0,0.0,0.0
2014-03-20,0.0,0.0,0.0,0.0,0.0,0.0
2014-03-21,0.0,0.0,0.0,0.0,0.0,0.0
2014-03-22,0.0,0.0,0.0,0.0,0.0,0.0
2014-03-23,0.0,0.0,0.0,0.0,0.0,0.0
2014-03-24,0.0,0.0,0.0,0.0,0.0,0.0
2014-03-25,0.0,0.0,0.0,0.0,0.0,0.0
2014-03-26,0.0,0.0,0.0,0.0,0.0,0.0
2014-03-27,0.0,0.0,0.0,0.0,0.0,0.0
2014-03-28,0.0,0.0,0.0,0.0,0.0,0.0
2014-03-29,0.0,0.0,0.0,0.0,0.0,0.0
2014-03-30,0.0,0.0,0.0,0.0,0.0,0.0
2014-03-31,0.0,0.0,0.0,0.0,0.0,0.0
2014-04-01,0.0,0.0,0.0,0.0,0.0,0.0
2014-04-02,0.0,0.0,0.0,0.0,0.0,0.0
2014-04-03,0.0,0.0,0.0,0.0,0.0,0.0
2014-04-04,0.0,0.0,0.0,0.0,0.0,0.0
2014-04-05,0.0,0.0,0.0,0.0,0.0,0.0
2014-04-06,0.0,0.0,0.0,0.0,0.0,0.0
2014-04-07,0.0,0.0,0.0,0.0,0.0,0.0
2014-04-08,0.0,0.0,0.0,0.0,0.0,0.0
2014-04-09,0.0,0.0,0.0,0.0,0.0,0.0
2014-04-10,0.0,0.0,0.0,0.0,0.0,0.0
2014-04-11,0.0,0.0,0.0,0.0,0.0,0.0
2014-04-12,0.0,0.0,0.0,0.0,0.0,0.0
2014-04-13,0.0,0.0,0.0,0.0,0.0,0.0
2014-04-14,0.0,0.0,0.0,0.0,0.0,0.0
2014-04-15,0.0,0.0,0.0,0.0,0.0,0.0
2014-04-16,0.0,0.0,0.0,0.0,0.0,0.0
2014-04-17,0.0,0.0,0.0,0.0,0.0,0.0
2014-04-18,0.0,0.0,0.0,0.0,0.0,0.0
2014-04-19,0.0,0.0,0.0,0.0,0.0,0.0
2014-04-20,0.0,0.0,0.0,0.0,0.0,0.0
2014-04-21,0.0,0.0,0.0,0.0,0.0,0.0
2014-04-22,0.0,0.0,0.0,0.0,0.0,0.0
2014-04-23,0.0,0.0,0.0,0.0,0.0,0.0
2014-04-24,0.0,0.0,0.0,0.0,0.0,0.0
2014-04-25,0.0,0.0,0.0,0.0,0.0,0.0
2014-04-26,0.0,0.0,0.0,0.0,0.0,0.0
2014-04-27,0.0,0.0,0.0,0.0,0.0,0.0
2014-04-28,0.0,0.0,0.0,0.0,0.0,0.0
2014-04-29,0.0,0.0,0.0,0.0,0.0,0.0
2014-04-30,0.0,0.0,0.0,0.0,0.0,0.0
2014-05-01,0.0,0.0,0.0,0.0,0.0,0.0
2014-05-02,0.0,0.0,0.0,0.0,0.0,0.0
2014-05-03,0.0,0.0,0.0,0.0,0.0,0.0
2014-05-04,0.0,0.0,0.0,0.0,0.0,0.0
2014-05-05,0.0,0.0,0.0,0.0,0.0,0.0
2014-05-06,0.0,0.0,0.0,0.0,0.0,0.0
2014-05-07,0.0,0.0,0.0,0.0,0.0,0.0
2014-05-08,0.0,0.0,0.0,0.0,0.0,0.0
2014-05-09,0.0,0.0,0.0,0.0,0.0,0.0
2014-05-10,0.0,0.0,0.0,0.0,0.0,0.0
2014-05-11,0.0,0.0,0.0,0.0,0.0,0.0
2014-05-12,0.0,0.0,0.0,0.0,0.0,0.0
2014-05-13,0.0,0.0,0.0,0.0,0.0,0.0
2014-05-14,0.0,0.0,0.0,0.0,0.0,0.0
2014-05-15,0.0,0.0,0.0,0.0,0.0,0.0
2014-05-16,0.0,0.0,0.0,0.0,0.0,0.0
2014-05-17,0.0,0.0,0.0,0.0,0.0,0.0
2014-05-18,0.0,0.0,0.0,0.0,0.0,0.0
2014-05-19,0.0,0.0,0.0,0.0,0.0,0.0
2014-05-20,0.0,0.0,0.0,0.0,0.0,0.0
2014-05-21,0.0,0.0,0.0,0.0,0.0,0.0
2014-05-22,0.0,0.0,0.0,0.0,0.0,0.0
2014-05-23,0.0,0.0,0.0,0.0,0.0,0.0
2014-05-24,0.0,0.0,0.0,0.0,0.0,0.0
2014-05-25,0.0,0.0,0.0,0.0,0.0,0.0
2014-05-26,0.0,0.0,0.0,0.0,0.0,0.0
2014-05-27,0.0,0.0,0.0,0.0,0.0,0.0
2014-05-28,0.0,0.0,0.0,0.0,0.0,0.0
2014-05-29,0.0,0.0,0.0,0.0,0.0,0.0
2014-05-30,0.0,0.0,0.0,0.0,0.0,0.0
2014-05-31,0.0,0.0,0.0,0.0,0.0,0.0
2014-06-01,0.0,0.0,0.0,0.0,0.0,0.0
2014-06-02,0.0,0.0,0.0,0.0,0.0,0.0
2014-06-03,0.0,0.0,0.0,0.0,0.0,0.0
2014-06-04,0.0,0.0,0.0,0.0,0.0,0.0
2014-06-05,0.0,0.0,0.0,0.0,0.0,0.0
2014-06-06,0.0,0.0,0.0,0.0,0.0,0.0
2014-06-07,0.0,0.0,0.0,0.0,0.0,0.0
2014-06-08,0.0,0.0,0.0,0.0,0.0,0.0
2014-06-09,0.0,0.0,0.0,0.0,0.0,0.0
2014-06-10,0.0,0.0,0.0,0.0,0.0,0.0
2014-06-11,0.0,0.0,0.0,0.0,0.0,0.0
2014-06-12,0.0,0.0,0.0,0.0,0.0,0.0
2014-06-13,0.0,0.0,0.0,0.0,0.0,0.0
2014-06-14,0.0,0.0,0.0,0.0,0.0,0.0
2014-06-15,0.0,0.0,0.0,0.0,0.0,0.0
2014-06-16,0.0,0.0,0.0,0.0,0.0,0.0
2014-06-17,0.0,0.0,0.0,0.0,0.0,0.0
2014-06-18,0.0,0.0,0.0,0.0,0.0,0.0
2014-06-19,0.0,0.0,0.0,0.0,0.0,0.0
2014-06-20,0.0,0.0,0.0,0.0,0.0,0.0
2014-06-21,0.0,0.0,0.0,0.0,0.0,0.0
2014-06-22,0.0,0.0,0.0,0.0,0.0,0.0
2014-06-23,0.0,0.0,0.0,0.0,0.0,0.0
2014-06-24,0.0,0.0,0.0,0.0,0.0,0.0
2014-06-25,0.0,0.0,0.0,0.0,0.0,0.0
2014-06-26,0.0,0.0,0.0,0.0,0.0,0.0
2014-06-27,0.0,0.0,0.0,0.0,0.0,0.0
2014-06-28,0.0,0.0,0.0,0.0,0.0,0.0
2014-06-29,0.0,0.0,0.0,0.0,0.0,0.0
2014-06-30,0.0,0.0,0.0,0.0,0.0,0.0
2014-07-01,0.0,0.0,0.0,0.0,0.0,0.0
2014-07-02,0.0,0.0,0.0,0.0,0.0,0.0
2014-07-03,0.0,0.0,0.0,0.0,0.0,0.0
2014-07-04,0.0,0.0,0.0,0.0,0.0,0.0
2014-07-05,0.0,0.0,0.0,0.0,0.0,0.0
2014-07-06,0.0,0.0,0.0,0.0,0.0,0.0
2014-07-07,0.0,0.0,0.0,0.0,0.0,0.0
2014-07-08,0.0,0.0,0.0,0.0,0.0,0.0
2014-07-09,0.0,0.0,0.0,0.0,0.0,0.0
2014-07-10,0.0,0.0,0.0,0.0,0.0,0.0
2014-07-11,0.0,0.0,0.0,0.0,0.0,0.0
2014-07-12,0.0,0.0,0.0,0.0,0.0,0.0
2014-07-13,0.0,0.0,0.0,0.0,0.0,0.0
2014-07-14,0.0,0.0,0.0,0.0,0.0,0.0
2014-07-15,0.0,0.0,0.0,0.0,0.0,0.0
2014-07-16,0.0,0.0,0.0,0.0,0.0,0.0
2014-07-17,0.0,0.0,0.0,0.0,0.0,0.0
2014-07-18,0.0,0.0,0.0,0.0,0.0,0.0
2014-07-19,0.0,0.0,0.0,0.0,0.0,0.0
2014-07-20,0.0,0.0,0.0,0.0,0.0,0.0
2014-07-21,0.0,0.0,0.0,0.0,0.0,0.0
2014-07-22,0.0,0.0,0.0,0.0,0.0,0.0
2014-07-23,0.0,0.0,0.0,0.0,0.0,0.0
2014-07-24,0.0,0.0,0.0,0.0,0.0,0.0
2014-07-25,0.0,0.0,0.0,0.0,0.0,0.0
2014-07-26,0.0,0.0,0.0,0.0,0.0,0.0
2014-07-27,0.0,0.0,0.0,0.0,0.0,0.0
2014-07-28,0.0,0.0,0.0,0.0,0.0,0.0
2014-07-29,0.0,0.0,0.0,0.0,0.0,0.0
2014-07-30,0.0,0.0,0.0,0.0,0.0,0.0
2014-07-31,0.0,0.0,0.0,0.0,0.0,0.0
2014-08-01,0.0,0.0,0.0,0.0,0.0,0.0
2014-08-02,0.0,0.0,0.0,0.0,0.0,0.0
2014-08-03,0.0,0.0,0.0,0.0,0.0,0.0
2014-08-04,0.0,0.0,0.0,0.0,0.0,0.0
2014-08-05,0.0,0.0,0.0,0.0,0.0,0.0
2014-08-06,0.0,0.0,0.0,0.0,0.0,0.0
2014-08-07,0.0,0.0,0.0,0.0,0.0,0.0
2014-08-08,0.0,0.0,0.0,0.0,0.0,0.0
2014-08-09,0.0,0.0,0.0,0.0,0.0,0.0
2014-08-10,0.0,0.0,0.0,0.0,0.0,0.0
2014-08-11,0.0,0.0,0.0,0.0,0.0,0.0
2014-08-12,0.0,0.0,0.0,0.0,0.0,0.0
2014-08-13,0.0,0.0,0.0,0.0,0.0,0.0
2014-08-14,0.0,0.0,0.0,0.0,0.0,0.0
2014-08-15,0.0,0.0,0.0,0.0,0.0,0.0
2014-08-16,0.0,0.0,0.0,0.0,0.0,0.0
2014-08-17,0.0,0.0,0.0,0.0,0.0,0.0
2014-08-18,0.0,0.0,0.0,0.0,0.0,0.0
2014-08-19,0.0,0.0,0.0,0.0,0.0,0.0
2014-08-20,0.0,0.0,0.0,0.0,0.0,0.0
2014-08-21,0.0,0.0,0.0,0.0,0.0,0.0
2014-08-22,0.0,0.0,0.0,0.0,0.0,0.0
2014-08-23,0.0,0.0,0.0,0.0,0.0,0.0
2014-08-24,0.0,0.0,0.0,0.0,0.0,0.0
2014-08-25,0.0,0.0,0.0,0.0,0.0,0.0
2014-08-26,0.0,0.0,0.0,0.0,0.0,0.0
2014-08-27,0.0,0.0,0.0,0.0,0.0,0.0
2014-08-28,0.0,0.0,0.0,0.0,0.0,0.0
2014-08-29,0.0,0.0,0.0,0.0,0.0,0.0
2014-08-30,0.0,0.0,0.0,0.0,0.0,0.0
2014-08-31,0.0,0.0,0.0,0.0,0.0,0.0
2014-09-01,0.0,0.0,0.0,0.0,0.0,0.0
2014-09-02,0.0,0.0,0.0,0.0,0.0,0.0
2014-09-03,0.0,0.0,0.0,0.0,0.0,0.0
2014-09-04,0.0,0.0,0.0,0.0,0.0,0.0
2014-09-05,0.0,0.0,0.0,0.0,0.0,0.0
2014-09-06,0.0,0.0,0.0,0.0,0.0,0.0
2014-09-07,0.0,0.0,0.0,0.0,0.0,0.0
2014-09-08,0.0,0.0,0.0,0.0,0.0,0.0
2014-09-09,0.0,0.0,0.0,0.0,0.0,0.0
2014-09-10,0.0,0.0,0.0,0.0,0.0,0.0
2014-09-11,0.0,0.0,0.0,0.0,0.0,0.0
2014-09-12,0.0,0.0,0.0,0.0,0.0,0.0
2014-09-13,0.0,0.0,0.0,0.0,0.0,0.0
2014-09-14,0.0,0.0,0.0,0.0,0.0,0.0
2014-09-15,0.0,0.0,0.0,0.0,0.0,0.0
2014-09-16,0.0,0.0,0.0,0.0,0.0,0.0
2014-09-17,0.0,0.0,0.0,0.0,0.0,0.0
2014-09-18,0.0,0.0,0.0,0.0,0.0,0.0
2014-09-19,0.0,0.0,0.0,0.0,0.0,0.0
2014-09-20,0.0,0.0,0.0,0.0,0.0,0.0
2014-09-21,0.0,0.0,0.0,0.0,0.0,0.0
2014-09-22,0.0,0.0,0.0,0.0,0.0,0.0
2014-09-23,0.0,0.0,0.0,0.0,0.0,0.0
2014-09-24,0.0,0.0,0.0,0.0,0.0,0.0
2014-09-25,0.0,0.0,0.0,0.0,0.0,0.0
2014-09-26,0.0,0.0,0.0,0.0,0.0,0.0
2014-09-27,0.0,0.0,0.0,0.0,0.0,0.0
2014-09-28,0.0,0.0,0.0,0.0,0.0,0.0
2014-09-29,0.0,0.0,0.0,0.0,0.0,0.0
2014-09-30,0.0,0.0,0.0,0.0,0.0,0.0
2014-10-01,0.0,0.0,0.0,0.0,0.0,0.0
2014-10-02,0.0,0.0,0.0,0.0,0.0,0.0
2014-10-03,0.0,0.0,0.0,0.0,0.0,0.0
2014-10-04,0.0,0.0,0.0,0.0,0.0,0.0
2014-10-05,0.0,0.0,0.0,0.0,0.0,0.0
2014-10-06,0.0,0.0,0.0,0.0,0.0,0.0
2014-10-07,0.0,0.0,0.0,0.0,0.0,0.0
2014-10-08,0.0,0.0,0.0,0.0,0.0,0.0
2014-10-09,0.0,0.0,0.0,0.0,0.0,0.0
2014-10-10,0.0,0.0,0.0,0.0,0.0,0.0
2014-10-11,0.0,0.0,0.0,0.0,0.0,0.0
2014-10-12,0.0,0.0,0.0,0.0,0.0,0.0
2014-10-13,0.0,0.0,0.0,0.0,0.0,0.0
2014-10-14,0.0,0.0,0.0,0.0,0.0,0.0
2014-10-15,0.0,0.0,0.0,0.0,0.0,0.0
2014-10-16,0.0,0.0,0.0,0.0,0.0,0.0
2014-10-17,0.0,0.0,0.0,0.0,0.0,0.0
2014-10-18,0.0,0.0,0.0,0.0,0.0,0.0
2014-10-19,0.0,0.0,0.0,0.0,0.0,0.0
2014-10-20,0.0,0.0,0.0,0.0,0.0,0.0
2014-10-21,0.0,0.0,0.0,0.0,0.0,0.0
2014-10-22,0.0,0.0,0.0,0.0,0.0,0.0
2014-10-23,0.0,0.0,0.0,0.0,0.0,0.0
2014-10-24,0.0,0.0,0.0,0.0,0.0,0.0
2014-10-25,0.0,0.0,0.0,0.0,0.0,0.0
2014-10-26,0.0,0.0,0.0,0.0,0.0,0.0
2014-10-27,0.0,0.0,0.0,0.0,0.0,0.0
2014-10-28,0.0,0.0,0.0,0.0,0.0,0.0
2014-10-29,0.0,0.0,0.0,0.0,0.0,0.0
2014-10-30,0.0,0.0,0.0,0.0,0.0,0.0
2014-10-31,0.0,0.0,0.0,0.0,0.0,0.0
2014-11-01,0.0,0.0,0.0,0.0,0.0,0.0
2014-11-02,0.0,0.0,0.0,0.0,0.0,0.0
2014-11-03,0.0,0.0,0.0,0.0,0.0,0.0
2014-11-04,0.0,0.0,0.0,0.0,0.0,0.0
2014-11-05,0.0,0.0,0.0,0.0,0.0,0.0
2014-11-06,0.0,0.0,0.0,0.0,0.0,0.0
2014-11-07,0.0,0.0,0.0,0.0,0.0,0.0
2014-11-08,0.0,0.0,0.0,0.0,0.0,0.0
2014-11-09,0.0,0.0,0.0,0.0,0.0,0.0
2014-11-10,0.0,0.0,0.0,0.0,0.0,0.0
2014-11-11,0.0,0.0,0.0,0.0,0.0,0.0
2014-11-12,0.0,0.0,0.0,0.0,0.0,0.0
2014-11-13,0.0,0.0,0.0,0.0,0.0,0.0
2014-11-14,0.0,0.0,0.0,0.0,0.0,0.0
2014-11-15,0.0,0.0,0.0,0.0,0.0,0.0
2014-11-16,0.0,0.0,0.0,0.0,0.0,0.0
2014-11-17,0.0,0.0,0.0,0.0,0.0,0.0
2014-11-18,0.0,0.0,0.0,0.0,0.0,0.0
2014-11-19,0.0,0.0,0.0,0.0,0.0,0.0
2014-11-20,0.0,0.0,0.0,0.0,0.0,0.0
2014-11-21,0.0,0.0,0.0,0.0,0.0,0.0
2014-11-22,0.0,0.0,0.0,0.0,0.0,0.0
2014-11-23,0.0,0.0,0.0,0.0,0.0,0.0
2014-11-24,0.0,0.0,0.0,0.0,0.0,0.0
2014-11-25,0.0,0.0,0.0,0.0,0.0,0.0
2014-11-26,0.0,0.0,0.0,0.0,0.0,0.0
2014-11-27,0.0,0.0,0.0,0.0,0.0,0.0
2014-11-28,0.0,0.0,0.0,0.0,0.0,0.0
2014-11-29,0.0,0.0,0.0,0.0,0.0,0.0
2014-11-30,0.0,0.0,0.0,0.0,0.0,0.0
2014-12-01,0.0,0.0,0.0,0.0,0.0,0.0
2014-12-02,0.0,0.0,0.0,0.0,0.0,0.0
2014-12-03,0.0,0.0,0.0,0.0,0.0,0.0
2014-12-04,0.0,0.0,0.0,0.0,0.0,0.0
2014-12-05,0.0,0.0,0.0,0.0,0.0,0.0
2014-12-06,0.0,0.0,0.0,0.0,0.0,0.0
2014-12-07,0.0,0.0,0.0,0.0,0.0,0.0
2014-12-08,0.0,0.0,0.0,0.0,0.0,0.0
2014-12-09,0.0,0.0,0.0,0.0,0.0,0.0
2014-12-10,0.0,0.0,0.0,0.0,0.0,0.0
2014-12-11,0.0,0.0,0.0,0.0,0.0,0.0
2014-12-12,0.0,0.0,0.0,0.0,0.0,0.0
2014-12-13,0.0,0.0,0.0,0.0,0.0,0.0
2014-12-14,0.0,0.0,0.0,0.0,0.0,0.0
2014-12-15,0.0,0.0,0.0,0.0,0.0,0.0
2014-12-16,0.0,0.0,0.0,0.0,0.0,0.0
2014-12-17,0.0,0.0,0.0,0.0,0.0,0.0
2014-12-18,0.0,0.0,0.0,0.0,0.0,0.0
2014-12-19,0.0,0.0,0.0,0.0,0.0,0.0
2014-12-20,0.0,0.0,0.0,0.0,0.0,0.0
2014-12-21,0.0,0.0,0.0,0.0,0.0,0.0
2014-12-22,0.0,0.0,0.0,0.0,0.0,0.0
2014-12-23,0.0,0.0,0.0,0.0,0.0,0.0
2014-12-24,0.0,0.0,0.0,0.0,0.0,0.0
2014-12-25,0.0,0.0,0.0,0.0,0.0,0.0
2014-12-26,0.0,0.0,0.0,0.0,0.0,0.0
2014-12-27,0.0,0.0,0.0,0.0,0.0,0.0
2014-12-28,0.0,0.0,0.0,0.0,0.0,0.0
2014-12-29,0.0,0.0,0.0,0.0,0.0,0.0
2014-12-30,0.0,0.0,0.0,0.0,0.0,0.0
2014-12-31,0.0,0.0,0.0,0.0,0.0,0.0
2015-01-01,0.0,0.0,0.0,0.0,0.0,0.0
2015-01-02,0.0,0.0,0.0,0.0,0.0,0.0
2015-01-03,0.0,0.0,0.0,0.0,0.0,0.0
2015-01-04,0.0,0.0,0.0,0.0,0.0,0.0
2015-01-05,0.0,0.0,0.0,0.0,0.0,0.0
2015-01-06,0.0,0.0,0.0,0.0,0.0,0.0
2015-01-07,0.0,0.0,0.0,0.0,0.0,0.0
2015-01-08,0.0,0.0,0.0,0.0,0.0,0.0
2015-01-09,0.0,0.0,0.0,0.0,0.0,0.0
2015-01-10,0.0,0.0,0.0,0.0,0.0,0.0
2015-01-11,0.0,0.0,0.0,0.0,0.0,0.0
2015-01-12,0.0,0.0,0.0,0.0,0.0,0.0
2015-01-13,0.0,0.0,0.0,0.0,0.0,0.0
2015-01-14,0.0,0.0,0.0,0.0,0.0,0.0
2015-01-15,0.0,0.0,0.0,0.0,0.0,0.0
2015-01-16,0.0,0.0,0.0,0.0,0.0,0.0
2015-01-17,0.0,0.0,0.0,0.0,0.0,0.0
2015-01-18,0.0,0.0,0.0,0.0,0.0,0.0
2015-01-19,0.0,0.0,0.0,0.0,0.0,0.0
2015-01-20,0.0,0.0,0.0,0.0,0.0,0.0
2015-01-21,0.0,0.0,0.0,0.0,0.0,0.0
2015-01-22,0.0,0.0,0.0,0.0,0.0,0.0
2015-01-23,0.0,0.0,0.0,0.0,0.0,0.0
2015-01-24,0.0,0.0,0.0,0.0,0.0,0.0
2015-01-25,0.0,0.0,0.0,0.0,0.0,0.0
2015-01-26,0.0,0.0,0.0,0.0,0.0,0.0
2015-01-27,0.0,0.0,0.0,0.0,0.0,0.0
2015-01-28,0.0,0.0,0.0,0.0,0.0,0.0
2015-01-29,0.0,0.0,0.0,0.0,0.0,0.0
2015-01-30,0.0,0.0,0.0,0.0,0.0,0.0
2015-01-31,0.0,0.0,0.0,0.0,0.0,0.0
2015-02-01,0.0,0.0,0.0,0.0,0.0,0.0
2015-02-02,0.0,0.0,0.0,0.0,0.0,0.0
2015-02-03,0.0,0.0,0.0,0.0,0.0,0.0
2015-02-04,0.0,0.0,0.0,0.0,0.0,0.0
2015-02-05,0.0,0.0,0.0,0.0,0.0,0.0
2015-02-06,0.0,0.0,0.0,0.0,0.0,0.0
2015-02-07,0.0,0.0,0.0,0.0,0.0,0.0
2015-02-08,0.0,0.0,0.0,0.0,0.0,0.0
2015-02-09,0.0,0.0,0.0,0.0,0.0,0.0
2015-02-10,0.0,0.0,0.0,0.0,0.0,0.0
2015-02-11,0.0,0.0,0.0,0.0,0.0,0.0
2015-02-12,0.0,0.0,0.0,0.0,0.0,0.0
2015-02-13,0.0,0.0,0.0,0.0,0.0,0.0
2015-02-14,0.0,0.0,0.0,0.0,0.0,0.0
2015-02-15,0.0,0.0,0.0,0.0,0.0,0.0
2015-02-16,0.0,0.0,0.0,0.0,0.0,0.0
2015-02-17,0.0,0.0,0.0,0.0,0.0,0.0
2015-02-18,0.0,0.0,0.0,0.0,0.0,0.0
2015-02-19,0.0,0.0,0.0,0.0,0.0,0.0
2015-02-20,0.0,0.0,0.0,0.0,0.0,0.0
2015-02-21,0.0,0.0,0.0,0.0,0.0,0.0
2015-02-22,0.0,0.0,0.0,0.0,0.0,0.0
2015-02-23,0.0,0.0,0.0,0.0,0.0,0.0
2015-02-24,0.0,0.0,0.0,0.0,0.0,0.0
2015-02-25,0.0,0.0,0.0,0.0,0.0,0.0
2015-02-26,0.0,0.0,0.0,0.0,0.0,0.0
2015-02-27,0.0,0.0,0.0,0.0,0.0,0.0
2015-02-28,0.0,0.0,0.0,0.0,0.0,0.0
2015-03-01,0.0,0.0,0.0,0.0,0.0,0.0
2015-03-02,0.0,0.0,0.0,0.0,0.0,0.0
2015-03-03,0.0,0.0,0.0,0.0,0.0,0.0
2015-03-04,0.0,0.0,0.0,0.0,0.0,0.0
2015-03-05,0.0,0.0,0.0,0.0,0.0,0.0
2015-03-06,0.0,0.0,0.0,0.0,0.0,0.0
2015-03-07,0.0,0.0,0.0,0.0,0.0,0.0
2015-03-08,0.0,0.0,0.0,0.0,0.0,0.0
2015-03-09,0.0,0.0,0.0,0.0,0.0,0.0
2015-03-10,0.0,0.0,0.0,0.0,0.0,0.0
2015-03-11,0.0,0.0,0.0,0.0,0.0,0.0
2015-03-12,0.0,0.0,0.0,0.0,0.0,0.0
2015-03-13,0.0,0.0,0.0,0.0,0.0,0.0
2015-03-14,0.0,0.0,0.0,0.0,0.0,0.0
2015-03-15,0.0,0.0,0.0,0.0,0.0,0.0
2015-03-16,0.0,0.0,0.0,0.0,0.0,0.0
2015-03-17,0.0,0.0,0.0,0.0,0.0,0.0
2015-03-18,0.0,0.0,0.0,0.0,0.0,0.0
2015-03-19,0.0,0.0,0.0,0.0,0.0,0.0
2015-03-20,0.0,0.0,0.0,0.0,0.0,0.0
2015-03-21,0.0,0.0,0.0,0.0,0.0,0.0
2015-03-22,0.0,0.0,0.0,0.0,0.0,0.0
2015-03-23,0.0,0.0,0.0,0.0,0.0,0.0
2015-03-24,0.0,0.0,0.0,0.0,0.0,0.0
2015-03-25,0.0,0.0,0.0,0.0,0.0,0.0
2015-03-26,0.0,0.0,0.0,0.0,0.0,0.0
2015-03-27,0.0,0.0,0.0,0.0,0.0,0.0
2015-03-28,0.0,0.0,0.0,0.0,0.0,0.0
2015-03-29,0.0,0.0,0.0,0.0,0.0,0.0
2015-03-30,0.0,0.0,0.0,0.0,0.0,0.0
2015-03-31,0.0,0.0,0.0,0.0,0.0,0.0
2015-04-01,0.0,0.0,0.0,0.0,0.0,0.0
2015-04-02,0.0,0.0,0.0,0.0,0.0,0.0
2015-04-03,0.0,0.0,0.0,0.0,0.0,0.0
2015-04-04,0.0,0.0,0.0,0.0,0.0,0.0
2015-04-05,0.0,0.0,0.0,0.0,0.0,0.0
2015-04-06,0.0,0.0,0.0,0.0,0.0,0.0
2015-04-07,0.0,0.0,0.0,0.0,0.0,0.0
2015-04-08,0.0,0.0,0.0,0.0,0.0,0.0
2015-04-09,0.0,0.0,0.0,0.0,0.0,0.0
2015-04-10,0.0,0.0,0.0,0.0,0.0,0.0
2015-04-11,0.0,0.0,0.0,0.0,0.0,0.0
2015-04-12,0.0,0.0,0.0,0.0,0.0,0.0
2015-04-13,0.0,0.0,0.0,0.0,0.0,0.0
2015-04-14,0.0,0.0,0.0,0.0,0.0,0.0
2015-04-15,0.0,0.0,0.0,0.0,0.0,0.0
2015-04-16,0.0,0.0,0.0,0.0,0.0,0.0
2015-04-17,0.0,0.0,0.0,0.0,0.0,0.0
2015-04-18,0.0,0.0,0.0,0.0,0.0,0.0
2015-04-19,0.0,0.0,0.0,0.0,0.0,0.0
2015-04-20,0.0,0.0,0.0,0.0,0.0,0.0
2015-04-21,0.0,0.0,0.0,0.0,0.0,0.0
2015-04-22,0.0,0.0,0.0,0.0,0.0,0.0
2015-04-23,0.0,0.0,0.0,0.0,0.0,0.0
2015-04-24,0.0,0.0,0.0,0.0,0.0,0.0
2015-04-25,0.0,0.0,0.0,0.0,0.0,0.0
2015-04-26,0.0,0.0,0.0,0.0,0.0,0.0
2015-04-27,0.0,0.0,0.0,0.0,0.0,0.0
2015-04-28,0.0,0.0,0.0,0.0,0.0,0.0
2015-04-29,0.0,0.0,0.0,0.0,0.0,0.0
2015-04-30,0.0,0.0,0.0,0.0,0.0,0.0
2015-05-01,0.0,0.0,0.0,0.0,0.0,0.0
2015-05-02,0.0,0.0,0.0,0.0,0.0,0.0
2015-05-03,0.0,0.0,0.0,0.0,0.0,0.0
2015-05-04,0.0,0.0,0.0,0.0,0.0,0.0
2015-05-05,0.0,0.0,0.0,0.0,0.0,0.0
2015-05-06,0.0,0.0,0.0,0.0,0.0,0.0
2015-05-07,0.0,0.0,0.0,0.0,0.0,0.0
2015-05-08,0.0,0.0,0.0,0.0,0.0,0.0
2015-05-09,0.0,0.0,0.0,0.0,0.0,0.0
2015-05-10,0.0,0.0,0.0,0.0,0.0,0.0
2015-05-11,0.0,0.0,0.0,0.0,0.0,0.0
2015-05-12,0.0,0.0,0.0,0.0,0.0,0.0
2015-05-13,0.0,0.0,0.0,0.0,0.0,0.0
2015-05-14,0.0,0.0,0.0,0.0,0.0,0.0
2015-05-15,0.0,0.0,0.0,0.0,0.0,0.0
2015-05-16,0.0,0.0,0.0,0.0,0.0,0.0
2015-05-17,0.0,0.0,0.0,0.0,0.0,0.0
2015-05-18,0.0,0.0,0.0,0.0,0.0,0.0
2015-05-19,0.0,0.0,0.0,0.0,0.0,0.0
2015-05-20,0.0,0.0,0.0,0.0,0.0,0.0
2015-05-21,0.0,0.0,0.0,0.0,0.0,0.0
2015-05-22,0.0,0.0,0.0,0.0,0.0,0.0
2015-05-23,0.0,0.0,0.0,0.0,0.0,0.0
2015-05-24,0.0,0.0,0.0,0.0,0.0,0.0
2015-05-25,0.0,0.0,0.0,0.0,0.0,0.0
2015-05-26,0.0,0.0,0.0,0.0,0.0,0.0
2015-05-27,0.0,0.0,0.0,0.0,0.0,0.0
2015-05-28,0.0,0.0,0.0,0.0,0.0,0.0
2015-05-29,0.0,0.0,0.0,0.0,0.0,0.0
2015-05-30,0.0,0.0,0.0,0.0,0.0,0.0
2015-05-31,0.0,0.0,0.0,0.0,0.0,0.0
2015-06-01,0.0,0.0,0.0,0.0,0.0,0.0
2015-06-02,0.0,0.0,0.0,0.0,0.0,0.0
2015-06-03,0.0,0.0,0.0,0.0,0.0,0.0
2015-06-04,0.0,0.0,0.0,0.0,0.0,0.0
2015-06-05,0.0,0.0,0.0,0.0,0.0,0.0
2015-06-06,0.0,0.0,0.0,0.0,0.0,0.0
2015-06-07,0.0,0.0,0.0,0.0,0.0,0.0
2015-06-08,0.0,0.0,0.0,0.0,0.0,0.0
2015-06-09,0.0,0.0,0.0,0.0,0.0,0.0
2015-06-10,0.0,0.0,0.0,0.0,0.0,0.0
2015-06-11,0.0,0.0,0.0,0.0,0.0,0.0
2015-06-12,0.0,0.0,0.0,0.0,0.0,0.0
2015-06-13,0.0,0.0,0.0,0.0,0.0,0.0
2015-06-14,0.0,0.0,0.0,0.0,0.0,0.0
2015-06-15,0.0,0.0,0.0,0.0,0.0,0.0
2015-06-16,0.0,0.0,0.0,0.0,0.0,0.0
2015-06-17,0.0,0.0,0.0,0.0,0.0,0.0
2015-06-18,0.0,0.0,0.0,0.0,0.0,0.0
2015-06-19,0.0,0.0,0.0,0.0,0.0,0.0
2015-06-20,0.0,0.0,0.0,0.0,0.0,0.0
2015-06-21,0.0,0.0,0.0,0.0,0.0,0.0
2015-06-22,0.0,0.0,0.0,0.0,0.0,0.0
2015-06-23,0.0,0.0,0.0,0.0,0.0,0.0
2015-06-24,0.0,0.0,0.0,0.0,0.0,0.0
2015-06-25,0.0,0.0,0.0,0.0,0.0,0.0
2015-06-26,0.0,0.0,0.0,0.0,0.0,0.0
2015-06-27,0.0,0.0,0.0,0.0,0.0,0.0
2015-06-28,0.0,0.0,0.0,0.0,0.0,0.0
2015-06-29,0.0,0.0,0.0,0.0,0.0,0.0
2015-06-30,0.0,0.0,0.0,0.0,0.0,0.0
2015-07-01,0.0,0.0,0.0,0.0,0.0,0.0
2015-07-02,0.0,0.0,0.0,0.0,0.0,0.0
2015-07-03,0.0,0.0,0.0,0.0,0.0,0.0
2015-07-04,0.0,0.0,0.0,0.0,0.0,0.0
2015-07-05,0.0,0.0,0.0,0.0,0.0,0.0
2015-07-06,0.0,0.0,0.0,0.0,0.0,0.0
2015-07-07,0.0,0.0,0.0,0.0,0.0,0.0
2015-07-08,0.0,0.0,0.0,0.0,0.0,0.0
2015-07-09,0.0,0.0,0.0,0.0,0.0,0.0
2015-07-10,0.0,0.0,0.0,0.0,0.0,0.0
2015-07-11,0.0,0.0,0.0,0.0,0.0,0.0
2015-07-12,0.0,0.0,0.0,0.0,0.0,0.0
2015-07-13,0.0,0.0,0.0,0.0,0.0,0.0
2015-07-14,0.0,0.0,0.0,0.0,0.0,0.0
2015-07-15,0.0,0.0,0.0,0.0,0.0,0.0
2015-07-16,0.0,0.0,0.0,0.0,0.0,0.0
2015-07-17,0.0,0.0,0.0,0.0,0.0,0.0
2015-07-18,0.0,0.0,0.0,0.0,0.0,0.0
2015-07-19,0.0,0.0,0.0,0.0,0.0,0.0
2015-07-20,0.0,0.0,0.0,0.0,0.0,0.0
2015-07-21,0.0,0.0,0.0,0.0,0.0,0.0
2015-07-22,0.0,0.0,0.0,0.0,0.0,0.0
2015-07-23,0.0,0.0,0.0,0.0,0.0,0.0
2015-07-24,0.0,0.0,0.0,0.0,0.0,0.0
2015-07-25,0.0,0.0,0.0,0.0,0.0,0.0
2015-07-26,0.0,0.0,0.0,0.0,0.0,0.0
2015-07-27,0.0,0.0,0.0,0.0,0.0,0.0
2015-07-28,0.0,0.0,0.0,0.0,0.0,0.0
2015-07-29,0.0,0.0,0.0,0.0,0.0,0.0
2015-07-30,0.0,0.0,0.0,0.0,0.0,0.0
2015-07-31,0.0,0.0,0.0,0.0,0.0,0.0
2015-08-01,0.0,0.0,0.0,0.0,0.0,0.0
2015-08-02,0.0,0.0,0.0,0.0,0.0,0.0
2015-08-03,0.0,0.0,0.0,0.0,0.0,0.0
2015-08-04,0.0,0.0,0.0,0.0,0.0,0.0
2015-08-05,0.0,0.0,0.0,0.0,0.0,0.0
2015-08-06,0.0,0.0,0.0,0.0,0.0,0.0
2015-08-07,0.0,0.0,0.0,0.0,0.0,0.0
2015-08-08,0.0,0.0,0.0,0.0,0.0,0.0
2015-08-09,0.0,0.0,0.0,0.0,0.0,0.0
2015-08-10,0.0,0.0,0.0,0.0,0.0,0.0
2015-08-11,0.0,0.0,0.0,0.0,0.0,0.0
2015-08-12,0.0,0.0,0.0,0.0,0.0,0.0
2015-08-13,0.0,0.0,0.0,0.0,0.0,0.0
2015-08-14,0.0,0.0,0.0,0.0,0.0,0.0
2015-08-15,0.0,0.0,0.0,0.0,0.0,0.0
2015-08-16,0.0,0.0,0.0,0.0,0.0,0.0
2015-08-17,0.0,0.0,0.0,0.0,0.0,0.0
2015-08-18,0.0,0.0,0.0,0.0,0.0,0.0
2015-08-19,0.0,0.0,0.0,0.0,0.0,0.0
2015-08-20,0.0,0.0,0.0,0.0,0.0,0.0
2015-08-21,0.0,0.0,0.0,0.0,0.0,0.0
2015-08-22,0.0,0.0,0.0,0.0,0.0,0.0
2015-08-23,0.0,0.0,0.0,0.0,0.0,0.0
2015-08-24,0.0,0.0,0.0,0.0,0.0,0.0
2015-08-25,0.0,0.0,0.0,0.0,0.0,0.0
2015-08-26,0.0,0.0,0.0,0.0,0.0,0.0
2015-08-27,0.0,0.0,0.0,0.0,0.0,0.0
2015-08-28,0.0,0.0,0.0,0.0,0.0,0.0
2015-08-29,0.0,0.0,0.0,0.0,0.0,0.0
2015-08-30,0.0,0.0,0.0,0.0,0.0,0.0
2015-08-31,0.0,0.0,0.0,0.0,0.0,0.0
2015-09-01,0.0,0.0,0.0,0.0,0.0,0.0
2015-09-02,0.0,0.0,0.0,0.0,0.0,0.0
2015-09-03,0.0,0.0,0.0,0.0,0.0,0.0
2015-09-04,0.0,0.0,0.0,0.0,0.0,0.0
2015-09-05,0.0,0.0,0.0,0.0,0.0,0.0
2015-09-06,0.0,0.0,0.0,0.0,0.0,0.0
2015-09-07,0.0,0.0,0.0,0.0,0.0,0.0
2015-09-08,0.0,0.0,0.0,0.0,0.0,0.0
2015-09-09,0.0,0.0,0.0,0.0,0.0,0.0
2015-09-10,0.0,0.0,0.0,0.0,0.0,0.0
2015-09-11,0.0,0.0,0.0,0.0,0.0,0.0
2015-09-12,0.0,0.0,0.0,0.0,0.0,0.0
2015-09-13,0.0,0.0,0.0,0.0,0.0,0.0
2015-09-14,0.0,0.0,0.0,0.0,0.0,0.0
2015-09-15,0.0,0.0,0.0,0.0,0.0,0.0
2015-09-16,0.0,0.0,0.0,0.0,0.0,0.0
2015-09-17,0.0,0.0,0.0,0.0,0.0,0.0
2015-09-18,0.0,0.0,0.0,0.0,0.0,0.0
2015-09-19,0.0,0.0,0.0,0.0,0.0,0.0
2015-09-20,0.0,0.0,0.0,0.0,0.0,0.0
2015-09-21,0.0,0.0,0.0,0.0,0.0,0.0
2015-09-22,0.0,0.0,0.0,0.0,0.0,0.0
2015-09-23,0.0,0.0,0.0,0.0,0.0,0.0
2015-09-24,0.0,0.0,0.0,0.0,0.0,0.0
2015-09-25,0.0,0.0,0.0,0.0,0.0,0.0
2015-09-26,0.0,0.0,0.0,0.0,0.0,0.0
2015-09-27,0.0,0.0,0.0,0.0,0.0,0.0
2015-09-28,0.0,0.0,0.0,0.0,0.0,0.0
2015-09-29,0.0,0.0,0.0,0.0,0.0,0.0
2015-09-30,0.0,0.0,0.0,0.0,0.0,0.0
2015-10-01,0.0,0.0,0.0,0.0,0.0,0.0
2015-10-02,0.0,0.0,0.0,0.0,0.0,0.0
2015-10-03,0.0,0.0,0.0,0.0,0.0,0.0
2015-10-04,0.0,0.0,0.0,0.0,0.0,0.0
2015-10-05,0.0,0.0,0.0,0.0,0.0,0.0
2015-10-06,0.0,0.0,0.0,0.0,0.0,0.0
2015-10-07,0.0,0.0,0.0,0.0,0.0,0.0
2015-10-08,0.0,0.0,0.0,0.0,0.0,0.0
2015-10-09,0.0,0.0,0.0,0.0,0.0,0.0
2015-10-10,0.0,0.0,0.0,0.0,0.0,0.0
2015-10-11,0.0,0.0,0.0,0.0,0.0,0.0
2015-10-12,0.0,0.0,0.0,0.0,0.0,0.0
2015-10-13,0.0,0.0,0.0,0.0,0.0,0.0
2015-10-14,0.0,0.0,0.0,0.0,0.0,0.0
2015-10-15,0.0,0.0,0.0,0.0,0.0,0.0
2015-10-16,0.0,0.0,0.0,0.0,0.0,0.0
2015-10-17,0.0,0.0,0.0,0.0,0.0,0.0
2015-10-18,0.0,0.0,0.0,0.0,0.0,0.0
2015-10-19,0.0,0.0,0.0,0.0,0.0,0.0
2015-10-20,0.0,0.0,0.0,0.0,0.0,0.0
2015-10-21,0.0,0.0,0.0,0.0,0.0,0.0
2015-10-22,0.0,0.0,0.0,0.0,0.0,0.0
2015-10-23,0.0,0.0,0.0,0.0,0.0,0.0
2015-10-24,0.0,0.0,0.0,0.0,0.0,0.0
2015-10-25,0.0,0.0,0.0,0.0,0.0,0.0
2015-10-26,0.0,0.0,0.0,0.0,0.0,0.0
2015-10-27,0.0,0.0,0.0,0.0,0.0,0.0
2015-10-28,0.0,0.0,0.0,0.0,0.0,0.0
2015-10-29,0.0,0.0,0.0,0.0,0.0,0.0
2015-10-30,0.0,0.0,0.0,0.0,0.0,0.0
2015-10-31,0.0,0.0,0.0,0.0,0.0,0.0
2015-11-01,0.0,0.0,0.0,0.0,0.0,0.0
2015-11-02,0.0,0.0,0.0,0.0,0.0,0.0
2015-11-03,0.0,0.0,0.0,0.0,0.0,0.0
2015-11-04,0.0,0.0,0.0,0.0,0.0,0.0
2015-11-05,0.0,0.0,0.0,0.0,0.0,0.0
2015-11-06,0.0,0.0,0.0,0.0,0.0,0.0
2015-11-07,0.0,0.0,0.0,0.0,0.0,0.0
2015-11-08,0.0,0.0,0.0,0.0,0.0,0.0
2015-11-09,0.0,0.0,0.0,0.0,0.0,0.0
2015-11-10,0.0,0.0,0.0,0.0,0.0,0.0
2015-11-11,0.0,0.0,0.0,0.0,0.0,0.0
2015-11-12,0.0,0.0,0.0,0.0,0.0,0.0
2015-11-13,0.0,0.0,0.0,0.0,0.0,0.0
2015-11-14,0.0,0.0,0.0,0.0,0.0,0.0
2015-11-15,0.0,0.0,0.0,0.0,0.0,0.0
2015-11-16,0.0,0.0,0.0,0.0,0.0,0.0
2015-11-17,0.0,0.0,0.0,0.0,0.0,0.0
2015-11-18,0.0,0.0,0.0,0.0,0.0,0.0
2015-11-19,0.0,0.0,0.0,0.0,0.0,0.0
2015-11-20,0.0,0.0,0.0,0.0,0.0,0.0
2015-11-21,0.0,0.0,0.0,0.0,0.0,0.0
2015-11-22,0.0,0.0,0.0,0.0,0.0,0.0
2015-11-23,0.0,0.0,0.0,0.0,0.0,0.0
2015-11-24,0.0,0.0,0.0,0.0,0.0,0.0
2015-11-25,0.0,0.0,0.0,0.0,0.0,0.0
2015-11-26,0.0,0.0,0.0,0.0,0.0,0.0
2015-11-27,0.0,0.0,0.0,0.0,0.0,0.0
2015-11-28,0.0,0.0,0.0,0.0,0.0,0.0
2015-11-29,0.0,0.0,0.0,0.0,0.0,0.0
2015-11-30,0.0,0.0,0.0,0.0,0.0,0.0
2015-12-01,0.0,0.0,0.0,0.0,0.0,0.0
2015-12-02,0.0,0.0,0.0,0.0,0.0,0.0
2015-12-03,0.0,0.0,0.0,0.0,0.0,0.0
2015-12-04,0.0,0.0,0.0,0.0,0.0,0.0
2015-12-05,0.0,0.0,0.0,0.0,0.0,0.0
2015-12-06,0.0,0.0,0.0,0.0,0.0,0.0
2015-12-07,0.0,0.0,0.0,0.0,0.0,0.0
2015-12-08,0.0,0.0,0.0,0.0,0.0,0.0
2015-12-09,0.0,0.0,0.0,0.0,0.0,0.0
2015-12-10,0.0,0.0,0.0,0.0,0.0,0.0
2015-12-11,0.0,0.0,0.0,0.0,0.0,0.0
2015-12-12,0.0,0.0,0.0,0.0,0.0,0.0
2015-12-13,0.0,0.0,0.0,0.0,0.0,0.0
2015-12-14,0.0,0.0,0.0,0.0,0.0,0.0
2015-12-15,0.0,0.0,0.0,0.0,0.0,0.0
2015-12-16,0.0,0.0,0.0,0.0,0.0,0.0
2015-12-17,0.0,0.0,0.0,0.0,0.0,0.0
2015-12-18,0.0,0.0,0.0,0.0,0.0,0.0
2015-12-19,0.0,0.0,0.0,0.0,0.0,0.0
2015-12-20,0.0,0.0,0.0,0.0,0.0,0.0
2015-12-21,0.0,0.0,0.0,0.0,0.0,0.0
2015-12-22,0.0,0.0,0.0,0.0,0.0,0.0
2015-12-23,0.0,0.0,0.0,0.0,0.0,0.0
2015-12-24,0.0,0.0,0.0,0.0,0.0,0.0
2015-12-25,0.0,0.0,0.0,0.0,0.0,0.0
2015-12-26,0.0,0.0,0.0,0.0,0.0,0.0
2015-12-27,0.0,0.0,0.0,0.0,0.0,0.0
2015-12-28,0.0,0.0,0.0,0.0,0.0,0.0
2015-12-29,0.0,0.0,0.0,0.0,0.0,0.0
2015-12-30,0.0,0.0,0.0,0.0,0.0,0.0
2015-12-31,0.0,0.0,0.0,0.0,0.0,0.0
2016-01-01,0.0,0.0,0.0,0.0,0.0,0.0
2016-01-02,0.0,0.0,0.0,0.0,0.0,0.0
2016-01-03,0.0,0.0,0.0,0.0,0.0,0.0
2016-01-04,0.0,0.0,0.0,0.0,0.0,0.0
2016-01-05,-0.0,0.0,0.0,0.0,0.0,0.0
2016-01-06,-0.0,0.0,0.0,0.0,0.0,0.0
2016-01-07,-0.0,0.0,0.0,0.0,0.0,0.0
2016-01-08,-0.0,0.0,0.0,0.0,0.0,0.0
2016-01-09,0.0,0.0,0.0,0.0,0.0,0.0
2016-01-10,-0.0,0.0,0.0,0.0,0.0,0.0
2016-01-11,0.0,0.0,0.0,0.0016229385788139928,0.0,0.0
2016-01-12,0.008119516840379721,0.0,0.0,0.0,0.0,0.0
2016-01-13,-0.033354922279792754,0.0,0.0,0.0,0.0,0.0
2016-01-14,0.020722660923665925,0.0,0.0,0.0,0.0,0.0
2016-01-15,-0.027194298574643616,0.0,0.0,0.0,0.0,0.0
2016-01-16,0.0,0.0,0.0,0.0,0.0,0.0
2016-01-17,-0.003903990746096153,0.0,0.0,0.0,0.0,0.0
2016-01-18,0.001983838970339269,0.0,0.0,-0.0018532989969587863,0.0,0.0
2016-01-19,0.0030905930075331156,0.0,0.0,0.0,0.0,0.0
2016-01-20,-0.0008184093972654072,0.0,0.0,0.0,0.0,0.0
2016-01-21,-0.0023608768971332683,0.0,0.0,0.0,0.0,0.0
2016-01-22,0.026465758717280075,0.0,0.0,0.0,0.0,0.0
2016-01-23,0.0,0.0,0.0,0.0,0.0,0.0
2016-01-24,-0.0002822865208186309,0.0,0.0,0.0,0.0,0.0
2016-01-25,-0.016141927224695898,0.0,0.0,-0.01681431459301707,0.0,0.0
2016-01-26,0.0044937374509990136,0.0,0.0,0.0,0.0,0.0
2016-01-27,-0.014467923091566526,0.0,0.0,0.0,0.0,0.0
2016-01-28,0.0010141008305968313,0.0,0.0,0.0,0.0,0.0
2016-01-29,0.030729895315741107,0.0,0.0,0.0,0.0,0.0
2016-01-30,0.0,0.0,0.0,0.0,0.0,0.0
2016-01-31,-0.000281353309418302,0.0,0.0,0.0,0.0,0.0
2016-02-01,0.00208736839818274,0.0,0.0,-0.004687220931865769,0.0,0.0
2016-02-02,-0.00028657400773749825,0.0,0.0,0.0,0.0,0.0
2016-02-03,-0.0,0.0,0.0,0.0,0.0,0.0
2016-02-04,-0.0,0.0,0.0,0.0,0.0,0.0
2016-02-05,-0.0,0.0,0.0,0.0,0.0,0.0
2016-02-06,0.0,0.0,0.0,0.0,0.0,0.0
2016-02-07,-0.0,0.0,0.0,0.0,0.0,0.0
2016-02-08,-0.0,0.0,0.0,-0.015742362999527214,0.0,0.0
2016-02-09,0.0,0.0,0.0,0.0,0.0,0.0
2016-02-10,-0.0,0.0,0.0,0.0,0.0,0.0
2016-02-11,0.0,0.0,0.0,0.0,0.0,0.0
2016-02-12,0.0,0.0,0.0,0.0,0.0,0.0
2016-02-13,0.0,0.0,0.0,0.0,0.0,0.0
2016-02-14,0.004830998867059875,0.0,0.0,0.0,0.0,0.0
2016-02-15,0.00879235189221328,0.0,0.0,0.012531515324001138,0.0,0.0
2016-02-16,-0.00029318348399706815,0.0,0.0,0.0,0.0,0.0
2016-02-17,0.02808040550025112,0.0,0.0,0.0,0.0,0.0
2016-02-18,-0.00028852395951047097,0.0,0.0,0.0,0.0,0.0
2016-02-19,0.0,0.0,0.0,0.0,0.0,0.0
2016-02-20,0.0,0.0,0.0,0.0,0.0,0.0
2016-02-21,-0.0,0.0,0.0,0.0,0.0,0.0
2016-02-22,0.0,0.0,0.0,0.008804059277200977,0.0,0.0
2016-02-23,-0.012948100158122311,0.0,0.0,0.0,0.0,0.0
2016-02-24,0.016093336540774494,0.0,0.0,0.0,0.0,0.0
2016-02-25,-0.00028249917604406986,0.0,0.0,0.0,0.0,0.0
2016-02-26,-0.004780220374186654,0.0,0.0,0.0,0.0,0.0
2016-02-27,0.0,0.0,0.0,0.0,0.0,0.0
2016-02-28,-0.0014425237070493369,0.0,0.0,0.0,0.0,0.0
2016-02-29,-0.0032681286411215815,0.0,0.0,-0.004480949500923887,0.0,0.0
2016-03-01,0.030056072989925964,0.0,0.0,0.0,0.0,0.0
2016-03-02,-0.00027770063871146905,0.0,0.0,0.0,0.0,0.0
2016-03-03,-0.0004165895222440534,0.0,0.0,0.0,0.0,0.0
2016-03-04,9.257973429610544e-05,0.0,0.0,0.0,0.0,0.0
2016-03-05,0.0,0.0,0.0,0.0,0.0,0.0
2016-03-06,-0.0007405693126590895,0.0,0.0,0.0,0.0,0.0
2016-03-07,-0.0034508314419381403,0.0,0.0,0.0036791436578882033,0.0,0.0
2016-03-08,-0.00752980548002502,0.0,0.0,0.0,0.0,0.0
2016-03-09,0.00512820512820511,0.0,0.0,0.0,0.0,0.0
2016-03-10,-0.0016773832820798917,0.0,0.0,0.0,0.0,0.0
2016-03-11,0.016802016241949103,0.0,0.0,0.0,0.0,0.0
2016-03-12,0.0,0.0,0.0,0.0,0.0,0.0
2016-03-13,-0.0002756339581036383,0.0,0.0,0.0,0.0,0.0
2016-03-14,0.002803124348049084,0.0,0.0,-0.000277876817484313,0.0,0.0
2016-03-15,-0.0002744362621781091,0.0,0.0,0.0,0.0,0.003726474361097931
2016-03-16,0.006702719737777837,0.0,0.0,0.0,0.0,-0.00016526989099925976
2016-03-17,-0.00027226936515859694,0.0,0.0,0.0,0.0,0.0
2016-03-18,-0.0007488705445900174,0.0,0.0,0.0,0.0,0.0
2016-03-19,0.0,0.0,0.0,0.0,0.0,0.0
2016-03-20,-0.0014754954259641462,0.0,0.0,0.0,0.0,-0.0017687836194182165
2016-03-21,0.005365099572610665,0.0,0.0,0.0005070013128417689,0.0,-0.0020537132127031762
2016-03-22,-0.00027022158169699153,0.0,0.0,0.0,0.0,0.0
2016-03-23,-0.009009767836977519,0.0,0.0,0.0,0.0,0.0
2016-03-24,0.0014766015447524872,0.0,0.0,0.0,0.0,0.0
2016-03-25,0.0,0.0,0.0,0.0,0.0,0.0
2016-03-26,0.0,0.0,0.0,0.0,0.0,0.0
2016-03-27,0.0018827265509810953,0.0,0.0,0.0,0.0,0.0
2016-03-28,-0.005026263358087313,0.0,0.0,0.0,0.0,0.006928801401424006
2016-03-29,0.017567014062713326,0.0,0.0,0.0,0.0,0.0
2016-03-30,-0.00026752273943285177,0.0,0.0,0.0,0.0,0.0
2016-03-31,-0.000178324638943836,0.0,0.0,0.0,0.0,0.002174909684363435
2016-04-01,0.011234953187694963,0.0,0.0,0.0,0.0,0.0
2016-04-02,0.0,0.0,0.0,0.0,0.0,0.0
2016-04-03,-0.0002650527896806114,0.0,0.0,0.0,0.0,0.0
2016-04-04,-0.005611708430347853,0.0,0.0,-0.0072982735439036,0.0,0.0014865771495745285
2016-04-05,-0.0040193640078165505,0.0,0.0,0.0,0.0,0.0009611017773455175
2016-04-06,0.012039865331876731,0.0,0.0,0.0,0.0,0.000870996237288537
2016-04-07,-0.0002687329242621042,0.0,0.0,0.0,0.0,0.0
2016-04-08,0.0,0.0,0.0,0.0,0.0,0.0
2016-04-09,0.0,0.0,0.0,0.0,0.0,0.0
2016-04-10,0.0,0.0,0.0,0.0,0.0,0.0005568905429260418
2016-04-11,-0.0,0.0,0.0,-0.005248966348884207,0.0,0.0016498160505966197
2016-04-12,0.0,0.0,0.0,0.0,0.0,0.00019300165545935332
2016-04-13,0.012362726728789524,0.0,0.0,0.0,0.0,0.0
2016-04-14,-0.00026362038664323376,0.0,0.0,0.0,0.0,0.0
2016-04-15,-0.002043527928730954,0.0,0.0,0.0,0.0,0.0
2016-04-16,0.0,0.0,0.0,0.0,0.0,0.0
2016-04-17,-0.006426197759633712,0.0,0.0,0.0,0.0,0.0004863134785643258
2016-04-18,0.009768090903050197,0.0,0.0,0.005097827240254955,0.0,0.0026510601056234785
2016-04-19,-0.0002649591521307132,0.0,0.0,0.0,0.0,-0.0010477774618520288
2016-04-20,0.0,0.0,0.0,0.0,0.0,0.001203925629505959
2016-04-21,-0.0,0.0,0.0,0.0,0.0,0.0
2016-04-22,-0.0,0.0,0.0,0.0,0.0,0.0
2016-04-23,0.0,0.0,0.0,0.0,0.0,0.0
2016-04-24,0.0,0.0,0.0,0.0,0.0,0.0
2016-04-25,-0.00022339180230738728,0.0,0.0,-0.0028879895695108782,0.0,0.0
2016-04-26,-0.014073809311053509,0.0,0.0,0.0,0.0,-0.0017148229439992784
2016-04-27,0.005823174876512516,0.0,0.0,0.0,0.0,0.0026834399792045054
2016-04-28,-0.010925638079790967,0.0,0.0,0.0,0.0,0.00037995974331193595
2016-04-29,-0.0113424133375849,0.0,0.0,0.0,0.0,0.0
2016-04-30,0.0,0.0,0.0,0.0,0.0,0.0
2016-05-01,-0.003225211942499029,0.0,0.0,0.0,0.0,0.0
2016-05-02,0.010700748821299788,0.0,0.0,0.006156106516064869,0.0,0.0
2016-05-03,-0.0002762558128827294,0.0,0.0,0.0,0.0,0.0
2016-05-04,-0.0,0.0,0.0,0.0,0.0,0.0
2016-05-05,-0.0,0.0,0.0,0.0,0.0,-2.068686479047828e-05
2016-05-06,0.0,0.0,0.0,0.0,0.0,0.0
2016-05-07,0.0,0.0,0.0,0.0,0.0,0.0
2016-05-08,0.00043830869825839484,0.0,0.0,0.0,0.0,0.0
2016-05-09,-0.001036890250927458,0.0,0.0,-0.0017376584587982795,0.0,-0.0010190872988077538
2016-05-10,0.014162476357429732,0.0,0.0,0.0,0.0,-0.0010235238899292934
2016-05-11,-0.00027542518763340907,0.0,0.0,0.0,0.0,0.0
2016-05-12,-0.0,0.0,0.0,0.0,0.0,0.0
2016-05-13,-0.0,0.0,0.0,0.0,0.0,0.0
2016-05-14,0.0,0.0,0.0,0.0,0.0,0.0
2016-05-15,-0.0,0.0,0.0,0.0,0.0,0.0009984633263685147
2016-05-16,0.0,0.0,0.0,0.009930724996782938,0.0,0.0
2016-05-17,-0.01206853390777871,0.0,0.0,0.0,0.0,0.0
2016-05-18,0.003930999398788382,0.0,0.0,0.0,0.0,0.0
2016-05-19,-0.005320619126589321,0.0,0.0,0.0,0.0,-0.0004582344377624691
2016-05-20,0.011045501910385447,0.0,0.0,0.0,0.0,0.0
2016-05-21,0.0,0.0,0.0,0.0,0.0,0.0
2016-05-22,-0.00027470011903671826,0.0,0.0,0.0,0.0,0.0
2016-05-23,-0.003434622029832441,0.0,0.0,-0.0026374383356538664,0.0,0.009466559978987054
2016-05-24,0.023147935516465212,0.0,0.0,0.0,0.0,0.0
2016-05-25,-0.0002681863895407308,0.0,0.0,0.0,0.0,-0.001890253503279423
2016-05-26,0.004828714638549583,0.0,0.0,0.0,0.0,0.0008187584010594291
2016-05-27,-0.00026577484441097645,0.0,0.0,0.0,0.0,0.0
2016-05-28,0.0,0.0,0.0,0.0,0.0,0.0
2016-05-29,0.0011299134124337221,0.0,0.0,0.0,0.0,0.0
2016-05-30,0.00030963860751098693,0.0,0.0,0.0014195938412451415,0.0,-0.0008109204105670193
2016-05-31,0.0006190855222429903,0.0,0.0,0.0,0.0,0.0
2016-06-01,-0.0005303164221319712,0.0,0.0,0.0,0.0,0.0
2016-06-02,0.0020560665015918467,0.0,0.0,0.0,0.0,0.008364599664445554
2016-06-03,-0.005030336458907936,0.0,0.0,0.0,0.0,0.0
2016-06-04,0.0,0.0,0.0,0.0,0.0,0.0
2016-06-05,-0.0005543606004834167,0.0,0.0,0.0,0.0,0.0
2016-06-06,0.003283635072772517,0.0,0.0,0.006038290297982611,0.0,0.0
2016-06-07,-0.0002658926236954643,0.0,0.0,0.0,0.0,0.0019649080409198075
2016-06-08,0.0,0.0,0.0,0.0,0.0,0.0
2016-06-09,-0.0,0.0,0.0,0.0,0.0,0.0
2016-06-10,-0.0,0.0,0.0,0.0,0.0,0.0
2016-06-11,0.0,0.0,0.0,0.0,0.0,0.0
2016-06-12,-0.0,0.0,0.0,0.0,0.0,-0.0007518693617512346
2016-06-13,-0.0,0.0,0.0,-0.011033118237702191,0.0,0.0
2016-06-14,-0.0,0.0,0.0,0.0,0.0,-0.003226396863419311
2016-06-15,-0.0,0.0,0.0,0.0,0.0,-0.00035692054714274793
2016-06-16,0.0,0.0,0.0,0.0,0.0,0.0
2016-06-17,-0.01480209561871504,0.0,0.0,0.0,0.0,0.0
2016-06-18,0.0,0.0,0.0,0.0,0.0,0.0
2016-06-19,0.007416563658837916,0.0,0.0,0.0,0.0,0.0
2016-06-20,0.0002953874119517863,0.0,0.0,0.00925210664578727,0.0,0.0
2016-06-21,-0.0003407309815324222,0.0,0.0,0.0,0.0,-0.0012870042811712781
2016-06-22,0.004703690238138547,0.0,0.0,0.0,0.0,-0.005888489382299061
2016-06-23,-0.00026902210464959867,0.0,0.0,0.0,0.0,0.012569971809909928
2016-06-24,-0.04325738407799513,0.0,0.0,0.0,0.0,0.0
2016-06-25,0.0,0.0,0.0,0.0,0.0,0.0
2016-06-26,-0.00648879102344857,0.0,0.0,0.0,0.0,0.0
2016-06-27,-0.010350844100726175,0.0,0.0,-0.019810742393179644,0.0,0.0031272212882022775
2016-06-28,0.02115645772282182,0.004155739800035545,0.00211538077421729,0.0,0.0,-0.00041044023622596786
2016-06-29,-0.0002744111593871484,0.002084212394160446,0.0007007922593718964,0.0,0.0,0.0
2016-06-30,0.006656358893958594,-0.0037710854547509318,0.0007413095509496426,0.0,0.0,0.002264363235362972
2016-07-01,0.008629891217950103,-0.0022242398682764952,-0.0004620198685223786,0.0,0.0,0.0
2016-07-02,0.0,0.0,0.0,0.0,0.0,0.0
2016-07-03,-0.0002706482024448554,0.000528151140143404,-0.00030747122462138066,0.0,0.0,0.0
2016-07-04,0.0016244009982224437,-0.0007787112098582827,0.0005879739812725493,0.0004074095327500721,0.0,0.0
2016-07-05,-0.0002724733770804477,-0.008176157877299532,-0.0039721404638380035,0.0,0.0,-0.0025141015069501844
2016-07-06,0.0,-0.0018266445967197367,0.0004469414771973712,0.0,0.0,0.0
2016-07-07,0.003333327525823299,-7.744176699753849e-05,-0.001415949694197427,0.0,0.0,0.005088910403441455
2016-07-08,0.014807170260022984,0.0018577890802549289,-0.0012774106513572328,0.0,0.0,0.0
2016-07-09,0.0,0.0,0.0,0.0,0.0,0.0
2016-07-10,-0.0002651054898928532,-4.859677212837815e-05,0.00022020521385419657,0.0,0.0,0.0
2016-07-11,0.005988612806965646,0.0038326752095269837,0.003704337414004932,0.007367605964583057,0.0,-0.00037865502507891
2016-07-12,-0.0002622778834174808,0.009715572883368006,0.004354219716651975,0.0,0.0,0.0
2016-07-13,-0.0032792670174069992,-0.006129424141874949,-8.433173690073351e-05,0.0,0.0,0.0020712091759704336
2016-07-14,0.005699879425627552,0.002210516566129429,0.0014487734084815851,0.0,0.0,0.0
2016-07-15,-0.00026272002802346965,-0.0021768291606630674,-0.0010776032184991568,0.0,0.0,0.0
2016-07-16,0.0,0.0,0.0,0.0,0.0,0.0
2016-07-17,0.0,6.47744895198739e-05,0.0009202649382500484,0.0,0.0,0.0
2016-07-18,0.004944625154412272,0.00010914979921512872,0.001280229229518537,0.006946035159946539,0.0,0.0
2016-07-19,-0.0002602472348731295,3.1691542414679184e-05,-0.00028033531807982744,0.0,0.0,0.0005888393676501977
2016-07-20,0.01010893779730967,0.0003206066435272275,0.0005141567548258563,0.0,0.0,-0.000387903984021283
2016-07-21,-0.00025843688755841746,0.0015090867867391111,-0.0009718257696817224,0.0,0.0,-0.00039985007496257064
2016-07-22,0.004179204506529614,-0.0007543215375693701,-0.000643582097466755,0.0,0.0,0.0
2016-07-23,0.0,0.0,0.0,0.0,0.0,0.0
2016-07-24,-0.00025728987993138937,4.966916906418655e-05,0.00031843477041852973,0.0,0.0,0.0
2016-07-25,-0.0009006801814847676,2.427122970125571e-05,-0.0016407287406512317,-0.002353833181216558,0.0,-0.0011896108154566154
2016-07-26,0.008217120789530075,-0.00035283607636273713,-0.00170256818276965,0.0,0.0,-0.0015625796523977803
2016-07-27,-0.00025465271735670476,0.00041701417848207596,0.0008005147518025835,0.0,0.0,-0.000184455892909915
2016-07-28,0.004224126057431116,0.00021630732144018903,0.0004374436767798029,0.0,0.0,-0.0028353493029517145
2016-07-29,-0.000253399780386857,-3.1807766333915374e-05,-0.0015879395106267568,0.0,0.0,0.0
2016-07-30,0.0,0.0,0.0,0.0,0.0,0.0
2016-07-31,-0.00010554579068545983,8.360259816911605e-05,0.0005844046026918459,0.0,0.0,-0.0010812221795241225
2016-08-01,0.0038004349386651093,0.00044380865115207173,-0.00022296862594834989,-0.0007367510617455068,0.0,0.0006499752297258968
2016-08-02,-0.0002544259514470476,0.00028843881406365684,-0.002213796855732495,0.0,0.0,0.0
2016-08-03,0.0,-0.0008534513520107593,0.0011345714670312535,0.0,0.0,-0.0011167403141928494
2016-08-04,0.0034867371816985895,-0.00028495355230163965,-0.0006140015903935758,0.0,0.0,0.002846313718647856
2016-08-05,-0.00025069987047173355,9.059964610119814e-05,0.0028672304605118267,0.0,0.0,0.0
2016-08-06,0.0,0.0,0.0,0.0,0.0,0.0
2016-08-07,0.00033441305921826293,0.0002811734471002944,0.0007732443530266697,0.0,0.0,0.0
2016-08-08,-0.0017329936944083801,-0.00042197615753092934,0.000300421184131483,-0.001057565159196229,0.0,-0.0013001063247069576
2016-08-09,0.0016732551086569014,-0.0006488830491097517,-0.0005213384827813859,0.0,0.0,-0.00027608756310622647
2016-08-10,-0.0018166252531792715,-0.0010428381057131892,-0.0018342173346055368,0.0,0.0,-0.0003011664432737658
2016-08-11,0.0052715253953645735,-0.0017448017490134034,0.0031972513833743886,0.0,0.0,-0.0013976946937114545
2016-08-12,-0.00024955807424352706,-0.001871107203255536,-0.001681895143428036,0.0,0.0,0.0
2016-08-13,0.0,0.0,0.0,0.0,0.0,0.0
2016-08-14,-0.0001039462066705773,-0.0003958530955922063,8.49944940594427e-05,0.0,0.0,-0.00040666957502590034
2016-08-15,0.003389337103884227,-0.0017598265072114733,0.0016507681337944113,0.004286084840437718,0.0,-0.0001614905710333439
2016-08-16,-0.0002497658445207618,0.0019061780641761311,-0.0030468611791302134,0.0,0.0,0.0
2016-08-17,0.0,5.365465141390661e-05,-0.0013291168315270573,0.0,0.0,0.0
2016-08-18,0.0,0.0017571601474453838,0.00036956277149247097,0.0,0.0,0.0
2016-08-19,-0.0006027606764042922,-0.0013156197607222086,-0.0006725077170655069,0.0,0.0,0.0
2016-08-20,0.0,0.0,0.0,0.0,0.0,0.0
2016-08-21,-0.00027025903288846465,4.2238807674167447e-05,6.369175289311357e-05,0.0,0.0,0.0
2016-08-22,0.0002287425398741494,0.001281235022281817,-0.0014693836777757367,-0.0004950480247486169,0.0,-0.0029528171418125196
2016-08-23,0.0023908523908524604,0.0007736786592790707,0.0013032236222697113,0.0,0.0,0.0
2016-08-24,-0.00721767084932079,0.0009967270563420172,-0.0018898474223828278,0.0,0.0,0.0
2016-08-25,-0.000584954143773464,-0.0010353977103794991,-0.001371800891755053,0.0,0.0,-0.002210654352407974
2016-08-26,0.00018813102280579308,0.0007275972836449875,0.000986354991823611,0.0,0.0,0.0
2016-08-27,0.0,0.0,0.0,0.0,0.0,0.0
2016-08-28,-0.0006269854539374675,-4.142652451228306e-05,0.00028905832400722976,0.0,0.0,0.0
2016-08-29,0.0031159814295871335,-9.70274692098397e-05,0.0016937271512342256,0.004959769563450437,0.0,0.0
2016-08-30,-0.0002513246905564748,-2.5218333107134352e-05,0.0009000743814915556,0.0,0.0,0.0
2016-08-31,0.0,0.0006060141554385108,-0.0009620243422363348,0.0,0.0,0.0
2016-09-01,0.0,0.0012379188417035003,-0.0009833520663841545,0.0,0.0,-0.002336335052764569
2016-09-02,0.0038927377547678813,0.0015935700633420492,0.004282348293513483,0.0,0.00354685823379228,0.0
2016-09-03,0.0,0.0,0.0,0.0,0.0,0.0
2016-09-04,0.000562593765627506,-0.00014240910542429042,0.00014205973671318483,0.0,0.0,0.0
2016-09-05,-0.002165809367125404,0.0003097222064480467,-0.0013102548887496846,-0.0012294367802189862,0.0,0.0037630129587916624
2016-09-06,0.007722007722007707,0.0013740622137338157,-0.000667572472152062,0.0,0.002726047120418848,0.0
2016-09-07,-0.0002485810166963583,-1.0510733315022217e-05,0.0012665718726933895,0.0,0.0,0.0
2016-09-08,-0.006671863905386499,-0.0006519766205056353,-0.0006752311751932027,0.0,0.0,0.0
2016-09-09,-0.026665832707864157,-0.0009959608131916364,-0.003749274887216829,0.0,0.0,0.0
2016-09-10,0.0,0.0,0.0,0.0,0.0,0.0
2016-09-11,-0.0010924279747243082,-0.0002799883653545977,-0.00012122717534368557,0.0,0.0,0.0
2016-09-12,0.02127203328043925,0.004484859033292382,0.006520032715377961,0.01735014456639269,0.0002633782440347558,0.0
2016-09-13,-0.0002539252613314148,-0.003826761121410524,-0.005543749504441482,0.0,0.0,0.0
2016-09-14,0.0027092861427383294,-0.001443580559998933,0.0009061612040258016,0.0,0.0,0.002880346654719146
2016-09-15,0.014346596902822917,0.0012362245980474175,0.00010773742794090147,0.0,0.004722713854009334,0.0
2016-09-16,-0.0002490298213211032,0.00048795161961682587,-0.0006986066472822628,0.0,0.0,0.0
2016-09-17,0.0,0.0,0.0,0.0,0.0,0.0
2016-09-18,0.0018474920497972174,7.864534879116605e-05,0.00026417041985551937,0.0,0.0,-0.001236545687113422
2016-09-19,-0.007061795891318834,0.00040464790457596,-0.0011159034428990355,-0.00010619335920580039,0.0,0.0
2016-09-20,0.0018979289632303775,0.0002534811095844338,-0.0004304509316924388,0.0,0.0,-0.004437974588515107
2016-09-21,0.009534118822598803,-4.1988993604472264e-05,-0.0006187048891533523,0.0,0.0,0.0
2016-09-22,-0.0002455343441163833,0.001798353821929396,0.0016852049307988892,0.0,0.0,0.0
2016-09-23,-0.005955617567874816,-0.00294523154922697,-0.0004987796914777687,0.0,0.002895621257485041,0.0
2016-09-24,0.0,0.0,0.0,0.0,0.0,0.0
2016-09-25,0.00014405070584855295,3.367261535327921e-05,7.681735810816102e-06,0.0,0.0,-0.0015507286109740946
2016-09-26,-0.009320795868397846,-0.0014982806955532197,-0.0014469295503392265,-0.009688469644716766,0.0,-6.574521289350186e-05
2016-09-27,0.010135415801279413,0.0013250044580928033,0.001297936651327858,0.0,0.00010503744778914014,0.0
2016-09-28,-0.0002462851982595846,0.0007225186414601313,0.0036472945886532387,0.0,0.0,0.0
2016-09-29,-0.006897634237306234,-0.0021001866386267014,-0.0022783134821040885,0.0,0.0,0.0
2016-09-30,0.005433884297520786,0.0004427073266954402,0.00016807977826879117,0.0,0.0,0.0
2016-10-01,0.0,0.0,0.0,0.0,0.0,0.0
2016-10-02,0.0023631917473234676,-0.001087918867437889,0.0006487257510846111,0.0,0.0,0.0
2016-10-03,-0.0012710648243060563,-0.001522781392949468,0.0009434572130452067,-0.0007854155833249196,0.0,0.0
2016-10-04,-0.003428031858116576,-0.0034209126786172495,0.003083450176276792,0.0,0.0,0.0
2016-10-05,0.004572699746647757,0.00018961251051882082,0.004087435136321227,0.0,0.0010681749366619668,0.0
2016-10-06,-0.002419470587029182,-0.010150103481061748,-0.0009417667083221227,0.0,-7.447033577417418e-05,0.0
2016-10-07,-0.000760487534170462,0.0011568239531456026,-0.0026753191766453414,0.0,0.0,0.0
2016-10-08,0.0,0.0,0.0,0.0,0.0,0.0
2016-10-09,0.0018512423893368712,0.00032178330357035545,0.0011308864026408959,0.0,0.00038781059733421095,0.0
2016-10-10,0.005399745411242884,-0.0015285329172339557,0.005361982327467917,0.00860715370456364,0.0,0.0
2016-10-11,-0.0002485140928200137,-0.0006270072487498051,-0.00946853162405651,0.0,0.0,0.0
2016-10-12,-0.0,-0.0017777799172598503,0.00022689574686858284,0.0,0.0,-0.0013567075380952606
2016-10-13,-0.0,0.0001159152074816903,-0.0031004520263766345,0.0,0.0,0.0
2016-10-14,0.0,0.00047408288778195897,0.001945898094114451,0.0,0.0,0.0
2016-10-15,0.0,0.0,0.0,0.0,0.0,0.0
2016-10-16,-0.0021026156173286187,-0.0007157498729206536,-0.0008384642757671034,0.0,0.0,0.0
2016-10-17,0.0030443939362345684,0.0006860579498655015,-0.00022212470197409124,-0.0008568334172383985,-0.00012696100845925216,-0.0006542785744826704
2016-10-18,-0.00024854497628466684,0.00447205370665789,0.0021595698171143936,0.0,0.0,-0.00039751349492378826
2016-10-19,0.0009116195272179047,0.0005605250078086967,0.0005535578954637744,0.0,-0.003580610689076829,-7.249611507627952e-05
2016-10-20,0.0031859652026398066,-9.690631777912669e-05,0.0018470512378165771,0.0,0.0,0.0
2016-10-21,-0.0002475349643137093,0.0004890694313675461,-0.0017426009513459178,0.0,0.0,0.0
2016-10-22,0.0,0.0,0.0,0.0,0.0,0.0
2016-10-23,0.00033018950819141006,-3.7094694260962e-05,0.00041454464567760587,0.0,0.0002628114757119694,-0.00023180402295472444
2016-10-24,0.011648043541005126,0.0014067230939851566,0.0035912478602015737,0.006065113092695252,0.0,0.0008648149459750542
2016-10-25,-0.0002461235540241201,-0.003177010213246335,-0.0027708269278979847,0.0,0.0,0.0
2016-10-26,-0.0,0.001122165058163458,-0.0007093730634934012,0.0,0.0,-0.0016371716042481973
2016-10-27,-0.0,-0.0013572411088711735,0.0004440387617041144,0.0,0.0,0.000429404140745218
2016-10-28,-0.0,-0.0001320286881192009,-0.00144938158882083,0.0,0.0,0.0
2016-10-29,0.0,0.0,0.0,0.0,0.0,0.0
2016-10-30,-0.0,3.953746184734178e-05,-0.0005801349610838003,0.0,0.0,0.0
2016-10-31,-0.0,0.0008100729318917962,0.0013098146147324519,0.0003215957077877735,-0.0023074487136794017,0.0013890462103098447
2016-11-01,-0.009869614250021355,-0.002176039693157804,-0.005379359775950634,0.0,0.0,-0.0015147955284735661
2016-11-02,-0.010173196569699172,-0.0016246582602630418,-0.0013759278180805134,0.0,0.0,0.0
2016-11-03,-0.006582859084345527,0.0005709059786704925,-0.004131644535665032,0.0,0.0,0.004621069145286446
2016-11-04,-0.003377367363515904,-0.0018511781199025874,-0.0007414219929380505,0.0,0.0,0.0
2016-11-05,0.0,0.0,0.0,0.0,0.0,0.0
2016-11-06,0.013212079615648742,0.003982789157259621,0.006795163059008557,0.0,-0.010392132630705325,0.0
2016-11-07,-0.0002512720648281927,0.004369072171803579,0.008748399058751277,0.02249229277949695,-0.005406088664421998,0.0
2016-11-08,0.008377884679240794,0.0037200619271577917,0.0039520348563756085,0.0,0.0,0.0
2016-11-09,-0.0002490349894160129,-0.0083642638520709,-0.015433298681392805,0.0,0.0,0.0
2016-11-10,-0.016731022425396282,-0.001253323738269831,0.0017737938624915767,0.0,0.0,0.0
2016-11-11,0.0010128291694802005,-0.004310738356588132,0.0,0.0,0.0,0.0
2016-11-12,0.0,0.0,0.0,0.0,0.0,0.0
2016-11-13,0.005037942664418038,0.00045203670125613916,0.00015326781310773808,0.0,0.0,0.0
2016-11-14,-0.015100987856288883,6.187163262670272e-05,4.4754987857054335e-06,0.001079924638020233,0.0,0.0
2016-11-15,0.015779722736855684,0.002033408296232775,0.001007601264646918,0.0,0.0015497467927076396,0.0
2016-11-16,-0.00025083612040133777,-0.00033770437250761566,-0.001016386510412992,0.0,0.0,0.0
2016-11-17,0.008969682448464536,-0.0012088923655935097,-0.00019169982492407418,0.0,0.0,0.0
2016-11-18,-0.0002494232088295816,0.0002115649715611653,-0.001188270749070064,0.0,0.0,0.0
2016-11-19,0.0,0.0,0.0,0.0,0.0,0.0
2016-11-20,-0.0,0.00023945150941521174,-7.745227573009439e-05,0.0,0.0,0.0
2016-11-21,0.0,-0.0019849278143216765,0.0011880045922166627,0.0061833311117683,0.002487050471874572,0.0
2016-11-22,0.0025403247552049225,0.0009224369731515706,0.0005341090086684707,0.0,0.0,0.0
2016-11-23,-0.004609606025437515,-0.004130591511464388,-0.0022120939505490974,0.0,0.0,0.0
2016-11-24,0.0017731863475346442,-0.0005439380961933334,-7.318715419070143e-05,0.0,0.0,0.0
2016-11-25,0.0019314377377494848,2.6872717694603118e-05,7.309864207705183e-05,0.0,0.0,0.0
2016-11-26,0.0,0.0,0.0,0.0,0.0,0.0
2016-11-27,-0.00024681708796972377,0.0005722441172772077,0.00023325772022246837,0.0,0.0,0.0
2016-11-28,-0.0,0.0010442380071550338,-0.00017664877978365026,-0.006463668344769519,0.0,0.0
2016-11-29,0.0,-0.001642917257275517,0.0025420694332159875,0.0,0.0008464454854318767,0.0
2016-11-30,-0.010927334245196376,-0.0018382045440621154,0.0030246319063324647,0.0,0.0,0.0
2016-12-01,-0.018503210825510225,-3.405478093294409e-05,-0.004352397463406009,0.0,0.0,0.0
2016-12-02,0.0003148359357897732,-0.001989586998801879,-0.0012522740229426856,0.0,0.0,0.0
2016-12-03,0.0,0.0,0.0,0.0,0.0,0.0
2016-12-04,-0.0037562804797356066,-0.0002034675541293844,-0.002553064238355443,0.0,0.0,0.0
2016-12-05,0.012971659423909987,0.001678063095358792,0.00438404871910751,0.009495019339993908,0.004868464603083662,0.0
2016-12-06,-0.0002505846976277982,0.0002188092219305231,0.00038104232280176107,0.0,0.0,0.0
2016-12-07,0.010234123983143833,0.0019733920489468145,0.0017343730021049384,0.0,0.0,0.0
2016-12-08,-0.000246867863975807,-0.0023494016234897053,0.0007222027704821166,0.0,0.0,0.0
2016-12-09,0.006556651800021357,-0.0019176199724167161,0.0024482822940381285,0.0,0.0,0.0
2016-12-10,0.0,0.0,0.0,0.0,0.0,0.0
2016-12-11,-0.00024482301336325616,-0.0011847790572390774,0.00013876579051449453,0.0,0.0,0.0
2016-12-12,-0.008046149776121385,0.0007591224507635906,-0.0020782934030031397,-0.005084505424874689,0.014310099168387354,0.0
2016-12-13,0.01682083121024077,-0.00035975071911632415,0.0026863227394740563,0.0,0.0,0.0
2016-12-14,-0.0002432991362880662,-0.00018760025839021613,-0.0006578581441142299,0.0,0.0,0.0
2016-12-15,0.0015900349514639998,-0.0013767853070335598,0.0020263761744235163,0.0,0.0,0.0
2016-12-16,-0.005069120608016012,0.0001487654432201517,-0.0002796853589094539,0.0,-0.0018712865593403414,0.0
2016-12-17,0.0,0.0,0.0,0.0,0.0,0.0
2016-12-18,0.0014086580216291192,0.00011514389549739278,0.0002006429822794642,0.0,0.0,0.0
2016-12-19,0.00407844574175601,0.0010229321159888464,-5.507732818482722e-05,0.004017681806333833,0.0,0.0
2016-12-20,-0.00024203307785397335,-0.0010437647825987974,0.0019849370489485652,0.0,0.0,0.0
2016-12-21,-0.0020173301320457982,0.0011420510626355507,-0.00024967287850722334,0.0,0.0,0.0
2016-12-22,-0.002932382546485422,0.000778335753404277,-0.0004584857446569446,0.0,0.0,0.0
2016-12-23,0.0019446180471555262,0.0009120997773805232,0.00042434777383527634,0.0,0.00014602378215896033,0.0
2016-12-24,0.0,0.0,0.0,0.0,0.0,0.0
2016-12-25,0.0,0.0,0.0,0.0,0.0,0.0
2016-12-26,0.0,-0.0001856137641459825,-0.00024720120691531513,-0.0003730497621133102,0.0,0.0
2016-12-27,0.004336282106040689,0.0007442234057565783,0.001656128168662363,0.0,0.0,0.0
2016-12-28,-0.00024354108741095527,-0.0007287236420637676,-0.001833109071045036,0.0,0.0,0.0
2016-12-29,-0.0,-0.0007070801511390733,0.0019679901191084104,0.0,0.0,0.0
2016-12-30,-0.0,0.00066539893891328,-0.0008173530078179225,0.0,0.00013265935122846903,0.0
2016-12-31,0.0,0.0,0.0,0.0,0.0,0.0
2017-01-01,0.0,0.0,0.0,0.0,0.0,0.0
2017-01-02,0.0,0.00011778157741438766,0.000968082404363235,0.0028020517492695716,0.0,0.0
2017-01-03,0.004041600021917948,-0.00046666648734740323,0.0022267650583011386,0.0,0.00046061716730899226,0.0
2017-01-04,-0.00024325474853540368,-0.00029129585526521066,0.0026976895787317098,0.0,0.0,0.0
2017-01-05,0.007350177626460591,-0.0006275062767362334,0.0008104286474964824,0.0,0.0031299577703943703,0.0
2017-01-06,-0.00023976503027033509,-0.0009823076386914426,0.0026757737611287414,0.0,0.0005446830332081169,0.0
2017-01-07,0.0,0.0,0.0,0.0,0.0,0.0
2017-01-08,0.0012548079829393655,-0.00021747971388131183,0.0005080066135884519,0.0,0.0,0.0
2017-01-09,0.0016373440535683282,-0.0018185176331669602,-0.0008798217085380755,-0.003246055094976005,0.0,0.0
2017-01-10,-0.0002384737678855326,0.0008332539183783364,0.000652275006417597,0.0,0.0008488016590693986,0.0
2017-01-11,0.0032079354284373245,-0.0002330884310018973,0.0013537046977424305,0.0,0.0,0.0
2017-01-12,-0.0016125306077756048,-0.00196920518315561,-0.0016296674442531427,0.0,0.0,0.0
2017-01-13,0.008008413456610122,-0.00019447279884015863,0.0006182974881408176,0.0,0.0,0.0
2017-01-14,0.0,0.0,0.0,0.0,0.0,0.0
2017-01-15,-0.00023758142113286743,-0.004164578496535482,-0.0006901532581141568,0.0,0.0,0.0
2017-01-16,0.0,0.000424018547211813,-0.0006036495571979717,-0.0021616968606666303,0.0,0.0
2017-01-17,-0.0,0.007836321080929784,-0.001989239311495511,0.0,0.0,0.0
2017-01-18,0.0,-0.0004596018021384832,-0.0003712505591099703,0.0,0.0014452922676907553,0.0
2017-01-19,0.00047621073148037824,0.00274040935669599,-0.0012504247164279447,0.0,0.0,0.0
2017-01-20,0.0012830155598997693,0.0007532398282286034,0.001859562806316073,0.0,0.0,0.0
2017-01-21,0.0,0.0,0.0,0.0,0.0,0.0
2017-01-22,-0.005449718176340441,-0.0006671511592377162,-0.0010069205336961317,0.0,-0.004570212010372258,0.0
2017-01-23,0.006630384508357506,0.0021862291655622462,-9.661705770120925e-05,-0.002100028652673178,0.0,0.0
2017-01-24,-0.00023509129378575347,0.001342709991502201,0.005151849021195287,0.0,0.0,0.0
2017-01-25,0.01555560650260164,0.002376488270015828,0.001195619777285147,0.0,0.0,0.0
2017-01-26,-0.00023324068495014482,0.00012568652738849511,0.0016642015286105765,0.0,0.005207479334672183,0.0
2017-01-27,0.008086643214705565,-0.0016878599725507807,0.002043916900259513,0.0,0.0,0.0
2017-01-28,0.0,0.0,0.0,0.0,0.0,0.0
2017-01-29,-0.00023312740412635507,0.0008740218711966528,-0.0020498796435251877,0.0,0.0,0.0
2017-01-30,-0.0,-0.002703307384087796,-0.004392261533673136,-0.008985363878691012,0.0,0.0
2017-01-31,0.0,-0.000579080221932003,-0.0011609415017367502,0.0,-0.0012919653442455996,0.0
2017-02-01,0.005226948121987981,-0.0001717526012754696,0.0002398304865668832,0.0,0.0,0.0
2017-02-02,-0.004667535346856155,0.0010096382392943313,7.378927312265957e-05,0.0,-0.0011904257291891762,0.0
2017-02-03,0.01118930193571055,0.00025560738705348636,0.0014536235717344638,0.0,0.004214461719238965,0.0
2017-02-04,0.0,0.0,0.0,0.0,0.0,0.0
2017-02-05,-0.0002329735186767104,4.369228976720439e-06,7.447455981474116e-05,0.0,-3.138901003051777e-05,0.0
2017-02-06,0.003339702480174616,0.0001121489337840741,-0.0009874170683826628,-0.003392317499217517,0.0,0.0
2017-02-07,-0.00023185269625364686,2.635377036057856e-05,-0.00025553484624213363,0.0,0.0,0.0
2017-02-08,0.005642427853532747,-0.0005594225768790884,0.0004028116878294297,0.0,0.0010896532828561633,0.0
2017-02-09,0.008437843148587199,0.0015926330585475808,0.003237059112344132,0.0,0.0022901151560096793,0.0
2017-02-10,-0.0002295288919492741,-0.00012663808049782267,0.0015868265981078043,0.0,0.0,0.0
2017-02-11,0.0,0.0,0.0,0.0,0.0,0.0
2017-02-12,0.0016834311791921626,0.00045064502239931174,0.000977036049449509,0.0,0.0,0.0
2017-02-13,0.0100896218302724,-3.8263389078836826e-05,-0.00044477445629787047,0.005112708245968889,0.0,0.0
2017-02-14,-0.00022754854368932037,0.0005137931865193765,0.0020298749422398067,0.0,0.0,0.0
2017-02-15,0.013161403795137833,0.0004132179417206066,0.001956622261061669,0.0,0.0,0.0
2017-02-16,-0.00022651339260433773,0.000976524850508758,-0.0010068463835941732,0.0,0.0,0.0
2017-02-17,0.011440239854243512,-0.0012978906308603302,-0.0016607865937255223,0.0,0.0,0.0
2017-02-18,0.0,0.0,0.0,0.0,0.0,0.0
2017-02-19,-0.00022544948992052905,0.0002159086047638269,-1.3570035248067208e-05,0.0,0.0,0.0
2017-02-20,0.005787212576538423,0.0005780071204280939,0.0013388382122896838,0.0016029630923493417,0.00034193533052447067,0.0
2017-02-21,-0.00022452568948097142,0.0013497934786629061,0.0009710827096284441,0.0,0.0,0.0
2017-02-22,0.002320384095090389,0.00015412513978950817,-0.00014702878195516078,0.0,0.0,0.0
2017-02-23,-0.010016070560974422,-0.0005354307051390536,-0.001462765202728178,0.0,0.0,0.0
2017-02-24,0.006873755775081314,-0.0018570383135229844,-0.0025128480594129488,0.0,0.0,0.0
2017-02-25,0.0,0.0,0.0,0.0,0.0,0.0
2017-02-26,0.002320836998634057,0.0003604648859867449,9.25698275433207e-05,0.0,0.0003562169501983879,0.0
2017-02-27,-0.0017573049671910645,0.0014128398822298234,0.0012792109196451574,0.0020304490076360187,0.0,0.0
2017-02-28,-0.004415837137938583,0.0014505108028142887,0.0006235727138812375,0.0,0.0,0.0
2017-03-01,0.020552826013576553,0.0006841718974617554,0.005770028111034083,0.0,0.011839175488242749,0.0
2017-03-02,-0.00022386806708579743,-0.000604524824407709,-0.0012846821950673324,0.0,0.0,0.0
2017-03-03,0.0,0.003038584012941507,-3.172703181399854e-05,0.0,0.0,0.0
2017-03-04,0.0,0.0,0.0,0.0,0.0,0.0
2017-03-05,-0.00917010258106548,-0.0002710127302231696,-2.7353715579558912e-05,0.0,0.0,0.0
2017-03-06,0.003629530646205827,-0.000827776450481409,-0.000926131637522487,-0.0042611148116311936,0.0,0.0
2017-03-07,-0.004569328924165244,-0.0007736920480732196,-0.0012279167681763959,0.0,0.0,0.0
2017-03-08,0.006613036816239287,-0.0007099853737630599,-0.0013098176240070479,0.0,0.0,0.0
2017-03-09,0.0027606602535418592,0.0003390825572199223,0.00023030997938933053,0.0,-0.0007739748369058789,0.0
2017-03-10,0.0036748692956882767,0.001755089444416259,-0.00026503435660562105,0.0,0.0,0.0
2017-03-11,0.0,0.0,0.0,0.0,0.0,0.0
2017-03-12,-0.0031208779745000945,0.0004067883113598736,0.00024136580293505626,0.0,-0.005662272878885019,0.0
2017-03-13,0.007820783996257389,-0.0012652569322648883,0.0002964703517306377,0.0017451095147141128,-0.0008519844603108033,-0.0015786758996594655
2017-03-14,-0.00022299858767561138,-0.0005995133585927647,-0.0009354664950820379,0.0,0.0,-0.0015368291699695284
2017-03-15,0.0,0.00046866538959460376,-8.981557540237964e-06,0.0,0.0,0.0
2017-03-16,-0.00313812845489465,0.0004973695663115028,0.00039628127717959987,0.0,0.0,0.0
2017-03-17,-0.0018247974741509591,0.0003194700036805392,-0.0014324967969502169,0.0,0.0,0.0
2017-03-18,0.0,0.0,0.0,0.0,0.0,0.0
2017-03-19,-0.0008703707950972949,0.00010941742552823943,-9.088670029544499e-05,0.0,0.0,-0.00023021245746100745
2017-03-20,0.003431083580904468,-2.8275679270702128e-05,-0.0003051282860469962,-0.00215624245675128,0.00026729466945438907,0.0009728014802632183
2017-03-21,-0.00022528442158224757,-0.00017449611406288306,-0.0029681888444095987,0.0,0.0,0.0
2017-03-22,0.0,0.001861008438418753,-0.0009423140191043956,0.0,0.0,-0.0018301579194035602
2017-03-23,-0.0038853885043362256,-0.0006642666447540463,-7.432383241898755e-05,0.0,-0.009157200478095581,-0.003903479811073832
2017-03-24,0.0026699667370174538,-0.00044085358864338827,0.001459088586301882,0.0,0.0,0.0
2017-03-25,0.0,0.0,0.0,0.0,0.0,0.0
2017-03-26,-0.006145620611623923,-0.000831683167505882,-0.0013324746554397192,0.0,0.0,0.00029076310451978143
2017-03-27,0.010679585908028411,-0.0004555155904708526,0.0016194003803295999,0.0004875320766865199,-0.000510728039306819,-1.5081521739078929e-05
2017-03-28,-0.0002219181122165921,0.002007614699158492,0.001606963752585433,0.0,0.0,0.0
2017-03-29,0.0062483493336049365,0.00035915912424880185,-0.0009589296254041756,0.0,0.0,-7.184209044316707e-05
2017-03-30,-0.0002209456473707468,0.0005787363113871483,0.001123382058655542,0.0,0.0,-0.000662908031841004
2017-03-31,2.7135276866517902e-05,-0.0019607936777366335,-0.0021562677287290757,0.0,0.0,0.0
2017-04-01,0.0,0.0,0.0,0.0,0.0,0.0
2017-04-02,0.0011732004601342225,0.00029993940254894024,7.814921417342857e-05,0.0,0.0,-0.0005616195204569705
2017-04-03,-0.002068403919568134,-0.0014429290269545566,-0.003081114701016796,-0.003894289114164001,0.0,0.0
2017-04-04,0.005151789691301327,0.0007574059843583022,0.000921527300790509,0.0,0.0,-0.001717255536280118
2017-04-05,-0.008293188266097441,-0.0013936688679271679,-0.002536928678170263,0.0,9.551752067523969e-05,0.0
2017-04-06,0.0016352961276826917,5.294708043913531e-05,0.0007277439757716886,0.0,0.0,0.000887862479278805
2017-04-07,-0.000604055293777704,0.0002366952066435658,-0.00038030534544132295,0.0,-0.001200850640677866,0.0
2017-04-08,0.0,0.0,0.0,0.0,0.0,0.0
2017-04-09,0.00025662766064668064,-7.781546522903334e-05,0.0,0.0,0.0,0.0
2017-04-10,0.0002420105132036254,-0.0012505678164901415,-7.887293298520781e-05,0.0003431760024881151,0.0,0.002887470671492186
2017-04-11,-0.00614177903855065,-0.0016040213054102621,0.0004695282941832968,0.0,0.0,0.0
2017-04-12,-0.00614416517404528,-0.00024129374451719576,-0.002995035138242408,0.0,0.0,0.0
2017-04-13,-0.0035062653266410785,-0.0001538740642229929,-0.002308389482955475,0.0,0.0,0.0
2017-04-14,0.0,-0.0005544597285967346,-0.0013375655160183465,0.0,0.0,0.0
2017-04-15,0.0,0.0,0.0,0.0,0.0,0.0
2017-04-16,-0.0010123322421360377,-0.0009054620949311802,-0.0013712800923723957,0.0,0.0,0.0012791736358054857
2017-04-17,0.013780269518039855,0.0029088847461622193,0.0038400782697703877,0.0,-0.0008997407618959691,0.0
2017-04-18,-0.00022246941045606227,-0.004289626949961277,-0.0017036327502815832,0.0,0.0,-0.00013827968457534628
2017-04-19,0.0011952483589595937,0.0011013361452671593,0.00022451515695207439,0.0,0.0,0.0009135332284817841
2017-04-20,0.015090239806119595,0.0013411293890448544,0.00332944315385062,0.0,-0.0010107693465969193,-0.0015490332904875357
2017-04-21,-0.00022077491996909152,-0.001665331986245672,-8.662689323735152e-05,0.0,0.0,0.0
2017-04-22,0.0,0.0,0.0,0.0,0.0,0.0
2017-04-23,0.015862647862895738,0.00043245239107141207,0.0033580996077487105,0.0,0.0,0.0
2017-04-24,-0.00021820165469588145,3.7205497555099986e-05,0.004970152744271036,0.010846577215752017,0.0,0.0016918542792993653
2017-04-25,0.01286432873337742,-0.00036330523366601424,0.002138913649495522,0.0,0.0,0.0
2017-04-26,-0.00021670820240546104,-0.0007883692459151357,-0.00041320408647423925,0.0,0.0,0.0018324715230516138
2017-04-27,0.012652711865900487,-0.0007628206274226773,0.0010772772809715114,0.0,0.0,0.0
2017-04-28,-0.0002150422020321488,-0.00219548473045951,-0.0024141723968842065,0.0,0.0,0.0
2017-04-29,0.0,0.0,0.0,0.0,0.0,0.0
2017-04-30,-0.0008861040846858433,0.0002819653859668153,-0.00020472574402796706,0.0,0.0,0.0015211863388296214
2017-05-01,0.012602119291039786,0.00042549483136384853,0.0008638877275743521,0.004081540633986692,0.0050895671471769596,0.0
2017-05-02,-0.0002133902373966391,-0.0013214942039929355,0.0015649061412435939,0.0,0.0,0.0
2017-05-03,-0.0012699135050262653,0.0014778230357150768,0.0003046018709781828,0.0,0.0,-0.0005483663813194722
2017-05-04,0.0011464592226349344,-0.0027352570793789384,0.0007795083370466637,0.0,0.00014301032212135775,0.00033295538545273534
2017-05-05,0.005817190894805995,0.0005635254101812043,0.0020752959366191924,0.0,0.0,0.0
2017-05-06,0.0,0.0,0.0,0.0,0.0,0.0
2017-05-07,-0.00021263023601956197,0.000503243200247182,0.0005676068916076971,0.0,0.0013357301887621004,-0.0018577697447705026
2017-05-08,0.002325256286923565,-0.00020021381791361523,-0.0017059158992898892,-0.0019513538938513142,0.0,0.00024914528729494796
2017-05-09,0.0038380804151475043,-0.0014633039000122147,-0.0008416192068364174,0.0,0.0,-0.00029459038723482007
2017-05-10,-0.00021147610320033838,-0.000263269295255107,0.0016848916064059248,0.0,0.001090405846812826,-0.0001125144936880836
2017-05-11,-0.0014037134852689015,0.0010258039957615976,-0.0011750133457668858,0.0,0.0,0.0
2017-05-12,0.005230364156777651,0.00010888075399798818,0.0009405747597732494,0.0,0.0,0.0
2017-05-13,0.0,0.0,0.0,0.0,0.0,0.0
2017-05-14,-0.00021085554637943453,0.000199224149400182,0.0002243119485680123,0.0,0.0,-0.0011743291790673013
2017-05-15,0.0033364860101973365,0.0009288511554689238,0.0026849465146382865,0.004473432658377555,0.0,-0.0006070816576324426
2017-05-16,-0.00021047462026870594,0.0018250216418943229,0.001333542722225045,0.0,0.0019121965954023937,0.003975723181417841
2017-05-17,-0.033342415718840085,0.000446395928189435,-0.00339766928677466,0.0,0.0,0.0
2017-05-18,0.014151701406591709,-0.0003039434992066663,-8.933532541200877e-05,0.0,0.0,0.00023588042656809083
2017-05-19,0.004297164157138754,0.001412291610704771,0.001432505623189384,0.0,0.0,0.0
2017-05-20,0.0,0.0,0.0,0.0,0.0,0.0
2017-05-21,0.00046084718088786986,0.0004880524898833626,0.00027050180398742186,0.0,0.0,-0.00036913805612115674
2017-05-22,0.006237920950161819,0.0004979363476443859,0.0009144619381472375,0.004142734798531016,0.0,0.0
2017-05-23,-0.00021017970364661787,0.0004863035569595251,0.0006486291502470376,0.0,0.0,0.0
2017-05-24,0.0048273579803072095,0.00044109518472024395,0.0010334921248363659,0.0,0.003191830746365769,0.0012757338676727353
2017-05-25,-0.0002074760538054566,0.0007180751992223263,0.0011071045129956492,0.0,0.0,0.0020400039428785364
2017-05-26,0.002054976278326788,0.0015979345006244853,0.0008158365637393583,0.0,0.0,0.0
2017-05-27,0.0,0.0,0.0,0.0,0.0,0.0
2017-05-28,0.0006513100582963123,-5.537000141705744e-05,2.5251580152996206e-05,0.0,0.005017451732205285,0.0
2017-05-29,-0.0009406622017274263,0.00013741879602955563,-0.0005692092420041872,-0.0007505825794915679,0.009094889811340393,-0.001026701208063921
2017-05-30,0.00028777567049413053,-0.0013534907313662529,-0.0010357557568954068,0.0,0.0,-0.0007310985600916059
2017-05-31,0.001076602610910707,-0.00136066576482268,0.0020109809873190224,0.0,0.0,0.0009733157199471222
2017-06-01,0.004364411129389934,0.0015569453682568206,0.004406985890220016,0.0,0.0,0.0033292186169734117
2017-06-02,0.011886692128294614,-0.00028461887364219693,0.004241027910992024,0.0,0.0,0.0
2017-06-03,0.0,0.0,0.0,0.0,0.0,0.0
2017-06-04,-0.0002041475987138701,-0.0006097667311531465,-0.0004822609072830607,0.0,0.008137166782299601,0.0
2017-06-05,0.0006443078969014702,0.001223071569208796,-0.0011572446059704088,-0.003356476972100197,0.0,0.00154626941496264
2017-06-06,-0.00020457567595212928,-0.0007884667589330661,-0.0021287219586311407,0.0,0.0,0.0
2017-06-07,0.0,-0.0001373920608545767,-0.0005636720569636578,0.0,0.0,-0.0012228144173277334
2017-06-08,-0.0013095681411055627,-0.00150253739303208,-0.0014494094824223807,0.0,0.0,-1.0123248380266398e-05
2017-06-09,-0.02340774233972102,0.0008176405455859132,-0.0005074903762348531,0.0,0.0,0.0
2017-06-10,0.0,0.0,0.0,0.0,0.0,0.0
2017-06-11,-0.0005244842338522956,-4.2793285203775305e-05,7.484657973199081e-05,0.0,0.0,0.0
2017-06-12,-0.003089551480197728,-0.0021576814573156045,-0.0021849817987940547,-0.0015965290299326256,0.005175229832222479,-0.0004303928676642365
2017-06-13,0.006492476961519747,0.0012503529063009695,0.0006941347419193944,0.0,0.0006745729177561542,-0.0005482725353424101
2017-06-14,-0.008159456600227537,0.0004073404998433066,-0.0007856413978581261,0.0,0.0,0.0
2017-06-15,-0.00036878099750999656,0.0014110505270253757,-0.0003850570905397239,0.0,0.0,0.0
2017-06-16,-0.002689591058168349,-0.00017113557002758264,0.0008940401783611661,0.0,0.0,0.0
2017-06-17,0.0,0.0,0.0,0.0,0.0,0.0
2017-06-18,1.569004263350651e-05,-2.1890557836099713e-05,-6.483279592567337e-05,0.0,0.0,0.0029951158751730833
2017-06-19,0.013450034682648226,-0.00021665776632142524,0.003140157662149567,0.0074423885324032485,0.0008512766616514643,0.0
2017-06-20,-0.00020963994339721526,-0.0030592604718915344,-0.0027057050412895634,0.0,0.0009247719818287136,0.0005758396007348011
2017-06-21,0.0,0.002857492597930688,-0.00013477173414815395,0.0,0.0,-0.0016094057070690823
2017-06-22,-0.00023571785686571825,-0.0014919120939671056,-0.0001251729886634506,0.0,0.0011443517667195464,-0.0006625975934600484
2017-06-23,0.001990553249793959,0.0017648303468871655,0.00043255871802259585,0.0,0.00011000246669952796,0.0
2017-06-24,0.0,0.0,0.0,0.0,0.0,0.0
2017-06-25,-0.0003090155899086637,0.0003771796956342827,5.7127728995598476e-05,0.0,0.0,0.0002323636577595316
2017-06-26,-0.0031290022413344248,-0.0013127130541880467,-0.001495135661607735,7.283409310442985e-05,0.0,0.0
2017-06-27,-0.014952320046741931,0.002372551626571336,-0.0015344448857781484,0.0,0.0,0.0005009451227840273
2017-06-28,0.014833648749660401,0.004443396767692403,7.155876594882038e-05,0.0,0.0010547346150686057,0.0
2017-06-29,-0.00021286031042128603,-0.002275279990672765,-0.0010846888552231415,0.0,0.0,0.0
2017-06-30,0.0,-0.00020972039460427107,0.0,0.0,0.0,0.0
2017-07-01,0.0,0.0,0.0,0.0,0.0,0.0
2017-07-02,0.0,-6.043785762040269e-06,-2.3265230877222988e-05,0.0,0.0,-0.0009104455693037925
2017-07-03,-0.008101528952692104,-0.0030434058905967325,-0.000918552682817064,0.0009274718701793418,-0.006429621150999116,0.0
2017-07-04,-0.0012554856381966125,-0.0003790746614225392,-0.0001046551138294216,0.0,0.00020503702220343032,0.0009671339896663636
2017-07-05,0.008434214408084856,0.0015776358158252491,0.0016684347904579065,0.0,-0.0049587671129956825,0.0
2017-07-06,-0.00021448487881604346,-0.0013106456466407666,-0.0016210558116376617,0.0,0.0,-0.0009177144000093911
2017-07-07,0.0,-0.0015490639389995897,0.0015694559897362127,0.0,0.0,0.0
2017-07-08,0.0,0.0,0.0,0.0,0.0,0.0
2017-07-09,0.0005368491013325444,0.0003884089182024855,0.00019878523469867292,0.0,0.0,0.0
2017-07-10,0.003744064339059293,0.0009243399936636425,0.0007291393189228445,0.0010790736908126593,0.0,0.0
2017-07-11,-0.00021006932287654927,0.001536620694467008,0.0005393073925533565,0.0,0.0,0.0008782244265579511
2017-07-12,0.007531845374011916,0.0018647269016501037,0.002170637272108267,0.0,0.0,0.0
2017-07-13,-0.00020717158986930924,0.0006929029792534826,0.0001475302647976573,0.0,0.0,0.0018057594763753542
2017-07-14,0.00495789975951826,0.002935399091008924,3.989621254636423e-05,0.0,0.0,0.0
2017-07-15,0.0,0.0,0.0,0.0,0.0,0.0
2017-07-16,-0.00020542668835059488,6.863027852930857e-05,-4.8842754728972696e-05,0.0,0.0,0.0
2017-07-17,0.0007707965425107138,0.0006211203853369746,0.0009443770606616831,0.0005943612095470733,0.0,0.0012458652793791317
2017-07-18,-0.00020387706213153469,0.0004529835947425217,0.00036067088528062284,0.0,0.0,-1.9054557228378946e-05
2017-07-19,0.002913051328394981,0.0003452801554266861,0.0011601836242185026,0.0,0.0,0.0
2017-07-20,-0.0002029358046404654,0.0009255430160924047,0.001944707721518979,0.0,-0.002737787740048328,0.0006252191909729607
2017-07-21,9.975722879103046e-05,0.000555393085929942,-0.0011639805625458309,0.0,0.0,0.0
2017-07-22,0.0,0.0,0.0,0.0,0.0,0.0
2017-07-23,-0.0007071780668519614,-0.00016115074434925675,-0.0001686271268299122,0.0,0.0,-0.0014057895479139186
2017-07-24,0.0015113694771098892,-0.0004082731285374806,-0.0013344958839871285,-0.0003624402292591018,0.0002817189389512061,-0.00010769538584665685
2017-07-25,-0.00020238476717319076,-0.0004529950095825883,0.0012380670812352835,0.0,0.0008895959547822695,0.0022251638541045033
2017-07-26,0.005518226651381486,0.0004859148865463929,0.00033258983002618065,0.0,0.0,0.0
2017-07-27,-0.00020392210175712875,-0.0013497011273737457,-0.002152311164259818,0.0,0.0,0.0010243180975200398
2017-07-28,0.0,-0.0012882183763852119,-0.0006293185028231541,0.0,0.0,0.0
2017-07-29,0.0,0.0,0.0,0.0,0.0,0.0
2017-07-30,-0.0018295670219409808,-0.00013314159690093697,-0.00013840185276342565,0.0,0.0,0.0
2017-07-31,-0.004380313509905191,-0.0013804606913196947,-0.0011238687170297967,-0.0019875299716594513,0.0,-0.0032817034285264972
2017-08-01,0.01125226604484072,0.0013477442384452407,0.0029764654438254046,0.0,0.004147234882712274,0.0
2017-08-02,-0.0002032520325203252,-0.0023083188890897738,-0.002676202008881289,0.0,0.0,0.0
2017-08-03,-0.0,0.00048752059440824465,-0.00038207737602924993,0.0,0.0,-0.0006686774023738858
2017-08-04,0.0,0.001344172103015497,0.002250830110439541,0.0,0.0031420101988696987,0.0
2017-08-05,0.0,0.0,0.0,0.0,0.0,0.0
2017-08-06,0.0013123256869961718,-4.617070993986137e-05,0.00026731586569099796,0.0,0.0,0.00014763898738169869
2017-08-07,0.006671937467015282,-0.0005171181769935591,-1.1132171486794018e-05,0.0027462904867458686,0.0,-0.0011622947809633952
2017-08-08,-0.0002035312674909683,0.0011052200110498757,-0.0014991615596928077,0.0,-0.004141263168691823,0.0017777087385776327
2017-08-09,0.0,0.0004206627199564035,-0.0007483160129131845,0.0,0.0,0.0
2017-08-10,-0.0,0.00013692377034589092,-0.0029730204012088793,0.0,0.0,0.0
2017-08-11,0.0,0.0012197904237160114,0.0006050978648640016,0.0,0.0,0.0
2017-08-12,0.0,0.0,0.0,0.0,0.0,0.0
2017-08-13,0.0033807265538841123,0.0006087132862380728,0.0004290696385706227,0.0,0.0,0.001366156227091334
2017-08-14,0.008780754220251926,0.003256120331635355,0.002074452106373078,0.011590684036854766,0.0,0.0
2017-08-15,-0.00020327957717847947,0.00044082936851794566,-0.00038379892298234797,0.0,-0.0029212149204655164,-0.0019770062405854195
2017-08-16,0.0002828428581779579,0.0004116611233855579,0.0005942625831033776,0.0,0.0,0.0
2017-08-17,-0.01536011509985759,-0.0015791412745782755,-0.0017783953012499047,0.0,0.0,-0.0005594129242924043
2017-08-18,0.0005103357051370811,-0.0009549872070206174,-0.0006492636014418789,0.0,0.0,0.0
2017-08-19,0.0,0.0,0.0,0.0,0.0,0.0
2017-08-20,0.0012481144105961483,0.00035704234216563964,0.0004061025471321922,0.0,0.0001515798797066633,0.0
2017-08-21,-0.0010158607467546958,-0.00017476260111029185,0.0005672191123735626,0.00037770768832580897,0.00017099078181915487,0.002658470274905924
2017-08-22,0.010469349427061025,0.001403560006449358,0.0020873978645692954,0.0,0.00013335716503519413,0.0
2017-08-23,-0.00020575073298698625,-0.001935526334124141,-0.0020649195132971254,0.0,0.0,0.0
2017-08-24,0.0,0.0001356061930486652,0.0015069533194963735,0.0,0.0,-0.001376928911623607
2017-08-25,-0.0,0.0007285470748560828,0.0010227171433734978,0.0,0.0,0.0
2017-08-26,0.0,0.0,0.0,0.0,0.0,0.0
2017-08-27,-0.0,0.0004194728491476588,0.0003112123391914801,0.0,0.0,0.004079451571407793
2017-08-28,-0.0,-0.0009050775411872726,-0.003057826163410433,-0.0038248646907881466,0.0,0.0014007560843390264
2017-08-29,0.0,0.0011316454480972717,0.00044059003512882545,0.0,0.004121144422064217,-6.068586319799566e-05
2017-08-30,0.007851494439862727,0.0023467851288892956,-0.0011392062979035833,0.0,0.0,0.0012118592439708832
2017-08-31,-0.00020002333605587317,-0.001955183754918208,-0.00019291772453204853,0.0,0.0,-0.00024575342164888364
2017-09-01,-0.001595096113816645,0.0007944124021485234,-0.0005084141962898636,0.0,0.0,0.0
2017-09-02,0.0,0.0,0.0,0.0,0.0,0.0
2017-09-03,-0.0030295271628543027,-0.0006906826192642878,-0.00022963119185801518,0.0,0.0,0.0
2017-09-04,0.002252765822848833,-0.0008292744191695605,-0.0004837784396379988,-0.0006867631071250016,-0.001312420583455114,0.0006329213638113575
2017-09-05,-0.00020221083850094365,-0.00011266058750957309,-0.0015602057027738194,0.0,0.0,0.0
2017-09-06,0.0,-0.0010533133694034533,0.0005100913376546945,0.0,0.004344463865601901,-0.0019019730240991612
2017-09-07,0.002521328470190605,-0.0011785057495911683,-0.0008098056100108054,0.0,0.0,0.0
2017-09-08,-0.0067051321933828765,0.0007604061370074705,-0.0005889059642771381,0.0,0.00036966579554298596,0.0
2017-09-09,0.0,0.0,0.0,0.0,0.0,0.0
2017-09-10,0.0032588153906930994,-0.0002608618345405711,0.0,0.0,0.0,0.0007865962762956274
2017-09-11,0.0066510120224182335,-0.0021020571286267985,0.0,0.0103916211453488,0.0,0.0
2017-09-12,-0.00020005001250312577,-0.0008710394055697016,0.0002671984017814211,0.0,0.0,0.0
2017-09-13,-0.0007397579747720126,-0.0006730221302108581,-0.0006502507466050744,0.0,0.0014057046979865848,0.0
2017-09-14,-0.008175583594197422,-0.0013081967260779423,0.000886136255359693,0.0,0.0,-0.0007402056342477834
2017-09-15,0.007509756754066563,-0.0015692924790212971,-0.0015553343278850718,0.0,0.001130012853470437,0.0
2017-09-16,0.0,0.0,0.0,0.0,0.0,0.0
2017-09-17,-0.00020012007204322593,-0.00011867673241265915,-0.00022248660300625553,0.0,0.0,0.0
2017-09-18,-0.0026745559536370533,0.002334493628656877,-0.0002846049439503963,0.001860801002040577,0.00047752806523423063,0.0
2017-09-19,0.0003828499200718242,0.0005828396302375607,0.0002666012418733654,0.0,0.0,-0.001307022625206365
2017-09-20,-0.0027664559950909976,-0.0022770821957908303,-1.583650436355334e-05,0.0,0.0,0.0
2017-09-21,-0.0064880729881591,-0.00037381057416138817,-0.0014184881259616893,0.0,0.0,0.0
2017-09-22,-0.0010667877713881548,0.0007431522286629264,0.0012176848473154588,0.0,0.0,0.0
2017-09-23,0.0,0.0,0.0,0.0,0.0,0.0
2017-09-24,0.002829718401128334,-0.0005866008329181917,-0.00019161054961029932,0.0,-0.00022213795654805947,0.001965865746408045
2017-09-25,-0.00020451988955925965,0.0010295229387635991,-0.00032795834912246867,-0.0029478433371688683,0.0,0.0
2017-09-26,0.0,-0.0012370786291178316,-0.001336522304017551,0.0,0.0,-0.0011478324810014616
2017-09-27,0.009329038621244947,0.0002910765420437994,-7.438097873102123e-05,0.0,0.00022480812280140712,0.0
2017-09-28,-0.00020245305619759417,0.00011574091009746263,4.3715846994540894e-05,0.0,0.0,0.0027946354385171837
2017-09-29,0.008821476735132465,0.0011739034627906175,0.0006527201223508917,0.0,0.0,0.0
2017-09-30,0.0,0.0,0.0,0.0,0.0,0.0
2017-10-01,-0.00020043427426089862,-2.3232516361203562e-05,0.0,0.0,0.0,0.0
2017-10-02,-0.0024538195759531527,-0.0002366183013522458,0.0007488807488807536,0.005592341719623103,0.0,0.0
2017-10-03,0.0023635714314090045,0.0009653926069104202,0.0006094238095382121,0.0,0.0,-2.0953148281671786e-05
2017-10-04,0.002197200522235011,0.0002600434924891734,0.00010297482588148555,0.0,0.0,0.0006482178848356694
2017-10-05,0.012096733671325684,0.0015773290892792489,0.0002530231698473329,0.0,0.0,0.0
2017-10-06,-0.000198019801980198,0.0010704132704364108,0.0006800011847669317,0.0,0.0,0.0
2017-10-07,0.0,0.0,0.0,0.0,0.0,0.0
2017-10-08,0.00044846390607916717,3.669291948202052e-06,-0.00018714539265806128,0.0,0.0,-0.0005027283875798126
2017-10-09,-0.0010181293298764953,-0.0005297864154949112,0.00011876246202602303,-0.0007312643764110585,0.0,-0.0019901540284723226
2017-10-10,0.000463247051584076,0.0009645862839334874,0.0012217391771251584,0.0,0.0,0.0
2017-10-11,0.0035132758318949598,0.0006944856505169153,0.00031847802102782377,0.0,0.0,-0.0013315077892399293
2017-10-12,-0.0023395650576434946,0.00018825680353746157,-0.0003853189988660355,0.0,0.0,0.0008896515697685639
2017-10-13,0.006154166529647706,0.0013459924314212957,4.5333296333606465e-05,0.0,0.0,0.0
2017-10-14,0.0,0.0,0.0,0.0,0.0,0.0
2017-10-15,-0.000196743888642959,0.00014673034037841632,0.00031005887395738616,0.0,8.528148544966845e-05,0.0
2017-10-16,0.0033808396359416284,-0.0008063258240363711,-0.001097833620376075,0.0016239689231973193,0.0,0.0
2017-10-17,-0.0001960111726368403,-0.0005739356845713518,-0.0012018567771827477,0.0,0.0,-0.00019296963611685272
2017-10-18,-0.0026499724118031667,0.0006696523846765637,0.00137260911705136,0.0,0.0011236850465040475,0.00022923637076519097
2017-10-19,-0.005092548854416599,-0.00033041214425225715,3.6480230786538456e-05,0.0,0.0,0.0
2017-10-20,0.004812450856283099,0.00035794774440294424,-0.0004230555070402264,0.0,0.0,0.0
2017-10-21,0.0,0.0,0.0,0.0,0.0,0.0
2017-10-22,0.0031187904186214146,0.0005662710152943335,-5.217978920168953e-06,0.0,0.0,0.0
2017-10-23,-0.016377870823184704,-0.0004749223841756295,-0.0011867195593763251,-0.005130189816183208,0.0006512612995441621,0.0
2017-10-24,0.001974630275246265,-0.0006277419766180142,0.0006088547868854711,0.0,0.0,0.0
2017-10-25,-0.0047240460023901115,-0.00206585769452392,-0.0004258087254393987,0.0,0.0,0.0
2017-10-26,0.009058763893803196,0.0011242080675290863,-0.0006454876786444155,0.0,-0.0002597624365648968,0.005572879373222497
2017-10-27,0.03645803257106498,0.0010172487415312321,-6.481005104766756e-05,0.0,0.0,0.0
2017-10-28,0.0,0.0,0.0,0.0,0.0,0.0
2017-10-29,-0.0001934547799451878,-0.0005038828874962885,3.107355337450546e-05,0.0,0.0008406795511222033,0.0
2017-10-30,0.0020831016973371363,-0.0012736065173329033,-0.00016755743506632336,-0.004663782488205659,0.0,0.0
2017-10-31,-0.0001920645336833176,-0.0020555378597690633,0.0016495120817198617,0.0,0.0,-0.001430618175407961
2017-11-01,-0.004088973353004012,0.0010218695297903677,0.0012160274321497357,0.0,0.0,0.0
2017-11-02,0.004105604329090797,0.006850168579451865,0.00041486268059441145,0.0,0.0,1.7352807273415886e-05
2017-11-03,0.006172774933510748,-0.001946932068332513,-0.0004155219472369964,0.0,0.0003286704011904181,0.0
2017-11-04,0.0,0.0,0.0,0.0,0.0,0.0
2017-11-05,-0.0001908063156890493,0.00010543479009235539,0.00022579016107528995,0.0,0.0,0.0
2017-11-06,0.0028379052581679705,-0.0022063401144166426,-0.00033285641098823593,0.0022035915170899555,0.0,0.0
2017-11-07,-0.0001904973568491737,-0.0005765568897710886,-0.001086019246483716,0.0,0.0,0.0
2017-11-08,0.00634404748336902,0.0008177901137810363,0.0005139030495346723,0.0,0.0022414369695554176,0.0
2017-11-09,-0.00019033721409764297,-7.023166699707514e-05,-0.0018404598646405172,0.0,-7.432296155570353e-05,0.0
2017-11-10,-0.0,-0.0006716962177737329,-0.00025463346930486573,0.0,0.0,0.0
2017-11-11,0.0,0.0,0.0,0.0,0.0,0.0
2017-11-12,0.0017129878326708975,0.0004259462090787445,0.0002836558824487634,0.0,0.0014169457849281634,0.0
2017-11-13,-0.0015548268722875042,-0.0003122298011336263,-0.0007485973042776096,-0.00016235821556728378,0.0,0.0
2017-11-14,-0.003114563990368007,-0.0004586731418848012,-0.0008898375663922265,0.0,0.0,0.0
2017-11-15,-0.004354360235632254,0.00017042791609265452,-0.002991839410449168,0.0,0.0,0.0
2017-11-16,0.014343217512250712,0.0018441350376768558,0.003210019078011861,0.0,0.00045708930334875837,0.0
2017-11-17,-0.00019021652981644104,-0.0011996031384178061,-0.0023838212506237487,0.0,0.0,0.0
2017-11-18,0.0,0.0,0.0,0.0,0.0,0.0
2017-11-19,0.0,0.0005589687327947371,-6.757489124036284e-05,0.0,0.0,0.0
2017-11-20,0.0,0.00011952381245434009,0.002231664316137216,0.0030810095941130435,0.0,0.0
2017-11-21,0.010550417675697822,0.00012190059492235184,0.0021482077504344278,0.0,0.0,0.0
2017-11-22,-0.00018782870022539442,-0.0005440784471531237,-0.0013858423925741103,0.0,0.0016518141249515117,0.0
2017-11-23,-0.001683371902543975,-0.0005647424511044377,0.00014670754996298774,0.0,0.0,0.0
2017-11-24,0.005814389568971364,-0.0010801888851401777,0.0026594872870313257,0.0,0.0038581717286943367,0.0
2017-11-25,0.0,0.0,0.0,0.0,0.0,0.0
2017-11-26,-0.00018704699555763385,4.2496602831213205e-05,0.0005132340289783599,0.0,0.0,0.0002971881257073147
2017-11-27,-0.0021597885051067973,-0.0001472463694979765,-0.0024406913554333998,-0.0011624754155428359,0.0,0.0
2017-11-28,0.0027459073509478885,-0.001015598258838998,0.0024151051437800585,0.0,0.0,0.0
2017-11-29,-0.02253572327431508,-0.0015435043370519606,-5.31422087842895e-05,0.0,0.0,0.0
2017-11-30,0.010295613551156511,-0.00313536394731986,0.003509711901245271,0.0,0.0,0.0
2017-12-01,-0.0020820894512043244,0.004948823389911014,-0.0017019261996448227,0.0,0.0,0.0
2017-12-02,0.0,0.0,0.0,0.0,0.0,0.0
2017-12-03,0.005262001860858231,-0.0013484324508023292,0.0003452354199227625,0.0,0.0,0.0
2017-12-04,-0.01685219629756339,0.0009417029678484481,0.0001666319505473247,-0.0038456187261512497,0.0,0.0
2017-12-05,0.0011423416566535476,-0.0003943830125505123,-0.0016590536404346352,0.0,-0.0008603202574318112,0.0
2017-12-06,0.003645344257118998,-0.0017467361465653044,-0.0009694651704778067,0.0,0.0,0.0
2017-12-07,0.003350700364171977,-0.0016813820779231884,0.002367410868408735,0.0,0.002359489718355847,0.0
2017-12-08,0.0019013088765086623,0.001562194769970922,0.002491454180318442,0.0,0.0,0.0
2017-12-09,0.0,0.0,0.0,0.0,0.0,0.0
2017-12-10,0.0007326737962475656,-8.404180566486245e-05,0.0002276014843010543,0.0,0.0,0.0
2017-12-11,0.006802781112600242,0.0003391497753886525,0.0006139431040446896,0.004236947327880316,0.0,0.0
2017-12-12,-0.00018811725975858285,0.00016259963028654077,0.00047752596417895984,0.0,0.007099054427641454,0.0
2017-12-13,0.0,0.0008286393617509875,0.0016808265097009811,0.0,0.0013202189727364354,0.0
2017-12-14,-0.0017060842905428926,-0.0011471626984429898,-0.003390354691619187,0.0,0.0,0.0
2017-12-15,0.012252300412373246,0.0011740506535318019,0.003684670163627968,0.0,0.0015654073582342695,0.0
2017-12-16,0.0,0.0,0.0,0.0,0.0,0.0
2017-12-17,-0.00018477742019925165,-9.065249161121052e-06,0.00038615753906011684,0.0,0.0,0.0
2017-12-18,0.002920445979904612,0.0009323292895958063,0.0038497219822541395,0.006365417504702177,0.0,0.0
2017-12-19,-0.00018485996857380533,0.0004084207100142446,-0.0012240993923016475,0.0,0.0,0.0
2017-12-20,-0.0,0.0006819929565746023,-0.0011572293056578778,0.0,0.0,0.0
2017-12-21,0.0,-0.0004271634017681017,0.0017327294511241265,0.0,0.0005218812952324192,0.0
2017-12-22,-0.0016712247681332903,0.0007161613075631547,3.010592325710657e-05,0.0,0.0007096996051707671,0.0
2017-12-23,0.0,0.0,0.0,0.0,0.0,0.0
2017-12-24,0.0,0.0,0.0,0.0,0.0,0.0
2017-12-25,0.0008966215105953148,-0.00011061901191999901,5.627679600435087e-05,0.00045647891444427596,0.0,0.0
2017-12-26,-0.004236910044700695,0.0004361378362149892,0.000863673424260758,0.0,0.0,0.0
2017-12-27,-0.0013129104008964112,0.0005988773575722381,0.0011269159353847757,0.0,0.0,0.0
2017-12-28,-0.0009128437956732793,0.0007674481101531683,0.0009059904009581011,0.0,0.0,0.0
2017-12-29,-0.010046645170434696,0.0016883213719867118,-0.00157531934187467,0.0,0.0,-0.00017772696273118415
2017-12-30,0.0,0.0,0.0,0.0,0.0,0.0
2017-12-31,0.0,0.0,0.0,0.0,0.0,0.0
2018-01-01,0.0070089794157602164,0.00020770009937346156,0.001211171905371411,0.0031863328903628876,0.0,0.0
2018-01-02,0.01880840282461319,0.0014597163517960417,0.0017389247043719522,0.0,0.0,0.0
2018-01-03,-0.00018268176835951772,-0.0007532162462149829,0.0018320963268564153,0.0,0.0038642908503301637,0.0
2018-01-04,0.0028787152847847843,0.0010954956069177554,0.0033140243406430733,0.0,0.0,0.0
2018-01-05,0.009012237647501326,0.00113044137474268,0.0035564930718043233,0.0,0.0,0.0
2018-01-06,0.0,0.0,0.0,0.0,0.0,0.0
2018-01-07,-0.00018023971882603863,-0.00011873896298418332,0.0005778403705639312,0.0,0.0,0.0
2018-01-08,0.002360270847477305,0.00033490331350316137,-1.2607532166764062e-05,0.0011553896517699335,0.0,0.0
2018-01-09,-0.00017995321216483713,0.00025421351871265674,-0.0008592250182190841,0.0,0.0060548256073930705,0.0
2018-01-10,-0.0016011723132644783,-6.3580812206020035e-06,-0.0020777291228224496,0.0,0.0,0.0
2018-01-11,0.006872441383770818,0.00017911062105489285,0.0032134415251602435,0.0,0.00167459076095936,0.0
2018-01-12,-0.0001775725827932167,0.00032043782570303017,0.003825336419550673,0.0,0.004658112531772303,0.0
2018-01-13,0.0,0.0,0.0,0.0,0.0,0.0
2018-01-14,0.0021016864062314965,-6.504562940268244e-05,0.0008283739317506589,0.0,0.0,0.0
2018-01-15,-0.001254368181525765,-0.00011402557333705396,-0.0005912478098909744,0.0012789875018998297,0.0,0.0
2018-01-16,-0.004376362786061901,-6.841318929514566e-05,-0.002228525801146176,0.0,0.0,0.0
2018-01-17,0.012761786938128,-0.0012788507543227256,0.0036312566515812163,0.0,0.005759548407840253,0.0
2018-01-18,-0.00017630983515030415,-0.0006510899724671003,-0.0012206889239672171,0.0,0.0,0.0
2018-01-19,0.004026478998746598,-0.00024416627981951926,0.0008540075162378757,0.0,0.006435263609391276,0.0
2018-01-20,0.0,0.0,0.0,0.0,0.0,0.0
2018-01-21,-0.00017587571449509013,-0.0007297756329547644,-0.00027452409782426914,0.0,0.0,0.0
2018-01-22,0.013723787891941543,-0.0021259311940556493,0.0033966620153817796,0.006991307108404891,0.0,0.0
2018-01-23,-0.00017279364119400406,0.00030357669354403065,0.00031203626291869866,0.0,0.0,0.0
2018-01-24,-0.004420807034956925,-0.0035990191006606657,3.897694300469725e-05,0.0,0.0,0.0
2018-01-25,0.0020001907263625753,0.0018014914337116418,0.0014805253604369237,0.0,0.0,0.0
2018-01-26,0.013484899711406853,0.000998049025324312,0.0035752951638564397,0.0,0.0,0.0
2018-01-27,0.0,0.0,0.0,0.0,0.0,0.0
2018-01-28,-0.00017078933135976772,0.00028341132172510724,0.0005327730006939425,0.0,0.0,0.0
2018-01-29,-0.006085165051415485,0.000786486290666577,-0.0033635686244686707,-0.0054511667713935865,0.0,0.0
2018-01-30,-0.010086709280042029,-0.0015544980588416486,-0.0044702893284370646,0.0,0.0,0.0
2018-01-31,0.004643934894798063,-0.00018201683735632443,0.001211029309478906,0.0,0.0,0.0
2018-02-01,-0.0024106307301038827,-0.00040032323503129484,9.664341593975192e-05,0.0,-0.0022592337823860486,0.0
2018-02-02,-0.02912600899994459,-0.0009700849169402161,-0.002373366636179028,0.0,0.0,0.0
2018-02-03,0.0,0.0,0.0,0.0,0.0,0.0
2018-02-04,-0.003814147135744433,-0.0012898668859843447,-0.002025024678678722,0.0,0.0,0.0
2018-02-05,-0.027636934759537542,-0.015355309376885945,-0.011431156717458289,-0.049336044707589205,0.0,0.0
2018-02-06,0.020069091645883927,0.011615218320051534,-0.003090763119833799,0.0,0.0,0.0
2018-02-07,-0.010345239399194897,-0.005677945588689632,-0.001312929630803017,0.0,-0.04831204099808562,0.0
2018-02-08,-0.012134451663283637,-0.005262002913538485,-0.00028786292881406077,0.0,0.0,0.0
2018-02-09,0.007360310134449069,0.003836076627453949,0.003671096736778012,0.0,0.0,0.0
2018-02-10,0.0,0.0,0.0,0.0,0.0,0.0
2018-02-11,0.0008072840618051772,0.001038719447675507,0.000694407912748951,0.0,0.0,0.0
2018-02-12,0.0051993131886849875,0.004670525308860847,0.0031008728139569454,0.01260692025796038,0.0,0.0
2018-02-13,-0.00018306636155606407,0.0008912463786180643,0.000321862290761521,0.0,0.0,0.0
2018-02-14,0.006285010635039175,0.006750201788297794,0.0031564799789478787,0.0,0.0,0.0
2018-02-15,-0.0001760021120253443,0.005024181331779713,0.0029371795363746286,0.0,0.0,0.0
2018-02-16,-0.0022216114803894843,-0.0007435040527013622,-0.0005004775307194008,0.0,0.03318068456314602,0.0
2018-02-17,0.0,0.0,0.0,0.0,0.0,0.0
2018-02-18,0.0010503895562520452,0.0003897051231466786,0.00045173782616009234,0.0,0.0,0.0
2018-02-19,-0.0008154064546473279,-0.0016852564421834854,-0.0010428803077889405,-0.002347633113822846,0.0,0.0
2018-02-20,0.0008072079539334545,-0.0006142529245825975,-0.0010244742519582293,0.0,0.0,0.0
2018-02-21,-0.004086825030064563,-0.003768919082126167,-0.004598796481745942,0.0,0.0,0.0
2018-02-22,0.0035821364656741564,0.0016553435212702061,0.003496853270581401,0.0,0.0007604796093973585,0.0
2018-02-23,0.005702630492093062,0.006240010079272789,0.005033475770763526,0.0,0.0,0.0
2018-02-24,0.0,0.0,0.0,0.0,0.0,0.0
2018-02-25,-0.00017359604201024216,0.0007343434624598491,0.0010151337593098163,0.0,0.0,0.0
2018-02-26,0.004039855042589609,0.0032154866857796653,0.00444953541793363,0.013032948195834912,0.0,0.0
2018-02-27,-0.00017330021373693027,-0.005440329522045765,-0.005834961494220481,0.0,0.003052069384151277,0.0
2018-02-28,-0.0,-0.0024284232189932067,-0.005437836398689401,0.0,0.0,0.0
2018-03-01,-0.0,-0.00032668137156413097,-0.0038312780468038295,0.0,0.0,0.0
2018-03-02,0.0,-0.0016325545121486313,0.000236557019759263,0.0,0.00266732103808692,0.0
2018-03-03,0.0,0.0,0.0,0.0,0.0,0.0
2018-03-04,-0.0012084907584125413,-0.00031476165979177643,-0.0011674770723440696,0.0,-0.006859704475834808,0.0
2018-03-05,0.006330442511963509,0.0007936110987758403,0.006075313967114723,0.010879023355191312,0.0,0.0
2018-03-06,-0.00017581644762867566,0.00022070994796632445,0.0018127627857578818,0.0,0.0,0.0
2018-03-07,0.0,0.0004259760227475645,0.0016506936571616282,0.0,0.0,0.0
2018-03-08,0.004502492986234568,2.4290629915638557e-05,-0.0008945483784829314,0.0,0.0,0.0
2018-03-09,-0.00016908552909680147,0.001228233241264217,0.00047857662668727855,0.0,0.0,0.0
2018-03-10,0.0,0.0,0.0,0.0,0.0,0.0
2018-03-11,0.00170712561232379,-4.198803500077286e-05,0.00043226671053895325,0.0,0.0,0.0
2018-03-12,0.000851527573962109,-0.000677604822605371,-0.000579318710589094,0.00028992695154252286,0.0,-0.0015544903617692074
2018-03-13,-0.008187150004896398,-0.00027597814866706896,-0.001746890244600707,0.0,0.0,0.0
2018-03-14,-8.344656918034013e-05,8.0909866108304e-05,-0.0015984461952247564,0.0,0.0,0.0
2018-03-15,0.0014988085465187978,-0.0002767978860974018,0.0011913428266756784,0.0,0.0005324082493854682,0.0
2018-03-16,-0.003040217904570265,-0.0004337613982950829,-0.0007423199301079442,0.0,-0.0008261512311528782,0.0
2018-03-17,0.0,0.0,0.0,0.0,0.0,0.0
2018-03-18,-0.0007506496300972034,0.00017666841924018401,-0.00036095325952794076,0.0,0.0,0.0
2018-03-19,-0.013919913824297083,0.00030898779729108167,-0.005705795431587196,-0.014721132096269449,0.0,0.0
2018-03-20,0.002622753213523569,0.0005726420644922945,0.000837344382023486,0.0,0.0,-0.0020656503124772295
2018-03-21,-0.002443723620299921,0.0032850463956331215,0.001497637487640502,0.0,-0.009220650886278601,0.0
2018-03-22,-0.022204075427602783,-0.0006291824768025478,-0.008236265707457361,0.0,0.0,0.0028436744249760743
2018-03-23,-0.008421650862829692,-0.0033985354723707747,-0.000830637515751709,0.0,0.0,0.0
2018-03-24,0.0,0.0,0.0,0.0,0.0,0.0
2018-03-25,0.0016641831712931605,0.001122428915195095,0.001570659942721253,0.0,0.0,0.0060502218351893506
2018-03-26,0.016601946712354855,0.009726949286713941,0.013695899482615405,0.02651467989510141,0.0,0.0
2018-03-27,-0.0001838404265097895,-0.008046158175866706,-0.01029029683127293,0.0,-0.0013134726773873942,0.0
2018-03-28,-0.0,-0.0008774430033180987,0.0014621761054875834,0.0,0.0,-0.002978123921970461
2018-03-29,0.0,0.0021953449306687926,0.002483688247536875,0.0,-0.0025289830905818335,0.0
2018-03-30,0.0,0.0005156365604105171,-0.00016396773830210654,0.0,0.0,0.0
2018-03-31,0.0,0.0,0.0,0.0,0.0,0.0
2018-04-01,-0.0008509061368466364,-0.0006324014527854956,9.164644014501012e-05,0.0,0.0008205456167724247,0.002186042794821302
2018-04-02,-0.008767655038354633,-0.002809770213436074,-0.002199031594772266,0.0,0.0,0.0
2018-04-03,0.002714526882171787,0.0008411415079135683,0.0018715903496362095,0.0,0.0,0.00012030586418087076
2018-04-04,0.008851661784769406,0.0027953244044527457,0.006606120244434054,0.0,0.0,0.0
2018-04-05,-0.00018447348193697155,-0.0013525968141133856,0.002096464556210464,0.0,0.004456083703750085,-0.007662951261055545
2018-04-06,-0.004222911515250704,-0.002820137875504109,-0.006435704695156289,0.0,0.0,0.0
2018-04-07,0.0,0.0,0.0,0.0,0.0,0.0
2018-04-08,0.0013738921993767176,0.0001374994030791524,0.0010183326311385076,0.0,0.0,-0.0023253992916150634
2018-04-09,0.00021916048759718136,-0.00014256183960953536,0.0008318868755330723,0.0026902947354184533,0.0,-0.0016878714674541321
2018-04-10,0.007565214556179451,0.0010508275864209932,0.00808659269128531,0.0,0.0,0.00156972467534782
2018-04-11,-0.00018202226739071078,-0.00033657416330940286,-0.0010885535748121347,0.0,0.0,-0.003702105471254021
2018-04-12,0.002163534289523696,-0.0013879587786269246,0.003298563139072619,0.0,0.0,0.0
2018-04-13,-0.0006864743759994925,0.00035568881858702184,-0.0001559185303581567,0.0,0.007161412790155689,0.0
2018-04-14,0.0,0.0,0.0,0.0,0.0,0.0
2018-04-15,0.0026251285776500346,7.942336611493407e-05,0.0019082822294322899,0.0,0.0,0.0
2018-04-16,0.0008557303812314959,-0.0007937869100683825,-0.00024993842951657195,0.008496133221172686,0.0,0.004575842038602866
2018-04-17,-0.00017616489033735576,0.0007745332940729302,0.0056021920875743095,0.0,0.0,-0.0011934459875302692
2018-04-18,0.0017729813934826732,0.002398799541726817,0.0026532063213176916,0.0,0.0,0.0
2018-04-19,-0.00523592443666379,0.0010850196938316287,-0.0032423135463368166,0.0,0.0,0.0
2018-04-20,-0.006342248867497284,0.00043840063222053876,-0.003079231363548662,0.0,0.0,0.0
2018-04-21,0.0,0.0,0.0,0.0,0.0,0.0
2018-04-22,0.0013971989303601525,-5.7420724432276756e-05,0.0009361488516973271,0.0,0.0,0.0
2018-04-23,-0.002003765438563132,0.00033223796421923406,-3.829995338434152e-05,4.343888691214689e-05,0.00035613143885430656,0.0
2018-04-24,-0.011573728676044965,-0.0004480715302331749,-0.0039056088097483995,0.0,0.0,0.0
2018-04-25,0.005669750437438476,-0.0009780459343712135,-0.00021917593547124894,0.0,0.0,0.002149519932462702
2018-04-26,0.01200860152745957,-0.0005153618466818224,0.0014858546499137647,0.0,0.0,-0.0004755029146777752
2018-04-27,-0.00018040772145047808,0.0013100931644962521,-4.310647204628802e-05,0.0,-0.001661222975444626,0.0
2018-04-28,0.0,0.0,0.0,0.0,0.0,0.0
2018-04-29,0.0,-7.910275992180277e-05,1.3396737887250154e-05,0.0,0.0,0.0
2018-04-30,-0.0,-0.0003616177819534442,-0.0017006333150368373,-0.00807813386930712,0.0,0.0014241464779723356
2018-05-01,0.0,-0.0017054294793581496,0.0018255436124700484,0.0,0.0016263189916774054,0.0
2018-05-02,-0.007560796382100523,0.00026200110494598386,-0.0029159992191156838,0.0,0.0013480926861660768,-0.0006938915102409779
2018-05-03,0.001111827822395152,-0.0004487667369157147,-0.0011200903939250213,0.0,0.0,0.0006803047139294359
2018-05-04,0.010440193228541984,0.002197754570425071,0.00230069975852488,0.0,0.0030359478723858504,0.0
2018-05-05,0.0,0.0,0.0,0.0,0.0,0.0
2018-05-06,-0.00017704859984065625,0.0005077978196185122,0.00020448037608292722,0.0,0.0,0.0
2018-05-07,0.0015292726762404449,0.0001572722695234412,6.09384282798664e-05,0.0041886827632141455,0.0,0.0
2018-05-08,-0.00017652770013828003,0.00041612381567912793,-0.0005074942086283285,0.0,0.0,0.0022821376773571674
2018-05-09,0.0,5.762972934579959e-05,0.002844516840561473,0.0,0.0,0.0
2018-05-10,0.005198737416199121,0.0005452998985815488,0.0018780293059062702,0.0,0.0,0.0
2018-05-11,-0.0001728259930293516,0.0015495161096078615,-9.438156761323314e-05,0.0,0.0,0.0
2018-05-12,0.0,0.0,0.0,0.0,0.0,0.0
2018-05-13,0.0017586294660493409,0.0006269970544991707,0.0004770089674894229,0.0,0.0,-0.0009924865513624341
2018-05-14,-0.000172488141440276,0.00019110958413183122,-2.8840970855781322e-05,0.00031320073084560097,0.0,0.0
2018-05-15,-0.0,-0.0026395367592984566,-0.0007019172127007889,0.0,0.0002448458574181188,0.0
2018-05-16,0.0,-1.5479377760458106e-05,0.002655172447144438,0.0,0.002568694675753864,0.0
2018-05-17,-0.0023975365561543327,-0.00042633924909580537,0.00044313708370665724,0.0,0.002624814925469618,-0.0008074551131928403
2018-05-18,-0.0031901440340963883,-0.00027183675700554616,-0.0005475224736587125,0.0,0.0,0.0
2018-05-19,0.0,0.0,0.0,0.0,0.0,0.0
2018-05-20,0.005442545425229009,0.001153139715080727,0.002361892747343242,0.0,0.003584835355732807,0.0
2018-05-21,-0.00017379969585053226,-0.00016840580716059007,0.0015516051460162882,0.007984334728666114,0.0,-0.0011975037103303162
2018-05-22,-0.0,-0.00010523716555249135,-0.0009717738090670224,0.0,0.0,-0.0011609230478499433
2018-05-23,0.0,-0.00224942188908445,-0.0031749759982848806,0.0,0.0017125012690171017,0.0010474059066928824
2018-05-24,0.0015267548544872327,0.0010183940404622145,0.0003804825232278096,0.0,0.0,0.0
2018-05-25,0.00041175452530708685,-0.0020418771343027357,-0.0008152102907411085,0.0,0.0,0.0
2018-05-26,0.0,0.0,0.0,0.0,0.0,0.0
2018-05-27,0.0030812244244073647,0.001146753149420547,0.0007872898262524131,0.0,0.0,0.0
2018-05-28,-0.0003557423419906737,-0.000648583439807735,-0.0022094074312250904,0.000575278188388057,0.0,-0.0011660322283755444
2018-05-29,-0.007555209673901569,-0.0024623702207588654,-0.0036483243146616176,0.0,0.0,0.0
2018-05-30,0.007463581601670085,0.0017128836205580651,0.0026655964479565418,0.0,0.0,0.0
2018-05-31,0.0011231288677849228,0.0003144150989467832,-0.0007339309122552984,0.0,-0.0029835715187603203,0.0022181024679718757
2018-06-01,0.015552197260199857,0.0007967936797704822,0.000425044101239282,0.0,0.0,0.0
2018-06-02,0.0,0.0,0.0,0.0,0.0,0.0
2018-06-03,-0.00016934323050436057,0.00035745536672852777,0.00011447660886050315,0.0,0.0,0.0
2018-06-04,0.008492901580433707,-0.0004889833028997744,0.0012363628982189345,0.005191663114072691,0.0,-9.717301338013607e-05
2018-06-05,-0.00016712626389237068,0.0017587473090447947,0.0006396049808470305,0.0,0.0,0.0014224010439321333
2018-06-06,0.004458044057330249,0.001099618361126648,0.0019731046516503923,0.0,0.0,-0.0010945761098846687
2018-06-07,-0.00016768207478620536,-0.0009230824478573404,0.0002679153633427855,0.0,0.0,0.0
2018-06-08,-0.0,-0.0004500620482553694,1.6174110271038812e-05,0.0,0.0,0.0
2018-06-09,0.0,0.0,0.0,0.0,0.0,0.0
2018-06-10,-0.0,-4.064540152945189e-05,-0.00014234295136102972,0.0,0.007417136322973472,0.0
2018-06-11,0.00576020201784641,-0.0006812052518267887,0.0028757963075670776,0.002424883550224098,0.000909034577682171,0.0
2018-06-12,-0.0001661888736549088,7.816924763080177e-05,0.00023381296390274637,0.0,0.0,0.0
2018-06-13,-0.0023348645649698373,-0.0008249149093257488,-6.382910460627227e-05,0.0,0.0,0.0004790634676812278
2018-06-14,0.013058859435802157,0.001992318249306649,-0.0003000206356527118,0.0,0.0,0.0
2018-06-15,-0.0001654761576436195,-0.00047240081736136847,-0.0021759864860541375,0.0,0.0,0.0
2018-06-16,0.0,0.0,0.0,0.0,0.0,0.0
2018-06-17,0.0,0.00031517853564084163,0.00010722027691610903,0.0,0.0,0.0
2018-06-18,-0.008079359261667512,-0.00042356586137662605,-2.239299457701619e-05,-0.004831183300823739,0.0,-0.0009229863962874216
2018-06-19,0.004486622143645732,-0.0009430905736771539,-0.00023179290291456926,0.0,0.0,0.0
2018-06-20,0.009184832304942369,-0.00040931556660333483,0.0010830162998842763,0.0,0.0,0.0
2018-06-21,-0.0001665232716272099,0.0005818966665271457,-0.005644253936320145,0.0,0.0,0.0
2018-06-22,-0.0,0.0006714913403425571,0.0029231666544881118,0.0,0.0,0.0
2018-06-23,0.0,0.0,0.0,0.0,0.0,0.0
2018-06-24,0.0,-0.0002314549367520831,-2.517939108710454e-05,0.0,0.0,0.0
2018-06-25,-0.0,-0.0025821077509819894,-0.00613616655709282,-0.016234621310806586,0.0,0.0
2018-06-26,0.0,0.00011201269633074934,-0.0005552695028510012,0.0,0.0,-0.0021762197138192837
2018-06-27,-0.011343256798198979,-0.002777150280846878,-0.0018851706729098305,0.0,0.0,0.0
2018-06-28,0.006105964694670156,0.0007186213660524945,-0.0007189503754125511,0.0,0.0,-0.004647250810740092
2018-06-29,0.0007487030547483442,0.003134232837197993,0.0021833158062839475,0.0,-0.016925389032086884,0.0
2018-06-30,0.0,0.0,0.0,0.0,0.0,0.0
2018-07-01,0.00043192731488025346,2.8238675704501063e-05,-3.806087329372154e-05,0.0,0.0,0.0
2018-07-02,0.005074131544930714,-0.003573429738618008,-0.0010013287812722592,0.004357823035436961,0.0,-0.0007806333153688739
2018-07-03,-0.00017135023989033586,0.0015147448685171947,-0.00043689401986220726,0.0,0.0,0.0
2018-07-04,0.0,0.0010845722442479307,0.00039737531177372885,0.0,-0.0030085336572681144,-0.002809754722360747
2018-07-05,0.0,0.00098197600548211,0.001471753696469047,0.0,0.0,0.0029218192298385163
2018-07-06,0.014091084725589318,0.0009746260323162518,0.0008826772351611556,0.0,0.0,0.0
2018-07-07,0.0,0.0,0.0,0.0,0.0,0.0
2018-07-08,-0.00016624873581690472,0.0003949003836097157,1.1249194499185489e-05,0.0,0.0,-0.00024114172800908284
2018-07-09,0.006865085797503745,0.001599754591476375,0.0012650602307846537,0.010345395202677066,0.0,0.0
2018-07-10,-0.000166142855164966,-0.0006517796636614356,-0.00023499345893005508,0.0,0.0,0.0
2018-07-11,0.0,-0.000683449303385577,-0.00015657490785254686,0.0,0.0,0.004501781423488025
2018-07-12,0.0,0.0018253199786543869,0.002379292727135507,0.0,0.0,0.0
2018-07-13,-9.784386006080134e-05,0.0005991979699661234,-0.00042652557743816377,0.0,0.0003787520054681595,0.0
2018-07-14,0.0,0.0,0.0,0.0,0.0,0.0
2018-07-15,0.0009393779398551211,0.0001405353742345799,-7.193808860849194e-05,0.0,0.0,0.0
2018-07-16,-0.006778514986430312,0.00024898484825147877,0.00042235389984143236,-0.003954982281070111,0.0,-0.0005123916771274157
2018-07-17,0.009362713169845526,-5.725984266635037e-06,0.0023111547311486912,0.0,0.0,0.0
2018-07-18,-0.00016246733729573116,-0.000666595459972145,-2.820507512413283e-06,0.0,0.0,0.0
2018-07-19,-0.0018502945988108962,-0.0014940150403086575,-0.001483752355877832,0.0,0.0,0.0
2018-07-20,-0.0021004720824935315,0.0008378399993348872,-0.002321881822571866,0.0,0.0,0.0
2018-07-21,0.0,0.0,0.0,0.0,0.0,0.0
2018-07-22,-0.0001774916068723494,-2.3940753677004708e-05,-0.00038333021749188396,0.0,0.0,0.0009611972110834146
2018-07-23,0.00776604620893903,-0.0008855652913943757,0.001958078766187021,0.004360215402901057,0.0035040255434345587,-0.0019479203012880246
2018-07-24,-0.0001623288783074509,0.0013733879153251674,0.00022774597941377367,0.0,0.0,-0.0005550430582638073
2018-07-25,-0.00017270820561164955,0.00028224045079840393,0.0009146754422841297,0.0,0.0,0.0
2018-07-26,0.0022537099673767113,-0.0008062460988622661,0.000355447824052435,0.0,0.000665635526155582,0.0
2018-07-27,-0.013772133634115525,-0.00026477035483162773,-0.0031409011830986107,0.0,0.0,0.0
2018-07-28,0.0,0.0,0.0,0.0,0.0,0.0
2018-07-29,-0.0010364721633614542,4.412434598534032e-05,-0.00017070419316237426,0.0,0.0,0.0
2018-07-30,-0.007991738507260425,-0.00012522881923372436,0.0003427494276172017,-0.006492589487606922,0.0,-0.0033193483889597357
2018-07-31,0.006314995119766417,0.0009870695473108348,0.0038113338154673886,0.0,0.002153918890094458,0.0
2018-08-01,0.0016054755947113406,-0.0009960051693911572,-0.002474935912337932,0.0,0.0,0.0025975263944188233
2018-08-02,0.010518661541190959,-0.0012776460126013235,0.002380170734746623,0.0,0.0,-0.0016364220308870013
2018-08-03,-0.0001624717366874721,-0.0006020741591106457,-0.00036893711773630937,0.0,0.0,0.0
2018-08-04,0.0,0.0,0.0,0.0,0.0,0.0
2018-08-05,-0.0002665577037937624,0.00035611369454142673,-0.00024617548363277115,0.0,0.003823782919617673,0.0003812211323537928
2018-08-06,0.004117297098181454,-0.001329455847511143,0.0012398690372829703,0.0036863321421605594,0.0015219744430308613,-0.003331470705857936
2018-08-07,-0.0001609398889514766,0.0018072879886075262,0.0017725955156705582,0.0,0.0,0.0
2018-08-08,-0.0006831226384800159,-0.0031213229078426606,-0.0013410086705307744,0.0,0.0,-0.001947166784211031
2018-08-09,-0.0003233262535611834,-0.0010516905280424298,0.0002167584551478293,0.0,0.0,-0.000937720052330785
2018-08-10,-0.004064939557793619,-0.0015972886807878906,-0.0032284745034106685,0.0,0.0,0.0
2018-08-11,0.0,0.0,0.0,0.0,0.0,0.0
2018-08-12,-0.002787715720279177,-0.0009082479547845366,-0.001546912331536021,0.0,0.0,0.0
2018-08-13,0.002313500659730256,-0.0012371026340231058,-0.0006676144173357986,-0.00398857672296863,0.0,-5.3035106258114805e-05
2018-08-14,-0.00016108679893682713,-0.0016200758813173298,0.0024418945152508086,0.0,0.0009927595886651524,0.0
2018-08-15,-0.011799009835019346,-0.0035018931392112986,-0.009053952416378725,0.0,0.0,0.0
2018-08-16,0.0006844850522907298,0.0034568024714505723,0.0,0.0,0.0,0.0
2018-08-17,0.002019151762639518,0.0011351947282818601,0.0,0.0,0.0,0.0
2018-08-18,0.0,0.0,0.0,0.0,0.0,0.0
2018-08-19,0.0006180096784227917,-0.0003136672278523504,0.0,0.0,0.0,0.0
2018-08-20,-0.0017174018518822513,0.002373739434971343,0.0,0.00023754688750546278,0.0,-0.00010543470417478354
2018-08-21,-0.0023089006718394313,0.0036224422774690764,0.00015006275351510113,0.0,-0.0031627042247848675,-0.0003172690563520048
2018-08-22,0.012328149926648505,0.00013762362727691316,0.0009450066284695911,0.0,0.0,0.0
2018-08-23,-0.00016163793103448276,-0.00153485071018588,0.00026490065322237733,0.0,0.0,0.0060493481028747525
2018-08-24,0.011387271815538707,0.0008992881347588544,0.002059506232902031,0.0,0.0,0.0
2018-08-25,0.0,0.0,0.0,0.0,0.0,0.0
2018-08-26,-0.00015954900813699942,0.0003172691595735966,0.0003274336433970923,0.0,0.0,0.0
2018-08-27,0.009158303307403921,0.0019189092360869823,0.0008828733952373713,0.008450034765684986,0.0,0.0
2018-08-28,-0.00015824245381298378,-0.0005366248803356222,-0.0006143251257986648,0.0,0.0,0.0035469814490528477
2018-08-29,0.014897421226729093,0.0025676701429419428,0.0019690500927227682,0.0,0.0,0.0
2018-08-30,-0.00015710302030556535,-0.0021555081282424652,-0.001584454612810593,0.0,0.0,0.0
2018-08-31,0.0,-0.0006350449915711134,1.5991163081485738e-05,0.0,0.0,0.0
2018-09-01,0.0,0.0,0.0,0.0,0.0,0.0
2018-09-02,-0.0001401418216749104,-6.244551509822758e-05,-0.00015388212272530178,0.0,0.0,0.0
2018-09-03,0.0,-1.1817880072950671e-05,0.0007472456708802477,-0.0006142444777126304,0.0,0.0
2018-09-04,-0.006356997668876942,0.0007592979288303986,-0.0021512526704220675,0.0,0.0,0.0
2018-09-05,-0.017945757228949755,-0.0005654529553493268,-0.0026094858383652717,0.0,0.0,-0.001113324020905059
2018-09-06,-0.012463028202098606,-0.0008021341344009226,-0.002650947316734786,0.0,0.0,0.0
2018-09-07,-0.0024020307014832377,-0.0006171834734008546,-0.0026085799976847427,0.0,0.0,0.0
2018-09-08,0.0,0.0,0.0,0.0,0.0,0.0
2018-09-09,0.001089705644944372,-4.4496403791897795e-05,0.00017077961785243455,0.0,0.0,0.0
2018-09-10,0.0033541629906462165,-1.414572918836596e-05,0.0003498247266789509,0.0018199151882034672,0.0,2.8085474687677037e-05
2018-09-11,-0.00015962753574991686,2.6320038393837485e-05,0.0007732345446861048,0.0,0.0,9.796587300596925e-05
2018-09-12,-0.0051410952016426115,0.00022273363115570872,0.0007202508878040969,0.0,-0.005892595185789871,-0.0012377876673453322
2018-09-13,0.012342490300091003,0.00015174745996205638,0.00270241002808701,0.0,0.0,0.0
2018-09-14,-0.00015904572564612326,0.00028184583710778085,-0.0010506632520907652,0.0,-0.002863321260081208,0.0
2018-09-15,0.0,0.0,0.0,0.0,0.0,0.0
2018-09-16,-0.0023724792437473975,-7.919703553507438e-05,-0.00031415608848025525,0.0,0.0,-0.0012563766863826484
2018-09-17,-0.017792860730470796,-0.0013004727682855242,-0.0022694613067685203,-0.012805330268093915,0.0,-0.0004449669114194719
2018-09-18,0.01400507507497591,0.0024214039573909217,0.005855086977267398,0.0,0.002355893179608279,4.426260794802991e-06
2018-09-19,-0.0001598316440016516,0.0013781813548716356,0.001307528595214158,0.0,0.001163634443428476,0.0021632087714841346
2018-09-20,0.008133372343682443,0.0006761438481951536,0.005510273089676465,0.0,0.0,0.0
2018-09-21,-0.0001595574938836294,0.0021398200582891155,0.0008003478379282169,0.0,-0.0003107895296164752,0.0
2018-09-22,0.0,0.0,0.0,0.0,0.0,0.0
2018-09-23,-0.0,-0.00033207643740726123,-0.0006037061629204255,0.0,0.0,0.0
2018-09-24,0.0,-0.0011788998476509058,-0.0015053134907431886,-0.0018253961078169762,0.001945619656694732,0.0
2018-09-25,0.0019211448701113086,-0.0005350012377793153,0.000748813124414649,0.0,0.00026835776093872874,-0.0010443114440066314
2018-09-26,0.0,6.059419713270683e-05,-0.001741915212258307,0.0,0.0,-0.0016516708116054214
2018-09-27,0.006324502276331884,-0.0012066361257587668,0.0009435461374725396,0.0,0.0,0.0
2018-09-28,-0.00015705367309277945,0.000665920201100224,-0.001903196486351127,0.0,0.0,0.0
2018-09-29,0.0,0.0,0.0,0.0,0.0,0.0
2018-09-30,0.0019104749454268298,-0.0011387847532629586,-1.2615152619721562e-05,0.0,0.0,-0.002404283433160481
2018-10-01,-0.0013015814158628479,-0.0007370615673473271,-5.915948689994016e-06,-0.0012687934969179597,0.0,0.0022055932159000175
2018-10-02,-0.0029547363784299873,0.0006446920040187542,0.0008005654994494093,0.0,-6.581828133536704e-06,-0.0024765415100406916
2018-10-03,-0.0006192940183959373,-0.0009269888479800027,0.0029058718223838984,0.0,0.0,-0.002062143085845151
2018-10-04,-0.015443326368241299,0.0018603518071473929,-0.006296116042483628,0.0,0.0,0.0
2018-10-05,-0.010226368716247292,0.0004894186357023605,-0.0014522901900709954,0.0,0.0,0.0
2018-10-06,0.0,0.0,0.0,0.0,0.0,0.0
2018-10-07,-0.0016810942627688728,0.00021149095647413535,-0.000596963131440853,0.0,0.0,0.0
2018-10-08,-0.004185882892281204,-0.0012743446846856744,-0.0025839394368015346,-0.0033961813290417364,0.0,0.0
2018-10-09,0.0023235518615484616,2.3669760953984618e-05,-0.0018356871617288945,0.0,-0.010190878345455668,-7.878322937115115e-05
2018-10-10,-0.04543306715264593,-0.005514445685715713,-0.008169540417129226,0.0,0.0,0.0062510262715176805
2018-10-11,0.00694727398491655,-0.0008810323932871672,-0.0022505482565358566,0.0,0.0,-0.0016862161998725611
2018-10-12,0.00818058834143575,0.00182881614313341,0.001609645145057803,0.0,0.0,0.0
2018-10-13,0.0,0.0,0.0,0.0,0.0,0.0
2018-10-14,-0.00016797782692684564,-0.0003244145636116133,-0.00023543140384311157,0.0,-0.02931039933665571,0.00011111431928748624
2018-10-15,-0.004859740452357156,-0.002585031955632694,-9.997003580586307e-06,-0.0055419091015308265,0.0,0.013222695261201425
2018-10-16,0.017708350714795002,0.005718575914143499,0.009973536395699397,0.0,0.0,0.0
2018-10-17,-0.00016531658125309968,-0.0012497900004193798,-0.0019552402595728324,0.0,0.0,-0.0006346667144580569
2018-10-18,-0.008475705019318991,-0.004105523854183432,-0.005783264172537324,0.0,0.0,0.0
2018-10-19,-0.0022710472299982683,0.00026021071784996434,-0.0011719225651445593,0.0,0.0,0.0
2018-10-20,0.0,0.0,0.0,0.0,0.0,0.0
2018-10-21,-0.0013762076740399868,-0.0005496446629420579,-0.000320530611134906,0.0,0.0,-0.003531116150867939
2018-10-22,0.003469267409711275,0.0006047285293227159,0.001105297794131066,-0.002870535470542163,0.0,0.0008495202654332824
2018-10-23,-0.00016869095816464237,-0.0007800597436418216,-0.002786381514819477,0.0,0.0,0.0
2018-10-24,-0.018370840499214357,-0.007252500618548945,-0.010833572001142266,0.0,0.0,0.0
2018-10-25,0.003306599418084923,0.003599474278598129,0.0038395204953125986,0.0,0.0,-0.001455333616260544
2018-10-26,-0.0008842217517067667,-0.003701666799865655,-0.003273841059812628,0.0,0.0,0.0
2018-10-27,0.0,0.0,0.0,0.0,0.0,0.0
2018-10-28,0.002830734551804,0.0007001185598175792,0.0007981735951797297,0.0,0.0,0.0
2018-10-29,-0.010519646993681271,-0.0020262790699155583,-0.0023163653573769817,-0.011569451411275121,0.0,0.0
2018-10-30,0.0060888901784547185,0.004342490454007842,0.0014491230971213297,0.0,0.0,-0.002151760221318999
2018-10-31,0.007391377726581783,0.004312076105143369,-0.0005941938353320686,0.0,0.0,0.0021373152869073532
2018-11-01,-0.00017156337122024447,0.00630237156629127,0.0023031376784820035,0.0,0.0,-0.005879121589749068
2018-11-02,-0.002156519973710975,-0.001333645482187436,0.000995968098786526,0.0,0.0,0.0
2018-11-03,0.0,0.0,0.0,0.0,0.0,0.0
2018-11-04,-0.0008981148366474193,-2.4232507011112708e-05,8.991426222682009e-05,0.0,0.0,0.0
2018-11-05,-0.00035912589114439836,0.0030375712041201416,-0.0007683614961871087,0.002901675714110573,0.0,0.0
2018-11-06,0.002835273256678797,0.0027075334754376743,0.0010444537559273215,0.0,0.0,0.0
2018-11-07,0.013249998382328355,0.007117437480420501,0.005295019017850811,0.0,0.0,0.0
2018-11-08,-0.0001681472970322002,-0.0015739439786375668,-0.0025357788910497117,0.0,0.0,0.0
2018-11-09,-0.007126646782841958,-0.003976481155041382,-0.0021178307525065126,0.0,0.0,0.0
2018-11-10,0.0,0.0,0.0,0.0,0.0,0.0
2018-11-11,0.00025125078643599706,-0.0002620437567480343,-4.6277242885195494e-06,0.0,0.0,0.0
2018-11-12,-0.012024624084619389,-0.0031933100213330443,-0.006803851385340433,-0.02201030980575735,0.0,0.0
2018-11-13,0.0029406666233432596,-4.183837477926165e-05,0.0013609740384898817,0.0,0.0,0.0
2018-11-14,-0.0063267650158532,0.0009904744268392548,-0.004835321322247654,0.0,0.0,0.0
2018-11-15,0.006061933355748299,0.0013642963539991886,0.003660335919075873,0.0,0.0,0.0
2018-11-16,0.001735145527668184,0.0009153413542621689,0.0012011472735585225,0.0,0.0,0.0
2018-11-17,0.0,0.0,0.0,0.0,0.0,0.0
2018-11-18,-0.001678231072280305,4.170258335827782e-06,-0.0009545538888985572,0.0,-0.004055547550432261,0.0
2018-11-19,-0.014993590210261708,-0.0002534552921322803,-0.006059554078948185,-0.02341178182592086,0.0,0.0
2018-11-20,-0.009795756439488086,-0.002920493399033059,-0.005242389259815475,0.0,0.0,0.0
2018-11-21,0.004491688357225533,0.002243082629809481,0.0046693234733728994,0.0,0.0,0.0
2018-11-22,-0.0026869188964224293,-0.0005308267425647819,-0.002660197698214339,0.0,0.0,0.0
2018-11-23,-0.0009010542166647965,-0.0016575912486611131,-0.00021896034552493226,0.0,0.0,0.0
2018-11-24,0.0,0.0,0.0,0.0,0.0,0.0
2018-11-25,0.0016067869076589539,0.0010273567275294855,0.000624063650048401,0.0,0.0,0.0
2018-11-26,0.006846026816243078,0.002562636547425531,0.005971942473689126,0.011874942224932275,0.0,0.0
2018-11-27,-0.0001787097158515518,0.001970795265595432,0.0013106308755999943,0.0,0.0,0.0
2018-11-28,0.013534161284766352,0.006744522134647218,0.007044564053490633,0.0,0.0,0.0
2018-11-29,-0.00017400130500978757,-0.0004570503212977578,-0.0005858372769964814,0.0,0.0,0.0
2018-11-30,0.003816577919494961,0.0021461932743790076,0.0009023414636512238,0.0,0.0,0.0
2018-12-01,0.0,0.0,0.0,0.0,0.0,0.0
2018-12-02,-0.00016953941791466516,0.004207400647521451,0.003007503977525283,0.0,0.0,0.0
2018-12-03,-0.002846295140598267,-0.001728218255187057,0.0022084756938377747,0.008186688216285693,0.0,0.0
2018-12-04,-0.014722662672176796,-0.0030237954177748526,-0.007625911794593064,0.0,0.0,0.0
2018-12-05,-0.005501494453087028,0.0007930936159491374,-0.0006979216339945914,0.0,0.0,0.0
2018-12-06,0.0066776839240691235,0.0006770002089240656,-0.000523986316362341,0.0,0.0,0.0
2018-12-07,-0.014729161003640908,-0.003155710063647992,-0.006369554248659185,0.0,0.0,0.0
2018-12-08,0.0,0.0,0.0,0.0,0.0,0.0
2018-12-09,-0.004142278609074722,-0.0006337454881092063,-0.0030365323443324915,0.0,0.0,0.0
2018-12-10,0.007137193460580794,-0.0005704220516146458,0.0025905145058192315,0.0007213824013643287,0.0,0.0
2018-12-11,-0.00017900295354873354,-0.00047507236277606743,0.0013346400059945584,0.0,0.0,0.0
2018-12-12,0.005309806673881305,0.005903585582100862,0.0025371421269527405,0.0,0.0,0.0
2018-12-13,-0.00247343519955927,0.0003342004756369556,0.0002525376727988914,0.0,0.0,0.0
2018-12-14,-0.011360584160771544,-0.0041260241057120605,-0.004523569876066478,0.0,0.0,0.0
2018-12-15,0.0,0.0,0.0,0.0,0.0,0.0
2018-12-16,0.002117059925412646,0.0005364066683760155,0.001282257684382282,0.0,0.0,0.0
2018-12-17,-0.008289341278576624,-0.003845382067557408,-0.008587857596605276,-0.01406999222392798,0.0,0.0
2018-12-18,-0.0014156753102726534,0.0002456337681795538,-0.001630093108576357,0.0,0.0,0.0
2018-12-19,-0.008037897382904622,-0.005645246947290311,-0.00872285029883043,0.0,0.0,0.0
2018-12-20,-0.004454548382667814,-0.005411058431502142,-0.004021599676837057,0.0,0.0,0.0
2018-12-21,-0.0159967764051008,-0.007159809943963475,-0.007061423326842131,0.0,0.0,0.0
2018-12-22,0.0,0.0,0.0,0.0,0.0,0.0
2018-12-23,-0.0012831228615122654,-0.0005358828990557193,-0.0010212819780716863,0.0,0.0,0.0
2018-12-24,-0.012917033803940539,-0.008177423300688358,-0.008294556120909718,-0.03184798287580977,0.0,0.0
2018-12-25,0.0008993919795649189,-0.0003494340333568243,-0.002340232248981914,0.0,0.0,0.0
2018-12-26,0.02715553884282841,0.015334978212270325,0.0011406595072846026,0.0,0.0,0.0
2018-12-27,-0.00019144251938355507,0.00025606227992820967,0.0005310131894701375,0.0,0.0,0.0
2018-12-28,0.00026216696395141325,0.0015805518341865297,0.0007038099635026419,0.0,0.0,0.0
2018-12-29,0.0,0.0,0.0,0.0,0.0,0.0
2018-12-30,0.002558507107438118,0.0015387280631086388,-0.00012408713011378137,0.0,0.0,0.0
2018-12-31,0.0005269820943831461,0.0014437037227606126,0.00013113094891991793,0.009168625066036018,0.0,0.0
2019-01-01,0.0011681485602306192,0.0008541203709579801,-0.00011661318639403229,0.0,0.0,0.0
2019-01-02,-0.009025197853272084,-0.007365475364584136,0.0033402754945863864,0.0,0.0,0.0
2019-01-03,-0.003052207649441735,-0.0023752325916665163,0.0001030942195180542,0.0,0.0,0.0
2019-01-04,0.016089997285797887,0.015108942527769599,0.015743804549948257,0.0,0.0,0.0
2019-01-05,0.0,0.0,0.0,0.0,0.0,0.0
2019-01-06,-0.00018650047402203813,0.0010358382632965118,0.0014332435040853133,0.0,0.0,0.0
2019-01-07,0.002136864481424715,0.0011593371740160215,0.002837289431960577,0.010199618427853448,0.0,0.0
2019-01-08,-0.00018312502861328572,0.004585228940748966,0.005355263030722657,0.0,0.0,0.0
2019-01-09,0.0010154158952862691,0.00025171973425729566,0.0009454140672556788,0.0,0.0,0.0
2019-01-10,0.0011915455253408945,0.0019020742831419807,0.003047218910757721,0.0,0.0,0.0
2019-01-11,-6.311771189863878e-05,-0.0009960305625605125,-0.00023885903472073975,0.0,0.0,0.0
2019-01-12,0.0,0.0,0.0,0.0,0.0,0.0
2019-01-13,-0.0018853160074658335,-0.0015360853127740857,-0.0018820510767989405,0.0,0.0,0.0
2019-01-14,-0.0014619607728334474,-0.000761204059737832,-0.0015087389349665026,-0.006690152124958311,0.0,0.0
2019-01-15,0.007611145451471455,0.0025856077205274487,0.004682304237942392,0.0,0.0,0.0
2019-01-16,-0.0001806439958451881,0.00023067974865689978,0.00023401848948807476,0.0,0.0,0.0
2019-01-17,0.0030584331751272328,0.0008858921317229189,0.0034442764769329615,0.0,0.0,0.0
2019-01-18,-0.00017674610422128612,0.00916809067498173,0.008366013012674298,0.0,0.0,0.0
2019-01-19,0.0,0.0,0.0,0.0,0.0,0.0
2019-01-20,-0.001767855981902598,-0.0006437914030751738,-0.0013753434226337457,0.0,0.0,0.0
2019-01-21,-0.0008952955697940665,-0.0022398322515620813,-0.0007868013385503357,-0.005632478063311018,0.0,0.0
2019-01-22,-0.009968317585803507,-0.005412785244796951,-0.00466502460615835,0.0,0.0,0.0
2019-01-23,0.000641083618657855,-0.0011903875052038846,0.0010570396642492009,0.0,0.0,0.0
2019-01-24,0.0021095154778343304,-0.0017134142940468332,-0.00012205852135407371,0.0,0.0,0.0
2019-01-25,0.008879359312777228,0.0020013846818243185,0.0035201985619101005,0.0,0.0,0.0
2019-01-26,0.0,0.0,0.0,0.0,0.0,0.0
2019-01-27,-0.0001775725827932167,-0.0004620741858586367,-0.00030359503221545354,0.0,0.0,0.0
2019-01-28,-0.00843185072350372,0.0014514555776425808,-0.0013805573101033698,-0.012702504897245271,0.0,0.0
2019-01-29,-0.00012692002778183113,0.0021241998917906194,0.0011309998483352236,0.0,0.0,0.0
2019-01-30,0.02235743433174093,0.0009744485682196696,0.0013561490559706006,0.0,0.0,0.0
2019-01-31,-0.00017454799342535892,-0.0007037244879862834,0.0007993143250353274,0.0,0.0,0.0
2019-02-01,-0.0013806637959717597,0.0004802571710838139,0.0018080165305818907,0.0,0.0,0.0
2019-02-02,0.0,0.0,0.0,0.0,0.0,0.0
2019-02-03,-0.00012182231136356388,1.0231523206153123e-05,-0.00017289614477069561,0.0,0.0,0.0
2019-02-04,0.0060426854569090695,0.0005200920075616336,0.0021705944739008444,0.00722879629156245,0.0,0.0
2019-02-05,-0.00017148246591785989,0.0013469490204693355,0.00141208343419863,0.0,0.0,0.0
2019-02-06,-0.0021416918629175285,-0.00027100022889311765,-0.0013636965898671137,0.0,0.0,0.0
2019-02-07,-0.0104794794277673,-0.0009144682789770909,-0.0020442465139767635,0.0,0.0,0.0
2019-02-08,0.004060875397946069,-8.586192659250496e-05,0.0007194226226400535,0.0,0.0,0.0
2019-02-09,0.0,0.0,0.0,0.0,0.0,0.0
2019-02-10,-0.0010726162256866152,-0.0004294516113453312,-0.0004617255112604873,0.0,0.0,0.0
2019-02-11,0.00018353754858640688,0.0003312731335402703,0.0009870134515411189,0.0005241723948118703,0.0,0.0
2019-02-12,0.011454755972650128,-0.0003979378903657473,0.005192681159893309,0.0,0.0,0.0
2019-02-13,-0.00017118890695882904,-0.0004368772333864419,0.0008240673327226556,0.0,0.0,0.0
2019-02-14,-0.00012102152331126978,8.869742432473111e-05,-0.0003224011835396113,0.0,0.0,0.0
2019-02-15,0.004599335602442227,0.0007515820738379082,0.005736469980783405,0.0,0.0,0.0
2019-02-16,0.0,0.0,0.0,0.0,0.0,0.0
2019-02-17,-0.00017003429024853347,0.00020610351840255614,-5.21161811460891e-06,0.0,0.0,0.0
2019-02-18,0.0007597372897585374,0.00012550711826062803,-0.0002846269703902449,-0.0007262756206848535,0.0,0.0
2019-02-19,-0.0005569198689381554,0.0016879433062722902,0.0010765042074471153,0.0,0.0,0.0
2019-02-20,0.00014991295819729048,-6.578287932326987e-05,0.0025424588621575372,0.0,0.0,0.0
2019-02-21,-0.004141909022072943,-3.031356291102486e-05,-0.002450881139762719,0.0,0.0,0.0
2019-02-22,0.008820744977596748,-0.00031760488208007817,0.002188709080375317,0.0,0.0,0.0
2019-02-23,0.0,0.0,0.0,0.0,0.0,0.0
2019-02-24,-0.0001686601357714093,9.012337885467277e-07,0.0003653505305760696,0.0,0.0,0.0
2019-02-25,-0.0011666523260742824,0.0006686644216617945,-0.0008532442570146181,-0.00013914333382441645,0.0,0.0
2019-02-26,-3.225677025032592e-05,-0.0018898656790376951,-0.0010436883611262332,0.0,0.0,0.0
2019-02-27,0.000986564637134173,-0.0009718277141787068,-0.00020915698953651864,0.0,0.0005665759348655128,0.0
2019-02-28,-0.002132723982873693,0.0010288384975758558,-0.000457801316546036,0.0,9.600427939399993e-05,0.0
2019-03-01,0.008880143752050994,-0.0005853338657407776,0.0013152653710417545,0.0,0.0,0.0
2019-03-02,0.0,0.0,0.0,0.0,0.0,0.0
2019-03-03,-0.00016670139612419253,-0.00042793210437498696,0.0007731516644481129,0.0,0.0,0.0
2019-03-04,-0.010535492918383797,0.0004977874144887809,-0.0034540529475624976,-0.007243102855685768,0.0,0.0
2019-03-05,0.0024100958266230713,-0.00031154776921003195,0.001210610397865586,0.0,0.0,0.0
2019-03-06,-0.009810104645352284,-0.0019706614352080574,-0.0027463518195572773,0.0,0.0,0.0
2019-03-07,-0.013851269090846103,0.0020002350320389678,-0.003693659564562648,0.0,0.0,0.0
2019-03-08,-0.0003625778758491851,0.0020668889962388074,-0.002332493732549452,0.0,0.0,0.0
2019-03-09,0.0,0.0,0.0,0.0,0.0,0.0
2019-03-10,-0.002740065168683666,0.00023966948028203937,-0.0003651409260841731,0.0,0.0,0.0
2019-03-11,0.037827532801935945,0.0028280825412865295,0.007036611613871994,0.015942835470762487,-0.0017540417409449554,0.00037287365293225207
2019-03-12,-0.00016655100624566273,0.004629566329126841,-0.00043566281809984673,0.0,0.0,0.0030226332910465495
2019-03-13,0.0092974326177647,-0.001315485851290349,-0.001393277090401748,0.0,0.0,0.0
2019-03-14,-0.00016552865714876888,-0.0014735706002485633,0.0016495106833440353,0.0,0.0,0.0004799067478270582
2019-03-15,0.0,0.001367774021973754,-0.0012245953680160208,0.0,0.0,0.0
2019-03-16,0.0,0.0,0.0,0.0,0.0,0.0
2019-03-17,-0.0012405366204491673,-0.00029546666902101717,-5.636847905327037e-05,0.0,0.0,0.0
2019-03-18,0.003484959565152722,0.0011886439615154927,0.0014571697013776917,0.003756809137170153,0.0,-0.0022705905761149217
2019-03-19,-0.00016329863237395385,-0.00037014383158645077,-0.00025484430352155083,0.0,0.0,-0.0010395254028296287
2019-03-20,0.006169005756986369,-0.0005339930310926114,-0.0012826901141735608,0.0,0.0,0.0034158255082310345
2019-03-21,-0.0001597444089456869,0.0013158207267337176,0.0003921091231859686,0.0,0.002863885348063193,0.0
2019-03-22,-0.023345675252905745,-0.00044963263347635096,-0.0027978046577934027,0.0,0.0,0.0
2019-03-23,0.0,0.0,0.0,0.0,0.0,0.0
2019-03-24,0.0004542107601636257,0.00011956882079647543,0.0,0.0,0.0,0.0008438401221303195
2019-03-25,0.0001441861988427602,0.0003556732387340586,0.0,0.002897190473641645,-0.000128445450010681,-0.002976349041715886
2019-03-26,0.001405186143437949,0.0010060545006650434,0.0,0.0,0.0,0.0
2019-03-27,-0.006098329862838842,-0.0004911272461055787,0.0,0.0,0.0,0.0
2019-03-28,0.005447627905499484,-0.00041528868776860074,0.0,0.0,0.0,0.003042314382963358
2019-03-29,0.004350203791951947,0.0006420469407652254,7.339557505199323e-05,0.0,0.0,0.0
2019-03-30,0.0,0.0,0.0,0.0,0.0,0.0
2019-03-31,-0.00016142918639690053,4.431569285461895e-05,-5.531576793371684e-05,0.0,0.0,0.0
2019-04-01,0.004995895678082733,0.0008639539517867193,-0.00033734201123337694,0.011382706922631717,0.0,0.0
2019-04-02,-0.0001600939217674369,0.0011486339593781729,0.0003395712330660938,0.0,0.0,0.0013477233160774653
2019-04-03,0.006435252399840569,0.0015626564703524043,2.786640843810417e-06,0.0,0.0,0.0
2019-04-04,-0.00015923355581799604,0.00033134825428557136,2.3376169001965154e-05,0.0,0.006583175081056044,0.0005880387498380141
2019-04-05,0.0,9.077503536458753e-05,-3.931231311172789e-05,0.0,0.0,0.0
2019-04-06,0.0,0.0,0.0,0.0,0.0,0.0
2019-04-07,9.236916146324975e-05,-4.403083700512476e-05,1.2851201664765276e-05,0.0,0.0,-0.0008517476083135691
2019-04-08,0.0013903041694800311,-2.8142294787304365e-05,0.0004822451725168264,-0.001013781935006731,0.0,0.0
2019-04-09,-0.00015855398763278897,-0.00014713571728333907,0.0001887872115386213,0.0,0.0,0.00035082900012256346
2019-04-10,0.0,0.0007214599023470658,0.0019938084035895365,0.0,0.0005650241069416497,0.0
2019-04-11,-0.004214852768547777,-0.00045331766574779317,-0.00035087545669948623,0.0,0.0010716296038915756,-0.0013403207710167531
2019-04-12,0.004194027993671183,0.0005585344470305887,0.0026620755232215744,0.0,0.0,0.0
2019-04-13,0.0,0.0,0.0,0.0,0.0,0.0
2019-04-14,-0.00015725743041358704,9.359496447013494e-05,1.0339524114733044e-05,0.0,0.0,0.0
2019-04-15,-0.00011969731635725669,0.0002902551459891469,-0.0008094241443877603,-0.0016982606573841942,0.0,-0.0008428741228370934
2019-04-16,0.0037504324784976475,0.0003593149357380623,-0.00039245049901246224,0.0,0.0,-0.001614588197790929
2019-04-17,-0.0001563293860163364,-0.0001966669440320956,-0.00032150925853840064,0.0,0.0,0.0
2019-04-18,0.004211983476507505,0.0007163736863583677,6.862651649550177e-05,0.0,-6.195816705679164e-06,0.0
2019-04-19,0.0,2.5666573999131e-05,-9.970624950937923e-05,0.0,0.0,0.0
2019-04-20,0.0,0.0,0.0,0.0,0.0,0.0
2019-04-21,0.000386095028924532,1.813126171404441e-05,0.00029129639090172963,0.0,0.0,-0.0011978893854631665
2019-04-22,0.004823518104953499,-0.0004927533069624991,-0.000958138441289147,0.0,0.0,0.0028735615999495954
2019-04-23,-0.0001535213970447131,-0.0005948726227106625,0.0017018292565595505,0.0,0.009110509421046355,0.0
2019-04-24,0.00599761154246299,0.0012208816491540131,0.0005701789059269212,0.0,0.0,-0.0014469487420584088
2019-04-25,-0.013425890120084721,0.00011637224094830017,-0.003009879918978732,0.0,0.0,-0.0001569724599473498
2019-04-26,0.008574229687375479,0.0008937017824935138,0.0005654213775667888,0.0,0.0038372915055394892,0.0
2019-04-27,0.0,0.0,0.0,0.0,0.0,0.0
2019-04-28,-0.00022227704237229746,3.589198318772317e-05,-1.811602654113731e-05,0.0,0.006015209799373603,0.0
2019-04-29,-0.006449651823502582,-0.00024323425848948434,-3.260592302324337e-05,0.0007540968581418212,0.0,-9.551198843698898e-05
2019-04-30,0.008877076250828984,0.001666990697020668,0.00013694409053305323,0.0,0.001289839173774535,0.0
2019-05-01,-0.01956167384053743,-0.0001740805272034784,-0.0018822448696197264,0.0,0.0,0.0
2019-05-02,-0.0011199206656768753,-0.0007812993681387779,0.000404383173331202,0.0,0.0,0.00041927415541087793
2019-05-03,0.02283151991643242,0.0005268731384740824,0.004463899074635503,0.0,0.006605533952923169,0.0
2019-05-04,0.0,0.0,0.0,0.0,0.0,0.0
2019-05-05,-0.00015604884328794912,0.0004631450841647602,-0.0038568530866153732,0.0,0.0,0.0
2019-05-06,0.0,0.0005463213745761863,-0.00033703999058334053,-0.009974410099276961,0.0,0.0
2019-05-07,-0.013621057064564308,-0.0010471940557187822,-0.0029850045321523186,0.0,0.001712275438155869,-0.0008156829525627834
2019-05-08,-0.0024513949282460204,0.0007760384996288303,0.0004712376674012494,0.0,0.0,-0.001013215068229767
2019-05-09,-0.0038983638919501207,-0.0006916496547636453,-0.00039924654714728063,0.0,0.00010308332643088637,0.0
2019-05-10,0.0018043080951841242,0.0025131473027436065,0.00257970471270359,0.0,0.0005724062653230495,0.0
2019-05-11,0.0,0.0,0.0,0.0,0.0,0.0
2019-05-12,-0.010547805146986437,-0.0036209014352666536,-0.0037532748329967007,0.0,0.0,0.001973337712643547
2019-05-13,-0.024267663457004585,-0.004334898824345395,-0.006546499191763709,-0.03392923358506453,0.0,0.0
2019-05-14,0.01454488404370145,0.006118934909325024,0.0013693851656490952,0.0,0.0,0.0
2019-05-15,0.008207145655915682,0.0032519641225563357,-7.645044849180492e-05,0.0,0.0,-0.0013045477383602131
2019-05-16,-0.00015787811809283233,0.004467051865499282,0.00021155206256489358,0.0,0.0,0.0
2019-05-17,-0.0080869254968661,-0.001954641034863736,-0.00035905653594340284,0.0,0.0051002444856877716,0.0
2019-05-18,0.0,0.0,0.0,0.0,0.0,0.0
2019-05-19,0.0025338389243005507,0.0008611807485117948,0.0006686089685969509,0.0,0.0,0.0
2019-05-20,-0.010371287225785853,-0.003862847831213681,-0.00039376616001035597,-0.005860322425016905,-0.006801059953518286,0.0
2019-05-21,0.00467598846529938,-0.0002972044129169048,0.0009139037337390298,0.0,0.0,0.0
2019-05-22,-0.004378090142814087,-0.0012733339176492632,-0.001087469275299391,0.0,0.002125484937057827,0.0018499682229334454
2019-05-23,-0.007497278717617909,-0.0023382771807723764,-0.0006965465968375053,0.0,0.0,0.0
2019-05-24,-0.0009490226815754476,0.0010833191651590105,0.0023758617536534187,0.0,0.0,0.0
2019-05-25,0.0,0.0,0.0,0.0,0.0,0.0
2019-05-26,-0.0002367683381858968,0.00036357313578736704,0.0003662134611868928,0.0,0.0005805169725745953,0.0
2019-05-27,0.0011261266897820144,-0.0006196866399644986,0.0008108359225461382,0.0009218782792236085,-0.00010573686511296262,-0.0032494972895989543
2019-05-28,-0.00016472881518799675,-0.0007949572151051889,-0.005817569968364578,0.0,0.0,0.0
2019-05-29,-0.0,-0.0016982084694412913,-0.004918214397425924,0.0,0.0,0.0004592971619945733
2019-05-30,-0.0,-0.0018630453730781545,-9.921905666967416e-05,0.0,0.0,0.0026991602519244114
2019-05-31,-0.0,-0.004189183823896649,-0.004059571820252857,0.0,0.0,0.0
2019-06-01,0.0,0.0,0.0,0.0,0.0,0.0
2019-06-02,-0.0,-0.001988924293290316,-0.0013227131664857415,0.0,0.0,0.0
2019-06-03,-0.0,0.00031910762978077235,0.0026425517469435113,-0.002883445676832239,0.0,0.005206169502267677
2019-06-04,0.0,0.00947763899133224,0.008274762521789492,0.0,-0.0006014324504045155,0.0008357754084614573
2019-06-05,0.0006414058148527505,0.0007795742871961962,0.00012945842898978168,0.0,0.0008627250121402128,-0.0020832708906670504
2019-06-06,0.005257545092073738,0.001039078625467912,0.0028745881484301015,0.0,0.0,0.005693966518743836
2019-06-07,-0.0001615443641209967,0.004095872209680858,0.004727101652470667,0.0,0.00126419631533277,0.0
2019-06-08,0.0,0.0,0.0,0.0,0.0,0.0
2019-06-09,0.0025691894785131787,0.0007296439917690387,0.001097595349926761,0.0,0.007379701098587522,0.0
2019-06-10,0.004609830844781596,-5.4722625789793556e-05,0.00013331965834416558,0.005179941780400113,0.0,-0.0007294999409843523
2019-06-11,-0.00015970614070110993,0.0013708531680902691,-0.00026102319520793227,0.0,0.0,-0.0007522239038242517
2019-06-12,-0.002357844543997203,-0.0004107222385605751,6.713787546834825e-05,0.0,0.0,-0.0006854687425923369
2019-06-13,0.0004946666890037508,-0.0005101642684972832,0.0010263534892742013,0.0,0.0004101677294150185,-0.0013020555684342473
2019-06-14,-0.00116066917451103,-0.0008320269013062017,-0.000922934793217154,0.0,0.0,0.0
2019-06-15,0.0,0.0,0.0,0.0,0.0,0.0
2019-06-16,0.0014683895822990931,0.0003065421175672999,0.00024805692700788915,0.0,0.0,-0.0002502875354170097
2019-06-17,0.003916921908881404,-0.0011342630719665856,0.0008873093320795333,0.002915691495562451,0.0,0.004455693131687928
2019-06-18,-0.00015666818982962335,0.002571245655263739,0.004210257049950972,0.0,0.005183909723084572,-0.0005528123713532037
2019-06-19,0.004051279839452896,0.0009689525895204877,0.0026281359554114186,0.0,0.0,0.0038623112063079796
2019-06-20,0.003537888736914628,0.0002733947970406412,0.003687490285447903,0.0,0.0,0.0
2019-06-21,-0.0001554726368159204,0.0005035588846998497,0.0011123292023319296,0.0,0.0,0.0
2019-06-22,0.0,0.0,0.0,0.0,0.0,0.0
2019-06-23,0.0,0.00021801203563463745,0.0014861447965975217,0.0,0.0,0.0
2019-06-24,-0.0011729416676574656,-0.0009661583878795879,0.0004775571987494446,-0.0010174024852528426,0.0,0.0
2019-06-25,-0.01397735476872834,-0.0020283283841538986,-0.0041024548874411286,0.0,0.0,0.0
2019-06-26,0.0029939290660192606,-0.00045542597543628646,5.093544724989088e-06,0.0,0.0,-0.0008684167684167802
2019-06-27,0.004256257187086351,-0.0007755885141529139,0.0029286334743835684,0.0,0.0013390641821405165,0.0019265757138621667
2019-06-28,0.0029892902517173504,0.00024657218206374583,0.0029369840800348213,0.0,0.0,0.0
2019-06-29,0.0,0.0,0.0,0.0,0.0,0.0
2019-06-30,0.010575314156604166,-0.00013987601319613845,0.0017109678728726599,0.0,0.0,0.0
2019-07-01,-0.00015481274108859158,-0.00014044561172174712,-0.0027150845216021595,0.002270450666189468,0.004925460568736594,0.006009126639530756
2019-07-02,0.0,-0.001356798024191717,0.0024842091056714623,0.0,0.0,0.0003212006242423821
2019-07-03,0.008362129175953775,-0.0008072231566830113,0.00065010015281598,0.0,0.0018161910631060573,0.0
2019-07-04,-0.00015226300897082894,-0.00019536210558935532,0.00035225562568286245,0.0,0.007926959663591084,0.0
2019-07-05,-0.007482475985792878,-0.0005558689752672788,-0.002434295257455547,0.0,0.0,0.0
2019-07-06,0.0,0.0,0.0,0.0,0.0,0.0
2019-07-07,-0.0017460116697170952,-7.251607051653018e-05,-6.956178824968352e-06,0.0,0.0,0.0
2019-07-08,-0.0071953417408263725,0.00010770912949755338,-0.0008262312926979542,-0.007674843502000017,0.0,0.0
2019-07-09,0.007787898636661188,-0.0006451234171850097,0.0008098871323589422,0.0,5.6075844959665855e-05,0.001894286541282228
2019-07-10,-0.0001518161000974153,0.00023518430904877793,0.0034101893819909576,0.0,0.0,0.0
2019-07-11,-0.0009328514091345611,0.0005950834402352081,-0.0012828483800662658,0.0,0.0,0.00047529176077146685
2019-07-12,0.00478719107249179,0.00034225676088491376,0.0020335756053244222,0.0,0.001568348208901197,0.0
2019-07-13,0.0,0.0,0.0,0.0,0.0,0.0
2019-07-14,-0.0008856959357081679,-4.7296488251555034e-05,-0.00036686299260034743,0.0,0.0019855776318434557,0.0
2019-07-15,0.006385167978179323,-0.0014154800439726005,0.00179791033046971,0.000884009096042624,-0.003491272506856386,0.0
2019-07-16,-0.00015154193923168236,-0.00144541530109342,-0.0017585864155354718,0.0,0.0,0.0012190399415990712
2019-07-17,-0.0,-4.5715819604776604e-05,-0.003075702738615392,0.0,0.0,-0.004452614324709986
2019-07-18,0.0,0.0023061924864615233,-0.0011168421707078687,0.0,0.0022435304084180547,0.0
2019-07-19,-0.017357920649154097,-0.0009955822295448758,-0.0011956031732496411,0.0,0.0,0.0
2019-07-20,0.0,0.0,0.0,0.0,0.0,0.0
2019-07-21,0.005166956158917902,0.00027210357803601233,0.00012297884272850502,0.0,0.0,0.0
2019-07-22,0.010641376007823075,-0.0007873973590499755,0.0004923848009124154,0.0060888342075708845,-0.0016890722220870562,-0.0024117420843806987
2019-07-23,-0.00015131645314233835,-0.0009479093822680439,0.0013732850715009498,0.0,0.0,-0.0013824226425798675
2019-07-24,0.00824739566685517,0.00014075396833184355,0.00018998507642143945,0.0,0.0,0.0
2019-07-25,-0.00015054950569578962,0.0011871494053069228,-0.0011213674030568612,0.0,0.002174529948965865,-0.0005187881593158023
2019-07-26,0.0,-0.00015990349711158083,0.0009368621916668207,0.0,0.0,0.0
2019-07-27,0.0,0.0,0.0,0.0,0.0,0.0
2019-07-28,0.00010578340969076084,-5.278008575076681e-05,-9.381420664368313e-05,0.0,0.0,0.0
2019-07-29,-0.00105416504807816,-4.028238170965671e-05,0.0026500986068007217,-0.000666882144832241,0.0,0.0
2019-07-30,-0.002797551654492073,-0.001239769956059082,-0.0011651526927443645,0.0,0.0020169417050033053,0.0
2019-07-31,-0.02142233192850548,-0.00038842438419084294,-0.0034417556486561786,0.0,0.0,0.0003090566013220551
2019-08-01,-0.007451991393116832,-0.002102891233048036,-0.003600363633609502,0.0,0.0,0.0
2019-08-02,-0.009614238853476228,-0.0035866798893676053,-0.0041851724714457895,0.0,0.0,0.0
2019-08-03,0.0,0.0,0.0,0.0,0.0,0.0
2019-08-04,-0.0031717125560334247,-0.001037723136426317,-0.0006642652490680967,0.0,0.0,0.0015358622293223283
2019-08-05,-0.05550967051192704,-0.016090756008050055,-0.008678018359852407,-0.05478201082512145,0.0,0.0
2019-08-06,0.03488648377981391,0.010556354799869756,-2.2597176329797173e-05,0.0,0.0,0.0014302261582605398
2019-08-07,0.0025556366995115403,-0.0017799675300435767,0.0008755871253609437,0.0,0.0,-0.0010127872018089261
2019-08-08,0.010649408385117519,0.004538009824824406,0.0009920950397543037,0.0,0.0,0.0
2019-08-09,-0.0001568258448992394,-0.0015066192813855128,-0.0006926273225882906,0.0,-0.026974049338997424,0.0
2019-08-10,0.0,0.0,0.0,0.0,0.0,0.0
2019-08-11,-0.0016841542451265857,-0.0012224946514698045,-0.0001395784961424051,0.0,0.0,0.0015435573945794057
2019-08-12,-0.003119865712122572,-0.0007946153492786356,-0.0006045862593435425,-0.012742080589437071,0.0,0.002167525576892697
2019-08-13,0.009834362551892123,0.004621324622395184,0.01007392958638451,0.0,0.005294153173540724,0.0
2019-08-14,-0.00016017298682577183,-0.0052927498631440365,-0.015837945377586732,0.0,0.0,0.0
2019-08-15,0.0,0.0011242965205246359,-0.004083671802139888,0.0,0.0,0.002294807203349151
2019-08-16,0.0,0.002971061342526247,-0.0001762331671512962,0.0,0.0,0.0
2019-08-17,0.0,0.0,0.0,0.0,0.0,0.0
2019-08-18,0.0019367111752304283,0.0005225961990884846,-0.00011635339316771188,0.0,0.0,0.0
2019-08-19,0.0030614667001500197,0.0008481774251583129,-0.00020691542594339916,0.00867155559034388,0.0,0.0
2019-08-20,-0.00015654760351710282,-0.0009464632480873374,0.0010108217259915731,0.0,0.005264702335745002,-0.0001964872242185069
2019-08-21,0.0,0.001125264771037905,-0.0006620903057603766,0.0,0.007060343618513332,0.0
2019-08-22,-0.0030391186730872235,0.0024809547210223274,-0.00044308181078213724,0.0,0.0,0.008697740824864237
2019-08-23,-0.011076419000603879,-0.00294041439086554,0.003043827941061248,0.0,0.0,0.0
2019-08-24,0.0,0.0,0.0,0.0,0.0,0.0
2019-08-25,-0.004047834130789598,-0.0010546807090035864,-0.0037511016473363965,0.0,0.0,0.0
2019-08-26,0.008163032023726443,0.001397336791884938,0.00847060306718781,0.009429136527099383,0.004830299686926796,0.0
2019-08-27,-0.0001582821114833672,-0.00021949114727292578,-0.00024972338414025463,0.0,0.0,0.0
2019-08-28,-0.0004498726183521524,-0.0007564699219279661,0.0025850143015250016,0.0,0.0,0.0014673202996767821
2019-08-29,0.00563376083844727,0.0013735920343864122,0.006906774421464344,0.0,0.0,0.0
2019-08-30,-0.00015643535960578288,-0.0002956483246238682,-0.0014345646076962164,0.0,0.0,0.0
2019-08-31,0.0,0.0,0.0,0.0,0.0,0.0
2019-09-01,-0.0032469607683797744,-0.00010650599271623563,-0.0017105163755666395,0.0,0.0,0.0
2019-09-02,-0.00035736770507742373,-0.0005125784716748495,-0.0005169772011372477,-0.00788003778943501,0.0,0.0017821374591556725
2019-09-03,-0.0009326045850166234,-0.0003304652169657342,-0.0004316406875534695,0.0,0.0,0.0014832706061170679
2019-09-04,0.008066187193611732,0.0014777269829223329,0.007914257466428373,0.0,0.005241264837381014,-0.004456857349961502
2019-09-05,-0.0001524913270557737,0.0007535423882650484,0.0015697353986351276,0.0,0.0,0.0
2019-09-06,-0.0006535523940816651,0.00013881553933064102,7.537228420130266e-05,0.0,0.0,0.0
2019-09-07,0.0,0.0,0.0,0.0,0.0,0.0
2019-09-08,0.0,-0.00013575823477267597,-0.0002785248886627678,0.0,0.006218417704106181,0.0
2019-09-09,-0.0017088585148032638,0.0004117673674073685,0.001356853855607665,0.002403677534171988,0.0,0.0
2019-09-10,-0.002752545293288801,0.00037728418481561434,0.0023604034979022824,0.0,0.0,3.333333333331313e-05
2019-09-11,0.012186980253073236,0.0010954026916571446,0.00941473929047554,0.0,0.002742349274993652,0.0003660173408543655
2019-09-12,-0.00015130882130428203,0.0008232613109509428,-0.0009947924959629914,0.0,0.0,0.0
2019-09-13,-0.0034962409178670296,-0.0021364982458690423,-0.001832839576272194,0.0,0.0,0.0
2019-09-14,0.0,0.0,0.0,0.0,0.0,0.0
2019-09-15,-0.0058737600188641485,0.0006071419635226889,-0.0017956818516734702,0.0,0.0,0.0
2019-09-16,0.0037889611153957494,-0.00021591735427167112,0.0005074143976590046,-0.0018396927820068167,0.0008556527665566965,0.0
2019-09-17,-0.00015213946117274168,-0.001743666564114019,0.00038256440167429013,0.0,0.0,-0.0011640154075174233
2019-09-18,-0.0006158263114984322,-0.000464583425090312,-0.00124883943219527,0.0,1.3924670259746262e-05,0.0
2019-09-19,0.002219108753280332,-0.00028080506700854825,-0.0005551788671220456,0.0,0.0,0.0008181957784193804
2019-09-20,-0.0114238156747089,0.000886327431743893,-0.0016819690412710586,0.0,0.0,0.0
2019-09-21,0.0,0.0,0.0,0.0,0.0,0.0
2019-09-22,0.005459255543891753,6.93025609033272e-05,0.001340363502479358,0.0,-0.00041015375636761303,0.0
2019-09-23,0.0009808449102027964,7.261365236276669e-05,-0.0009843976748292482,0.005502801161987613,0.0,-0.0010266615438714827
2019-09-24,-0.015908939530816023,-0.0006478371176213365,-0.0023610749952237744,0.0,0.0,0.0
2019-09-25,0.00786128194721827,0.0017969851304780106,-0.001360715858049878,0.0,0.0,0.0
2019-09-26,-0.0042573042112849105,0.000225091420482629,-0.0012104539970525074,0.0,0.0007529752124920879,0.0
2019-09-27,-0.00678666814348274,0.0011858655370674401,-0.0002709467406317223,0.0,0.0,0.0
2019-09-28,0.0,0.0,0.0,0.0,0.0,0.0
2019-09-29,0.0007940961259226629,3.083503787663397e-05,0.000145190904043091,0.0,0.0,0.0
2019-09-30,0.006606482048199082,-0.0005331787391544454,-0.0007587609563053711,0.004256501692564568,0.0,0.0
2019-10-01,-0.00015584213192036466,-0.0009835779878972803,-0.0007718625947053554,0.0,0.0,0.0013929179064851767
2019-10-02,-0.0,-0.001736391020169905,0.0005986166638915669,0.0,0.0,0.0
2019-10-03,0.0,0.002095543981997928,0.003340905353022437,0.0,0.0,-0.00037121549949276067
2019-10-04,0.014017703671614796,0.004579131720805535,0.007421078313725272,0.0,0.0,0.0
2019-10-05,0.0,0.0,0.0,0.0,0.0,0.0
2019-10-06,-0.00015546256590965034,-0.000891574429039835,-0.0014634806864693318,0.0,-0.0017450623043728402,0.0
2019-10-07,0.0003973574339914556,-0.0007109341809161485,0.0006702278213320813,-0.0033415171523948754,-0.005583728219896164,0.0
2019-10-08,-0.013665070808795098,-0.0064847941223132675,-0.007075906575396218,0.0,0.0,0.0
2019-10-09,0.0022981419062314524,2.5375544459115793e-05,0.0023662621927022943,0.0,0.0,0.004983870521407087
2019-10-10,0.015331188609237737,0.007319806072956256,0.00441770895389928,0.0,0.0,0.0
2019-10-11,-0.0001530651292124799,0.0058889622814713135,0.006905912347000071,0.0,0.0,0.0
2019-10-12,0.0,0.0,0.0,0.0,0.0,0.0
2019-10-13,0.003045468122040367,7.734136005764887e-05,0.0013673285395040756,0.0,0.0,0.0
2019-10-14,-0.0013804778964877009,-0.0023522417639291566,-0.0007665050237812609,0.00028433065121697256,0.011525101253221917,0.0005789831438338647
2019-10-15,0.0067791717632874554,0.0010837885393753064,0.0035029414677182685,0.0,0.0,0.0
2019-10-16,-0.00015150941252225293,-0.0010305625222963894,-0.00011056707818259961,0.0,0.0,-0.0026109940079220807
2019-10-17,0.000653920577701635,0.0006646081508433065,0.002579046764191584,0.0,0.0,0.0
2019-10-18,-0.005960945157943562,-0.003050374789560761,-0.0026878485823907837,0.0,0.0,0.0
2019-10-19,0.0,0.0,0.0,0.0,0.0,0.0
2019-10-20,0.0010043336892652695,-4.8742263409812586e-05,0.00034925689874865107,0.0,0.0,0.0
2019-10-21,0.005219084419808305,0.0010597271682721056,0.002275697432516177,0.0053890961117703615,0.0018943749358027373,0.0
2019-10-22,-0.00015335267280929316,0.0006091702525214677,-0.001632479601201897,0.0,0.0,-0.0002553701828546637
2019-10-23,0.0,-0.0011837794019710103,0.0034581082915614036,0.0,0.0,0.0004373230737723249
2019-10-24,-0.0001807897579693521,0.0021900066477876182,0.001323496957069137,0.0,0.0,0.0030252626602555706
2019-10-25,0.010912539036463253,0.0002752619089422966,0.0027591773112242697,0.0,0.0,0.0
2019-10-26,0.0,0.0,0.0,0.0,0.0,0.0
2019-10-27,-0.0001492945830948767,-4.337550786964235e-05,0.0006998786106315658,0.0,0.0,0.0
2019-10-28,0.00586655966619276,-0.000726753745837497,0.0026446029615623578,0.0075339117065999555,0.0,0.0
2019-10-29,-0.00014926487051272484,-0.0006715393765104252,-0.0011357347378773142,0.0,0.0,-0.0009131272087336989
2019-10-30,0.0,-0.0005646366513727965,0.0025768660732701345,0.0,0.0,0.0014605567779584865
2019-10-31,-0.00394770427238459,-0.0006025527290088508,-0.004083565621888971,0.0,0.0,0.002112854715910063
2019-11-01,0.00834233159862037,-0.00048489711144394866,0.003937728777946425,0.0,0.004240278047305828,0.0
2019-11-02,0.0,0.0,0.0,0.0,0.0,0.0
2019-11-03,-0.00014707684765289864,4.4949879386150446e-05,0.00025228052804214806,0.0,0.0,0.0
2019-11-04,0.007576927460589992,0.00023726511992109995,0.0031608512704420326,0.007012983384221174,0.0,0.0
2019-11-05,-0.00014642181685071076,0.0004298096601584362,-0.0020884041615124626,0.0,0.0,0.0
2019-11-06,-0.0,-0.00018846694620517306,0.0007600388163745197,0.0,0.0,0.0
2019-11-07,0.0,0.00022606610721013926,0.0022729213280664354,0.0,0.0010245455211846048,0.0
2019-11-08,0.003486156310405262,-0.0007032865969917166,-0.00047953045874924436,0.0,0.0,0.0
2019-11-09,0.0,0.0,0.0,0.0,0.0,0.0
2019-11-10,-0.0012871238466380375,0.00018304366999411566,-9.750680419218227e-05,0.0,0.001034214748878683,0.0
2019-11-11,-0.0009115981783380367,-0.0001635889645120302,-0.0022740358207972936,-0.0021718799757030204,0.0,0.0
2019-11-12,0.0029478752346062615,-0.00014670676358520966,0.0008670366734886636,0.0,0.0016548749041389599,0.0
2019-11-13,0.00017954141582281349,-4.2527618338508916e-05,0.00019403699627125172,0.0,0.0,0.0
2019-11-14,0.0013621258519357345,0.00013076425048988888,-0.00034299241084909116,0.0,0.0,0.0
2019-11-15,0.007972368489257845,0.0005265900205093301,0.0021393434371955178,0.0,0.0003185516484012695,0.0
2019-11-16,0.0,0.0,0.0,0.0,0.0,0.0
2019-11-17,-0.00014451911265264832,-0.00015432408928643944,-0.00025748318069031,0.0,0.002340850573967161,0.0
2019-11-18,0.003200539341692832,0.0002861162362786431,0.0004625247970501789,-0.0009335231249038747,-5.985422188566314e-05,0.0
2019-11-19,-0.00014438174533466485,-0.00020351414063413521,-0.0006150508286341006,0.0,0.0,0.0
2019-11-20,-0.0,-0.0008609500422688491,-0.0016594814826371787,0.0,1.2572833240574738e-05,0.0
2019-11-21,0.0,-0.0003657332889866057,-0.0006856315478386165,0.0,0.0,0.0
2019-11-22,0.0,0.0009361840482463882,0.00041225373617518777,0.0,0.0020664069547933254,0.0
2019-11-23,0.0,0.0,0.0,0.0,0.0,0.0
2019-11-24,0.005504157125519255,-0.00048116921144809996,0.0006795572298085917,0.0,0.0,0.0
2019-11-25,0.016503439220362903,-0.0008104352187102192,0.002533159173200575,0.010803260152999712,0.0,0.0
2019-11-26,-0.00014291669147859225,0.001564159269609571,0.0009410935134687381,0.0,0.0007202256168678715,0.0
2019-11-27,0.005574158306967345,-0.0019186628932083502,0.0003130073732617311,0.0,0.0,0.0
2019-11-28,0.005676622528353548,0.0002383321543651648,0.0005079378882671738,0.0,0.0,0.0
2019-11-29,-0.006513192174695703,-1.724052459910479e-05,-0.0007404283083050189,0.0,0.0,0.0
2019-11-30,0.0,0.0,0.0,0.0,0.0,0.0
2019-12-01,0.0019246991172523487,0.0001554329951100255,0.0005095805439925272,0.0,0.0,0.0
2019-12-02,-0.029910979228486623,0.0007745928190276159,-0.0038646875626031666,-0.011359538107749412,0.0009838092933204259,0.0
2019-12-03,-0.01041089287866015,0.0006491984415297505,-0.00013113343995662828,0.0,0.0,0.0
2019-12-04,0.0056134978708737284,-0.00022162847175052967,0.0021736123964451568,0.0,-0.001756086682013269,0.0
2019-12-05,0.0047170600405386145,-0.0015109492970865196,6.804222953235026e-05,0.0,-0.0029168538561538163,0.0
2019-12-06,0.01727278326349178,0.00021499212691641155,0.003810773596959427,0.0,0.0,0.0
2019-12-07,0.0,0.0,0.0,0.0,0.0,0.0
2019-12-08,-0.00014281293885226001,-0.00011582178322639155,0.00014686847522411562,0.0,0.0,0.0
2019-12-09,-0.008003345930743606,-0.0008574911304834203,-0.0018835150906108544,-0.004227646229325373,0.0,0.0
2019-12-10,0.0005514496576808901,-0.00013725189527780926,-0.0007005860194777142,0.0,0.0,0.0
2019-12-11,0.009119163405393597,-0.0010264289786682174,0.0009839612187836242,0.0,0.005374128383898503,0.0
2019-12-12,-0.00014115986354546525,-0.004277143853582336,0.0045088686150978495,0.0,0.0,0.0
2019-12-13,-0.0013425387192645567,0.0032984802405710404,-0.0006430652929514057,0.0,0.008583926770803947,0.0
2019-12-14,0.0,0.0,0.0,0.0,0.0,0.0
2019-12-15,0.0023833175157153496,-0.0006609250092470618,0.0003951899392008906,0.0,0.0,0.0
2019-12-16,0.009636752734460787,0.0026419332181365396,0.0017642296296158432,0.0053073685759186815,0.0,0.0
2019-12-17,-0.00013977379940130223,0.00445227489458217,0.0008673183315315414,0.0,0.0,0.0
2019-12-18,0.0026542423897279754,0.0010563661821226306,0.0004042354719031139,0.0,0.0,0.0
2019-12-19,-0.0001385649292164153,0.002169408157668721,0.0014319500580890043,0.0,0.0,0.0
2019-12-20,0.004653929683339227,-0.0007056511533533381,0.0005552091105937685,0.0,0.004207119013345205,0.0
2019-12-21,0.0,0.0,0.0,0.0,0.0,0.0
2019-12-22,-0.0001378771514580509,-0.00010487940196539644,0.0006486235516137028,0.0,0.0,0.0
2019-12-23,0.0008617188708544109,0.0019965049022342115,0.00014735497961547716,0.0021382506893869724,0.001531652183457342,0.0
2019-12-24,-0.00013776634827332844,6.894904288724425e-05,-0.0002066189917118155,0.0,0.0,0.0
2019-12-25,0.00011236865110284973,-0.0006125768043978171,0.00023677429460482456,0.0,0.0,0.0
2019-12-26,0.012082465399085706,-0.0009596615683419335,0.0022383818193399962,0.0,0.0,0.0
2019-12-27,-0.00013697691938908293,-0.0005861930035863976,0.0005025790921140638,0.0,0.0007076545161490581,0.0
2019-12-28,0.0,0.0,0.0,0.0,0.0,0.0
2019-12-29,0.0,5.643080940406523e-05,0.0007255795048371038,0.0,0.0,0.0
2019-12-30,-0.012700001815366981,7.817412637054811e-06,-0.002344443784048616,-0.0035525403857544994,0.0,0.0
2019-12-31,0.007495755435257189,-0.001425516982476005,0.00010794906868092369,0.0,0.0,0.0
2020-01-01,0.0008433694296769392,0.0,0.00034952016633753584,0.0,0.0,0.0
2020-01-02,0.0243894681879019,0.0,-0.0012202979337483867,0.0,0.0060557279168095,0.0
2020-01-03,-0.00013648461136006913,3.697835450083337e-05,-0.0004468204987093216,0.0,0.0,0.0
2020-01-04,0.0,0.0,0.0,0.0,0.0,0.0
2020-01-05,-0.0,-0.0002432283510412691,-0.0005817197294993969,0.0,0.0,0.0
2020-01-06,0.0,0.0007654777504454122,0.0021977279492738865,0.002004812075045076,0.0034925379015783922,0.0
2020-01-07,-0.015992783919981778,-0.0007687745862683499,-0.0033745349609701127,0.0,0.000496560950044406,0.0
2020-01-08,0.03241281886787702,0.00041986184373589647,-0.0004781218934861362,0.0,0.0,0.0
2020-01-09,-0.00013330519112631777,0.0005041941225656578,0.00044273064838618037,0.0,0.0,0.0
2020-01-10,-0.004369340015079428,-0.00010701004691087924,1.8662021896775905e-05,0.0,0.0,0.0
2020-01-11,0.0,0.0,0.0,0.0,0.0,0.0
2020-01-12,0.0,1.8665631346317177e-05,1.865853983598065e-05,0.0,0.0,0.0
2020-01-13,0.014275686396794265,0.0005277556946481758,0.0006449320422848182,0.009179320526138983,0.002171139447824069,0.0
2020-01-14,-0.00013304506901712956,-3.653621056185088e-05,0.00025684931506848586,0.0,0.0,0.0
2020-01-15,0.0,-5.7148647734230675e-05,0.0003706410064531873,0.0,0.0,0.0
2020-01-16,0.0069985290447274594,0.0008641359957913719,0.0005657238387274388,0.0,0.0009577574250411915,0.0
2020-01-17,-0.00013099006658661718,-0.0006935286590548398,0.00023346294532914367,0.0,0.0,0.0
2020-01-18,0.0,0.0,0.0,0.0,0.0,0.0
2020-01-19,0.001252036829232357,1.018697678125478e-05,3.5147840604432544e-06,0.0,0.0,0.0
2020-01-20,-0.0013354532235610114,-0.0002329210328462875,0.0002679329509441275,0.00014040812291580206,0.0,0.0
2020-01-21,0.0008192816442640935,0.0002790444716063615,-0.000673812633510551,0.0,0.0,0.0
2020-01-22,0.0004472541832792027,0.0011560038984916661,-0.0011632566763175574,0.0,0.0,0.0
2020-01-23,0.00865931675827163,-2.81033659820342e-06,-0.00021287143104839563,0.0,0.0007384952875096718,0.0
2020-01-24,-0.0001314233144959916,0.0001850905329996082,-0.004316634106925642,0.0,0.0005141158075703437,0.0
2020-01-25,0.0,0.0,0.0,0.0,0.0,0.0
2020-01-26,-0.0,-0.00011140709115358744,-0.0015174487265685105,0.0,0.0,0.0
2020-01-27,-0.0,-0.00037536250839394843,-0.002126446981025182,-0.013144712844157063,0.0,0.0
2020-01-28,0.0,1.0371927459376049e-05,0.0036934774168214226,0.0,0.003504384422554081,0.0
2020-01-29,0.0018007685303186537,-0.00019422112793352687,-0.0005287316176595836,0.0,0.0008019074448149293,0.0
2020-01-30,0.008633856105077421,4.165382340444572e-05,0.0016341792843521884,0.0,0.0,0.0
2020-01-31,-0.00013319717621986413,-0.0009407804663881892,-0.00655070525347204,0.0,0.0,0.0
2020-02-01,0.0,0.0,0.0,0.0,0.0,0.0
2020-02-02,0.0,0.0006442673926243234,-2.495342028213665e-05,0.0,0.0,0.0
2020-02-03,0.0,0.00418472471033534,0.0015371895138780235,0.006083776080207442,0.0,0.0
2020-02-04,0.022369390910132812,0.005088034157120346,0.003837650631904794,0.0,0.0,0.0
2020-02-05,-0.00012797269915751307,0.004948337142200555,0.0028359044779019183,0.0,0.0,0.0
2020-02-06,0.006093887159810915,0.0018203035599848594,0.0013845275999397665,0.0,0.005161619299294802,0.0
2020-02-07,-0.00012774111134766872,-0.0021070665799830983,-0.0007328793822341794,0.0,0.010360149041873658,0.0
2020-02-08,0.0,0.0,0.0,0.0,0.0,0.0
2020-02-09,-0.0,-0.0008491551308278157,0.00021162351160470828,0.0,0.0,0.0
2020-02-10,0.0,0.0013015569369162435,0.0035915489593599144,0.008742944804697238,0.015281378622577363,0.0
2020-02-11,0.001116762728394964,0.0007418378596162646,0.0022435454034392065,0.0,0.0,0.0
2020-02-12,0.002503695427896377,0.0016478901786692829,0.0023974628070394413,0.0,0.0,0.0
2020-02-13,0.0024178252001326858,-0.0021041049738756263,-0.0010908333399538399,0.0,0.009131969966931936,0.0
2020-02-14,0.0017648404943909524,-4.261424400158994e-05,-6.364956606796945e-06,0.0,0.0,0.0
2020-02-15,0.0,0.0,0.0,0.0,0.0,0.0
2020-02-16,0.002199858251018212,0.0002753070185391322,0.0006600732301160095,0.0,0.0,0.0
2020-02-17,-0.00436165122342703,0.0006757230163103589,-0.0003210515242391132,-0.002320171979693045,0.0,0.0
2020-02-18,0.004262888980123086,-0.0010864625789187,-0.0007975300272357378,0.0,0.0,0.0
2020-02-19,0.006072405626032113,0.003262709740690418,0.004741105100825079,0.0,0.0,0.0
2020-02-20,-0.00012542592553880887,-0.0007764577701385117,-0.0023004523726885924,0.0,0.0,0.0
2020-02-21,-0.0,-0.0010356728796441126,-0.001285748254011268,0.0,0.0,0.0
2020-02-22,0.0,0.0,0.0,0.0,0.0,0.0
2020-02-23,-0.0,7.711014242633479e-05,-0.002065347481078656,0.0,0.0,0.0
2020-02-24,-0.0,-5.259390187580108e-05,-0.004641977626209036,-0.030421328312683647,0.0,0.0
2020-02-25,-0.0,-0.0017233044457005714,-0.008569381596763768,0.0,0.0,0.0
2020-02-26,-0.0,-0.004262537996085591,-0.0037736736312542814,0.0,0.0,0.0
2020-02-27,-0.0,-0.01565569689952275,-0.009859396289845465,0.0,0.0,0.0
2020-02-28,0.0,0.00011196286951345653,-0.0019521289439648466,0.0,0.0,0.0
2020-02-29,0.0,0.0,0.0,0.0,0.0,0.0
2020-03-01,-0.012037994171156193,-0.006779910565572154,-0.00045796369625544786,0.0,0.0,0.0
2020-03-02,0.03142011752321804,0.016591555847490603,0.005524943988191789,0.02971187948395246,-0.05929215460995474,0.0
2020-03-03,-0.00014015089579780897,-0.009327954539844353,-0.002578335723497127,0.0,0.0,0.0
2020-03-04,0.0,0.008575418531796568,0.008123966983304198,0.0,-0.02368416402272559,0.0
2020-03-05,-0.0076741419666370115,-0.004892140779266705,-0.0065189202847471435,0.0,0.0,0.0
2020-03-06,-0.007279738139210137,-0.0023828101644348502,-0.002901959822880276,0.0,0.0,0.0
2020-03-07,0.0,0.0,0.0,0.0,0.0,0.0
2020-03-08,-0.01507839912684964,-0.0006987221734660895,-0.005170007118002806,0.0,0.0,0.0
2020-03-09,-0.00014104902635237988,-0.01346965241158954,-0.010368429122367946,-0.058508943051703,0.0,-0.005366929415979907
2020-03-10,0.003856679083828832,0.007837111226081736,0.013191521837272947,0.0,-0.00861763675273977,0.0
2020-03-11,-0.008264289039851139,-0.015283337357471246,-0.02608687247775835,0.0,0.0,0.0
2020-03-12,-0.03359068490376092,-0.0446944963009889,-0.0258030177528819,0.0,0.0,0.0
2020-03-13,0.03030248990125591,0.028038107549953215,0.0,0.0,0.0,0.0
2020-03-14,0.0,0.0,0.0,0.0,0.0,0.0
2020-03-15,-0.0001588667505130072,-0.006842524981337719,0.0018378069495242233,0.0,0.0,0.0
2020-03-16,-0.0,-0.027211355879699493,-0.005062823038081149,-0.09810501247927295,0.0,0.0
2020-03-17,0.0,0.0030077355989523795,0.0008781675525668886,0.0,0.0,0.0
2020-03-18,0.0,-0.019686499511691838,-0.0005293004287352354,0.0,0.0,0.0
2020-03-19,-0.007049520461653469,-0.0035133523604526273,-0.006830383201312862,0.0,0.0,-0.01263745834901655
2020-03-20,-0.011212693825376529,-0.0009157997628961869,-0.007851818694704804,0.0,0.0,0.0
2020-03-21,0.0,0.0,0.0,0.0,0.0,0.0
2020-03-22,-0.012942755694119666,-0.01316249466738161,-0.017199726118828272,0.0,0.0,-0.0125209890572953
2020-03-23,0.020581358514473645,0.016609507355438632,0.025969524866999147,0.006062604520249105,0.0,-0.0015952515659729725
2020-03-24,-0.00016008110776126572,0.03514162143066019,0.03501656437659675,0.0,0.0,0.0
2020-03-25,-0.0008688188871347546,0.0028265026475678664,0.0047799651921671795,0.0,0.0,0.008122044667475459
2020-03-26,0.015869492545296526,0.021427307612273357,0.02561659332536413,0.0,0.0,0.0
2020-03-27,-0.0001588814744200826,-0.015110103351445196,-0.018507930910046776,0.0,0.0,0.0
2020-03-28,0.0,0.0,0.0,0.0,0.0,0.0
2020-03-29,-0.0,-0.0030213127623086892,-0.005837279116710548,0.0,0.0,-0.00017437335235306114
2020-03-30,0.0,0.017026259764733227,0.018551419116020363,0.036654270675384654,0.0,0.0
2020-03-31,-0.006365438436936458,-0.010575477949924174,-0.015486706989500509,0.0,0.0,0.0
2020-04-01,-0.008018684312962232,-0.010341511058868168,-0.012132780937265714,0.0,0.0,-0.0015771961704152985
2020-04-02,0.003483535528596171,0.0069905373652604215,0.008330453023335892,0.0,0.0,0.0
2020-04-03,-0.002743769850160138,-0.0038299940122793813,-0.005213153291620742,0.0,0.0,0.0
2020-04-04,0.0,0.0,0.0,0.0,0.0,0.0
2020-04-05,0.005254897788181445,0.0051665623071318716,0.0068318371123636135,0.0,0.0,0.021127680313042345
2020-04-06,-0.00014855529971031717,0.024321397590654513,0.03528012231869053,0.0764902899717311,0.0,0.0
2020-04-07,-0.0015679642695050385,-0.0020120455754399106,-0.002044300785869135,0.0,0.0,-0.0012523532265889795
2020-04-08,0.0068137718294442925,0.009264676001264698,0.016811145158623433,0.0,0.0,0.005893496962182235
2020-04-09,0.0004159470701271761,0.007335519414687837,0.012340523881405496,0.0,0.0,0.0
2020-04-10,0.0,-4.4813492649166015e-05,-7.318458831004904e-05,0.0,0.0,0.0
2020-04-11,0.0,0.0,0.0,0.0,0.0,0.0
2020-04-12,-0.004204722114263515,-0.003615045364345204,-0.0062557021451289056,0.0,0.0,0.0031464005985928543
2020-04-13,0.009109162129536118,0.003936231856022858,0.0037405712187387565,0.0,0.0,0.007003388284901942
2020-04-14,-0.0001383444777495965,0.007589181919946593,0.010063628760272158,0.0,0.0,0.0
2020-04-15,-0.004982670735766003,-0.008877301846333598,-0.017363068155036125,0.0,0.0,-0.004043984948374712
2020-04-16,0.014078978204827773,0.011377467667853742,0.011852639523166146,0.0,0.0,0.0
2020-04-17,-0.00013618412093149938,0.0020811058198100148,0.00038844841687108133,0.0,0.0,0.0
2020-04-18,0.0,0.0,0.0,0.0,0.0,0.0
2020-04-19,-0.0022445968307598435,-0.0016340461972742728,-0.001831295666468291,0.0,0.0,0.0
2020-04-20,-0.0005725910602649486,-0.0031580347722654045,-0.003683128108808975,-0.014647596537370827,0.0,0.0
2020-04-21,-0.00930951563036757,-0.005025949641755739,-0.011222147780746495,0.0,0.0,-0.0009902130144251026
2020-04-22,0.005633419995272959,-0.0021408674442954124,0.004926237142527945,0.0,0.0,0.0
2020-04-23,-0.0021714670162047756,-0.0008866032315152588,-0.0010916418593472994,0.0,-0.0055380444472382115,-0.0006798101515047985
2020-04-24,0.00745574574983936,-5.874290693497208e-05,0.004110408450351233,0.0,0.0,0.0
2020-04-25,0.0,0.0,0.0,0.0,0.0,0.0
2020-04-26,-0.00013698004657321583,-7.480213941271883e-05,-0.0007046000370744099,0.0,0.0,0.0
2020-04-27,0.002551161597412039,-7.241552130318488e-05,0.004365287199427423,0.019497912837674936,0.0,0.0
2020-04-28,-0.0001367147446852143,-0.00017875355076622573,0.0003983118652166051,0.0,0.0,0.010957264652096411
2020-04-29,0.0,0.0003306209065813601,0.008913526825040319,0.0,0.0,0.0
2020-04-30,-0.009863567143486877,0.0012471339650353083,-0.005659731380967076,0.0,0.0,0.0
2020-05-01,-0.005074891325949402,0.0011705436368479366,-0.004265533436102342,0.0,0.0,0.0
2020-05-02,0.0,0.0,0.0,0.0,0.0,0.0
2020-05-03,-0.005047694064311389,-0.00018324120311652423,-0.0009253372164365198,0.0,0.0,-0.0027514649841632755
2020-05-04,0.009976694197656831,-0.0011800470764096271,0.003698463453242753,0.00620994014980724,0.0033554726938962933,-0.0034331026687887903
2020-05-05,-0.00013382402141184343,0.0,0.0014650273836660373,0.0,0.0,0.0
2020-05-06,0.00017411331407569123,-0.0005792291309976302,-0.0026897774207621274,0.0,0.0,0.00563394800905393
2020-05-07,0.006788506127633848,0.00045259556820957545,0.005669895392418555,0.0,0.0,0.0
2020-05-08,-0.00013003337523297647,0.0002776259510857743,0.004331469512194453,0.0,0.0,0.0
2020-05-09,0.0,0.0,0.0,0.0,0.0,0.0
2020-05-10,0.0012428403149864315,0.0002846638883293123,0.0012557830926081426,0.0,0.0,-0.0011288947955071336
2020-05-11,0.0009537962604383496,0.0003152840426526153,-0.00046490966998922177,-0.005645872726563478,0.0,-0.0012807081871334758
2020-05-12,-0.012505924681375395,-0.00027221410024623244,-0.007940131268270279,0.0,0.0,-0.00022963810397672504
2020-05-13,-0.00010533516700765373,-0.000403533689394352,-0.0031080226629228366,0.0,0.0,-0.00012907869638852988
2020-05-14,0.004408937151604477,-0.000467082502845728,0.002974915243425513,0.0,0.002465870047104481,-0.0006523784272224453
2020-05-15,0.0004796245559879344,-0.003769767917745045,0.0012412657260178037,0.0,0.0,0.0
2020-05-16,0.0,0.0,0.0,0.0,0.0,0.0
2020-05-17,0.0024399358371058363,-0.0007459758414907848,0.0012420524424804349,0.0,0.0,0.006766512268430537
2020-05-18,0.009220111580509501,0.0015957018726990807,0.017103397872590874,0.04098615569480099,0.0,0.0
2020-05-19,-0.00012872774082814845,0.0014992789255187304,-0.0049358973444193705,0.0,0.0,0.004165728204894886
2020-05-20,0.008599053350776664,-0.0018560517367293178,0.007077204117886737,0.0,0.0,0.0
2020-05-21,-0.0001275645795684065,7.414884259549816e-05,-0.0027555363808566486,0.0,0.0,0.0
2020-05-22,0.0,-0.0005168891418824656,0.0001284698432009846,0.0,0.0,0.0
2020-05-23,0.0,0.0,0.0,0.0,0.0,0.0
2020-05-24,0.0,0.00030855247270434775,0.0009502722411056652,0.0,0.0,0.0
2020-05-25,0.002952084169583672,0.0003088613928611867,0.003204395953485184,0.009907641930771378,0.0,-0.0015422590597577752
2020-05-26,-0.00012767315671879988,0.001038397734746189,0.003125510002321019,0.0,0.0,-0.0022699998115092183
2020-05-27,0.0,-0.002331504591956521,0.009490283802780008,0.0,0.0,0.0
2020-05-28,-0.0,0.0004133440300332015,-0.0009024371404562361,0.0,0.0,-0.0026886927551305977
2020-05-29,0.012830196996227294,0.00013971513191413706,0.0005445361044299167,0.0,0.0,0.0
2020-05-30,0.0,0.0,0.0,0.0,0.0,0.0
2020-05-31,-0.0001261617393498465,-0.00029248549288557766,-0.001422180206176038,0.0,0.0,-0.0015370631654582567
2020-06-01,0.0,0.0018594143989392451,0.004638568219337624,-0.0068400466520779565,0.0,0.0
2020-06-02,0.00814196652298827,-0.0005193718173767348,0.006068886515762968,0.0,0.0,0.0006282697168315691
2020-06-03,-0.00012373047378460585,-0.0008893985409058558,0.007468093707480564,0.0,0.0,0.0
2020-06-04,-0.005881405818902926,0.0005272610033223526,-0.002938311872235179,0.0,0.0,0.009746443673981614
2020-06-05,0.013978033902202857,-0.0015706694840299173,0.010364038628188665,0.0,0.0,0.0
2020-06-06,0.0,0.0,0.0,0.0,0.0,0.0
2020-06-07,-0.00012154114167645747,-0.000928162512594905,0.0014434551531942396,0.0,0.0,0.0
2020-06-08,0.0006519389187386925,0.0009906135333435076,0.003415571587924626,0.014444288518781719,0.0,-0.0009646182131939285
2020-06-09,0.009275945856672093,0.002220939440619478,-0.006044679846793866,0.0,0.0,-0.0027853361272460672
2020-06-10,-0.00011947669208865171,0.0019440014552482778,-0.006500801449176407,0.0,0.0,0.0
2020-06-11,-0.030242213462192594,0.0008566960633020759,-0.010906184111503035,0.0,0.0,0.0
2020-06-12,-0.002830701923089801,0.0002266778775263631,0.0005486583150759339,0.0,0.0,0.0
2020-06-13,0.0,0.0,0.0,0.0,0.0,0.0
2020-06-14,-0.006320118505211727,0.0003470186476136314,-1.0899180793322301e-05,0.0,0.0,0.0026194218760809225
2020-06-15,0.0226873301437209,-0.0021881593258338806,0.003951036266400721,0.025603013359684526,0.0004357288217829306,-0.004645372354371786
2020-06-16,-0.00012000960076806143,-2.569784536141746e-05,0.0008380318474294102,0.0,0.0,0.0
2020-06-17,-0.0020874110835761837,-9.001844483897352e-05,-0.0010491524333510528,0.0,0.0,0.0
2020-06-18,0.0038748644503005442,0.0001709254092234264,0.0006042843512160334,0.0,0.0,0.0021847308593966872
2020-06-19,-0.00517762725350705,-0.0007537148912513296,-0.0015789153544893517,0.0,0.0,0.0
2020-06-20,0.0,0.0,0.0,0.0,0.0,0.0
2020-06-21,-0.001235215314473966,-0.00010403876903322716,-0.000361547464132228,0.0,0.0,0.002626653033401488
2020-06-22,0.013931910564461957,0.002106138801704455,0.0041270951640607345,0.022227189378860382,0.007959940936537784,0.0
2020-06-23,-0.00011770244821092277,-0.0002959563764897289,-0.00017734665680220615,0.0,0.0,0.0
2020-06-24,-0.011189150100724727,-0.0009241141783898233,-0.0018362964726298724,0.0,0.0,0.0
2020-06-25,0.007297825049871533,0.00035187681380844835,0.0012532296818405066,0.0,0.0,0.00021209560353180955
2020-06-26,-0.013545976146392559,-0.0013750185090775704,-0.0024456690378088617,0.0,0.0,0.0
2020-06-27,0.0,0.0,0.0,0.0,0.0,0.0
2020-06-28,-0.0009129100112587964,2.1477083183570215e-05,-0.00032045223627795547,0.0,0.0,0.0
2020-06-29,0.008187392928962554,0.0018491023376554438,0.0005502324276896564,0.023518159914535132,0.005411671105571117,-0.00014788463096004347
2020-06-30,-0.0001183011948420679,0.0018692576023310414,0.0010653041032226084,0.0,0.0,-0.0012176576995632266
2020-07-01,0.006575165406936174,0.0009120435399135064,-0.0008485889207070275,0.0,0.0,-0.0017259867745016315
2020-07-02,-0.00011580999440251694,0.000676586430030677,0.00013431253628335416,0.0,0.0,0.0
2020-07-03,-0.0011390493299200872,-6.271410927195422e-05,0.00012214980753431082,0.0,0.0,0.0
2020-07-04,0.0,0.0,0.0,0.0,0.0,0.0
2020-07-05,0.0030817259056684708,0.0005712853429085422,0.0001833841150012727,0.0,0.0,0.006010099589143801
2020-07-06,-0.00011265278534011753,0.0013293808985799236,0.000493728676560079,0.022370847709183947,0.0,0.0
2020-07-07,-0.0048763560141596544,-0.00011606119316785106,-6.616334201725571e-06,0.0,0.0,0.0008828376197745945
2020-07-08,0.006792726924275652,0.0015003906618871186,0.0004621546698513113,0.0,0.0,0.0
2020-07-09,-0.00011145890417320715,-0.001887599310312153,-0.0007391199546895599,0.0,0.0,0.0014963946041861818
2020-07-10,0.00493512421939773,0.00021428292976878783,-0.0009193823051705042,0.0,0.0,0.0
2020-07-11,0.0,0.0,0.0,0.0,0.0,0.0
2020-07-12,-0.00011019486124630388,-0.0001899553170092655,-4.6762623570173465e-06,0.0,0.0,-0.00114591542681722
2020-07-13,-0.013347145510615206,-0.0014839245509674116,0.00034044781982451867,-0.00885763298835986,0.0,0.00047013724758469133
2020-07-14,0.004203816908286286,-0.0007358505821542973,-3.07600529445784e-05,0.0,0.0,0.0
2020-07-15,-0.0038470753521428662,0.001016309460284566,-0.0003216813210379588,0.0,0.0,0.0
2020-07-16,-0.0043719779847344225,-0.0004372741538351493,0.00035826535957494965,0.0,0.0,0.0
2020-07-17,0.0033192676821415684,-0.00047898543630448735,-0.00023301984396991715,0.0,0.0,0.0
2020-07-18,0.0,0.0,0.0,0.0,0.0,0.0
2020-07-19,0.0013191710257286645,-0.00010495440130164293,0.0003449071320785313,0.0,0.0,0.005917186344784772
2020-07-20,0.01879432116871331,9.584073756278995e-05,0.00014786517895784,0.009873676403807933,0.0,0.002408995854797588
2020-07-21,-0.00011022320198401764,-0.0006294194259154864,0.0001754975995935381,0.0,0.007169527617103331,9.966800510253316e-05
2020-07-22,-0.0034444470663245364,-0.00011971221643171281,0.00017060723538222521,0.0,0.0,0.0
2020-07-23,-0.015479066121604058,-2.0714729601351518e-05,-0.0016870850280514159,0.0,0.0,0.0
2020-07-24,-0.007868146436717132,-0.0011179563619880715,-0.0029699387593939974,0.0,0.0,0.0
2020-07-25,0.0,0.0,0.0,0.0,0.0,0.0
2020-07-26,-0.001534427775933261,3.861605758601618e-05,-0.0006631469944613832,0.0,0.0,0.0032898310942097507
2020-07-27,0.015938450368848604,-0.0013856080702803904,0.004644375984393088,0.012753571584919424,0.0032993759824102233,0.0
2020-07-28,-0.0001134515750860341,-9.800560340451632e-05,-0.004456864819727626,0.0,0.0,0.000709583832918303
2020-07-29,0.0,-0.0009290970163217317,0.004422627408917179,0.0,0.0,0.00211027810100784
2020-07-30,0.012267092220038411,-0.0034416881385820734,-0.0006229523075415676,0.0,0.0,-0.00047737305398670563
2020-07-31,-0.0001097654677838352,0.0005298910655740024,0.002314747203146459,0.0,0.0,0.0
2020-08-01,0.0,0.0,0.0,0.0,0.0,0.0
2020-08-02,-0.0004849596056386848,-0.0002104244210601019,-0.00025018612617487833,0.0,0.0,0.0
2020-08-03,0.006868988449919642,0.0028204043550551974,0.008974588708806353,0.009378609394977075,0.00028166232202399624,0.003918947683585083
2020-08-04,-0.0001082309648790519,0.000670435584084992,0.0027508015498466706,0.0,0.0,-0.0014493280602437032
2020-08-05,0.0006204489885498293,-0.00048293127770995435,0.005725677869811419,0.0,0.0,0.0017312899732382008
2020-08-06,0.008710420705999707,-0.0009433690306278931,0.00201934472416595,0.0,0.0,0.0
2020-08-07,-0.00010771509357748754,0.0014358641721365605,0.001018006129537352,0.0,0.0,0.0
2020-08-08,0.0,0.0,0.0,0.0,0.0,0.0
2020-08-09,-0.0,1.4560944044980396e-05,-0.0009187013830236013,0.0,0.0,-0.0009125006192839905
2020-08-10,-0.0,0.0008170108943289915,0.002812056505361471,0.004153928732314632,0.0,-0.0008251774850731513
2020-08-11,-0.0,0.0008484907003665625,-0.0007909490960390734,0.0,0.0,-0.0005452786534773484
2020-08-12,0.0,0.0018758030017993082,0.007654215136534127,0.0,0.0004647430822928287,0.0
2020-08-13,0.003881922259904962,-0.00095275445920474,-0.0012089469076899673,0.0,0.0007555963206956125,0.0
2020-08-14,-0.0034597454638858175,-0.0017247984057016461,-0.004300297706999948,0.0,0.0,0.0
2020-08-15,0.0,0.0,0.0,0.0,0.0,0.0
2020-08-16,0.0008871778783426592,-8.847160912062169e-05,0.000891797227321578,0.0,0.0,0.001955610322784901
2020-08-17,0.00844982015788805,0.0007024114790125909,0.0005164103949738541,0.006951658700089145,0.0,0.0
2020-08-18,-0.00010507696887970437,-0.0011643776829000565,-0.0029828643851278146,0.0,-2.252839296960322e-05,0.0
2020-08-19,-0.008437857433691145,0.0014782878004263589,-0.0007004072287702533,0.0,0.0,0.0016958136551804665
2020-08-20,0.014005863540517858,-0.002145493611875427,-0.0010763968446991586,0.0,0.0019226236447348949,0.0
2020-08-21,-0.0001037344398340249,8.394777292155682e-05,-0.0015411598279979598,0.0,0.0,0.0
2020-08-22,0.0,0.0,0.0,0.0,0.0,0.0
2020-08-23,0.0012435503876184913,4.328113083069079e-05,0.0002839763216783586,0.0,0.0,-0.0014192961428811642
2020-08-24,0.004400958767333426,0.00022448709959159302,0.0012499789086761971,0.011965837349010612,0.005305943452241441,0.0
2020-08-25,-0.00010212244481132877,-4.665294292595e-05,0.0014215565301978095,0.0,0.0008528778586942547,0.006076408878322068
2020-08-26,0.016401171666381907,-0.0002569119732074681,0.0012411186792688931,0.0,0.0,0.0
2020-08-27,-0.00010023220460734033,-0.0001344487925741599,0.0004254126821033211,0.0,0.0011334476243454155,0.00034227048835084266
2020-08-28,0.0020487957808567672,-0.0005198406536344766,0.0006911031989298838,0.0,0.0,0.0
2020-08-29,0.0,0.0,0.0,0.0,0.0,0.0
2020-08-30,0.003349416845621318,3.215061191173997e-05,0.0010333910914525513,0.0,0.0,-0.0003202618913888614
2020-08-31,-9.894948628725035e-05,-0.00027357825463611776,-0.0003052625806985621,-0.0029721099274864116,0.0,-0.002448641974226798
2020-09-01,0.016654320226479717,-0.0012799309270042224,-0.00042412438671926025,0.0,0.0,0.0008892027585691936
2020-09-02,-9.66012461560754e-05,0.0003037280521280899,0.004065417999505949,0.0,0.0,0.0
2020-09-03,-0.05822952635817163,0.002369259500654737,-0.008137106045505903,0.0,-0.0014145796016473001,0.0
2020-09-04,-0.004688243739399452,-0.0008344281431690202,-0.0036391379540608206,0.0,0.0,0.0
2020-09-05,0.0,0.0,0.0,0.0,0.0,0.0
2020-09-06,-0.004886762592809686,0.0008378291281623162,-0.0001592857861847708,0.0,0.0,0.0
2020-09-07,0.005792738508786577,0.0018372570836018287,0.004495976510767316,0.0071409556827158145,0.00365617973249017,0.0
2020-09-08,-0.0001086858074449778,0.00448814262048989,-0.011712749740120654,0.0,0.0,0.0
2020-09-09,0.0,0.00848517869247042,0.0029697768653976333,0.0,0.0,-0.0030539426645953536
2020-09-10,-0.008503403390731402,0.0009284229061586981,-0.0007608093799818417,0.0,-0.003191958606006006,0.0
2020-09-11,-0.004372365393473735,-0.0008908183693817307,0.0013466664693097428,0.0,0.0,0.0
2020-09-12,0.0,0.0,0.0,0.0,0.0,0.0
2020-09-13,0.0037598618935905173,6.23995361336989e-05,-3.921262946136039e-05,0.0,0.001624967049096832,-0.004064554246580045
2020-09-14,0.0037078649304767767,-0.0006157087242648924,-0.0008559171468333847,0.018884468951307787,0.0,0.0
2020-09-15,-0.00010492445439283716,-0.0011671783292277111,0.00047207612593119135,0.0,0.0,-0.0018568730241886728
2020-09-16,-0.004995221599335378,-0.0011409011841876898,-0.0008040933544358888,0.0,0.0,0.0
2020-09-17,-0.006448576046032142,-0.00045023140763461085,-0.0013617884984400968,0.0,0.007752395885599591,0.0
2020-09-18,-0.004395851728683445,-0.0008257810205685915,-0.0038006346402380473,0.0,0.0,0.0
2020-09-19,0.0,0.0,0.0,0.0,0.0,0.0
2020-09-20,-0.0001753981873711483,-0.00015973504950458954,-0.00020801863261780127,0.0,0.0,0.0
2020-09-21,0.0027356679305361353,-0.0007869747334158445,-0.010941090758682595,-0.013388259135770821,-0.0010234066767830046,0.0
2020-09-22,-0.00010774701002047192,0.0019145587902202313,-0.0006381201659647966,0.0,0.0,0.0
2020-09-23,-0.012410763592513597,-0.01179866022961317,-0.006709565045900826,0.0,0.0,0.0
2020-09-24,0.006889741138108826,0.0054986046240367795,0.0026474325012337705,0.0,0.0,0.0016895136445047956
2020-09-25,0.005853480442493582,0.0021711848016191223,0.000992538443330149,0.0,-0.0014083438840267705,0.0
2020-09-26,0.0,0.0,0.0,0.0,0.0,0.0
2020-09-27,-0.00010737582433315138,0.0010526730749386955,0.00028492768893206843,0.0,0.0,8.929688646902998e-05
2020-09-28,0.007993614478074217,0.009089943816562102,0.005197429250499174,0.02373094754102951,0.0,-7.55941635988361e-05
2020-09-29,-0.00010567101091933779,-0.0008617065324273974,0.00047633913830194,0.0,-0.0055596995854773745,-0.004634547080735167
2020-09-30,0.003649984345035681,0.0023758898514720794,-0.00037366968867063026,0.0,0.0,-0.00011783872325107263
2020-10-01,-0.00010357417205396214,0.0014900438533657484,0.001501833610949055,0.0,0.0,0.0
2020-10-02,-0.011672473519747132,-0.005308789206697756,-0.003638349835164789,0.0,0.0,0.0
2020-10-03,0.0,0.0,0.0,0.0,0.0,0.0
2020-10-04,0.0034209467905877305,0.0016226163907627261,0.0013420964915772159,0.0,0.0,-0.0007571225615326657
2020-10-05,0.004686648587397761,0.003321877501571293,0.003500952065891361,0.01597341314512353,0.0025329249545083766,0.0
2020-10-06,-0.00010647359454855196,-0.0047795967766808296,-0.002963243644799396,0.0,0.0,0.0006227268287918832
2020-10-07,0.0,0.0032084789262340034,0.004132436706431863,0.0,0.0,0.0
2020-10-08,0.003555472055495995,0.002486887228458942,0.0017294690340506457,0.0,0.0,0.005273456635470833
2020-10-09,0.006599131945733003,0.0007774386999510001,0.0017316248891402486,0.0,0.0,0.0
2020-10-10,0.0,0.0,0.0,0.0,0.0,0.0
2020-10-11,-0.00010205470131990747,-0.00018254632986554456,1.638182516128242e-06,0.0,0.0,0.008280721089199413
2020-10-12,0.016327757438335724,0.0023172851391094935,0.003423179426312495,0.014989864346878585,0.0,0.0
2020-10-13,-9.893643334157804e-05,-0.0008453709082811157,-0.002156411315660689,0.0,0.0,0.0
2020-10-14,-0.006761158291399818,-0.0029593400225871925,-0.0014848208547297923,0.0,0.0,0.0
2020-10-15,-0.002005746483745464,-0.0010947798522159824,-0.0032749388677386785,0.0,0.0026364200803360937,0.0
2020-10-16,-0.005159016679014787,1.2024746929174444e-05,-3.285605028093821e-05,0.0,0.0,0.0
2020-10-17,0.0,0.0,0.0,0.0,0.0,0.0
2020-10-18,0.0033862817335615445,-9.718718251352307e-05,0.0014012068120738518,0.0,0.0,-0.0006722801494164764
2020-10-19,-0.007750842051269145,-0.00041248938071648757,-0.0038970593485292302,-0.006577573324208084,0.0,0.0
2020-10-20,-0.000573492078627285,-0.0003571203755321131,0.0017083302132096302,0.0,0.0,0.0003509987280101497
2020-10-21,-0.003964133232498195,0.0021605947276859576,-0.004546582178445838,0.0,0.0,0.00045930029604340626
2020-10-22,0.001962426570637818,0.0009233800404739264,0.0016541544161128565,0.0,-0.0006372747799945999,0.0
2020-10-23,0.0002669761473151033,-8.82141123524009e-06,3.87729702352679e-05,0.0,0.0,0.0
2020-10-24,0.0,0.0,0.0,0.0,0.0,0.0
2020-10-25,-0.0022725172912949113,-3.458498044263026e-05,-0.0012723409102691429,0.0,0.0,0.0
2020-10-26,-0.007501147881157024,-0.0033360879494702977,-0.002963347407114316,-0.019885877162680265,-0.009899142422926626,0.0
2020-10-27,0.0027071733312444006,-0.0028433631438902567,-0.0019975818051266693,0.0,0.0,0.0
2020-10-28,-0.02163214037727814,-0.006175970632427245,-0.012980726062115264,0.0,-0.027854491728047524,0.0
2020-10-29,0.0015585774735100547,0.0003791638654790696,0.000696578871173381,0.0,0.0,-0.0044819394263088215
2020-10-30,-0.007110738883466091,0.0011229849031269368,-0.0026305909129234356,0.0,0.0,0.0
2020-10-31,0.0,0.0,0.0,0.0,0.0,0.0
2020-11-01,-0.005127123221552613,-0.0029404582632613745,-0.002670417452208795,0.0,0.0,0.0
2020-11-02,0.005658485156267274,0.00877347075129996,0.00838471255789134,0.009522127820952055,-0.017590623074952624,0.0
2020-11-03,-0.0001058873358746294,0.009762135081661304,0.013328808257121145,0.0,0.0,0.0
2020-11-04,0.029993588698196166,0.005799374292652199,0.001366168386012328,0.0,0.0,0.0
2020-11-05,-9.935255253266214e-05,0.005532212981922365,0.008190914832765229,0.0,0.0,0.0
2020-11-06,0.0011730759032100224,0.000630082976211273,0.0006888464229659497,0.0,0.0,0.0
2020-11-07,0.0,0.0,0.0,0.0,0.0,0.0
2020-11-08,0.006328691728711444,0.0023118054065786727,0.0029831758209769247,0.0,0.0,0.0
2020-11-09,-0.00010114120998600879,0.0036245637252053367,-0.0006514753741566511,0.013486247571698052,0.0,0.0
2020-11-10,-0.0,-0.0009565220914218586,-0.0009853557902293445,0.0,0.0,0.0
2020-11-11,0.0,0.00045923387878885416,-0.0003670461828446548,0.0,0.006369053895723467,0.0
2020-11-12,-0.0020077571033916154,0.001712466646011438,-0.0007583866263261352,0.0,0.0,0.0
2020-11-13,0.0037146768139342226,0.0008398545119066618,0.0013613632762946228,0.0,0.0056939041424831265,0.0
2020-11-14,0.0,0.0,0.0,0.0,0.0,0.0
2020-11-15,0.003980312905915899,-0.00046548289299207,0.0009171024203128208,0.0,0.0,0.0
2020-11-16,-9.951238929246692e-05,-0.0009008904417144016,0.0005491722811233002,0.014244498796510331,0.0,0.0
2020-11-17,-0.002928515847609065,-0.000836500163341386,-0.001398119465414328,0.0,0.0,0.0
2020-11-18,-0.003781678087801599,-0.0004839708313637559,-0.0025877257409540337,0.0,0.0,0.0
2020-11-19,0.002270010342908766,0.0007409367211727933,-0.0011413282395138715,0.0,0.0006498256603543253,0.0
2020-11-20,-0.0011893690511953962,-0.0006753982407933375,0.0002983270413657757,0.0,0.0014072860665753938,0.0
2020-11-21,0.0,0.0,0.0,0.0,0.0,0.0
2020-11-22,0.0009386727850375473,-0.0003436345529633041,0.000593372921549773,0.0,0.0,0.0
2020-11-23,0.0009486158441592143,-0.0024724056306145493,0.0017872359565832044,0.0143394592255243,0.0,0.0
2020-11-24,-9.887773767736193e-05,-0.00021651091606728477,0.00447398971704206,0.0,0.0,0.0
2020-11-25,0.002246772342351154,-0.0005247636382159586,-0.0006036007096151374,0.0,0.004789167764725678,0.0
2020-11-26,-0.001103428467595215,0.0007551893671338835,-0.001133946052867696,0.0,0.0,0.0
2020-11-27,0.0052096721894562825,0.001280425887366318,9.207201614388984e-05,0.0,0.005684722903256991,0.0
2020-11-28,0.0,0.0,0.0,0.0,0.0,0.0
2020-11-29,-9.735202492211838e-05,-0.0002870832874935079,0.0005080808253475456,0.0,0.0,0.0
2020-11-30,0.0013921095733055579,-0.002274824081191003,-0.001549884254968131,-0.0034161053155845095,0.0,0.0
2020-12-01,-9.634066057579601e-05,0.0021256355429544013,0.004261003620775258,0.0,0.0,0.0
2020-12-02,0.0006575662938897986,0.0009469482450289001,-0.0002423215617723295,0.0,0.0,0.0
2020-12-03,0.0011072978617928772,-0.0005246394677003193,-0.0006094929769576486,0.0,0.0,0.0
2020-12-04,0.0017043937687183813,0.0004232211951175531,0.0009433148609911958,0.0,0.0,0.0
2020-12-05,0.0,0.0,0.0,0.0,0.0,0.0
2020-12-06,0.0032752141739795784,-0.00018723217673843277,0.000713945162374474,0.0,0.0,0.0
2020-12-07,0.005904134839919075,0.0014588976966107897,-0.001060566797283,0.0006185792840653982,0.0092268868694856,0.0
2020-12-08,-9.4863159891856e-05,8.884516392549137e-05,0.0010085013719358215,0.0,0.0,0.0
2020-12-09,-0.037686445441498344,-0.0010293544943201925,-0.0031169849784275644,0.0,0.0,0.0
2020-12-10,0.005650669339651009,-0.0014161165858891415,-0.00036879311528942755,0.0,0.0,0.0
2020-12-11,-0.003194825096459185,-0.0008101016617235743,-0.0003936323252762497,0.0,0.0,0.0
2020-12-12,0.0,0.0,0.0,0.0,0.0,0.0
2020-12-13,0.00445158534176806,0.002045574037879376,0.0010269761011844957,0.0,0.0003470328368775202,0.0
2020-12-14,0.005491073157637347,-0.00029990746903172316,-0.0008758692305371516,0.001251688799024426,0.0,0.0
2020-12-15,-9.531828363543934e-05,0.001594626974753036,0.004922345909397706,0.0,0.0,0.0
2020-12-16,0.008702998623664268,0.0018066680593330296,0.002451295143592838,0.0,0.0,0.0
2020-12-17,-9.414422895876483e-05,0.0011349684684431062,0.0024407409719774177,0.0,0.0,0.0
2020-12-18,0.0001221275384755161,-0.00015967297043734623,0.0001074795303996457,0.0,0.009525094346082714,0.0
2020-12-19,0.0,0.0,0.0,0.0,0.0,0.0
2020-12-20,-3.028190201345923e-05,-0.0020256881825397306,-0.0007194275444457278,0.0,0.0,0.0
2020-12-21,-0.004518900457552853,-4.13305342548216e-06,-0.006431462404771806,-0.0077949751057604655,0.0,0.0
2020-12-22,0.0022649083049933595,-8.035792227944028e-05,-0.0010492579299758188,0.0,0.0032173225839319257,0.0
2020-12-23,-0.006464681225739988,-0.0002978819311957418,-1.9515534223757413e-05,0.0,-6.823501555947036e-05,0.0
2020-12-24,0.004987044143694222,0.0,0.0005031459322416083,0.0,0.0,0.0
2020-12-25,0.0,0.0,0.0,0.0,0.0,0.0
2020-12-26,0.0,0.0,0.0,0.0,0.0,0.0
2020-12-27,0.003450764080484984,0.0002625524078075117,0.0005493958653908227,0.0,0.0,0.0
2020-12-28,0.012566799281405411,0.003056656863035881,0.0030228810295996893,0.0,0.0,0.0
2020-12-29,-9.33024398588023e-05,-5.3700506429277234e-05,-0.0007810263382276194,0.0,0.009399411520540088,0.0
2020-12-30,0.00033938549242091453,-0.0024640032218260013,0.0011838361229139205,0.0,0.0,0.0
2020-12-31,0.0034517717083024178,-0.0015982893228408358,0.0007999853540994202,0.0,0.0,0.0
2021-01-01,0.0,0.0,0.0,0.0,0.0,0.0
2021-01-02,0.0,0.0,0.0,0.0,0.0,0.0
2021-01-03,-0.0021912966737225857,0.00011272616336207677,0.00030146301018937335,0.0,0.0,0.0
2021-01-04,-0.01859591471137609,0.0024037610523900813,-0.006895771903715028,0.0,0.0,0.0
2021-01-05,0.01201265269858705,-0.0004644470208881035,0.001263143870293315,0.0,0.0,0.0
2021-01-06,-0.015096605322373556,0.0003690356013609937,0.004669565472051973,0.0,0.0,0.0
2021-01-07,0.03130748315074753,-0.00014000988167394245,0.002514654815074513,0.0,0.005118392806481072,0.0
2021-01-08,-9.133949367474006e-05,-0.00034263377701121927,-0.002808093308670325,0.0,0.01786957475903184,0.0
2021-01-09,0.0,0.0,0.0,0.0,0.0,0.0
2021-01-10,-0.003620252689555874,0.00025461954834604374,-0.0003822597156492358,0.0,0.007694467545091256,0.0
2021-01-11,-0.012915504952047983,-0.0004193822621729692,0.0008408655812855992,-0.006122381118711482,0.0015571344331124755,0.0
2021-01-12,-0.0021290780910956943,-6.438142489001051e-05,0.0016943984995193007,0.0,0.0,0.0
2021-01-13,0.00571157377435507,-0.0007386543197621706,-0.00045182902868944335,0.0,0.006475562287413353,0.0
2021-01-14,-0.004034816785392282,-0.001305573015852477,0.0017923911980120776,0.0,0.0,0.0
2021-01-15,-0.012214501280968472,0.00021169609444699128,-0.007174863885614574,0.0,0.0,0.0
2021-01-16,0.0,0.0,0.0,0.0,0.0,0.0
2021-01-17,-0.0010321844068053667,-0.0006709916846368588,-0.0008604526189520364,0.0,0.0,0.0
2021-01-18,0.006345590326031868,0.0011273678084890851,0.002310182002914807,0.006958862003614709,0.0013438200114288398,0.0
2021-01-19,-9.184423218221895e-05,0.0005993156858719243,0.004833351469505289,0.0,0.0014826210877931754,0.0
2021-01-20,0.018966533519254192,-0.0005052327229714142,0.005104952199127017,0.0,0.0,0.0
2021-01-21,-8.955758552749418e-05,0.0007897936104877353,-0.0018372876183583185,0.0,0.006408823725203041,0.0
2021-01-22,-0.0019327114568456927,0.0008835190893045783,-0.0012238462835311118,0.0,0.0,0.0
2021-01-23,0.0,0.0,0.0,0.0,0.0,0.0
2021-01-24,0.0027102101253627994,-4.570122205159832e-05,0.0012104012655087982,0.0,0.0,0.0
2021-01-25,0.003976416538551862,-0.00045678864776838534,-0.0021824958688304117,0.0026654984958839867,0.0,0.0
2021-01-26,-8.83899765766562e-05,-0.0010878539233540637,0.0006448460098933962,0.0,0.00016274188435656437,0.0
2021-01-27,-0.034886756912840156,-0.0003220982226230137,-0.005837208458926717,0.0,0.0,0.0
2021-01-28,0.009750950264950717,0.0024129787615369677,0.0019116070666868267,0.0,0.0,0.0
2021-01-29,-0.012114096567015344,-0.002122335107549018,-0.0005773179544208701,0.0,0.0,0.0
2021-01-30,0.0,0.0,0.0,0.0,0.0,0.0
2021-01-31,-0.0036353183377416686,-0.001127262727465247,0.00044679350710112863,0.0,0.0,0.0
2021-02-01,0.021017429368202837,0.004147388991767732,0.0002610425300737518,0.02209374245080898,0.0028504353377202933,0.0
2021-02-02,-8.886979833961594e-05,0.0045405693573556775,-0.0010248402607622388,0.0,0.0,0.0
2021-02-03,-0.0019202833160329134,0.000995597248838384,-0.0002272890338029798,0.0,0.0,0.0
2021-02-04,0.004155390056366379,0.00033159167488206137,0.00012962654022323998,0.0,0.0,0.0
2021-02-05,0.0019942864063062196,0.002068575518628366,0.0006799220315351518,0.0,0.0,0.0
2021-02-06,0.0,0.0,0.0,0.0,0.0,0.0
2021-02-07,0.0013306306684749043,0.0003337091526302925,4.899326027517636e-05,0.0,0.0,0.0
2021-02-08,0.0016702249774907692,0.0016011120781934975,-0.0004331051357365223,0.01050844640695005,0.0,0.0
2021-02-09,-8.759891377346921e-05,-0.0003484102812543611,-0.00013782649476389906,0.0,0.0,0.0
2021-02-10,-0.001474731128982752,-0.0011404686925928303,0.00033382666171000164,0.0,0.0,0.0
2021-02-11,0.003065575640311188,-0.00034383916555255384,0.0011875068071037554,0.0,0.00043438641966471437,0.0
2021-02-12,0.003510167776135829,-0.0004720855716306454,0.00031579810047293043,0.0,0.0013068759294760615,0.0
2021-02-13,0.0,0.0,0.0,0.0,0.0,0.0
2021-02-14,-8.673653776653415e-05,-0.00030406681118976583,0.0002658963917464785,0.0,0.0,0.0
2021-02-15,0.0012576353865300222,-9.94894242379559e-05,0.0011490675167800334,0.0038945683138406316,0.0,0.0
2021-02-16,-8.735213830755231e-05,-0.0009900979532833875,-0.00155315916500014,0.0,0.0,0.0
2021-02-17,-0.0,-0.001354690758924981,-0.0023461745786009453,0.0,0.0,0.0
2021-02-18,-0.0,-0.002801758927728059,-0.0018656324897954437,0.0,0.0,0.0
2021-02-19,-0.0,-0.00017549076750732537,0.002120009434494452,0.0,0.0004115720441231415,0.0
2021-02-20,0.0,0.0,0.0,0.0,0.0,0.0
2021-02-21,0.0,-0.0005832418224028437,0.0006069791411161818,0.0,0.0,0.0
2021-02-22,-0.0,0.000940486167547706,-0.0017017960842034426,-0.007895319564949363,0.0,0.0
2021-02-23,-0.0,-0.0028602976720110886,-0.0020334423317265584,0.0,0.0,0.0
2021-02-24,0.0,0.000567732149088327,0.004571463972519263,0.0,0.005188824911967922,0.0
2021-02-25,-0.030390596701425257,-0.0012095924658764743,-0.007507356322905907,0.0,0.0,0.0
2021-02-26,0.009840527569718423,-0.0008235210942296591,-0.0012357501878573125,0.0,0.0,0.0
2021-02-27,0.0,0.0,0.0,0.0,0.0,0.0
2021-02-28,0.00536398327125183,0.0015198096437933598,0.0008053236689129605,0.0,0.0017153517746124303,0.0
2021-03-01,0.016922930321998996,0.0039649474519155205,0.0003084154451711311,0.028426925143837562,0.0,0.0
2021-03-02,-9.160724918698567e-05,-0.002065024198566286,0.0002076420117842814,0.0,0.0051477017380933245,0.0
2021-03-03,-0.0,-0.005907448626860341,-0.002667360451246435,0.0,0.0,0.0
2021-03-04,-0.0,-0.004366474036203978,-0.004733809036017725,0.0,0.0,0.0
2021-03-05,0.0,0.0059135609806332924,0.008110368337606477,0.0,0.005204996266985651,0.0
2021-03-06,0.0,0.0,0.0,0.0,0.0,0.0
2021-03-07,0.0005500594609196991,0.0008765400967838764,0.002105217869995379,0.0,0.0,0.0
2021-03-08,-0.011950048887438027,-0.003618074697356916,-0.001690864934857561,2.5156802990579548e-05,0.0,0.0
2021-03-09,0.018010200999947098,0.006437121861797353,0.008781351375347635,0.0,0.008790506150091344,0.0
2021-03-10,-9.395258526197113e-05,0.0018636659237073697,0.0028988836250164575,0.0,0.0,0.0
2021-03-11,0.010219667458690424,0.00380962836721824,0.006311919460697634,0.0,0.0,0.0
2021-03-12,-9.276581270582414e-05,-0.0008454652403872342,9.698518803737973e-05,0.0,0.0,0.0
2021-03-13,0.0,0.0,0.0,0.0,0.0,0.0
2021-03-14,0.0,0.00033326084030227616,0.0008170034691399765,0.0,0.0,0.0
2021-03-15,0.003266860767432087,0.0010910085543599129,0.0007031068602607827,0.0035078705156291767,0.0,-0.003046266925728924
2021-03-16,-9.118402455889727e-05,-0.0006440004102885694,-0.00013568793678174766,0.0,0.0,0.0008624384989173187
2021-03-17,0.0024642699251087316,0.002754129522713064,0.0046727228198290335,0.0,0.0,0.0
2021-03-18,-0.01390161120069324,-0.006163169618561714,-0.00954993918952507,0.0,0.0,0.0
2021-03-19,0.001522463304415311,-0.001265484859763204,-0.001403491663552111,0.0,0.0,0.0
2021-03-20,0.0,0.0,0.0,0.0,0.0,0.0
2021-03-21,0.001129074297681755,-0.0003227321996151348,-0.0005198391065147914,0.0,-0.0033915407946729912,0.003612937250532426
2021-03-22,0.0071390761301253,8.948720416776285e-05,0.00387558054685051,0.0071412843719764136,0.0024894633173027964,0.0
2021-03-23,-9.197657663181776e-05,-0.0005032178018851141,-0.005347630312742948,0.0,0.003832831231511741,-0.002486708720528654
2021-03-24,-0.007887571410277782,-0.00020635756273124686,-0.002849433187470173,0.0,0.0,0.0
2021-03-25,-0.00014198723895741104,-8.370885505743457e-05,-0.004025883943035352,0.0,-0.0055219660041603245,-1.3840625868692257e-05
2021-03-26,0.005777209846039992,0.0009265283926581556,0.0016929413607014387,0.0,0.0029391152616392493,0.0
2021-03-27,0.0,0.0,0.0,0.0,0.0,0.0
2021-03-28,-9.274860490640119e-05,4.833809210089492e-05,9.544836007424626e-06,0.0,0.0,0.0
2021-03-29,0.002281536923994214,-0.00019342876851067883,-0.000591990739487065,-0.005203696881859735,0.0,0.0
2021-03-30,-9.292600766639563e-05,-0.0006232277205812541,0.0004502713198228037,0.0,0.0,-0.00015742922055281521
2021-03-31,0.0,-0.0005097086820213935,0.0010685488870736282,0.0,0.0,0.0005553025589979375
2021-04-01,0.009551872836391775,0.0007333129298611649,0.001929071912987712,0.0,0.0,0.0
2021-04-02,-8.977600885789954e-05,-0.00012603174466582914,5.51467264541472e-05,0.0,0.0,0.0
2021-04-03,0.0,0.0,0.0,0.0,0.0,0.0
2021-04-04,3.8623293113879305e-07,7.973672419334868e-05,-9.583604966673098e-05,0.0,0.0,0.007613778863971785
2021-04-05,0.013251146456581164,0.00042811669080988356,-0.00048018407265538934,0.005675603423498246,0.0,-0.001152407808581789
2021-04-06,-8.817305431460145e-05,0.002408050957145971,0.0015447337717004795,0.0,0.0,0.0
2021-04-07,0.002207477093660435,0.00190820055459473,0.0008465028225273509,0.0,0.0,0.002207859216770717
2021-04-08,0.008434938673486849,0.0008393941451524034,0.0011244143589601242,0.0,0.0,0.0
2021-04-09,-8.679802100512108e-05,0.0003834689585406989,-0.0004392365423246503,0.0,0.008739387989952283,0.0
2021-04-10,0.0,0.0,0.0,0.0,0.0,0.0
2021-04-11,-0.0016723580356736295,-0.00020860255138004986,-6.652259998382037e-05,0.0,0.0,0.0
2021-04-12,0.001949132819226949,-0.0006842500966426457,-0.0014530122133758927,-0.0009957711151933448,0.0,0.001525963683029344
2021-04-13,-8.582708702866625e-05,0.00040638053552044225,0.00014354135478687285,0.0,0.0,0.0
2021-04-14,-0.010420018313769392,-0.0003874176752465102,0.0017167495225765108,0.0,0.0013143443811588981,0.0037017264307864315
2021-04-15,0.013230805208676701,-0.00023682251139512235,0.0029972306270893865,0.0,0.0,0.0
2021-04-16,-8.545060954768143e-05,-0.00031935754074702787,0.002307408732157734,0.0,0.0,0.0
2021-04-17,0.0,0.0,0.0,0.0,0.0,0.0
2021-04-18,-0.002436236003496454,0.00019854484980991687,-0.0008967200459947922,0.0,0.0,-0.0015912485651303693
2021-04-19,-0.00534712240900398,-0.0010091929220257035,-0.002080747468669919,-0.00626397290402643,0.0,0.0
2021-04-20,-0.012609792818663654,-0.0005832988752352457,-0.0042169761755107135,0.0,0.0,-0.0016343735370902542
2021-04-21,0.010188810750268465,0.0016076605859712218,0.002521173072717864,0.0,0.0,0.0
2021-04-22,-8.711560240439063e-05,0.001394416955156832,-0.0022290546126326524,0.0,-0.0036790140196573213,-0.0011976912331897755
2021-04-23,0.0,-0.00021988246405159974,0.002668801316568615,0.0,0.0,0.0
2021-04-24,0.0,0.0,0.0,0.0,0.0,0.0
2021-04-25,0.00019134593548817514,-8.396511606864759e-05,-0.00014474491877296546,0.0,0.0,0.0
2021-04-26,0.008144095224622548,0.0015050291651385556,0.002374725459120519,0.006329105929012962,0.0,0.0
2021-04-27,-8.58455067031033e-05,0.00018986654568399106,0.0007755365960965045,0.0,0.007088057563266426,0.0
2021-04-28,0.0,0.0007290922241838347,0.0008689618648324072,0.0,0.0,-0.0015188755919875066
2021-04-29,-0.0,0.0008121213200650895,-0.0005288306761974822,0.0,0.0,0.0
2021-04-30,-0.0,0.0009236808104931466,-0.0016896337259841296,0.0,0.0,0.0
2021-05-01,0.0,0.0,0.0,0.0,0.0,0.0
2021-05-02,0.0,2.4193897920682893e-05,0.00089643207223562,0.0,0.0,0.002949071773129823
2021-05-03,-0.0,0.0002558695377075093,0.0009895587203675085,-0.0003959560029602791,0.0011431392558861244,0.0
2021-05-04,-0.0,-0.0017705808388524013,-0.002309578931246439,0.0,0.0,0.0
2021-05-05,-0.0,0.001982149765493397,0.0007879339857778555,0.0,0.0,0.004592474185216134
2021-05-06,0.0,0.002095654890587324,0.000745358332015509,0.0,-0.004712934885195352,-0.0011668003497071104
2021-05-07,0.007787897868872681,0.00037380392485057283,0.00191916929330535,0.0,0.0018879413371046191,0.0
2021-05-08,0.0,0.0,0.0,0.0,0.0,0.0
2021-05-09,-8.727018850360717e-05,0.00027760294223111437,0.00026210081906508087,0.0,0.0,0.0
2021-05-10,-0.031219901614871887,-0.002183735093779969,-0.0029022076058175445,-0.016615932669970784,0.0,0.0
2021-05-11,0.00024289117181320265,-0.0005205777157115038,-0.0014099368844595356,0.0,0.0,0.0
2021-05-12,-0.021510798815194885,-0.0017911241835391833,-0.0011419477948485168,0.0,0.0,0.0
2021-05-13,0.006462403935384036,0.002847677291791688,0.000980135857855298,0.0,0.0018450771996615725,0.003590293218140286
2021-05-14,0.01749047967350778,0.004140598326231865,0.004408557137199933,0.0,0.0,0.0
2021-05-15,0.0,0.0,0.0,0.0,0.0,0.0
2021-05-16,-8.953620247119918e-05,-7.882791207244636e-05,0.00016012570982877334,0.0,0.0030717742217737363,-0.00047134488053524764
2021-05-17,-0.0035963126793385767,-0.001358063033610077,0.0013310687324386008,-0.001661649818455024,0.0,0.0
2021-05-18,-0.009031253913465749,-0.003327092139536578,-0.002766825748493673,0.0,0.0,-0.0019248516148967843
2021-05-19,0.0008677865537400713,-0.0007626552028265185,-0.0019557509810376296,0.0,0.0,0.0009003460416203981
2021-05-20,0.018962597856646,-0.0006407816121958006,0.007586332818021214,0.0,0.0030268923122166447,0.0
2021-05-21,-8.942677437624825e-05,-0.00036393179361256684,-0.00020839682648532423,0.0,0.0014319273676003052,0.0
2021-05-22,0.0,0.0,0.0,0.0,0.0,0.0
2021-05-23,-0.0024344610462629515,0.0,-0.000648988890828428,0.0,0.0,0.00548180185935023
2021-05-24,0.014583483154954837,0.0,0.005371793363729449,0.009707363291212964,0.008388137098223296,0.0019860371529770537
2021-05-25,-8.758612635758496e-05,0.0,-0.00032267812588897553,0.0,0.0,0.0
2021-05-26,0.00045785607869253646,0.0,0.0015199434641851692,0.0,0.0,0.00021675139766554226
2021-05-27,-0.0002358734069926806,0.00044011270819298667,0.002548830742180619,0.0,0.001176161793093587,-0.00020589178384774305
2021-05-28,-0.0007130909963358773,9.567661063811995e-05,-0.000564351436155619,0.0,0.0005428830227743389,0.0
2021-05-29,0.0,0.0,0.0,0.0,0.0,0.0
2021-05-30,0.001215866563543666,0.00014950019277251955,0.0004261644237365304,0.0,0.00038877446684194486,0.0
2021-05-31,-0.0012530787539047825,-0.0004932445098599933,-0.0006483462511254756,-0.0007661045150429345,0.0,-0.0026975924000410467
2021-06-01,-0.0025599208389648783,0.001428244116347717,0.0017214787562081389,0.0,0.0,0.0
2021-06-02,0.0024822023195834957,-0.0001901508985370529,0.002036524468114531,0.0,0.0006396430358036162,0.0
2021-06-03,-0.008914817475111858,0.00016639145013579032,-0.003918973922843174,0.0,0.0,0.0006857974388824569
2021-06-04,0.014990896520346294,-0.0008756968090044546,0.0026296003072718843,0.0,0.0022823492103063187,0.0
2021-06-05,0.0,0.0,0.0,0.0,0.0,0.0
2021-06-06,-8.714976687437362e-05,3.0492596143627537e-05,-4.4044627681917036e-05,0.0,0.0,0.0
2021-06-07,0.0031334129026871003,-0.00033746170120295784,0.0018681050320111692,0.0033934563683120644,0.0,-0.0019116575090257258
2021-06-08,-8.683068017366135e-05,3.493043745846818e-05,0.0010896106060661603,0.0,0.0,0.0
2021-06-09,-0.0002911858010592588,0.00024607532346376804,-0.0016684564827485816,0.0,0.0,-0.0013464035234086224
2021-06-10,0.009740524758313863,-0.000133075593536884,0.0008603558904881512,0.0,0.003299525463621074,0.0
2021-06-11,-8.575593859874795e-05,0.00033724655583037985,0.003125161927526099,0.0,0.002584874992910588,0.0
2021-06-12,0.0,0.0,0.0,0.0,0.0,0.0
2021-06-13,0.001636962661936017,-7.208477365123549e-05,0.00045102127094107656,0.0,0.0,0.0009517339397385224
2021-06-14,-8.501714512426673e-05,0.0002935625934823943,0.000310138234604061,0.000569506859644957,0.0006651074431839875,0.0
2021-06-15,-0.005911536298878718,-0.00045186663812443636,-0.0009174930769462519,0.0,0.0,0.0
2021-06-16,-0.011637272264676033,-0.0027084932973149125,-0.006634224195689462,0.0,0.0,0.0016459418648546622
2021-06-17,0.023773238479116665,-0.002429000591556253,-0.0004001704077299356,0.0,0.005170359044466836,0.0
2021-06-18,-8.551393877201984e-05,-0.001144109790902464,-0.006930150607480785,0.0,0.0,0.0
2021-06-19,0.0,0.0,0.0,0.0,0.0,0.0
2021-06-20,0.0,-0.00031428933364520666,0.0005104247248738813,0.0,0.0,0.0
2021-06-21,0.0,0.004116039676099826,0.0020868053356563527,0.0183025438718113,0.0,0.0006998652858466113
2021-06-22,0.009889540812424671,0.0007977272793127867,0.00014070834076738148,0.0,0.0030276129312243397,-0.001975922811780968
2021-06-23,-8.389261744966443e-05,5.116816839874087e-05,0.0001620464317291348,0.0,0.0024985818553563896,0.0015764042769675821
2021-06-24,0.004101830372292631,0.0018769496537972348,0.0009586361888956229,0.0,0.0,-0.0008233864165381006
2021-06-25,-8.363418407883915e-05,0.0018095568391651312,0.0007269431454901221,0.0,0.0014475932146167292,0.0
2021-06-26,0.0,0.0,0.0,0.0,0.0,0.0
2021-06-27,0.0,0.00014159218984682363,0.00012310420421628442,0.0,0.0,0.0016783320630961876
2021-06-28,0.009444507993850887,-0.0012578077248563567,-0.0010779424061613696,-0.0010747858405328247,0.0,-0.0005106330722326958
2021-06-29,-8.216926869350862e-05,-0.0004961865704534422,-0.0016494175233351454,0.0,0.0034234688142031782,0.0
2021-06-30,-0.0023372744009443015,0.000427464279770786,0.001764101168576593,0.0,0.0,-0.0024209323082171664
2021-07-01,-0.002384795791272033,0.0011212358949688518,0.0016057504164871395,0.0,0.0,0.0011876340013484876
2021-07-02,0.013912550590968322,0.0018024608198677096,-0.001355343122152586,0.0,0.0028153522036787676,0.0
2021-07-03,0.0,0.0,0.0,0.0,0.0,0.0
2021-07-04,-8.1468607429937e-05,-0.00014032425056714255,0.00017086843560194518,0.0,0.0,0.0
2021-07-05,-0.0001759354152217441,0.000830079542254629,-7.230888082084832e-05,0.0017426695520613563,0.0,-0.00043981416803586757
2021-07-06,0.004082125225350407,-0.0008472041677698685,-0.0032976244372750806,0.0,0.0,-0.0009567827136237587
2021-07-07,-8.094107489747464e-05,-0.00012326409540898203,0.0018108419442295354,0.0,0.003111663057907711,0.0
2021-07-08,-0.009593742678909268,0.0019066291947914499,-0.006096465028433959,0.0,0.0,0.0
2021-07-09,0.009897625184683661,0.0016152020617478076,0.0009110042338324354,0.0,-0.00428940498306949,0.0
2021-07-10,0.0,0.0,0.0,0.0,0.0,0.0
2021-07-11,0.0012633209767365064,-1.2581402874825806e-05,0.0001486328373776491,0.0,0.0,0.0
2021-07-12,0.004304440810039385,6.686355083429865e-05,1.1575905582894565e-05,0.002830875677164095,0.0,-0.0010284509498693893
2021-07-13,-8.075370121130551e-05,-0.0005905431026940693,-0.0006773662497695954,0.0,0.0,-0.002156725510920372
2021-07-14,0.0,0.00022052987162636303,-0.0016347611046445775,0.0,0.0,0.0
2021-07-15,-0.01790618068770935,-0.00041910767932903687,-0.0016626173310322248,0.0,0.0,0.0
2021-07-16,-0.010891099582555668,-0.0005450139547991057,-0.0013362771671280083,0.0,0.0,0.0
2021-07-17,0.0,0.0,0.0,0.0,0.0,0.0
2021-07-18,-0.002873053210048956,-0.00014229258634548467,-0.0011431315496312489,0.0,0.0,0.0
2021-07-19,-0.005781191158959549,-0.0001625928131918809,-0.0063929332518537565,-0.011638037506483241,0.0,0.0
2021-07-20,0.016737110607168638,0.004301223575701627,0.0041614368427461655,0.0,-0.0020977705320432655,0.0
2021-07-21,-8.079828707631398e-05,0.0037207314167221664,0.0001560769672348751,0.0,0.0,0.0007693907577074428
2021-07-22,0.013234399263114363,0.0017160818225009568,0.002082735764554067,0.0,0.0,0.001097840853954405
2021-07-23,-7.94333752565036e-05,0.0019024596246466452,0.0012127580422496397,0.0,0.0,0.0
2021-07-24,0.0,0.0,0.0,0.0,0.0,0.0
2021-07-25,0.002811981926736325,0.00015217708263190214,0.00010494581729133532,0.0,0.0,0.0
2021-07-26,-0.0008575662866593976,0.0006755672406201533,-0.00030638062887352604,0.002351755171729499,-0.002448708563098169,0.0
2021-07-27,-0.018468859315667767,-0.0011431624972692716,-0.0014750193603048044,0.0,0.0,-0.0014697967781251797
2021-07-28,0.007116435238720955,0.0007188426008324266,-0.00021474028975982957,0.0,0.002669362829261199,0.000991700601503267
2021-07-29,-0.010777671851140138,0.0008672477249201344,-0.00027569879786853925,0.0,0.0009345294435371002,0.0
2021-07-30,0.008574661015862623,-0.0005958518704330751,-0.0006748151566998482,0.0,-4.661155523255814e-05,0.0
2021-07-31,0.0,0.0,0.0,0.0,0.0,0.0
2021-08-01,0.003243513631791085,0.0006263402577119709,-5.223134055223344e-05,0.0,0.0,0.0
2021-08-02,-0.0034564388249778105,-0.0019006936964266691,-0.0013223486724706999,-0.0026416425383828917,0.0,-0.000568293544670035
2021-08-03,0.006310215074509935,0.0005624342670017511,-0.00010112315185480445,0.0,0.002800693119521816,0.0007880306754930832
2021-08-04,0.004720277169064923,-0.0008990415651993354,0.001295225878464379,0.0,0.0,-7.132330434641964e-05
2021-08-05,0.006679648626835609,0.0015356033724343223,0.001963361792747423,0.0,0.0019109359921461086,0.0
2021-08-06,-7.94407372100413e-05,0.00029604997593883674,0.0007883039623002408,0.0,0.0,0.0
2021-08-07,0.0,0.0,0.0,0.0,0.0,0.0
2021-08-08,-0.0,-0.0029694364833985124,-0.002661333778556172,0.0,0.0,0.0
2021-08-09,0.0,0.0007209679927248646,-0.00010467127896310238,-0.0022926446154171755,0.0015346633010070252,-0.0010043761519009102
2021-08-10,-0.007878461106999851,-0.0009113309526494797,0.0006950054470964862,0.0,0.0,0.0013241989207811878
2021-08-11,-0.003918736743115305,0.001109744821093517,0.0007670760037891023,0.0,0.0,-0.0005553396036572567
2021-08-12,0.00670473558821762,0.0014556177786555996,0.00017222334015120082,0.0,0.0011278521924563628,0.0029384258492505012
2021-08-13,0.00501641723436519,0.0011707566033464334,-0.0011839608469637634,0.0,0.0,0.0
2021-08-14,0.0,0.0,0.0,0.0,0.0,0.0
2021-08-15,-0.0008969519758993082,-2.4749391857319992e-05,-0.00011504403064601653,0.0,0.0,5.646304119451069e-05
2021-08-16,0.0015662965656074556,-0.00012216477064002355,-0.0010226781888681923,-0.0011736677632006166,0.0,0.0
2021-08-17,-8.019782129252154e-05,-0.0013242599260956502,-0.0003437919778547682,0.0,0.0,0.0
2021-08-18,-0.0,-0.00037393280741778486,-0.0006049114231298169,0.0,0.0,0.0
2021-08-19,0.0,-2.5500022020427063e-05,-0.002429111046361644,0.0,0.0,0.0008505619368472774
2021-08-20,0.017211722413418888,0.0019033824461186508,0.0037460359117239546,0.0,0.0,0.0
2021-08-21,0.0,0.0,0.0,0.0,0.0,0.0
2021-08-22,-7.940394108227572e-05,1.4513355625327053e-05,0.00014672770557103696,0.0,0.0,0.0036648449062056357
2021-08-23,0.021284450766951506,0.004163506564726161,0.003660756557258727,0.013490612921158879,0.0,0.0
2021-08-24,-7.811076105918193e-05,0.0010318087588559908,1.366926851255058e-05,0.0,0.005020193685599222,-6.2934958264763e-05
2021-08-25,0.0002419044462300267,0.0008018610716909709,0.0009553711021541345,0.0,0.0,0.0
2021-08-26,-0.007379106914042698,-0.002425714961030632,-0.00235432764302107,0.0,0.0,0.0002931951610634614
2021-08-27,0.013475322814199473,0.0017052190660231973,0.004243114959890337,0.0,0.006948233495211814,0.0
2021-08-28,0.0,0.0,0.0,0.0,0.0,0.0
2021-08-29,-7.763372408974458e-05,0.00023262060493806585,0.00025657794194066107,0.0,0.0,0.00013077514808070448
2021-08-30,0.012145500693267074,0.00120243550901083,0.0004558744130628795,0.001589033807633406,0.0,0.0
2021-08-31,-7.69142022074376e-05,-4.016074427373981e-05,-0.000727106932769872,0.0,0.0,-0.001159260284752491
2021-09-01,0.0015160143876481258,0.00037963118891890717,0.00010238735861000102,0.0,0.0,-0.000464128991908407
2021-09-02,-0.0017780400632269606,0.0012523605460692127,0.0003587120677134959,0.0,0.0005492817996994709,-0.0009876405797584217
2021-09-03,0.004867282923256859,0.00043049807029716845,-0.0006369268968208458,0.0,0.0,0.0
2021-09-04,0.0,0.0,0.0,0.0,0.0,0.0
2021-09-05,-0.00036584361514244894,-0.0001896934993435724,-0.00012506750514029716,0.0,0.0,0.0
2021-09-06,0.003352963854469082,0.00020580293919095468,0.0013254379609906719,0.0008497735764576783,0.0031056087030360666,0.0
2021-09-07,-7.660585013342185e-05,-0.0013979312255560888,-0.0020057998735416365,0.0,0.0,0.0
2021-09-08,-0.0,-0.0009534176612673188,-0.002009588141500202,0.0,0.0,0.0
2021-09-09,-0.0,-0.0002292444959589834,-0.0005900321490139719,0.0,0.0,-0.001719942215280212
2021-09-10,-0.0,-0.0006516228156044719,-0.0033548077166389192,0.0,0.0,0.0
2021-09-11,0.0,0.0,0.0,0.0,0.0,0.0
2021-09-12,0.0,0.0003435564283729376,0.001049730224629464,0.0,0.0,-0.0008693817235115373
2021-09-13,-0.0,0.001480992907645364,0.0007386745227860572,0.004202548500239868,-0.0007638778121327697,0.00012353297471915276
2021-09-14,-0.0,-0.0007717695504893215,-0.0012540489166139688,0.0,0.0,0.00011928693049895791
2021-09-15,0.0,0.0010036964723108665,-0.0007236899379734041,0.0,-8.283343163754562e-06,0.0
2021-09-16,-0.0018209030110177573,-0.0014190370303910228,-0.001287376719261261,0.0,-0.001931070794316365,0.0
2021-09-17,-0.024630294976423613,-0.0014793007260091846,-0.0016384415823874632,0.0,0.0,0.0
2021-09-18,0.0,0.0,0.0,0.0,0.0,0.0
2021-09-19,0.0055029615632277195,0.000426189699110407,0.0005589247997085157,0.0,0.0,0.0
2021-09-20,-0.031457297950489224,-0.004158271743130054,-0.004311239249217869,-0.015110592555353013,0.0,-0.0006251780681887368
2021-09-21,-0.005940967329883092,0.00024544976019903503,0.002234995842068995,0.0,0.0,0.0011774584663717773
2021-09-22,0.01994608531600271,0.005105159107080969,0.009803320316514543,0.0,-0.0023179354746521554,0.0
2021-09-23,-7.830649160815431e-05,0.004358262933633422,0.007671836896041295,0.0,0.0,0.0
2021-09-24,0.001104974192868449,-3.453625687547961e-05,-0.00046592011746696696,0.0,-0.0023533761391880694,0.0
2021-09-25,0.0,0.0,0.0,0.0,0.0,0.0
2021-09-26,-6.320912743960039e-05,0.00018317401629851216,0.0006319969490412249,0.0,0.0,0.0
2021-09-27,-0.011858818450897618,-0.0004379811774835545,0.00028003441688140263,0.0004987842578396038,0.0,0.0
2021-09-28,-0.029321594728321576,-0.00544171178742444,-0.009318660160565345,0.0,0.0,0.0
2021-09-29,-0.0010361122211584948,-0.002197671882794264,-0.00070944146289961,0.0,0.0,0.0009609965483039324
2021-09-30,-0.004874521370193132,0.0018389021109090744,-0.00036264648518468843,0.0,0.0,-0.0002616662400474384
2021-10-01,0.004219778589545277,0.003297829851238438,0.0018880308239658267,0.0,0.0,0.0
2021-10-02,0.0,0.0,0.0,0.0,0.0,0.0
2021-10-03,0.002304348024098792,0.0008382414793318693,0.00042667386700091515,0.0,0.0,0.0
2021-10-04,-0.021450235999910663,-0.0027930982575321926,-0.003738658901436903,-0.01389264508630788,0.0,0.0
2021-10-05,0.01006073406337058,0.002970257976951536,0.0008177442931314394,0.0,0.0,0.0
2021-10-06,0.010137202487876707,-0.0009686314900925898,-0.0017394195878125936,0.0,0.0,0.0
2021-10-07,-8.031590924302255e-05,0.0018807904544099116,0.0014232203149429634,0.0,-0.0001898987577802873,0.00027705828735390944
2021-10-08,-0.0064192304537233425,-0.00033672890779487286,-0.0004146478099084777,0.0,-0.004898194401268843,0.0
2021-10-09,0.0,0.0,0.0,0.0,0.0,0.0
2021-10-10,-0.00466548425349761,-0.0004223931277718443,-0.0008855041587461198,0.0,0.0,-0.0019415997337810928
2021-10-11,-0.0017164579125217914,-0.0011883502453273619,0.0018585823539634895,-0.00771732844491918,0.0,-0.0009112167141142541
2021-10-12,-0.004254077567506261,-6.95125375107059e-05,-0.0007205497526624801,0.0,0.0,-0.003008725279240538
2021-10-13,0.010938919522870558,0.0015094215907249999,0.005354997011119878,0.0,0.001524201656787065,0.004634226421099652
2021-10-14,-7.953762129487246e-05,0.0013991080816720713,0.007659572766494827,0.0,0.0,0.0
2021-10-15,0.0038757174535924465,0.0024937990148168735,0.0007512320217095135,0.0,0.0,0.0
2021-10-16,0.0,0.0,0.0,0.0,0.0,0.0
2021-10-17,-0.0031255244377911863,0.0003671695983668414,-0.0006849229558322345,0.0,0.0,0.00124405071492994
2021-10-18,0.011121229660040137,-0.0015272324383591314,0.0017963351324306223,0.002373490942353902,0.0,0.0016418984658161215
2021-10-19,-7.779477737727873e-05,0.0012711798368087901,0.003396748665209293,0.0,0.0,0.0
2021-10-20,-0.0037542923476441797,9.293140827498268e-05,8.363111310786267e-05,0.0,0.0,-0.0007775506328840707
2021-10-21,0.002816204506096217,-0.0005744929428150082,-0.00013633141330235968,0.0,0.0,9.850863569867141e-05
2021-10-22,-0.0035064488388148467,-0.0007152660141292002,-0.0013557340147071423,0.0,0.0070743703003792605,0.0
2021-10-23,0.0,0.0,0.0,0.0,0.0,0.0
2021-10-24,-0.0009948586054189413,0.000272930176526934,-0.0003056451446251329,0.0,0.0,0.002567387164078629
2021-10-25,0.013719186745180927,0.0008481768283357217,0.004353721846085309,0.009885657626750111,0.01199342070406375,0.0
2021-10-26,-7.703962404663464e-05,0.0008723106202060556,-0.0007930306378560404,0.0,0.0,0.0
2021-10-27,0.003597638329728276,-0.001704407089312187,-0.0012350023881834591,0.0,0.0,-0.004897750984340734
2021-10-28,0.0025249478370578046,3.5956745195419124e-05,0.00027440491465726693,0.0,0.00397936224317287,0.0007412728458157193
2021-10-29,0.013014551959041096,-0.0010749915757526708,0.00097153653643145,0.0,0.0,0.0
2021-10-30,0.0,0.0,0.0,0.0,0.0,0.0
2021-10-31,-7.549353901128628e-05,-3.5989164404901684e-05,0.0001359754903586419,0.0,0.0,0.0
2021-11-01,-0.00038977403590480437,-0.0006263561894595426,0.0005597589231402945,0.006647206604248033,0.0,0.0
2021-11-02,0.004633630611795833,0.0003259912269022205,0.0005113823662680428,0.0,0.0,0.0035125780865115693
2021-11-03,-7.407681765991333e-05,0.0007756271136759887,0.0005258840088477154,0.0,0.0,-0.0007510178256818025
2021-11-04,0.011198252138350377,-0.0022185429212027647,0.0008335746387898247,0.0,0.0,0.0024424173101445573
2021-11-05,-7.336757153338224e-05,-0.00044780916393424993,0.0004389228021494551,0.0,0.0,0.0
2021-11-06,0.0,0.0,0.0,0.0,0.0,0.0
2021-11-07,-0.0025007988922083864,-0.00030233266362799597,-7.47224972950211e-05,0.0,0.0,0.0
2021-11-08,-0.00018321106832917372,0.00196514010358273,-3.164996139483068e-05,0.00044300664160392886,0.005594064381185599,0.0
2021-11-09,-0.01044832987000298,-0.0007030492118215401,-0.0014125768331703203,0.0,0.0,0.0
2021-11-10,-0.016056683899370882,-0.0018587620589840493,-1.8608451135508286e-05,0.0,0.0,0.0
2021-11-11,0.005816918241921684,-0.0002598283248373486,0.001122486305463677,0.0,0.00089574650718538,0.0
2021-11-12,0.010396247705912564,0.0006209823076253325,0.000913266303657545,0.0,0.0,0.0
2021-11-13,0.0,0.0,0.0,0.0,0.0,0.0
2021-11-14,-7.392257841953527e-05,1.7015547864475025e-05,0.0003199104908798045,0.0,0.0,0.0
2021-11-15,-0.002843515868163914,-0.00026205235429802677,-0.0010515066025454508,-0.002194888716271831,0.0,0.0
2021-11-16,0.008537450703108925,0.0012318023278658104,0.0014640936118989645,0.0,0.002679802628019744,0.0
2021-11-17,-7.347088716096246e-05,0.0013357763764089612,-0.0024280841620444972,0.0,0.0,0.0
2021-11-18,0.01278010625898611,0.0005883459940475264,-0.0010601859416497156,0.0,0.0,0.0
2021-11-19,-7.232837080344766e-05,-0.0010885474898235457,-0.0020164846841830347,0.0,0.0,0.0
2021-11-20,0.0,0.0,0.0,0.0,0.0,0.0
2021-11-21,0.0,0.0,0.0,0.0,0.0,0.0
2021-11-22,-0.015313583730271196,0.00025788174202120723,-0.001821368766287303,-0.004408210706649737,-0.008797418262775945,0.0
2021-11-23,-0.008959533841985907,-0.0006939721816867955,-0.001912157004999755,0.0,0.0,0.0
2021-11-24,0.005206320061527551,-0.0005933909373837517,0.0005555874910841196,0.0,0.0008046434511877853,0.0
2021-11-25,0.0009487086805267697,-0.0004562016120055084,-0.0001212017603520188,0.0,0.0,0.0
2021-11-26,-0.024059893309409417,0.0014292690405133337,-0.004371242644488375,0.0,0.0,0.0
2021-11-27,0.0,0.0,0.0,0.0,0.0,0.0
2021-11-28,0.009412662195854165,0.0012205542346046942,0.003650286720646134,0.0,0.0,0.0
2021-11-29,0.01628028012414597,0.002013727856241596,0.0015643256660656025,0.01703947715019129,-0.008097642362111999,0.0
2021-11-30,-7.394899983977716e-05,-0.005273132451210725,-0.007786631901526689,0.0,-0.001047941783092292,0.0
2021-12-01,-0.0,-0.0009662692820785293,-0.0013204168441534713,0.0,0.0,0.0
2021-12-02,-0.0,0.002247412628521778,0.0037833991642805547,0.0,0.0,0.0
2021-12-03,-0.0,-0.004180048159855578,-0.004140728150092721,0.0,-0.017704595945292452,0.0
2021-12-04,0.0,0.0,0.0,0.0,0.0,0.0
2021-12-05,0.0,0.0011850325591731957,0.003238838483098094,0.0,0.0,0.0
2021-12-06,0.0,0.003572002217523155,0.004160907994465213,0.01667099919879788,0.0,0.0
2021-12-07,0.027329512457687142,0.004855563877794955,0.009078863227785595,0.0,0.0,0.0
2021-12-08,-7.326633534001685e-05,-0.001048802257590197,0.002349524557068283,0.0,0.0,0.0
2021-12-09,-0.008797608095211932,-0.0008833160649303971,-0.005237754378448589,0.0,0.0,0.0
2021-12-10,0.006414037140766185,0.0023038771699967256,0.0022946835877965866,0.0,0.0,0.0
2021-12-11,0.0,0.0,0.0,0.0,0.0,0.0
2021-12-12,0.0016039674704197845,0.0003162114317434093,0.0011002073630543617,0.0,0.0,0.0
2021-12-13,-0.011302799759544135,-0.0024533609000463212,-0.0050787932600627195,-0.010382905426268373,0.002149481497692081,0.0
2021-12-14,-0.007113920050511947,-0.0010006308801481238,-0.004401521342782759,0.0,0.0,0.0
2021-12-15,0.017281238342968557,0.0018226313549626438,0.005048528424810473,0.0,0.012478604978325808,0.0
2021-12-16,-7.569736194693614e-05,0.0003240782810458889,-0.0015658576317876705,0.0,0.0,0.0
2021-12-17,-0.0,-0.0017873695008567183,-0.004602639983895237,0.0,0.0,0.0
2021-12-18,0.0,0.0,0.0,0.0,0.0,0.0
2021-12-19,-0.0,-7.990415762644657e-06,-0.0010350250940800558,0.0,0.0,0.0
2021-12-20,0.0,0.00012892337263543057,-0.0011631824743228514,-0.009897423407679053,0.0,0.0
2021-12-21,0.0,0.0007248803066479377,0.005316442195088865,0.0,0.0008638151505341339,0.0
2021-12-22,0.008147417639990943,0.000813666099058207,0.004493345142025506,0.0,0.0,0.0
2021-12-23,-7.353031287148127e-05,0.00033734891893197696,0.00228978514196192,0.0,0.0,0.0
2021-12-24,0.0,-8.423549876373556e-05,5.335969656817817e-05,0.0,0.0,0.0
2021-12-25,0.0,0.0,0.0,0.0,0.0,0.0
2021-12-26,0.0013620226222200457,6.973233448215321e-05,0.00039659999443693024,0.0,0.0,0.0
2021-12-27,0.00752249078649586,0.00021348018314248528,0.0037336727027526217,0.0,0.0,0.0
2021-12-28,-7.247427163357009e-05,-7.931228101467825e-05,0.00041811287885276107,0.0,0.011171591941835797,0.0
2021-12-29,-0.002813678463750887,0.00038629534210357495,0.0005718170189906169,0.0,0.0,0.0
2021-12-30,-0.0009509000278186516,-3.6783318444168824e-05,-0.0011770524158805085,0.0,0.0,0.0
2021-12-31,-0.003925692784510359,0.00048165222003222877,-0.00043980488679585823,0.0,0.0,0.0
2022-01-01,0.0,0.0,0.0,0.0,0.0,0.0
2022-01-02,0.0019506861347569706,-0.00011411255354784346,0.0008637387373831018,0.0,2.42623242011805e-05,0.0
2022-01-03,0.004141618845149079,-0.0009118034607642954,0.0005273081462494945,0.0070719642245008485,0.003171425779772561,0.0
2022-01-04,-7.385524372230428e-05,-1.8808384429594698e-05,0.0014727058142565233,0.0,0.0,0.0
2022-01-05,-0.0,-0.0005657180896909899,-0.0025330983469056927,0.0,0.0,0.0
2022-01-06,0.0,0.0004400396836438631,-0.0008580443584888622,0.0,0.0,0.0
2022-01-07,-0.0,-0.0001526002147687923,-0.002207062372841051,0.0,0.0,0.0
2022-01-08,0.0,0.0,0.0,0.0,0.0,0.0
2022-01-09,-0.0,-0.00030950858078405486,-0.0007362215391352844,0.0,0.0,0.0
2022-01-10,0.0,-0.0005465881711603719,-0.006418893415627935,-0.0013500494071307214,-0.01279874249135367,0.0
2022-01-11,0.008740040090222312,0.0010410295081213574,0.002024839226098485,0.0,-0.00036200849794725963,0.0
2022-01-12,-7.543469241504168e-05,0.0005404699164950628,0.0005899492254331175,0.0,0.0,0.0
2022-01-13,-0.020022507424221736,-0.0015591755876649912,-0.0009858167518131621,0.0,0.0,0.0
2022-01-14,0.006274581963973974,0.0006146005461392455,0.0003537587417609345,0.0,0.0,0.0
2022-01-15,0.0,0.0,0.0,0.0,0.0,0.0
2022-01-16,-0.0016180981024320233,-0.00010152569491153869,0.0001239060442523865,0.0,-0.0023629772370153024,0.0
2022-01-17,0.00024813070014414226,0.0007333773042208867,0.0014719717204744187,-0.0013650339779771226,0.00038065960656149834,0.0
2022-01-18,-0.01973797333831559,-0.004252142455764253,-0.0050962632868999,0.0,0.0,0.0
2022-01-19,-0.009881116671261972,-0.0031927216252754997,0.0012281557316569129,0.0,0.0,0.0
2022-01-20,-0.01258802690864181,-0.004385314659723533,-0.006678695476533097,0.0,-4.64792749398011e-05,0.0
2022-01-21,-0.017034503684779694,-0.0028286353665946916,-0.0035537921125022593,0.0,0.0,0.0
2022-01-22,0.0,0.0,0.0,0.0,0.0,0.0
2022-01-23,0.007101623461113756,0.0019280213312950641,5.9868739519775004e-05,0.0,0.0,0.0
2022-01-24,-0.003383241521818365,-0.000831358854449257,0.0005297608878173987,0.009140164750349778,-0.013757631522554358,0.0
2022-01-25,-0.013490363632564074,-0.004814980396258836,-0.00010791854546107207,0.0,0.0,0.0
2022-01-26,0.003593907391904359,0.0022312638411159176,0.0009695630878767962,0.0,0.0,0.0
2022-01-27,-0.008081056778148332,-0.0023282838293702465,-0.0030769356065335138,0.0,0.0,0.0
2022-01-28,0.015895936658591674,0.004852735882990456,0.004747292674141387,0.0,0.0,0.0
2022-01-29,0.0,0.0,0.0,0.0,0.0,0.0
2022-01-30,-8.326914669941919e-05,-0.00040397006639460793,-0.00037734369272702796,0.0,0.0,0.0
2022-01-31,0.020850913124443735,0.006599403239853048,0.007571920492800444,0.021498370282795096,0.0,0.0
2022-02-01,-7.929061331289397e-05,0.0035236895890011373,0.0031603441365079645,0.0,0.0,0.0
2022-02-02,-0.013189528720236408,-0.0017491923261016107,-0.0046849091812403935,0.0,0.0,0.0
2022-02-03,-0.0002770639375608629,-0.0034779364225065376,0.0005477255011018256,0.0,0.0,0.0
2022-02-04,-0.0041792443478503435,-0.0025850285968398567,-0.0015284667229473682,0.0,0.0,0.0
2022-02-05,0.0,0.0,0.0,0.0,0.0,0.0
2022-02-06,0.002434450744082488,0.0007763980896257738,0.00165634300341726,0.0,0.0,0.0
2022-02-07,-0.0035912248449935986,0.0012530388093845738,-2.786214116295971e-05,0.0022646368491984607,-0.0018537303621539109,0.0
2022-02-08,0.006292157498797988,0.001992975779452098,0.005936350916707144,0.0,0.0,0.0
2022-02-09,-7.973845785822501e-05,0.003910793922376951,0.005903485940938346,0.0,0.0,0.0
2022-02-10,-0.014026727310182114,-0.004997558072428555,-0.007778193832868263,0.0,0.0,0.0
2022-02-11,-0.01454642571941639,-0.0017846910213261818,-0.005113442302276962,0.0,0.0,0.0
2022-02-12,0.0,0.0,0.0,0.0,0.0,0.0
2022-02-13,-0.0004446823124645605,-0.00024016309155226503,0.00020354129400617093,0.0,0.0,0.0
2022-02-14,0.0017806819489054734,0.0009253093253212097,-0.00032639318462035645,-0.002963690353556079,0.0,0.0
2022-02-15,-8.238815807541262e-05,0.001061300514486579,0.005350638979156875,0.0,0.0,0.0
2022-02-16,0.00023423871986304472,0.00015155337274316583,0.0010640658044166918,0.0,0.0,0.0
2022-02-17,-0.014348110521229128,-0.0012719548624682377,-0.006029256332113264,0.0,0.0,0.0
2022-02-18,-0.006657580044384056,-0.00029918177064916973,-0.003857066277385381,0.0,0.0,0.0
2022-02-19,0.0,0.0,0.0,0.0,0.0,0.0
2022-02-20,-0.005148634375476461,-0.0012400333247364033,-0.0007857388392441212,0.0,0.0,0.0
2022-02-21,-0.00628250734315792,-0.007194772783024158,-0.006347511847690716,-0.01782433137224378,0.0,0.0
2022-02-22,0.010829416861313813,0.004143311310643395,0.004990513019522701,0.0,0.0,0.0
2022-02-23,-0.017999134438456407,-0.005399191128935838,-0.008280464113754226,0.0,0.0,0.0
2022-02-24,0.013422412489070135,0.003472738347819341,-0.00035420688142378826,0.0,0.0,0.0
2022-02-25,0.01223075808236316,0.010428305795263616,0.003008688265693427,0.0,0.0,0.0
2022-02-26,0.0,0.0,0.0,0.0,0.0,0.0
2022-02-27,-0.011567390956071214,-0.006358947989024774,4.5873544813268555e-05,0.0,0.0,0.0
2022-02-28,0.01407301310205489,0.002864832629192071,-0.0028799180835842875,0.0013728417768485918,0.0,0.0
2022-03-01,-8.541229225239332e-05,-0.008987477282177522,-0.0035847728765251697,0.0,0.0,0.0
2022-03-02,0.0,0.005219304741474126,0.0009967511987578836,0.0,0.0,0.0
2022-03-03,-0.003934657883706539,-0.004754805515875992,-0.0004781356105150847,0.0,0.0,0.0
2022-03-04,-0.008600932972800655,-0.010412734646725588,-0.00177991456577333,0.0,0.0,0.0
2022-03-05,0.0,0.0,0.0,0.0,0.0,0.0
2022-03-06,-0.006860113081126748,-0.004466222958112189,-0.0014751979633886414,0.0,0.0,0.0
2022-03-07,-0.010230320816531474,-0.004982900849849296,-0.011099925674694987,-0.030010377217265995,0.0,0.0
2022-03-08,-0.0006538156082404798,0.0033774739320255615,0.005148012584276074,0.0,0.0,0.0
2022-03-09,0.017124964904535498,0.017260195454006345,0.021952263436623865,0.0,0.0,0.0
2022-03-10,-8.829567277623668e-05,-0.005585944811813872,-0.005166682375277754,0.0,0.0,0.0
2022-03-11,-0.0,-0.004820730106985225,-0.0043208675191689794,0.0,0.0,0.0
2022-03-12,0.0,0.0,0.0,0.0,0.0,0.0
2022-03-13,0.0,0.002047605552543954,0.003259589677618191,0.0,0.0,0.0
2022-03-14,-0.0,0.0008218864131870089,-0.0024190006125760833,-0.010251499028272373,0.0,7.657633306891036e-05
2022-03-15,0.0,0.005238629793030379,0.0008385096506832311,0.0,0.0,-0.0072488766849946856
2022-03-16,0.01641980931675634,0.010427162952288955,0.01079776520934756,0.0,0.0,-0.0010929322058416864
2022-03-17,-8.560178051703475e-05,0.0006632014791568831,0.0013788844946582392,0.0,0.0,0.0066977730417357596
2022-03-18,0.011080200454560112,0.0039038849514791583,0.006510834227549457,0.0,0.0,0.0
2022-03-19,0.0,0.0,0.0,0.0,0.0,0.0
2022-03-20,-8.33472245374229e-05,-0.0006568513660587769,-0.00048767911443804447,0.0,0.0,0.0
2022-03-21,-0.0018231817976890256,-0.0021252607564494243,-0.0012763018957150816,-0.008730437381233885,0.0,0.0023917887747596494
2022-03-22,0.009305340408871451,0.006907001073806313,0.008864609065710672,0.0,0.0,-0.00027898172245498617
2022-03-23,-8.294510416522664e-05,-0.005088259128598344,-0.0057430098104412014,0.0,0.0,0.0007166830694682049
2022-03-24,0.0,0.00402628108587116,0.006953723123542254,0.0,0.0,0.0
2022-03-25,-8.139345596614032e-05,-0.0006506328154329711,0.0008486140760115112,0.0,0.0,0.0
2022-03-26,0.0,0.0,0.0,0.0,0.0,0.0
2022-03-27,-0.0008619285233624989,-0.00017832150967749867,-5.0334366348614445e-05,0.0,0.0,-0.002827237099800728
2022-03-28,0.007575341701204215,0.0036284937602751315,0.005484050226099091,0.005516490010552632,0.0,-0.0022739897910970482
2022-03-29,-7.887057338906853e-05,0.004583959244864388,0.004092390370585457,0.0,0.0,0.0
2022-03-30,-0.0033472466576057935,-0.001195371057262886,-0.00259324714880045,0.0,0.0,0.0
2022-03-31,-0.005809001916491349,-0.003130197725504873,-0.0048261081213448855,0.0,0.0,0.0
2022-04-01,-0.0019600334284865352,-0.0019394638134199184,0.002815715436936783,0.0,0.0,0.0
2022-04-02,0.0,0.0,0.0,0.0,0.0,0.0
2022-04-03,-0.001089707036569401,-5.1238116663985465e-05,-0.00040771418764413704,0.0,0.0,0.0027702376480191913
2022-04-04,0.01160909624633089,6.301190897563754e-05,0.004128140928132717,0.007996491999097504,0.0016722143469373898,0.0
2022-04-05,-8.087343307723413e-05,0.00010577030017132313,-0.004374882658184912,0.0,0.0,0.0
2022-04-06,-0.0,0.0013337405159564012,-0.0014817006987305939,0.0,0.0,-0.0006582866802102505
2022-04-07,0.0,0.0004660531185183382,0.0026301332721956226,0.0,0.0,0.00018856319859624784
2022-04-08,-0.00818322316347279,-0.0012087382163035903,0.0011456442063469186,0.0,0.0,0.0
2022-04-09,0.0,0.0,0.0,0.0,0.0,0.0
2022-04-10,-0.0005458745337346685,-1.4032400917656818e-05,-0.0005210858502804339,0.0,0.0,-0.0021616677923820904
2022-04-11,-0.013245640669965355,-0.001826560392988335,-0.0005228646526237484,-0.015628246007087634,0.0,-0.001469070945620961
2022-04-12,0.0005243598315790874,-0.0004614176419379213,-4.1018155703421435e-05,0.0,0.0,-8.127051463940843e-05
2022-04-13,0.009348377935021124,0.004127652928959634,0.0043263024351898995,0.0,0.0,0.0
2022-04-14,-0.013583948821683966,-0.0014468442432643129,-0.003119018302958498,0.0,0.0,0.0
2022-04-15,0.0,-0.00014434131830098895,0.00039555704590659156,0.0,0.0,0.0
2022-04-16,0.0,0.0,0.0,0.0,0.0,0.0
2022-04-17,-0.0064898074841865695,-0.0022883159821791995,-0.0008636758841646385,0.0,0.0,-0.002002097625213392
2022-04-18,0.01198933596293123,0.0030070176036122703,0.0026446967674436214,0.0,0.0,-0.0008920100553946132
2022-04-19,-8.521274782707493e-05,0.0036153109696738864,0.004959616793749556,0.0,0.0,0.0
2022-04-20,0.00019795494163755636,0.0017571865900189655,-0.0008465427175638472,0.0,0.0,-0.00520321147875924
2022-04-21,-0.016679204929030605,-0.004406608524429489,-0.006217433573164793,0.0,0.0,0.0
2022-04-22,-0.015684661133489708,-0.0030708223292733082,-0.0007750647496002066,0.0,0.0,0.0
2022-04-23,0.0,0.0,0.0,0.0,0.0,0.0
2022-04-24,0.0005776265734421719,0.0005162207247260716,0.0007263710097835663,0.0,0.0,0.0
2022-04-25,0.00843106007789097,0.0007052463037225725,-0.0014081887931498849,0.010898577797670082,0.0,0.0
2022-04-26,-9.229349330872173e-05,-0.00938502518511869,-0.015107197491664165,0.0,0.0,0.0
2022-04-27,0.0,0.002076665847951955,0.000976730966108666,0.0,0.0,-0.009057302028061194
2022-04-28,0.002722159158763064,0.0023962691354815903,0.004235447859709262,0.0,0.0,-4.538724640399473e-05
2022-04-29,-0.013053825715402844,-0.002016739615512058,-0.003991223819543348,0.0,0.0,0.0
2022-04-30,0.0,0.0,0.0,0.0,0.0,0.0
2022-05-01,-0.0003613001599001362,-0.00046301305785167887,4.6741257924098886e-05,0.0,0.0,0.0
2022-05-02,0.00682413332383792,0.0002158196019877736,-0.0001635179723771363,0.005151949116072988,0.0,0.0
2022-05-03,-9.143414455738254e-05,0.0016468632556796222,0.0020037292794410355,0.0,0.0,-0.00016566589018076654
2022-05-04,-0.00694650816320671,-0.0009384032019725131,0.001726422356612378,0.0,0.0,0.005159166881681842
2022-05-05,-0.0025505746641645323,-0.003627138693519257,-0.0014997440929187978,0.0,0.0,0.0
2022-05-06,-0.00861494469898743,-0.0020896224875354384,-0.0006055965477682983,0.0,0.0,0.0
2022-05-07,0.0,0.0,0.0,0.0,0.0,0.0
2022-05-08,0.011539562626867533,0.0021006485370493925,0.002469382392628816,0.0,0.0,0.0
2022-05-09,-9.808088403570145e-05,-0.008511715605216283,-0.013964564451474759,-0.028225273696404853,0.0,0.0
2022-05-10,0.0,-0.0001840982679103676,-0.00044059869708313053,0.0,0.0,-0.00072493939165383
2022-05-11,-0.0118355459945554,-0.005379902267242352,-0.001663118193729688,0.0,0.0,0.0
2022-05-12,0.0005000695745401829,-0.001024550920852156,-0.0042519693830000115,0.0,0.0,0.0033504525178727524
2022-05-13,0.012424849689071872,0.008111322919273672,0.006793102872114335,0.0,0.0,0.0
2022-05-14,0.0,0.0,0.0,0.0,0.0,0.0
2022-05-15,-9.62741888899586e-05,0.0016068920970377853,0.0005229475469458623,0.0,0.0,0.0
2022-05-16,-0.0067793652247825405,-0.0010999594192545935,-0.0013870021862804395,-0.002447594005778116,0.0,-0.004633117658227086
2022-05-17,0.01004076917130737,0.009739366487977238,0.003784147405442284,0.0,0.0,0.0
2022-05-18,-0.00010151253679829458,-0.013359322498512315,-0.004901683416296943,0.0,0.0,0.002515055702619755
2022-05-19,0.0,0.00379002438949389,0.002310153092286823,0.0,0.0,0.0
2022-05-20,-0.0,-0.00027245676824583546,0.0014962294133123444,0.0,0.0,0.0
2022-05-21,0.0,0.0,0.0,0.0,0.0,0.0
2022-05-22,0.0,0.0022311688545589847,0.0010818174126406622,0.0,0.0,-0.0010549648905668475
2022-05-23,-0.0028231136151878927,0.0016642582874815055,0.0019039566937988583,0.009842677864744102,0.0,0.0
2022-05-24,-0.0010826677127749366,0.0018623454864152744,-0.0015443525829850423,0.0,0.0,0.0
2022-05-25,0.0012257709037831537,0.0007478725445578412,0.002256023613220792,0.0,0.0,0.007418634299032564
2022-05-26,0.013182598231204927,0.0065678396582710945,0.004162981952743871,0.0,0.0,0.0006916127038770751
2022-05-27,-9.436929852154765e-05,0.006816062154834388,0.004939354960061815,0.0,0.0,0.0
2022-05-28,0.0,0.0,0.0,0.0,0.0,0.0
2022-05-29,0.0004975692039514796,-0.00010528631860982272,3.8493079963741736e-05,0.0,0.0,-0.0013332748939119947
2022-05-30,0.0021855488144025704,0.0009624625955068102,0.0015190970135858129,0.0023911318262414753,0.0,0.0
2022-05-31,-9.447628645210052e-05,-0.0027430337978212363,-0.0018620880824677165,0.0,0.0,0.0
2022-06-01,-0.0,-0.005753782881185374,-0.0012512131230716815,0.0,0.0,0.007198316608600806
2022-06-02,0.0,0.0031208963394395374,0.011678144019576675,0.0,0.0,0.0
2022-06-03,-0.012300494709429245,-0.003383647815535803,-0.006692655046312335,0.0,0.0,0.0
2022-06-04,0.0,0.0,0.0,0.0,0.0,0.0
2022-06-05,3.5297580080680116e-05,-0.00015484710954286496,-7.963114209582622e-05,0.0,0.0,0.0
2022-06-06,0.0017007737278542585,0.0022263090156576892,0.0038571723457107463,0.0023123429425883704,0.0,-0.0002160011438252289
2022-06-07,-9.47193937958797e-05,0.00028500970507495135,0.003647299660953917,0.0,0.0,0.0
2022-06-08,-0.0016096104261287922,-0.0002553333576097136,-0.003723753007972308,0.0,0.0,0.0
2022-06-09,-0.011071184254750071,0.00026176200860665545,-0.010860388001980841,0.0,0.0,0.002717343008151914
2022-06-10,-0.014619408513785336,-0.0017726803759322463,-0.0007946914302426226,0.0,0.0,0.0
2022-06-11,0.0,0.0,0.0,0.0,0.0,0.0
2022-06-12,-0.006940568492999721,-0.0004925103501995749,-0.003221737104944833,0.0,0.0,0.0
2022-06-13,-0.013483200173100653,-0.01054928045459063,-0.017498036886684717,-0.03960260692257497,0.0,0.0
2022-06-14,0.002490270666310691,-0.003090986772461797,-0.0033417272210363117,0.0,0.0,-0.004172394892083661
2022-06-15,0.011723073797855034,0.011459326224016646,0.0015704082797209362,0.0,0.0,0.0
2022-06-16,-0.00010750568884270124,-0.006669333945598322,-0.003225496154304278,0.0,0.0,0.0
2022-06-17,0.0,-0.0014845668876894912,-0.0005656799234954213,0.0,0.0,0.0
2022-06-18,0.0,0.0,0.0,0.0,0.0,0.0
2022-06-19,0.0,0.0018853955358006935,-0.00010351010649859438,0.0,0.0,0.0
2022-06-20,-0.00030566330213119893,0.001336771005087021,3.861854397211317e-05,0.009001320343173424,0.0,0.0007562124746061681
2022-06-21,0.005532309934124599,0.0026308307387763767,-0.0004232807109593506,0.0,0.0,-0.0006314819291617294
2022-06-22,-0.0001047705524900468,-0.00444726275118957,0.0002858437714996942,0.0,0.0,0.0
2022-06-23,0.0,0.0028999971461448814,-0.0006528172139024458,0.0,0.0,0.010181256218075075
2022-06-24,0.016778248437536544,0.011303564289884807,0.0020685096673978887,0.0,0.0,0.0
2022-06-25,0.0,0.0,0.0,0.0,0.0,0.0
2022-06-26,-9.94859890565412e-05,-0.0010098658734541096,0.00021069221971095064,0.0,0.0,0.0
2022-06-27,-0.0010006657382375449,-0.0007339656789130641,-0.0009528751231146826,-0.0008115557430658606,0.0,0.0
2022-06-28,-0.013603861927965479,-0.005769351690473507,-0.0005260501928611605,0.0,0.0,-0.0011568991889195003
2022-06-29,-0.00038082529158670926,-0.001697054931051819,-0.001387379323180517,0.0,0.0,0.0
2022-06-30,-0.0049621360517263695,0.00011669893902793209,-0.003291475658646235,0.0,0.0,0.0
2022-07-01,0.002826707855414421,0.0011122009564870688,0.0021002672662578823,0.0,0.0,0.0
2022-07-02,0.0,0.0,0.0,0.0,0.0,0.0
2022-07-03,-0.0016877893077162237,-0.00019107233782540828,-0.0015336616603174535,0.0,0.0,0.0
2022-07-04,0.004533056109379887,-0.00035718069552215524,0.0044420251075723005,0.0045750243989705714,0.0,0.0017172665921558821
2022-07-05,-0.00010206164523372116,-0.0038854143066377675,-0.002392536111731549,0.0,0.0,0.0
2022-07-06,0.004489250551803507,-0.000934406020005283,0.0026702327237112596,0.0,0.0,0.002205810607594991
2022-07-07,0.008350936511702678,0.004366268757404268,0.0070845257256427424,0.0,0.0,-0.0012135210411660354
2022-07-08,-9.889159009435905e-05,0.0004288923210782691,0.0018303730196135735,0.0,0.0,0.0
2022-07-09,0.0,0.0,0.0,0.0,0.0,0.0
2022-07-10,-0.001923141039631937,-2.7313814482056063e-05,-0.0006645918768869108,0.0,0.0,0.0
2022-07-11,-0.009248421575209434,-0.0022521810343713406,-0.005333259848666393,-0.014178179537661283,0.0,0.0
2022-07-12,-0.007330626719718309,-0.0013258953934260393,-0.0041898290594593384,0.0,0.0,-0.005292347166226022
2022-07-13,-0.0052925725636461226,0.0005655313210327983,-0.0034070057142473126,0.0,0.0,0.0
2022-07-14,0.010179410911220465,-0.0020104333505619647,-0.003164689780066743,0.0,0.0,0.000733703183316739
2022-07-15,0.008203090417851508,0.00018013996123411293,0.001381606518749512,0.0,0.0,0.0
2022-07-16,0.0,0.0,0.0,0.0,0.0,0.0
2022-07-17,-9.971083856815236e-05,0.00022765972023767883,-0.00023975070184897306,0.0,0.0,-0.0016343818472005786
2022-07-18,-0.006215691062352805,0.001005440331211648,0.0005494110700666299,-0.005101525982283156,0.0,0.010435270070221221
2022-07-19,0.019919131754006683,0.0012082541223389061,0.0020583236637291163,0.0,0.0,0.0
2022-07-20,-9.6688421561518e-05,-0.0017342374754109055,-0.0011354846509885274,0.0,0.0,-0.001475020673858676
2022-07-21,0.005861297066062451,0.0011953340092323195,-7.082375077046568e-05,0.0,0.0,0.0
2022-07-22,-0.0063609027473196115,0.0008029678735330167,-0.001018417868662559,0.0,0.0,0.0
2022-07-23,0.0,0.0,0.0,0.0,0.0,0.0
2022-07-24,-0.0014572951585012006,-0.0004510740494296016,0.00017757636112333274,0.0,0.0,0.0
2022-07-25,-0.006429269354539964,0.0008284622090285566,0.0009574199756216317,-0.003072438895464757,0.0,0.0
2022-07-26,-0.0011640964498825016,-0.00127726103853206,0.0004928517149108424,0.0,0.0,0.005918083555963285
2022-07-27,0.018534102614758158,0.0020452825334233943,0.0032444393512625954,0.0,0.0,0.0
2022-07-28,-9.32285030610025e-05,0.00047892421080384187,0.0005065198719594207,0.0,0.0,0.0
2022-07-29,0.004581063414443852,0.0006103842544124559,0.00013219892687926934,0.0,0.0,0.0
2022-07-30,0.0,0.0,0.0,0.0,0.0,0.0
2022-07-31,-0.002939664090461894,-0.00045438137791301665,-0.0004083332886583912,0.0,0.0,-0.0026206045360655703
2022-08-01,0.0016448347184204349,0.0007553548084122937,-0.0034094242393931423,-0.002970079536896437,0.0,-0.0018485037709057607
2022-08-02,-0.0025551110278410685,-0.0020328714761827203,-0.0016567157012885169,0.0,0.0,0.005593413203880453
2022-08-03,0.017759715253293125,-6.635532985219578e-06,0.0048007422006128625,0.0,0.0,-5.154904342532265e-05
2022-08-04,-9.016319538364439e-05,0.0005713213661905157,0.000586536991575115,0.0,0.0,0.0
2022-08-05,-0.006187762267533981,0.0011217640705413706,-0.0009113095546703588,0.0,0.0,0.0
2022-08-06,0.0,0.0,0.0,0.0,0.0,0.0
2022-08-07,-0.002132428556183792,-6.597937825353845e-05,-0.0005018984267652238,0.0,0.0,-0.0019317647139234955
2022-08-08,0.0023439492467130876,0.00013842014467732336,0.0010654347134670063,0.004979993467696463,0.0,0.0
2022-08-09,-0.008929890226397091,0.00031584810148897725,-0.0017476626876054336,0.0,0.0,0.004225681215361161
2022-08-10,0.019458638431128803,-0.0011862420522780433,0.005270811213184224,0.0,0.0,0.0
2022-08-11,-9.012527413104215e-05,0.0004029007230649716,-0.0011771802274934684,0.0,0.0,0.0016888384166048335
2022-08-12,0.012395758329756826,-0.0008295585810608125,0.004455941598143798,0.0,0.0,0.0
2022-08-13,0.0,0.0,0.0,0.0,0.0,0.0
2022-08-14,-8.876264867743653e-05,-0.00014521519338723206,-0.0005708453779188383,0.0,0.0,0.0
2022-08-15,0.007651863261467974,-0.0005602579213889354,0.0015909332824890821,0.004153111048362425,0.0,-0.0016114010533539575
2022-08-16,-8.804108584005869e-05,0.0006439991710901583,0.0011343582230021521,0.0,0.0,-0.0015053024519455392
2022-08-17,-0.01087025957140572,-0.0002136840072557534,-0.002718442880913918,0.0,0.0,0.0
2022-08-18,0.004149723400408771,-0.000360945534508777,0.0006700748241933675,0.0,0.0,0.0
2022-08-19,-0.014660640337151113,-0.0013935969717385076,-0.004117930957669077,0.0,0.0,0.0
2022-08-20,0.0,0.0,0.0,0.0,0.0,0.0
2022-08-21,-0.003518180349820884,-0.0005042346991737989,3.2730843364725536e-05,0.0,0.0,0.0
2022-08-22,-0.012405823458159536,-0.0010889647165058629,-0.0022020896433028515,-0.019140204825466627,0.0,0.0
2022-08-23,-0.003554554905909303,0.0012170606879194933,-0.002804371400039133,0.0,0.0,0.0
2022-08-24,0.002442333300794339,-0.00033368793476169827,0.0016669370616756221,0.0,-0.006264632161450115,-0.0038459115713813897
2022-08-25,0.01204283210749071,0.002873301598333944,0.005529646623867391,0.0,0.0,0.0
2022-08-26,-9.563734319460605e-05,-0.0044727439178875415,-0.012869617376957264,0.0,0.0,0.0
2022-08-27,0.0,0.0,0.0,0.0,0.0,0.0
2022-08-28,-0.0,-0.0031932201413355306,-1.7632830427416485e-05,0.0,0.0,0.0
2022-08-29,0.0,0.0025251558847861513,0.002601140278623749,-0.0016608856758165951,0.0,0.0
2022-08-30,-0.008187881412852469,-0.004489816910833557,-0.0045054380624354184,0.0,0.0,0.0
2022-08-31,-0.008984382611152865,-0.005671093485974261,-0.004834399216924228,0.0,0.0,0.0
2022-09-01,0.005924893455892292,-2.30989559790142e-05,-0.0022092082608400456,0.0,0.0,-0.003294996347048256
2022-09-02,-0.008042596526678979,-0.0038557899050005737,0.00026680311888185307,0.0,0.0,0.0
2022-09-03,0.0,0.0,0.0,0.0,0.0,0.0
2022-09-04,-0.00035520567355888313,-0.0009578300660366073,-0.0002603029790215983,0.0,0.0,0.0
2022-09-05,0.0013129846998058633,0.003182053044217653,0.0011328304355863851,0.0018786430346956918,0.0,-0.00038209499036149385
2022-09-06,-0.007250655605409705,-0.0032362190838636923,-0.0017378636109555258,0.0,0.0,0.0020254669580295095
2022-09-07,0.014165679753323909,0.0037762069112063736,0.00417258994407872,0.0,0.0,0.0
2022-09-08,-9.720534629404617e-05,-0.000982480090626934,-0.00021606931430103718,0.0,0.0,0.005584592106343363
2022-09-09,0.012247513244723155,0.004236623904351509,0.004228263347744444,0.0,0.0,0.0
2022-09-10,0.0,0.0,0.0,0.0,0.0,0.0
2022-09-11,-9.504348239319489e-05,0.0011825230649289823,0.00039167009351577243,0.0,0.0,0.0
2022-09-12,0.006080956832533589,0.00245075310455353,0.0036888842131762804,0.011984690473883857,0.0,-0.0037702767749699883
2022-09-13,-9.958010389524173e-05,-0.007420921500486278,-0.006135377315514234,0.0,0.0,0.0
2022-09-14,0.0,0.0010498602129941663,-0.0006316653794578519,0.0,0.0,0.0
2022-09-15,-0.0,-0.0013921759499146038,-0.005230940064650991,0.0,0.0,0.0
2022-09-16,0.0,0.0002063387125327884,-8.217325687727149e-05,0.0,0.0,0.0
2022-09-17,0.0,0.0,0.0,0.0,0.0,0.0
2022-09-18,-0.0,-0.00027365827170207574,-0.0005990708781358656,0.0,0.0,0.0
2022-09-19,0.005686542008515789,0.002913726602723074,0.005586266856378086,0.008580103404489838,0.0,0.0
2022-09-20,-0.00010128633647320976,-0.005258767542828215,-0.008844785895918871,0.0,0.0,-0.002022569719179921
2022-09-21,-0.0,-0.007903089934826467,-0.007105424455764276,0.0,0.0,0.0
2022-09-22,-0.0,0.0003067714288541448,-0.0022807909516978117,0.0,0.0,0.0
2022-09-23,-0.0,-0.010347935034800297,-0.004339104697328757,0.0,0.0,0.0
2022-09-24,0.0,0.0,0.0,0.0,0.0,0.0
2022-09-25,-0.0,-0.002486298470363234,-0.0008738513976305651,0.0,0.0,0.0
2022-09-26,0.0,-0.0015912089041367696,-0.001756887993068701,-0.008221497760442687,0.0,-0.005788615836134891
2022-09-27,0.0,-0.003551270304044565,-0.0016965225371010082,0.0,0.0,-0.00010623387168803199
2022-09-28,0.0,0.009060379886757331,0.012795518418865276,0.0,0.0,0.0
2022-09-29,-0.012417991040294299,-0.0003675598738826372,-0.012531290805512175,0.0,0.0,0.0
2022-09-30,-0.009443999428372036,-0.0020819767674165332,-0.008464784228715015,0.0,0.0,0.0
2022-10-01,0.0,0.0,0.0,0.0,0.0,0.0
2022-10-02,-0.005249770436450525,-0.002014427245606378,-0.0016687914946919363,0.0,0.0,0.0060104323882373785
2022-10-03,0.019254739909884855,0.01807371973580236,0.00393187031041798,0.027908143117099875,0.0,-0.0032372190424903285
2022-10-04,-0.00010379724937289161,0.011338316659541867,0.007201147245843144,0.0,0.0,0.0
2022-10-05,0.003143107541257164,-0.0009430240131503139,0.00016972634496525965,0.0,0.0,0.0
2022-10-06,-0.007810633294320239,-0.00862737502470938,-0.002501591607875375,0.0,0.0,0.0
2022-10-07,-0.01623982202834805,-0.007739728877510131,-0.004425566585226682,0.0,0.0,0.0
2022-10-08,0.0,0.0,0.0,0.0,0.0,0.0
2022-10-09,-0.003062508569949009,1.0199599689761108e-05,-0.0017333223119168294,0.0,0.0,0.0
2022-10-10,-0.0010496833066624325,-0.00035249607158044187,-0.0010458897815514225,-0.00448312625919663,0.0,0.0
2022-10-11,-0.007386606538740921,4.275718754241989e-05,-0.005664197541372278,0.0,0.0,0.0
2022-10-12,0.00024219109335662684,-0.0012695716746301646,0.0012084419559449167,0.0,0.0,-0.00706551155929919
2022-10-13,0.009828395580109712,0.0008572427178823691,0.0017280614553429078,0.0,0.0,0.0
2022-10-14,-0.00011226914656737083,-0.001810304283281886,-0.0004898031252550952,0.0,0.0,0.0
2022-10-15,0.0,0.0,0.0,0.0,0.0,0.0
2022-10-16,0.0,-0.0003777560577838391,0.0006287312959507684,0.0,0.0,0.002756321640813483
2022-10-17,0.0,0.00370383830571302,0.004561365106393199,0.03592730882487245,0.0,0.0
2022-10-18,0.00613518213549343,0.0013226914126052754,0.0018341974935822036,0.0,0.0,0.0
2022-10-19,-0.010366589628094214,-0.0010123860690192514,-0.00475694707903861,0.0,0.0,0.0
2022-10-20,-0.0029279799900772986,-0.0007426476874626356,-0.0012736235608140647,0.0,0.0,0.017023361085077175
2022-10-21,0.014907463592277168,0.005127949011087021,0.007278827413242608,0.0,0.0,0.0
2022-10-22,0.0,0.0,0.0,0.0,0.0,0.0
2022-10-23,-0.00010520225132817842,0.00010915884145745736,0.0010226953114730762,0.0,0.0,0.0
2022-10-24,0.0007886596473771813,-0.0005085565172516131,0.0018230411295435012,0.008134784222212744,0.0,-0.0033898145269920135
2022-10-25,-0.00025112373009253923,-0.0007214336560833015,0.003821528084588421,0.0,0.0,-0.003997670599925165
2022-10-26,0.001189956494125118,-0.002930174221260895,0.0027598668209048655,0.0,0.0,0.0
2022-10-27,-0.014794612874712055,-0.0005640253265957879,-0.002169245955181409,0.0,0.0,0.001110716125708429
2022-10-28,0.022287043106648273,-0.0039029223586350597,0.011541218537564802,0.0,0.0,0.0
2022-10-29,0.0,0.0,0.0,0.0,0.0,0.0
2022-10-30,-0.00010425897930459261,0.0004888426055120338,-0.0007480522762887575,0.0,0.0,0.0
2022-10-31,-0.0032344648097094595,0.0034905689701685587,0.0009526387475443765,-0.007264635932516103,0.0,-0.0018930529276216482
2022-11-01,-0.005124315118033742,-0.0006081675112630449,-0.0005916725961199296,0.0,0.0,0.0
2022-11-02,-0.017391469903052913,0.0017429536959287354,-0.014812855490464922,0.0,0.0,0.0
2022-11-03,-0.009082308042992645,0.005567329056898939,-0.0023226031815712783,0.0,0.0,-0.003978532839619683
2022-11-04,0.006890122215231118,0.00010620432438754085,0.00438616813823639,0.0,0.0,0.0
2022-11-05,0.0,0.0,0.0,0.0,0.0,0.0
2022-11-06,-0.002996626499571283,-1.9098185947091545e-05,-0.0010636335424699772,0.0,0.0,0.0
2022-11-07,0.009008387092197511,-0.0005095059309296749,0.002424122877003654,0.011903276374892618,0.0,0.0
2022-11-08,-0.00010817437709587854,0.0010837748873687007,-0.00013696304753060633,0.0,0.0,0.0
2022-11-09,-0.011353942536677201,-0.00139374002252456,-0.004746005640966577,0.0,0.0,0.0
2022-11-10,0.03407171020883232,0.0068939844292821885,0.01235419645565216,0.0,0.0,0.0
2022-11-11,-0.00010166562176999848,-0.0012417946152667003,0.000592489833268761,0.0,0.0,0.0
2022-11-12,0.0,0.0,0.0,0.0,0.0,0.0
2022-11-13,-0.0008964077704241745,0.0004969454418646228,0.00043984380799549916,0.0,0.0,0.0
2022-11-14,-0.0013554312118562368,-0.0005735515717917082,-0.00030923775476268114,-0.006826362176493173,0.0,0.0
2022-11-15,0.004129361044337541,0.00038985289024188986,0.0001550904259379538,0.0,0.0028535736098617604,0.0
2022-11-16,-0.00010215374138077807,-0.0015634575850564086,-0.001158212408584147,0.0,0.0,0.0
2022-11-17,-0.0,0.0005022022387450834,-0.0010933678534165324,0.0,0.0,0.0
2022-11-18,-0.0,-0.0005966355553531786,0.0010934745626661746,0.0,0.0,0.0
2022-11-19,0.0,0.0,0.0,0.0,0.0,0.0
2022-11-20,-0.00018612215496454105,-5.705522241530112e-05,-0.00016123721475421737,0.0,0.0014107181111473483,0.0
2022-11-21,-0.003701062086836157,0.000752681810299537,0.0008880255686694683,-0.005112806339928368,0.0,0.0
2022-11-22,0.005110438924347564,-0.000665260620069219,0.00540231372844654,0.0,0.0026920955035173587,0.0
2022-11-23,-0.00010122994381738117,-0.0028501211388749473,0.0039554028087381175,0.0,0.0,0.0
2022-11-24,0.000956046736649899,3.628197084879089e-05,0.00038494868998626206,0.0,0.0,0.0
2022-11-25,-0.0046159586348899365,-0.00014767326597837834,6.977617653849407e-05,0.0,0.0,0.0
2022-11-26,0.0,0.0,0.0,0.0,0.0,0.0
2022-11-27,-0.0020412022732239857,0.0003389352278601043,-0.0013888359641586188,0.0,0.0,0.0
2022-11-28,-0.00418436095339376,0.000465132623970194,-0.005892700375916297,-0.01647695228463088,0.0,0.0
2022-11-29,-0.004765016129172423,-0.0008114750191819771,-6.752637443135207e-05,0.0,0.0,0.0
2022-11-30,0.023422917416364007,-0.0012276703407007952,0.007819411677294764,0.0,0.004463200678236567,0.0
2022-12-01,-9.992339206608266e-05,-0.004000208708161168,-0.0011663716231068853,0.0,0.004601864675123002,0.0
2022-12-02,-0.0017670797984472785,-0.00224893314107764,-0.003862777313073096,0.0,0.0,0.0
2022-12-03,0.0,0.0,0.0,0.0,0.0,0.0
2022-12-04,0.0008230316506839209,0.0004326996375004353,0.00046329980769896915,0.0,0.0,0.0
2022-12-05,-0.006631874837856877,0.0015411377799762326,0.0020106857017717053,-0.015560600780322564,0.0,0.0
2022-12-06,-0.014194496625139951,0.0009080168462273886,0.00047783961422485086,0.0,0.0,0.0
2022-12-07,-0.003973917141770343,-0.0022310370013963925,-0.002677816543369549,0.0,0.0,0.0
2022-12-08,0.007316573816258983,0.0015334850117987154,0.003979867782760835,0.0,-0.0099311352938288,0.0
2022-12-09,-0.00010393209769617182,-0.0028143505443796834,-0.0035365533861014048,0.0,0.0,0.0
2022-12-10,0.0,0.0,0.0,0.0,0.0,0.0
2022-12-11,-0.0,5.348819800737403e-06,-0.0003399993036233395,0.0,0.0,0.0
2022-12-12,0.0,0.003267648843144233,0.008448092195204525,0.013937566701071411,0.0,0.0
2022-12-13,0.007249920102988554,-0.00023256964600367695,0.0007500333113350114,0.0,0.0,0.0
2022-12-14,-0.00010202346539704132,-0.0006194289759089965,-0.003403212227783398,0.0,0.0013486145117736705,0.0
2022-12-15,-0.0,0.0034793100388989437,0.0016330722562667556,0.0,0.0,0.0
2022-12-16,-0.0,-0.004253975786461403,-0.007177230341323371,0.0,0.0,0.0
2022-12-17,0.0,0.0,0.0,0.0,0.0,0.0
2022-12-18,0.0,0.0004936471271385079,-0.00020885013992798373,0.0,0.0,0.0
2022-12-19,-0.0,-0.00217700935929757,-0.003401453511196551,-0.006974747357031713,0.0,0.0
2022-12-20,0.0,0.0010360879210558464,0.0018748995825202952,0.0,-0.0014944413535336308,0.0
2022-12-21,0.0,0.005631987126737449,0.008479700963053038,0.0,0.0,0.0
2022-12-22,-0.015753686248925786,-0.006331942073103267,-0.01048825249247825,0.0,0.0,0.0
2022-12-23,0.001031468723941648,0.0008515560337740293,0.0008421333240574592,0.0,0.0,0.0
2022-12-24,0.0,0.0,0.0,0.0,0.0,0.0
2022-12-25,0.0,0.0,0.0,0.0,0.0,0.0
2022-12-26,0.0044276099633990445,0.0008556726280317976,0.0013064901522221286,0.00661925589785293,0.0,0.0
2022-12-27,-0.016452748194009187,-0.0013954006812563818,-0.0014735915086735664,0.0,0.0,0.0
2022-12-28,-0.007324819307191367,-0.001686669477035145,-0.0031708320693197398,0.0,0.0,0.0
2022-12-29,0.014986053024092855,0.00329790867221209,0.00600000857709142,0.0,0.0,0.0
2022-12-30,-0.00010948505528995293,-0.0024528512992432867,-0.0017092603571199237,0.0,0.0,0.0
2022-12-31,0.0,0.0,0.0,0.0,0.0,0.0
2023-01-01,0.0,2.102929788653936e-05,-0.00034655646968655417,0.0,0.0,0.0
2023-01-02,0.0005595496774326292,0.0015309284984500314,0.0013215174874833258,0.0009122593117613609,0.0,0.0
2023-01-03,-0.006225452563092144,0.0003111199995313893,-0.0008380240425267637,0.0,0.0,0.0
2023-01-04,0.002898690757840245,0.0035912498715147565,0.008132309988055808,0.0,0.0,0.0
2023-01-05,-0.009684504323287713,-0.0039753877184997176,-0.001394220142186897,0.0,0.0,0.0
2023-01-06,0.017120352413370503,0.0045943115939852935,0.007940039426143774,0.0,0.0,0.0
2023-01-07,0.0,0.0,0.0,0.0,0.0,0.0
2023-01-08,-0.0001084226314172645,0.0004700419541371853,0.0004300601157407059,0.0,0.0,0.0
2023-01-09,0.0015986046454672786,0.0014368965551227514,8.111557400212202e-05,0.00034470119847417567,0.0,0.0
2023-01-10,-0.0001070129128914889,0.0019063361153332464,0.0052799148684848024,0.0,0.0,0.0
2023-01-11,0.01100363043752939,0.0023246764674946995,0.0035187442994518924,0.0,0.0,0.0
2023-01-12,-0.00010477238200010477,0.0005583119777519288,0.0008576760883948557,0.0,0.0,0.0
2023-01-13,0.004826172371787418,0.0009319095959719823,0.002075336989267362,0.0,0.0,0.0
2023-01-14,0.0,0.0,0.0,0.0,0.0,0.0
2023-01-15,-0.0009353878994821712,-0.00023006541813561245,1.2446435417468054e-05,0.0,0.0,0.0
2023-01-16,-9.076856955199757e-05,-0.00021737195456029602,0.000658142301210607,-0.0013392502415147125,0.0,0.0
2023-01-17,0.0005570955603412993,0.001012610595474669,-0.0016663509110011244,0.0,0.0,0.0
2023-01-18,-0.007576230446268318,-0.0018156952075522649,-0.00323228044652309,0.0,0.0,0.0
2023-01-19,-0.00735705276238214,-0.0006609732960461369,-0.003356336216848312,0.0,0.0,0.0
2023-01-20,0.022168539679866754,0.0002859238484197203,0.005070212016438824,0.0,-0.00036536332640377993,0.0
2023-01-21,0.0,0.0,0.0,0.0,0.0,0.0
2023-01-22,-0.00010356255178127589,-3.0296141867027534e-05,-0.0003598388190390933,0.0,0.0,0.0
2023-01-23,0.019041112346590602,-0.0004738431914660271,0.004082888578619292,0.012327995350356986,0.0,0.0
2023-01-24,-0.00010196451634831079,-7.256631455970596e-05,-0.0016986916671005389,0.0,0.0018932937895326804,0.0
2023-01-25,0.0,-0.0009586425641393838,0.001065054682518951,0.0,0.0,0.0
2023-01-26,0.009997278433880754,0.00024943768660925717,0.0019078131396822685,0.0,0.0,0.0
2023-01-27,-9.860960457548564e-05,0.000493138199874742,0.0015174092477044931,0.0,0.0,0.0
2023-01-28,0.0,0.0,0.0,0.0,0.0,0.0
2023-01-29,-0.0013285809813405815,-8.682168036492052e-05,-0.00026493650882232207,0.0,0.0,0.0
2023-01-30,-0.014377356354047011,-0.00010796378933485785,-0.0024481274602333957,-0.011261087925364063,0.0,0.0
2023-01-31,0.007762697270399212,0.0011714674006588124,0.0012463159112969281,0.0,0.008378470093070038,0.0
2023-02-01,0.033482789034282534,-0.0002568182669431465,0.0004863475211016821,0.0,0.0,0.0
2023-02-02,-9.516407873241447e-05,0.0020743338572655964,0.0009222560169875327,0.0,0.0,0.0
2023-02-03,-0.0027539575970143442,0.0012234400086032703,0.0015589036856355932,0.0,0.01280806080436495,0.0
2023-02-04,0.0,0.0,0.0,0.0,0.0,0.0
2023-02-05,-0.0016075589826900607,3.491699736174275e-05,0.0011657747474403957,0.0,0.0,0.0
2023-02-06,-0.0033599158909821576,0.0008732025077202519,0.0005767018911479681,-0.005845851413431756,0.0,0.0
2023-02-07,0.013039031392242913,0.000958010096475357,0.0025296269362546026,0.0,0.005803075930725525,0.0
2023-02-08,-9.585583282742756e-05,0.0004309320904604523,-0.002727555975860196,0.0,0.0,0.0
2023-02-09,-0.0,-0.0012939722030227692,-0.004702518217613139,0.0,0.0,0.0
2023-02-10,-0.0,0.0005609132559144663,-0.0053676791543948435,0.0,0.0,0.0
2023-02-11,0.0,0.0,0.0,0.0,0.0,0.0
2023-02-12,-0.0,-0.0002250440464437857,4.2382431494814016e-05,0.0,0.0,0.0
2023-02-13,0.0,0.00014061205356111168,0.0036923562608509927,0.0121991364231754,-0.00016553341318322964,0.0
2023-02-14,0.003524221564552766,0.00030767453087536404,0.0006601898158673965,0.0,0.0,0.0
2023-02-15,0.008088014486426135,-0.002393027792298151,0.00186846556510063,0.0,0.0,0.0
2023-02-16,-9.686950063772421e-05,-0.0004633300946469641,-0.0027867373646896175,0.0,0.002601834284371205,0.0
2023-02-17,-0.0,0.0016668440368498337,0.0008054728163035874,0.0,0.0,0.0
2023-02-18,0.0,0.0,0.0,0.0,0.0,0.0
2023-02-19,-0.0,-0.00035104083849445513,-0.000405974199109671,0.0,0.0,0.0
2023-02-20,0.0,-6.851187138785922e-05,0.0005868404207057366,-0.0025934201739819507,0.0,0.0
2023-02-21,-0.01521784461473282,-0.00034665575746278647,-0.0003043485296496753,0.0,0.0,0.0
2023-02-22,0.003553818191926116,-0.0013242423084677932,-0.0016053844872134567,0.0,0.0,0.0
2023-02-23,0.00034841703016147624,-0.00022978991415761665,0.0005604842929585424,0.0,0.0,0.0
2023-02-24,-0.010067157995635722,-0.002607675237854176,-0.006056664961206139,0.0,0.0,0.0
2023-02-25,0.0,0.0,0.0,0.0,0.0,0.0
2023-02-26,0.0010102982140751434,0.00041949543748261283,0.00031619467833449155,0.0,0.0,0.0
2023-02-27,0.005502895717502064,0.0026172750175119663,0.0024588887000574823,0.00462675631423467,0.0,0.0
2023-02-28,-0.00010005503026664665,-0.0007822602941259043,-0.003186929942675377,0.0,-0.013775520442960359,0.0
2023-03-01,-0.0,0.0012140778769487719,0.0007030477099239632,0.0,-0.007678443624144613,0.0
2023-03-02,0.0,0.001754823487838781,-0.001554589762645307,0.0,0.0021523772393956886,0.0
2023-03-03,0.021065818182720047,0.00455820565102081,0.0021928234552010205,0.0,0.0,0.0
2023-03-04,0.0,0.0,0.0,0.0,0.0,0.0
2023-03-05,-9.787129924149742e-05,-0.0006999678570509121,-0.0003674915107077404,0.0,0.0,0.0
2023-03-06,0.002550949701228687,0.00010999283243488047,-0.001552337601761955,-0.0035649871246062398,0.0,0.0
2023-03-07,-9.873617693522907e-05,-0.0032568124646902667,-0.002281158504495605,0.0,0.0,0.0
2023-03-08,0.0,-3.090118548324628e-05,0.0004355827254595823,0.0,0.0018268025219835477,0.0
2023-03-09,-0.016576871679790554,0.00025079101041557107,-0.0003165519895036294,0.0,0.0,0.0
2023-03-10,-0.0068916745195235244,-0.001373186826245698,-0.002411860313048549,0.0,0.0,0.0
2023-03-11,0.0,0.0,0.0,0.0,0.0,0.0
2023-03-12,0.007167786267264701,0.002429078650659666,0.002048288590777229,0.0,0.0,0.0
2023-03-13,-0.0027361792828091147,-0.0021056023369990734,-0.008384109124171497,-0.006092106979420383,0.0,0.0
2023-03-14,0.020392062656137206,0.006371400049761919,0.0019586943269187572,0.0,-0.004565342944462554,-0.0014491707832225038
2023-03-15,-9.774215619196558e-05,-0.0018586482805501036,0.0015945216609355884,0.0,0.0,0.0020369571009858974
2023-03-16,0.0222863128029638,0.004882269043016526,0.0026050110643122347,0.0,0.0,0.007512397086081352
2023-03-17,-9.584052137243626e-05,-0.004993638849912277,0.0028829272013651376,0.0,-0.02248213826840648,0.0
2023-03-18,0.0,0.0,0.0,0.0,0.0,0.0
2023-03-19,0.004028785500873665,0.0017362777888746083,-6.946370530969137e-05,0.0,0.0,0.0
2023-03-20,-0.0008418824790793503,-0.00016514936399279577,-0.00012221222727810678,0.009441190165893123,0.0,-0.00028822348401666057
2023-03-21,0.011556166325131883,0.004392878998149075,-6.626506273163459e-05,0.0,0.0,-0.003588394337926169
2023-03-22,-9.52653138992093e-05,-0.003345866979500456,-0.0011706000502134106,0.0,-0.002180628544856771,-0.003028559902130832
2023-03-23,0.0,0.0007375311574408305,0.001162236829570351,0.0,0.0,0.0
2023-03-24,0.003712601043197481,-0.0005719978237333557,0.0004645760743321681,0.0,0.0,0.0
2023-03-25,0.0,0.0,0.0,0.0,0.0,0.0
2023-03-26,0.0017201627773550054,6.189297748903188e-05,0.0007783286609979623,0.0,0.0,0.0
2023-03-27,-0.008000776050398038,-4.960544995081899e-05,0.0015730670798534963,0.0029442111112102432,0.0,0.0
2023-03-28,-0.004128354916796486,-0.0011957863149876815,-0.0009836385459579212,0.0,0.0,0.002183782883178836
2023-03-29,0.013230806582102983,0.002049382239639433,0.006251428423627957,0.0,0.006307102980116854,-5.704641009053788e-05
2023-03-30,-9.24129008409574e-05,-4.948077774110152e-05,0.005133588690680213,0.0,0.0,0.0021358429293013926
2023-03-31,0.013731601250115895,0.0021249321767944666,-2.9342668036824878e-05,0.0,0.0,0.0
2023-04-01,0.0,0.0,0.0,0.0,0.0,0.0
2023-04-02,-9.140628570558034e-05,0.0011433752128786512,-0.0005879899606461181,0.0,0.0,0.0003079246727140372
2023-04-03,0.00047665032158879543,-0.0018343186807814275,0.0013065868552282756,0.0007745499766163555,0.0,0.0013463795777168108
2023-04-04,-0.00037029993105869844,-0.0012605534132504041,0.00024152678164643968,0.0,0.0,0.0
2023-04-05,-0.013578235723171598,-0.0001545254146572543,-0.0038486876631304845,0.0,0.0,0.0
2023-04-06,0.007980675744667829,0.0007385302990381124,0.0034957804192821238,0.0,0.00031438821366560547,0.0
2023-04-07,0.0016636550039690774,0.0001308265313282017,0.0017991925197382574,0.0,0.0,0.0
2023-04-08,0.0,0.0,0.0,0.0,0.0,0.0
2023-04-09,-0.0019939428795410163,-6.229687134950979e-05,-0.0006644556386804722,0.0,0.0013261257953989009,0.0
2023-04-10,0.0011568689554446992,0.00043528515170956146,0.00027222394053014035,0.0009734548485683457,0.0,0.0
2023-04-11,-0.006437166901260077,-0.0004165645831428593,0.003154640801606523,0.0,0.0,-0.002851207399713059
2023-04-12,-0.013897664706368893,-0.0006758444380174154,0.0008406374187867718,0.0,0.0,0.004158321275181041
2023-04-13,0.023029581906068942,-3.493564808426555e-05,0.007599539995450865,0.0,0.006357770652676081,0.0
2023-04-14,-9.156111704562795e-05,0.0006116240902188511,-0.0002455064696536555,0.0,0.0,0.0
2023-04-15,0.0,0.0,0.0,0.0,0.0,0.0
2023-04-16,-0.001103057585030283,5.8890446498524386e-05,0.00026436572951705757,0.0,0.0,0.0
2023-04-17,-0.0006445497015319211,0.0007516256789994255,0.0014192317602916614,0.0023699677726576876,0.0,0.0
2023-04-18,0.00033127522120208124,0.00019139097717898762,0.0007852259194092714,0.0,0.0,0.0
2023-04-19,-0.00381694647266326,0.00042852778176449835,-0.00036885567553638363,0.0,0.0,0.0
2023-04-20,-0.0037468550888120696,-0.0012310983077768707,-0.0023463801399084662,0.0,0.0,0.0
2023-04-21,-8.601833280091508e-05,-0.0014938891243367715,0.0006458048150719264,0.0,0.0,0.0
2023-04-22,0.0,0.0,0.0,0.0,0.0,0.0
2023-04-23,-0.0007431392230142494,-0.00018173235388448035,-0.000519512786139531,0.0,-3.262609264142426e-05,0.0
2023-04-24,-0.00125757928738942,-0.0009908567482317268,0.0013845291187213659,-0.0004748653035127769,0.0013127849690271628,-0.0009229178630101351
2023-04-25,-0.008742811633307588,-4.1233346452768576e-05,-0.005947179790029051,0.0,0.0,0.0
2023-04-26,-0.0003808516108136549,-0.0008833556146360974,-0.001980249287740511,0.0,0.0,0.005376894458671003
2023-04-27,0.028029634146642893,0.003402387884005113,0.005145111396991315,0.0,0.005924209523926088,0.0
2023-04-28,-9.051685122046887e-05,0.0027284870213444947,0.005437114152564555,0.0,0.0,0.0
2023-04-29,0.0,0.0,0.0,0.0,0.0,0.0
2023-04-30,-0.0017660350243367375,-0.0003660735085155489,-0.0009322330452772754,0.0,0.0,-0.0015041843729976811
2023-05-01,-0.0020951952802209716,0.0011050048110072313,-0.0011576402243733464,-0.00315757628633437,0.0,0.002604754950868503
2023-05-02,-0.01011816272839483,-0.0001151149081364606,-0.0022249142745079283,0.0,0.0,0.0005812912865362004
2023-05-03,-0.008301639820242438,0.0005194064370584765,-0.00021796174892682013,0.0,0.0,0.0
2023-05-04,0.0005374268086248596,0.0007422182081787998,-0.0022606959630398146,0.0,0.0,0.006350977519569591
2023-05-05,0.02052337741333208,0.0012117424911346217,0.003807969528283932,0.0,0.0010206224232006478,0.0
2023-05-06,0.0,0.0,0.0,0.0,0.0,0.0
2023-05-07,-9.060843564535858e-05,-0.00019913154612203324,0.0007308189576618717,0.0,0.00043950448678175375,0.0
2023-05-08,0.0034462575934476403,0.0005625296678729837,5.244482298576435e-05,-0.000538627463644579,0.0,-0.00025791196203569714
2023-05-09,-9.07715582450832e-05,-0.0004753110679741339,-0.0004729885241376774,0.0,0.0,-0.001973127136623973
2023-05-10,0.0,-5.376633619097964e-05,-0.0014922928492294928,0.0,0.0,0.0
2023-05-11,0.003483223967659274,0.00021273329883251044,-0.003616428628752234,0.0,0.0,0.0
2023-05-12,-0.008205271983997384,0.0008040010460777969,0.0008741811834533041,0.0,0.0,0.0
2023-05-13,0.0,0.0,0.0,0.0,0.0,0.0
2023-05-14,-0.00042044514329477766,-4.645496341725384e-06,0.00010188291125396986,0.0,0.0,0.0
2023-05-15,0.009629283492295615,-0.00032996685133617506,0.00295312900189284,0.006154473839957668,0.0026171832849734965,0.0
2023-05-16,-8.923525387429727e-05,0.0011374743535297023,-0.003682663681452514,0.0,0.0,0.0020960912587569412
2023-05-17,0.013768493307903262,0.0014203506624481364,0.006050914572977762,0.0,0.0008329182998760222,-0.001231945371614368
2023-05-18,-8.64540856759989e-05,0.0016596926255755223,0.0038457292327156146,0.0,0.0,0.0
2023-05-19,-0.00821957225659812,-0.0004243668851375772,-0.0017272953053286354,0.0,0.0,0.0
2023-05-20,0.0,0.0,0.0,0.0,0.0,0.0
2023-05-21,0.0011943054201482275,-9.276609971180114e-05,-0.00018499611804206895,0.0,0.0,0.0
2023-05-22,0.00776613963674405,0.0005054924914513658,0.0032569637088975534,0.007583512156790158,0.0,0.0
2023-05-23,-8.753756820635523e-05,-0.0019101208340707534,-0.004441738188264969,0.0,0.0,0.0
2023-05-24,0.0,0.0012514357292608795,-0.0013352155666024788,0.0,0.0,-0.0009305409972220095
2023-05-25,0.00971524395476844,0.000680686424644893,0.0005720765640565782,0.0,0.0,0.009000742076860122
2023-05-26,-8.374683332286498e-05,0.0012245408642237747,0.0072544971919463064,0.0,-0.0013191989225237331,0.0
2023-05-27,0.0,0.0,0.0,0.0,0.0,0.0
2023-05-28,0.004187214741017419,0.0001511665080146107,0.0010472877728732956,0.0,0.0,0.0
2023-05-29,-0.002112122648950302,-0.0010418099318860701,-0.0016175821435553627,0.00037514718434162296,0.001429082509669091,0.0018098271423159494
2023-05-30,0.002980498756925497,-0.000851162093468137,-0.002610609440989409,0.0,0.0,0.0
2023-05-31,-0.008038068768095935,-0.0011762764546787382,-0.0038036142898847207,0.0,0.0,-0.0001555882478625197
2023-06-01,0.012567169045332985,0.00032101217080029824,0.0031016120647978872,0.0,0.0007327544426494562,0.0009767790262172427
2023-06-02,-8.241079031947915e-05,-0.00041779545448113143,0.0069222891399841726,0.0,0.0,0.0
2023-06-03,0.0,0.0,0.0,0.0,0.0,0.0
2023-06-04,-0.003528954501007863,-2.717285299916981e-05,0.0003382704034816442,0.0,0.0,0.0
2023-06-05,0.0019958565283545336,0.00010216704413870936,-0.003880849095025133,-0.006957849747345408,0.0003584170854271414,-0.000286562813367268
2023-06-06,0.002457681676036316,-0.00014828150240378177,0.0036766202270197335,0.0,0.0010843591905564498,-0.0009257064178116904
2023-06-07,-0.01847113138127877,-0.0013649124373937543,0.002291879797754681,0.0,0.0,0.00014624633122272974
2023-06-08,0.012275210806530686,0.0020014802736405346,-0.0006003861435296854,0.0,0.0,0.0
2023-06-09,0.004177389684591334,-0.0018345146005027623,1.883462413223571e-05,0.0,0.0,0.0
2023-06-10,0.0,0.0,0.0,0.0,0.0,0.0
2023-06-11,0.0015768890411015932,-8.423693571322824e-05,0.00039484697700113973,0.0,0.0,0.001932469722422623
2023-06-12,0.014406742390194523,0.0019877062338664055,0.00203756592537323,0.009206931383776304,0.0,-0.0021950265004661044
2023-06-13,-8.040739748056821e-05,-0.0005748413387007133,0.004484154237061811,0.0,0.0,-0.0005602462317339616
2023-06-14,0.0072368478529798936,0.0007663306557665817,-0.0010953367652975611,0.0,0.0,-0.00014566205376806543
2023-06-15,-7.904617614122917e-05,-0.0004038084014920744,0.006510872628358611,0.0,0.0,0.0
2023-06-16,-0.003447064885822487,-0.000827833224701304,0.002456515116264912,0.0,0.0016506902761104284,0.0
2023-06-17,0.0,0.0,0.0,0.0,0.0,0.0
2023-06-18,0.0001950564698515222,-0.0003069647061974595,-0.00038490680961065225,0.0,0.0,0.0
2023-06-19,-0.003717283688539986,-0.00039052910968020234,-0.0014813160719172268,-0.0034288681372321556,0.0,0.0
2023-06-20,0.0013158678744118995,-4.452962583201732e-05,-0.004021365560541694,0.0,0.0,0.0
2023-06-21,-0.018707479545680666,7.819965518039983e-05,0.0007335276859180465,0.0,0.0,0.0
2023-06-22,0.016252130177494425,-0.001855686428031613,-0.00017966231780489712,0.0,0.0,-0.0019040855280384528
2023-06-23,-8.054664321864386e-05,0.00020728551173783034,-0.001380827754870828,0.0,-0.003921408036481384,0.0
2023-06-24,0.0,0.0,0.0,0.0,0.0,0.0
2023-06-25,0.0,0.00021461532745089854,0.0007154818942333164,0.0,0.0,0.0
2023-06-26,-0.015084534055016372,-4.051061624134946e-06,-0.00046670368322748734,-0.0022323864701925974,0.0,-0.0008392369518726121
2023-06-27,0.013400035939633905,-0.0006413010234533253,0.004368776361976375,0.0,-0.006076051669696452,0.0
2023-06-28,0.007875461488970897,0.0,0.001863117631821054,0.0,0.0,0.0
2023-06-29,-0.0036859182252284247,0.00012086296332712655,0.001672487630379433,0.0,0.000758955124447052,0.0038966128154298294
2023-06-30,0.013518276748834377,0.0007442211063950891,0.003944925487544793,0.0,0.0,0.0
2023-07-01,0.0,0.0,0.0,0.0,0.0,0.0
2023-07-02,-7.892452184893847e-05,-5.35634367539198e-05,0.00035804242813601843,0.0,0.0,0.0
2023-07-03,-0.0010118627045966155,9.376258034565767e-05,-0.0004167515771671738,0.0013352414217705408,0.0,0.0
2023-07-04,0.00010334144791947104,0.0006683431388279395,-0.00074606826790653,0.0,0.0,-0.0009301319765961858
2023-07-05,0.001237552389582119,-0.00031317279874843904,-0.0035016796201823666,0.0,0.0,-0.002347555313464611
2023-07-06,-0.009697553568996188,-0.0004324592864510671,-0.0026305807524288436,0.0,0.0,-0.0010118372571223209
2023-07-07,-0.0014469545890042608,0.0002642361336328225,-0.0018713951023291715,0.0,0.0,0.0
2023-07-08,0.0,0.0,0.0,0.0,0.0,0.0
2023-07-09,-0.0008457467290195117,-2.4456064643946708e-05,-8.77315961952396e-06,0.0,-0.0010416831527359292,0.0
2023-07-10,0.0012773300831125957,-0.0007142110827279408,0.0006129845466527838,0.006852161719430182,-0.003885083424938824,5.753347586364831e-05
2023-07-11,0.006261906367291502,0.0003416985939273118,0.00210836228144801,0.0,0.0,0.002250849260375662
2023-07-12,-7.819015846538782e-05,6.562783688330873e-05,0.00297388137502869,0.0,0.0,-9.144377705906283e-05
2023-07-13,0.019393805780535556,-0.00039603760206605924,0.002989906326317493,0.0,0.0,0.0
2023-07-14,-7.706832106662556e-05,-0.0006807887254133765,0.0009288868967383567,0.0,0.0005081867569826421,0.0
2023-07-15,0.0,0.0,0.0,0.0,0.0,0.0
2023-07-16,-0.0019733273565000634,-0.0002436840185502265,-0.0005956295283010448,0.0,0.0,-0.0003762926430075637
2023-07-17,0.011580646909944231,0.0006155877536962158,0.0018769123105728091,0.00538188420358829,0.006193785842883796,-0.0015241365548059255
2023-07-18,-7.576905591756326e-05,0.0003148446472279368,0.0038855364999041964,0.0,0.0,0.0
2023-07-19,-0.008611421860904283,0.000689338432312918,0.0018524938383908118,0.0,0.0,-0.0013409233471694496
2023-07-20,-0.0225654290235054,0.0009128501273292435,-0.00037348434150426117,0.0,0.0,0.0
2023-07-21,-0.0008544152857841126,0.0010336079374880468,0.0031037274544783774,0.0,0.0,0.0
2023-07-22,0.0,0.0,0.0,0.0,0.0,0.0
2023-07-23,-0.0003458519252056019,-3.808403863104669e-05,-0.00045502890156874366,0.0,-6.397488478755605e-05,-0.00013654329649769045
2023-07-24,0.0022426467619969673,3.705879192212512e-05,0.0009055464638943799,0.003892057124478628,0.0010973387040375602,-0.0016750514891241636
2023-07-25,-7.722107105625555e-05,-0.0003794836416605264,0.00033691806655167543,0.0,0.0,-0.0005183567520333388
2023-07-26,0.0013338534203734902,-0.0010159361984571874,0.000635918960386439,0.0,0.0,0.000862122117454966
2023-07-27,-0.005745267068670825,0.000837240936602937,-0.006655758056026659,0.0,0.0,0.001344642293538515
2023-07-28,0.022014990244566043,0.0025385026400498545,0.0049136699783591566,0.0,0.002182112657447371,0.0
2023-07-29,0.0,0.0,0.0,0.0,0.0,0.0
2023-07-30,-7.600324280502635e-05,-0.00018067565679109003,0.0002582944237235485,0.0,0.0,0.0
2023-07-31,-0.00112112664927814,0.0008345245935542342,0.0025996979972910173,0.004948802339818584,0.0,0.0
2023-08-01,-0.008329528906134316,6.589014241902718e-05,-0.0017851508618169087,0.0,0.0,0.0
2023-08-02,-0.02061188487122384,-0.00030724091330287936,-0.004232346096886774,0.0,0.0,0.0
2023-08-03,-0.0005290503488438676,-0.0003417644632376189,-0.0023831241604261423,0.0,0.0,0.00013166500211070998
2023-08-04,-0.008179737047667675,0.0012157388777271703,-0.002248850651642842,0.0,0.0,0.0
2023-08-05,0.0,0.0,0.0,0.0,0.0,0.0
2023-08-06,0.002636802439412116,0.000349443563977632,0.0007554290052600665,0.0,0.0,-0.00030626606849501443
2023-08-07,0.007080087156823088,0.0015787432714154343,0.005389939684436374,0.007848660540725527,-0.004236130794213174,0.0
2023-08-08,-7.849293563579278e-05,-0.0023457261065572693,-0.003322751632084042,0.0,-0.0013075072402891795,0.0
2023-08-09,-0.0,-0.0009113219411621242,-0.0015932498294080706,0.0,0.0,-0.005347211767344154
2023-08-10,0.0,0.00047996753083751076,0.001833473363210679,0.0,0.0,0.0
2023-08-11,-0.0,-0.0007973581472105079,-0.0012121786330434702,0.0,0.0,0.0
2023-08-12,0.0,0.0,0.0,0.0,0.0,0.0
2023-08-13,0.0,0.00015773526541112466,-0.00013659138410782035,0.0,-0.009536839905030571,0.0
2023-08-14,0.013733329116671677,0.0012453062837538744,0.0011824710400481497,0.004583868146702349,-0.006142202976070967,0.0
2023-08-15,-7.966117447124895e-05,-0.0023561689950381574,-0.003960124047679515,0.0,0.0,0.0
2023-08-16,-0.0,-0.0015852654382986077,-0.002039665874872475,0.0,0.0,0.0
2023-08-17,-0.0,-0.003868576198514741,-0.005059191658978873,0.0,0.0,0.0
2023-08-18,-0.0,-0.0007471465600294782,-0.001612719099643767,0.0,0.0,0.0
2023-08-19,0.0,0.0,0.0,0.0,0.0,0.0
2023-08-20,0.0,0.0005049736386479472,0.00034943634813483504,0.0,-0.0025256178649706073,-0.004944604437036806
2023-08-21,0.014127095606539946,0.0018872907447508359,0.003735665746020521,0.00429522229679204,-0.0059553520926931055,-0.0013738529257404705
2023-08-22,-8.04289544235925e-05,0.0002100985965551326,-0.0011940156092892563,0.0,0.0,0.008256028357560723
2023-08-23,0.03011243777082631,0.004674824961434857,0.005920382186744165,0.0,-0.0036080544241508276,0.0
2023-08-24,-8.101648685507501e-05,-0.0049965947889830005,-0.007015755587010986,0.0,0.0,0.0
2023-08-25,0.0,0.0010160267426379173,0.0011462944428463767,0.0,0.0,0.0
2023-08-26,0.0,0.0,0.0,0.0,0.0,0.0
2023-08-27,0.0,0.00028723257662229126,3.55198035963733e-05,0.0,0.0,0.0
2023-08-28,0.005201648017114202,0.0015315053174093196,0.0011814932528465328,0.00835079273917494,0.0,0.007794599491128566
2023-08-29,-7.79058896852602e-05,0.002549155310808954,0.0033819534007762052,0.0,0.0,0.0
2023-08-30,0.003513734918705503,0.0008385805702155978,-1.9244608791624257e-05,0.0,0.0,-0.002092286030040823
2023-08-31,0.0017002553797412835,0.00044277956424642153,-0.000821427209967729,0.0,0.0,-0.0017529279140679566
2023-09-01,-0.0012326797028827333,-0.0011196772130769325,-0.00019867884648550082,0.0,0.0,0.0
2023-09-02,0.0,0.0,0.0,0.0,0.0,0.0
2023-09-03,0.000228163724713046,2.0704817351855567e-05,-4.0908194964273115e-06,0.0,0.0,0.0
2023-09-04,0.0005133448939591992,-0.0003667616786057203,-3.1613513369999177e-06,-0.0010826877761979893,0.0,-0.0013896978422197996
2023-09-05,6.037622154757093e-05,-0.0008356912386651245,-0.001174448968728712,0.0,0.0,0.0
2023-09-06,-0.00632612672947196,-0.0005245257605471301,-0.0021500919631905055,0.0,0.0,0.0
2023-09-07,-0.0055478689033352305,-0.00025311584931594856,-0.0024637610329044986,0.0,0.0,-0.0007946595152108074
2023-09-08,0.0023863868415887036,0.00014024258671503572,0.0010856271012779086,0.0,0.0,0.0
2023-09-09,0.0,0.0,0.0,0.0,0.0,0.0
2023-09-10,0.0005625174929185423,0.00013882812684062884,-0.0004347421250133987,0.0,0.0,-0.0031401834704565556
2023-09-11,0.008308673721782914,0.0002012810754211568,0.0009463730076227585,0.004882445000438169,2.6089236523535418e-05,0.0
2023-09-12,-7.831160186381613e-05,-0.00021912141227795184,-0.001510661894015727,0.0,-0.010672413646766049,0.0
2023-09-13,0.0,0.0002822733324963745,0.0010288967488322085,0.0,0.0,-0.0010757561643643246
2023-09-14,0.005368545582335796,0.0003260939525218372,0.0023314017954677354,0.0,0.003627494783866461,0.0008496577148611298
2023-09-15,-7.890480135716258e-05,-0.00043979631777140105,-0.004833837896286106,0.0,0.0,0.0
2023-09-16,0.0,0.0,0.0,0.0,0.0,0.0
2023-09-17,0.0,0.0002026367400250044,0.00033023775414215973,0.0,0.0,0.0
2023-09-18,0.0,-0.00041880298350099974,-0.0010039812947783785,-0.0003788584416168398,0.0,0.0
2023-09-19,-0.003189881066993156,0.0003660644072194404,-0.00020213677910352747,0.0,0.0,0.0002160893669504639
2023-09-20,-0.021280940685186815,-0.0009328073369689377,-0.00023290898944561267,0.0,0.0,0.0
2023-09-21,-0.020252032416499022,-0.004088043753570208,-0.005508498501317959,0.0,0.0,0.0
2023-09-22,0.0019290793084160273,-0.0011068993126810683,0.0006674825888033504,0.0,0.0,0.0
2023-09-23,0.0,0.0,0.0,0.0,0.0,0.0
2023-09-24,0.0018604812188952808,0.0002445964752470367,0.00044241167525272963,0.0,0.0,0.0
2023-09-25,0.0035245533683126253,0.00010882451265191927,-0.0014557809186617526,0.0031397131775920055,0.0,0.0
2023-09-26,-8.22278258962833e-05,-0.0058808960399236105,-0.0030748089519426203,0.0,0.0,0.0
2023-09-27,0.0,-0.00046382432067092774,-0.0006631225500633072,0.0,0.0,-5.930492817321467e-05
2023-09-28,0.0,0.0019643208486886227,-9.180038214280702e-05,0.0,-0.008426491126745775,0.0
2023-09-29,0.0018414126967335044,-0.0011809054243930894,-0.0007393991244126133,0.0,-0.008847323935751984,0.0
2023-09-30,0.0,0.0,0.0,0.0,0.0,0.0
2023-10-01,0.004614544474069049,0.0007865177578177316,0.0,0.0,0.0,0.0
2023-10-02,0.0033663208840430106,-0.003212988637418074,-0.0009355902166972907,-0.0030335515372592256,0.0,0.0
2023-10-03,-8.228872370189539e-05,-0.0038242599758886043,-0.0010617268755297475,0.0,-0.009754989800471722,0.0
2023-10-04,0.0,0.0036914233812522157,0.0020035906795168538,0.0,0.0,0.0
2023-10-05,-0.00439235218376535,-0.0002863281515683844,-2.8675619007412256e-05,0.0,0.0,0.0014592586711984182
2023-10-06,0.019720904548457083,0.004143822590336301,0.009344506746230326,0.0,0.0,0.0
2023-10-07,0.0,0.0,0.0,0.0,0.0,0.0
2023-10-08,-8.054123711340206e-05,-0.0007564167045499962,-0.0043225325397352465,0.0,0.0,0.0
2023-10-09,0.010825133269893369,0.001590580403862004,0.0034708364933716874,0.005035278894214235,0.0,0.0
2023-10-10,-7.913479293062516e-05,0.000987244489649819,0.004928277056520802,0.0,0.0,0.0010400311501468967
2023-10-11,0.008150441448575001,0.0014265821926960204,0.003143036895739361,0.0,0.0,0.0
2023-10-12,-7.889650094018331e-05,-0.0025693522523456184,-0.005136218022632116,0.0,0.0,0.007761752295855055
2023-10-13,-0.0,0.0018220194224376038,-0.002675784057016051,0.0,0.0,0.0
2023-10-14,0.0,0.0,0.0,0.0,0.0,0.0
2023-10-15,0.0,0.00041588408184927756,0.001746089232260595,0.0,0.0,-0.0001380865326020719
2023-10-16,0.0,0.0013455756513294428,0.005501667265444677,0.013270970522085212,0.0,0.0
2023-10-17,-0.005316551376069968,-0.0008290198165397716,0.00118671833420374,0.0,0.004196946927420093,0.0013224544810879748
2023-10-18,-0.01149896625824911,-0.0011761321876051305,-0.007888464846947506,0.0,0.0,0.0
2023-10-19,-0.013093644475853592,-0.000546442049428552,-0.0033630195879512637,0.0,0.0,0.0
2023-10-20,-0.01214039104984194,-0.0006796223298645525,-0.0004894003241916096,0.0,0.0,0.0
2023-10-21,0.0,0.0,0.0,0.0,0.0,0.0
2023-10-22,0.003928927712047064,0.0005344173645412044,0.0013710442801472822,0.0,0.0,0.0
2023-10-23,0.0038370541779519244,-8.709913405710031e-05,-0.0005376177973995478,0.0011884257423038424,-0.0050246352900312615,-0.0027479446424601285
2023-10-24,-8.148299042574862e-05,0.0014496110025627232,0.0014617952702915995,0.0,0.0,0.0
2023-10-25,-0.029527504534307664,-0.004268172248790077,-0.00662526522486878,0.0,0.0,0.0
2023-10-26,-0.0019764266489198613,-0.0012107910029775005,-0.0009944519788222992,0.0,0.0,0.0006821042527439952
2023-10-27,-0.002429880371605845,-0.0029717530721198033,-0.0048666813564247026,0.0,0.0,0.0
2023-10-28,0.0,0.0,0.0,0.0,0.0,0.0
2023-10-29,0.003552487469992585,0.0009201520126736221,0.0011803026442537058,0.0,-0.011478966946576115,-0.0015792703282832858
2023-10-30,0.004465113171946829,0.0033349057412821897,0.0017925482242682595,0.010563506402447928,0.0,-0.0017717955402245461
2023-10-31,-8.343995104856205e-05,0.0021677432102737942,0.0014889173294413858,0.0,0.0,0.006335983144535774
2023-11-01,0.022063836720340766,0.005275385962093799,0.0049157014583537835,0.0,0.0,0.0006746713456815947
2023-11-02,-8.068854222700376e-05,0.004961455155399953,0.004062004138205988,0.0,0.0,-0.0010139706054438816
2023-11-03,0.01381618437178331,0.0038565184983700984,0.0030098225799956467,0.0,0.0,0.0
2023-11-04,0.0,0.0,0.0,0.0,0.0,0.0
2023-11-05,-7.944389275074478e-05,-0.00012890018481180975,-0.00024826147546920253,0.0,0.0,0.0
2023-11-06,0.002022079559769246,-0.000156796784752741,-0.00026668128726421426,-0.00351025716254881,0.0,0.0
2023-11-07,-7.84129224496197e-05,0.0012506585330877185,0.0012300554209545402,0.0,0.0,0.0
2023-11-08,-0.0007964639113619309,-0.00031594218040513163,-0.0005366730270962794,0.0,0.0,0.0
2023-11-09,-0.006592526133143948,-0.0004828790473147902,-0.0020019000354619897,0.0,0.0,0.0
2023-11-10,0.019544339136257412,0.004403622882041916,0.004188174124217714,0.0,0.009416615068895805,0.0
2023-11-11,0.0,0.0,0.0,0.0,0.0,0.0
2023-11-12,-7.742135280910474e-05,-0.0002468698151983452,-0.00024988147194592307,0.0,0.0,0.0
2023-11-13,3.4475442119053225e-05,0.0003607406208083546,0.0011767117603793899,0.0010825175720967615,0.0,0.0
2023-11-14,0.01811361984104224,0.005707584389188478,0.011542223239869902,0.0,0.0,0.0
2023-11-15,-7.592437931819907e-05,0.0017559794473777492,0.000322289409137233,0.0,0.004817980170044792,0.0
2023-11-16,0.001144708849779752,0.000721587478243116,0.0005612172254297108,0.0,0.0,0.0
2023-11-17,-0.00048400376715390507,-0.0004583656846551396,0.0017350839387125449,0.0,0.0,0.0
2023-11-18,0.0,0.0,0.0,0.0,0.0,0.0
2023-11-19,-0.0005443852001840294,-0.00013883329757060432,-4.09657079419978e-05,0.0,0.0,0.0
2023-11-20,0.01577739381252652,0.002365129696308917,0.0021009417581849595,0.00893425772103003,0.003663424168817391,0.0
2023-11-21,-7.543658926034424e-05,-0.00011856737813803556,-0.0001495284554536402,0.0,0.0,0.0
2023-11-22,0.0,0.0022118506845492103,0.001725937827093016,0.0,0.000653753078353515,0.0
2023-11-23,0.001110933290316929,3.3281581024328214e-05,0.0009751752223503994,0.0,0.0,0.0
2023-11-24,-0.0032791262647237866,0.0006133715375311335,0.00156284145841743,0.0,0.0,0.0
2023-11-25,0.0,0.0,0.0,0.0,0.0,0.0
2023-11-26,-0.0015320556998153507,-0.0002546822947100604,3.609637251388297e-05,0.0,0.0,0.0
2023-11-27,0.0015309223289670492,0.00013623958602843354,-0.0013025826907332228,-0.0013419706735048748,0.0,0.0
2023-11-28,-7.494472826290611e-05,0.0004236097085964884,-1.237745552070096e-05,0.0,0.0,0.0
2023-11-29,3.971899741514341e-05,0.0021470909022392975,0.0009602521958099915,0.0,9.52697952368098e-05,0.0
2023-11-30,-0.0058419335270511715,0.0035863250048072523,0.0026298549752213907,0.0,0.0,0.0
2023-12-01,0.005018171409677605,0.002509002968322532,0.005255015566082192,0.0,0.0,0.0
2023-12-02,0.0,0.0,0.0,0.0,0.0,0.0
2023-12-03,-0.0027936982526341535,0.001681406110800442,0.001603877352616545,0.0,0.00024175740773265563,0.0
2023-12-04,-0.009827489296827877,-0.00021228937911902583,-0.0005482180990617213,-0.003576608327478696,0.0,0.0
2023-12-05,0.006056461021785231,7.255455126721716e-05,-0.0013387509999932766,0.0,0.0,0.0
2023-12-06,-0.0094574674411782,0.00021696334987688037,0.00019608056155504542,0.0,0.0,0.0
2023-12-07,0.018009979415615603,-0.00039118300061672154,0.00015908763168327598,0.0,0.005338254596390797,0.0
2023-12-08,-7.463522036048811e-05,0.0018500236756493482,0.001291446085454584,0.0,0.0,0.0
2023-12-09,0.0,0.0,0.0,0.0,0.0,0.0
2023-12-10,0.001059056178539684,9.707589270494229e-05,0.0005559247457458172,0.0,0.0,0.0
2023-12-11,0.01439795702130366,0.001531701871025117,-0.0008012182287345786,0.005561269746648619,0.0,0.0
2023-12-12,-7.312436016184857e-05,-4.272912621274753e-05,0.000790159653312883,0.0,0.0,0.0
2023-12-13,0.019762711535234682,0.0008806178260750311,0.006184095775640342,0.0,0.0,0.0
2023-12-14,-7.242265863579851e-05,-0.000730272603836677,0.002488843474758018,0.0,0.0,0.0
2023-12-15,0.004947019158795107,4.730058125694032e-05,-0.0026828071627705875,0.0,0.0,0.0
2023-12-16,0.0,0.0,0.0,0.0,0.0,0.0
2023-12-17,0.0008764465333651471,0.00023041971376424155,0.0005347044881937934,0.0,0.0,0.0
2023-12-18,0.010952944888131295,0.0015697086582945026,0.0006304056842709712,0.002017541861505417,0.0,0.0
2023-12-19,-7.120647504213049e-05,0.0011664476583377284,0.0065680503194973875,0.0,0.0007012306240894218,0.0
2023-12-20,-0.020509074354550114,-0.001701546787766748,-0.003952434480788411,0.0,0.0,0.0
2023-12-21,0.013135639582038706,-0.0008729170136758385,-0.0006781634839825525,0.0,0.0,0.0
2023-12-22,0.0016833557374083298,0.00039201567973096656,0.0017309646439272798,0.0,0.0,0.0
2023-12-23,0.0,0.0,0.0,0.0,0.0,0.0
2023-12-24,0.0,0.0,0.0,0.0,0.0,0.0
2023-12-25,0.0034760673719535545,-5.080651126617385e-07,0.0003263628665618801,0.0032811156498785093,0.0,0.0
2023-12-26,0.006961135049741578,6.52016408275788e-05,0.001818475955599408,0.0,0.0,0.0
2023-12-27,-7.077057359549898e-05,0.0001311128018232156,0.0006922654694034081,0.0,0.0,0.0
2023-12-28,-0.0017037414542899626,-0.0010450292528003022,-0.0009244532693755359,0.0,0.0,0.0
2023-12-29,-0.007824631150437543,-0.0013630641897163969,-0.0022923628362214493,0.0,0.0,0.0
2023-12-30,0.0,0.0,0.0,0.0,0.0,0.0
2023-12-31,0.0,0.0,0.0,0.0,0.0,0.0
2024-01-01,0.0020671012701682792,0.0001971049477540656,0.0005723923452243707,0.0019480786303481667,0.0,0.0
2024-01-02,-0.025779342785762684,0.0004702882128080207,-0.003025079158108843,0.0,0.0,0.0
2024-01-03,-0.016093381713866154,0.0003889454673503848,0.0006972016264051639,0.0,0.0,0.0
2024-01-04,-0.007269191445824875,-0.0003117728150596013,0.00037963482465956926,0.0,0.0,0.0
2024-01-05,0.0008299070839633702,0.0005798635739021719,-0.0003132540191044808,0.0,0.0,0.0
2024-01-06,0.0,0.0,0.0,0.0,0.0,0.0
2024-01-07,0.0012984342675896778,3.237031551168118e-05,0.00020576194464385633,0.0,0.0,0.0
2024-01-08,0.023976268427967858,-1.3643665586124143e-05,0.005519504836133588,0.01362375199730785,0.0,0.0
2024-01-09,-7.184682257427165e-05,0.00017708937387853318,-0.0019893662728550756,0.0,-0.005732222659229254,0.0
2024-01-10,0.00906639215850054,-0.0002745075564737495,0.0034345965612250233,0.0,0.0,0.0
2024-01-11,-7.134957725375478e-05,9.709445138911967e-05,-0.0022972790730328542,0.0,-0.0004549527433775748,0.0
2024-01-12,0.00030314973425602535,8.708811510658975e-05,1.0094283501438297e-05,0.0,0.0,0.0
2024-01-13,0.0,0.0,0.0,0.0,0.0,0.0
2024-01-14,-0.0006903925976623674,5.7083581482940786e-05,-1.536153148545827e-05,0.0,0.0,0.0
2024-01-15,-0.0007025446930325751,-0.0003133117013156187,-0.0009619373456050239,-0.0008706039093493369,0.0,0.0
2024-01-16,0.004001932874362477,0.00042205179794335186,-0.00288136564143007,0.0,0.0007253760874998946,0.0
2024-01-17,-0.00966714136903887,3.971216973730615e-07,-0.0016287519497287643,0.0,0.0,0.0
2024-01-18,0.02441539411230668,0.0029049539638594155,0.004474849570458572,0.0,0.0013145766457476201,0.0
2024-01-19,-6.91730363504306e-05,0.0015348996618192092,0.0041663516477123295,0.0,0.0,0.0
2024-01-20,0.0,0.0,0.0,0.0,0.0,0.0
2024-01-21,0.001280828450409639,2.2784580794067324e-05,0.00030045219471730444,0.0,0.0,0.0
2024-01-22,-0.000824254962826945,0.00014448937894180744,0.002144721848401432,0.007211937883475622,0.0,0.0
2024-01-23,0.0070537330974275066,8.842584978795655e-05,0.0005053352566142255,0.0,0.0040724065756271915,0.0
2024-01-24,-6.853226727584237e-05,-0.0001397110387498424,-0.0003007668248169559,0.0,0.0,0.0
2024-01-25,-0.0046425145226040385,0.001384430030157987,0.0005455522350800268,0.0,0.0,0.0
2024-01-26,-0.00234591729879109,0.0006228614306068681,0.0010284814812445587,0.0,0.0016430156657963489,0.0
2024-01-27,0.0,0.0,0.0,0.0,0.0,0.0
2024-01-28,-0.0017541595959485229,-2.942706332291363e-05,-0.000580720636468146,0.0,0.0,0.0
2024-01-29,0.018041772577215894,0.0017126507563496522,0.004257575496041643,0.01040371813102665,0.010391224108410086,0.0
2024-01-30,-6.920734520623788e-05,6.524774855218036e-05,-0.001800476287044246,0.0,0.0,0.0
2024-01-31,-0.0,-0.0016798495745023877,-0.0047041315937940455,0.0,0.0,0.0
2024-02-01,0.0,0.00036629009525233273,0.005224401852613567,0.0,0.008769980280592952,0.0
2024-02-02,0.006586215742182527,0.0002661912294777501,0.0018628106152114741,0.0,0.0025748387918265656,0.0
2024-02-03,0.0,0.0,0.0,0.0,0.0,0.0
2024-02-04,0.0011837084664139482,-1.1890272120019704e-05,0.0003125537069513573,0.0,0.0,0.0
2024-02-05,-0.00026390953674238475,-0.0007408714238389221,-0.0016868899036142837,-0.005679361691874066,0.0,0.0
2024-02-06,-0.0025426251958748044,0.0011972057418446857,0.0017436337364114761,0.0,0.0015931823013239168,0.0
2024-02-07,0.011475997584936896,-0.0002898154075706503,0.0015909820772145975,0.0,0.0012083348160958594,0.0
2024-02-08,-6.747031306225261e-05,0.00017506533651422506,0.004613328439938825,0.0,0.0,0.0
2024-02-09,0.010169580899255263,-0.00020387194701390862,0.002580700917783996,0.0,0.0,0.0
2024-02-10,0.0,0.0,0.0,0.0,0.0,0.0
2024-02-11,-6.682705159048383e-05,-7.240767189643402e-05,0.0003137399988056955,0.0,0.0,0.0
2024-02-12,-0.005723423724741344,0.0002473648864681375,0.001200510259728993,0.003531415046624763,0.0,0.0
2024-02-13,-0.014972564158358572,-0.0023920355634214838,-0.009625570460842486,0.0,0.0,0.0
2024-02-14,0.013050176585721083,0.0007503407920863474,0.001421680589441887,0.0,0.0,0.0
2024-02-15,0.004778347223636737,0.0008921147466416166,0.0003686356533274982,0.0,0.0,0.0
2024-02-16,-0.013851548932517947,0.0004712193266610442,0.0013350922749194361,0.0,0.0,0.0
2024-02-17,0.0,0.0,0.0,0.0,0.0,0.0
2024-02-18,0.003404462788913902,7.038105880218353e-06,-2.5410038940254506e-05,0.0,0.0,0.0
2024-02-19,-0.0016952058548445736,0.00012733693857583636,0.00046397986668768044,-0.0015553936971444435,-0.003464517855344524,0.0
2024-02-20,-0.009912222430548553,0.0005764546097074257,-0.0003649202364250703,0.0,0.0,0.0
2024-02-21,0.0081448422046641,7.109734266239821e-05,0.001433003064808669,0.0,0.0015677868094769113,0.0
2024-02-22,0.019370287532134232,-0.0003342164731981991,0.0046367166155307565,0.0,0.0007114611613970025,0.0
2024-02-23,-6.697512432257452e-05,0.00022001270238926617,-0.0002157766148703888,0.0,0.005641006530947787,0.0
2024-02-24,0.0,0.0,0.0,0.0,0.0,0.0
2024-02-25,0.0010505043400246107,-9.621782454111058e-05,0.00022842288641758966,0.0,0.0,0.0
2024-02-26,-0.0006992109001649061,-0.0004333739026274097,0.0003549198393273611,0.0007530183053604039,0.0,0.0
2024-02-27,0.0026718225285246163,-0.0003949380191897096,0.0016164022553969537,0.0,0.0,0.0
2024-02-28,-0.008435097326718193,-0.00019256838887299644,-0.002384121253005347,0.0,0.0,0.0
2024-02-29,0.012582800355106078,0.0013197049497283388,0.0011241621342140602,0.0,0.0,0.0
2024-03-01,-6.56185919343814e-05,0.001141104334271685,0.005328640306135668,0.0,0.0,0.0
2024-03-02,0.0,0.0,0.0,0.0,0.0,0.0
2024-03-03,0.0012557832636429732,-3.236768723242427e-05,0.00045179905073926556,0.0,0.0,0.0
2024-03-04,-0.006671894576550328,0.0004397627102209795,0.00016314730664225292,-0.0025931048157272767,0.0,0.0
2024-03-05,-0.015411174977154971,0.0002249682846716268,-0.0028706605618267576,0.0,0.0,0.0
2024-03-06,0.003493873421596395,0.0007929015130902485,0.0015077719204458439,0.0,0.0004143087453331619,0.0
2024-03-07,0.01427178135820736,-0.00011589964081944889,0.001390524819100147,0.0,0.0,0.0
2024-03-08,-6.652954188866282e-05,7.799816197726642e-05,-0.0010944474876036767,0.0,0.0034587378219130037,0.0
2024-03-09,0.0,0.0,0.0,0.0,0.0,0.0
2024-03-10,-0.0,-8.819303671837457e-06,-0.0004344823536207909,0.0,0.0,0.0
2024-03-11,0.0,0.0007047081112131038,-0.0007769284844909459,-9.684533686190808e-05,0.0009968234595767716,-0.0008054647105862076
2024-03-12,0.011522923476446489,-0.00017299135577911008,0.000892524981165625,0.0,0.0,0.0
2024-03-13,-6.612991221254154e-05,0.00012911420335144768,0.00026654814890894043,0.0,0.0,0.0
2024-03-14,-0.0,0.00010402526445193715,-0.002462211226905138,0.0,0.0,0.0
2024-03-15,-0.0,0.0005113587888629922,0.0015855503079483355,0.0,0.0011743725249595425,0.0
2024-03-16,0.0,0.0,0.0,0.0,0.0,0.0
2024-03-17,0.0,-2.6860631346230107e-05,-7.710143061379067e-06,0.0,-0.0018208822727859093,-0.0019185424919626127
2024-03-18,0.0,8.179598440608257e-05,0.0009713165865279483,0.0020123485751376968,0.0,0.0
2024-03-19,0.0052353367050663605,0.0008155659171205048,0.004763231015637715,0.0,0.0,0.008100410185747428
2024-03-20,0.02003199850574005,-2.407687874240213e-06,0.005006129165176677,0.0,0.0,0.0
2024-03-21,-6.5302568567697e-05,0.00022654321629940195,0.0005200414410100396,0.0,0.0,0.0
2024-03-22,-0.0012488651994550716,-0.0001904966644419598,-0.0012415607941535514,0.0,0.0,0.0
2024-03-23,0.0,0.0,0.0,0.0,0.0,0.0
2024-03-24,0.0012768873182521412,-7.633241152223461e-05,0.0001457103927470227,0.0,0.004965412114752601,0.0
2024-03-25,-0.002217291552937831,-0.00031542548354898084,-0.000526911554299203,0.0002253100020319324,0.0,-0.0010331767868393279
2024-03-26,-0.002991348695499998,-0.00047413832776957074,-8.093713626222817e-06,0.0,0.009270492401812184,-0.002350481924869911
2024-03-27,-0.00033819999382730216,-0.0001459506435884499,0.0014658960260472743,0.0,0.0,0.003504668503935614
2024-03-28,-0.000914048012929321,-7.372778030752405e-05,6.499611272283711e-05,0.0,0.0,0.0
2024-03-29,0.0,2.4264575633668105e-05,-0.0001305751983700865,0.0,0.0,0.0
2024-03-30,0.0,0.0,0.0,0.0,0.0,0.0
2024-03-31,0.009510399280534428,-0.00024360770675192788,0.0019300999365442718,0.0,0.0016335465599440142,0.0
2024-04-01,-6.56254101588135e-05,5.792864578787809e-06,-0.003207118889527576,0.0,0.0,-0.00018762341209953198
2024-04-02,-0.0,-2.091151161296703e-05,-0.0030910274251424955,0.0,0.0,0.0
2024-04-03,0.0,0.0010158263281857182,0.0022039305852240786,0.0,0.0,-0.0006467316375686412
2024-04-04,-0.027914008638431995,7.978897218080034e-05,-0.002995079593754132,0.0,0.0,-0.0006918793575406184
2024-04-05,0.01768771953543054,0.0009763981336835675,0.0012223942259152575,0.0,0.0,0.0
2024-04-06,0.0,0.0,0.0,0.0,0.0,0.0
2024-04-07,0.000611225166742458,0.00011920382980012967,9.22105880705293e-05,0.0,0.0,-0.00391433329207153
2024-04-08,-0.0011424019228964265,-8.233704009614156e-05,0.0009379469105507022,0.00047726392514568273,-0.0002872033234304918,-0.00171145776798987
2024-04-09,0.004772720047891168,-0.00037302907267060975,0.0007318990950698433,0.0,0.0009186174231029777,0.0
2024-04-10,-6.667481581082133e-05,-0.0006869941815529586,-0.0016088335733336252,0.0,0.0,0.0005374013736486811
2024-04-11,0.0,0.000843328845664848,0.00027661970506978053,0.0,0.0,-0.002385003222926523
2024-04-12,-0.02026450353106966,-0.0017979258578546494,-0.001957366728491004,0.0,0.0,0.0
2024-04-13,0.0,0.0,0.0,0.0,0.0,0.0
2024-04-14,0.003832538653490559,0.0006339322557392972,8.682231725767319e-05,0.0,-0.006069429751226211,0.0
2024-04-15,-0.019350775679896057,-0.0021610294561266157,0.001464797182285016,-0.012630305814582701,0.0,0.0
2024-04-16,0.0042207827133140296,0.0003546291328755237,-0.00043478707713868634,0.0,0.0,0.0
2024-04-17,-0.013341454768867188,-0.00233617210179265,-0.00024439798605034867,0.0,0.0,0.0
2024-04-18,-0.010454169352262035,-0.0019873125530488495,0.00015687848028669296,0.0,0.0,-0.0024815310947890433
2024-04-19,-0.016160740808178267,-0.0023545746987466004,-0.0016308530703596834,0.0,0.0,0.0
2024-04-20,0.0,0.0,0.0,0.0,0.0,0.0
2024-04-21,0.004739393503687326,0.0011178616523432742,0.0012290643657127953,0.0,0.0,0.0
2024-04-22,0.0030874540558467954,0.0014571862606112995,0.002908787896663978,0.008662670833668534,-0.0019884408898188425,0.002940250255034211
2024-04-23,-6.826016223165224e-05,0.006633151282911391,0.006001597451992446,0.0,0.0,0.0
2024-04-24,-0.01149832366095578,-0.0022222104202558124,-0.0029749898330161395,0.0,0.0005477422678374269,-0.00034676347605614734
2024-04-25,0.01342325106776039,0.0012467164730263745,0.002088757309952716,0.0,0.0,0.0
2024-04-26,-6.770442504838046e-05,0.0010445560041519764,0.0070544241487369595,0.0,0.006715843735865959,0.0
2024-04-27,0.0,0.0,0.0,0.0,0.0,0.0
2024-04-28,0.001940815438572582,0.0007457147039544587,0.0005044309795027791,0.0,0.0,0.0
2024-04-29,0.001203320929645317,0.0014022462856180858,-0.0018955967176419997,0.00331718781956004,0.0,0.0
2024-04-30,-6.894412079009961e-05,-0.004808651531730454,-0.00901363608334239,0.0,0.0,0.0
2024-05-01,0.0,0.0009913363564041336,0.001629553310069061,0.0,0.0,-0.0010960815770099373
2024-05-02,0.0,-0.0012907003437902494,0.005472104207181628,0.0,0.0,-0.002223617217186061
2024-05-03,0.01111426559918397,0.00020037417255020347,0.0060641014821196885,0.0,0.0,0.0
2024-05-04,0.0,0.0,0.0,0.0,0.0,0.0
2024-05-05,-6.7014396926273e-05,-9.199127787552796e-05,0.001102051074153665,0.0,0.012166164881709914,-0.0003476457549152275
2024-05-06,0.006876067799238649,-0.00015758600121876495,0.00683437896874064,0.007835962011513795,0.0,0.0
2024-05-07,-6.627417626721748e-05,0.0003537948071752905,0.0030461376478712943,0.0,0.0,0.0
2024-05-08,-0.0017631087536004527,0.00025027767249393004,0.001392341037211464,0.0,0.0,-0.0007403185099596073
2024-05-09,0.0028200293446002367,-0.00022896427447810004,0.006638200536613037,0.0,0.013087806124596594,-0.0008977441365152552
2024-05-10,0.0009252924788795538,8.565792537026687e-05,0.000968012842300825,0.0,0.0,0.0
2024-05-11,0.0,0.0,0.0,0.0,0.0,0.0
2024-05-12,8.08062211821166e-05,-1.2866398846446022e-06,0.00022582635253792782,0.0,0.0,-0.000947241264329272
2024-05-13,0.001927074321250718,-0.0008519997050287168,-0.0002022412357429836,0.0007028581862456175,0.011056529123510392,0.0015477513278563833
2024-05-14,-6.544716777381457e-05,-0.00019261725535611298,0.005388890529338487,0.0,0.0,0.004751019784533706
2024-05-15,0.015947185627188182,-0.0010626250774405186,0.0038932624500500612,0.0,0.0,0.0
2024-05-16,-6.462244337458399e-05,0.0001890389605709157,-0.0031344818703229103,0.0,0.004396381989327733,0.0028506156098205703
2024-05-17,-0.0007142441260176793,-0.00044882233628531896,0.0022121602824713097,0.0,0.0,0.0
2024-05-18,0.0,0.0,0.0,0.0,0.0,0.0
2024-05-19,0.001760240836337154,-0.00016460573169819638,0.0010885662292519304,0.0,0.00036015749198393113,-0.0002516903660555573
2024-05-20,0.005121898415389551,-0.0003783159726058875,-0.00010837534163887221,0.0008680257498214123,0.0,5.653861807707963e-05
2024-05-21,-6.404406231487263e-05,-0.0003801533112299702,0.0006693415445069961,0.0,0.0,-0.0004598850495240701
2024-05-22,0.004052449791584272,-0.001162860042951866,-0.004082557481543376,0.0,0.0,-0.0007508857410312946
2024-05-23,-6.44039415212211e-05,0.0002272163187832289,-0.0019882875585181675,0.0,0.0,0.0
2024-05-24,0.0,-0.00045583507641251404,0.003173759794152176,0.0,0.0004692359249329564,0.0
2024-05-25,0.0,0.0,0.0,0.0,0.0,0.0
2024-05-26,-0.002904253687846779,5.139015895392542e-05,-0.00031322802768654065,0.0,-0.0006079596690308881,-0.0007470542061704735
2024-05-27,0.005657701496366609,-0.0004467285886941288,0.002408258799136953,0.001761551599007721,0.0,0.0
2024-05-28,-6.357413804064507e-05,0.0002562636044229299,-0.0020899898826155735,0.0,0.0,0.0
2024-05-29,-0.0190065060432751,-0.0007381477103182389,-0.004494976330373939,0.0,0.0,0.0
2024-05-30,-0.015441993655828698,0.0002739730193073135,-0.0018111847599353676,0.0,0.0,-0.0011562049658916788
2024-05-31,0.0015257161041958651,0.0020544380196738554,0.0028370389663380344,0.0,0.002742113331664353,0.0
2024-06-01,0.0,0.0,0.0,0.0,0.0,0.0
2024-06-02,0.0015979040075851686,6.0593008372131e-05,-9.850442938734716e-05,0.0,0.0,9.923932638626978e-06
2024-06-03,0.004657139461412669,-0.0008411447788544035,-0.00016487802267614246,-0.002928925597750382,0.0,0.0
2024-06-04,-6.417489798865173e-05,1.5436317450906022e-05,-0.0005955818048561156,0.0,0.0,0.00526611085953598
2024-06-05,0.028638594758058755,0.0008105319968835152,0.00544782586369279,0.0,0.005901009061672671,0.0
2024-06-06,-6.302785831337451e-05,0.0013753229640457404,0.00039404015579065383,0.0,0.007091938612320789,-0.001877159231025493
2024-06-07,-0.0027841609537858887,-0.0033711421326868556,-0.003998523513264168,0.0,0.0,0.0
2024-06-08,0.0,0.0,0.0,0.0,0.0,0.0
2024-06-09,-0.00027424602488859923,6.125875409981828e-05,-0.0005067529994180809,0.0,0.0,0.0
2024-06-10,0.004948604943105281,0.00038381921846226686,-0.0007954203549838837,0.001708382164681547,0.0016641657708163582,0.0011715210592414392
2024-06-11,-6.238497769737047e-05,-0.00011525732791172697,0.0003236554798143516,0.0,0.0,0.0024046104250200007
2024-06-12,0.02649425190847122,0.0012692048970298331,0.00433603082476346,0.0,0.0008767903364969605,0.0
2024-06-13,-6.12369871402327e-05,-0.0026022267387888695,-0.002292329309123026,0.0,0.0,-4.057331855808011e-05
2024-06-14,0.004901605759693863,-9.843664187764753e-05,-0.000187433547467197,0.0,0.0,0.0
2024-06-15,0.0,0.0,0.0,0.0,0.0,0.0
2024-06-16,0.0011550342287397646,-4.4123924705916816e-05,0.0002068466623607934,0.0,0.0,0.002555478010473165
2024-06-17,0.015004388390672089,0.0012784790017261332,0.005085378169933126,0.01027934692649034,0.002690582750466457,0.0
2024-06-18,-6.007960547725737e-05,-9.73917963506129e-05,0.0007913898656026984,0.0,0.0,0.0
2024-06-19,0.001281939056285793,-3.871125743502217e-05,-0.00021835047356150156,0.0,0.0,0.0005173713344993889
2024-06-20,-0.01034699586894258,0.0022156723504676156,-0.0008335238567261588,0.0,0.003370478087870806,0.0
2024-06-21,-0.003793429445873112,-0.0014701945944410376,-0.0005871176969510306,0.0,0.0,0.0
2024-06-22,0.0,0.0,0.0,0.0,0.0,0.0
2024-06-23,-0.0001392687264014321,-7.260927352811755e-05,8.190125965177319e-05,0.0,0.0,0.0
2024-06-24,-0.015469445987400752,0.0011267818954656067,-0.0010695303481474134,-0.0007468278451976758,0.0,0.0
2024-06-25,0.014612181500248416,-0.0006223122954277473,0.0007177191067018974,0.0,-0.00046660686313793005,0.0
2024-06-26,-6.0903194372544836e-05,-0.0002646647853008976,-0.00037750003984670093,0.0,-0.0010507034670333192,-0.0012656882408120652
2024-06-27,0.011300041107452233,0.0011313322854948097,0.004592378242893047,0.0,0.0035518198593874795,-0.0031089073617447155
2024-06-28,-6.074442290267224e-05,0.00027125820645150387,-0.0008715054943498557,0.0,0.0,0.0
2024-06-29,0.0,0.0,0.0,0.0,0.0,0.0
2024-06-30,-0.0,0.0005682658202422752,-0.00033218959778288373,0.0,0.0,-0.0018771934949849455
2024-07-01,0.0,0.0011088822889194808,-0.0006136362924628721,-0.002310351744393219,0.0009942639815133608,0.0010326509367960261
2024-07-02,0.014731983434311964,-0.0009089332181813584,-0.0016729281278711162,0.0,0.0,0.0021778233057888527
2024-07-03,-5.94029998514925e-05,0.0006797229252000719,0.0032224264415009695,0.0,0.0,0.0
2024-07-04,-0.0009667390225891149,-3.2886063705449644e-05,0.0007694192273614231,0.0,0.002754603125342291,-0.001623130860850212
2024-07-05,0.013205733046698096,0.00048647374189975616,0.0005359219792296368,0.0,0.0,0.0
2024-07-06,0.0,0.0,0.0,0.0,0.0,0.0
2024-07-07,-5.885382182005444e-05,-0.00030765319295469125,-0.0003659776377615942,0.0,0.0,0.0
2024-07-08,0.010977635050375962,-3.301990446944936e-05,0.00018015956021839573,0.005733705761919509,0.001680702554407453,0.0
2024-07-09,-5.8518601600483756e-05,0.0003556333788922071,-0.0016056967125693995,0.0,0.0,0.0005710114513502963
2024-07-10,0.012670991187976939,-0.0004629142471529012,0.0024045949311793046,0.0,0.0027388172661082628,0.0025463862875020524
2024-07-11,-5.932077710218004e-05,-0.0013616031309639544,0.00436194514544334,0.0,0.0,-0.0013044892299782314
2024-07-12,0.0,-0.0008211816515870157,0.0005624312858156788,0.0,0.0,0.0
2024-07-13,0.0,0.0,0.0,0.0,0.0,0.0
2024-07-14,0.0,-8.040830413637902e-06,0.0006575754445631299,0.0,0.0,-0.0014649710752514058
2024-07-15,0.003827487684282923,8.717057790060722e-05,0.001003622623998114,0.009100067299362559,0.0,0.0020427227252932975
2024-07-16,-5.8833911866800016e-05,5.098545914765867e-05,0.004550036649386864,0.0,0.0,0.0
2024-07-17,-0.0,0.0006635333667111241,-0.0017662544829070443,0.0,0.0,0.0
2024-07-18,-0.0,0.0008177616500483545,-0.0024423096229966856,0.0,0.0,0.0
2024-07-19,-0.0,0.0004885139714420666,-0.003525567243263634,0.0,0.0,0.0
2024-07-20,0.0,0.0,0.0,0.0,0.0,0.0
2024-07-21,0.0,0.00043386770080805997,0.0014993266113324745,0.0,0.0,0.0
2024-07-22,0.00698904363351938,0.001231971761579254,0.004162307438729584,0.01057271824216546,0.0018942341261182832,0.0
2024-07-23,-6.107181027024276e-05,-0.00027632134800902416,-0.0031832109917914403,0.0,-0.0011356932259456104,-0.002002875760922104
2024-07-24,-0.0,-0.002191143928579103,-0.006777000331636317,0.0,0.0,0.0
2024-07-25,-0.0,-0.00031008100818195243,0.0008219055319369896,0.0,0.0,-0.0009958185264155367
2024-07-26,0.0,0.0011012606808271854,0.005361689131273795,0.0,0.0032337749023591328,0.0
2024-07-27,0.0,0.0,0.0,0.0,0.0,0.0
2024-07-28,0.002942301697417585,0.0006457153130884856,0.0019770681117954993,0.0,0.0,0.0
2024-07-29,-0.004414856510345282,-0.0018385539111649006,-0.00456681433873991,-0.005598377227376742,-0.011192253857365423,-0.00025488696017744115
2024-07-30,-0.002954869690916133,-0.0016848791817950328,-0.0015964507268532288,0.0,0.0044081117329037404,0.006842409332647558
2024-07-31,0.027811791098151226,-0.0016281641684453502,0.003137217402816042,0.0,0.012841028706111497,0.0
2024-08-01,-6.384371059645985e-05,-0.0008769587089208831,-0.007718899833828339,0.0,0.0,-0.001315683692522738
2024-08-02,-0.0,-0.006808779470070292,-0.0025860826030724704,0.0,0.0,0.0
2024-08-03,0.0,0.0,0.0,0.0,0.0,0.0
2024-08-04,-0.0,-0.0034094039241695973,-0.005020376698099057,0.0,0.0,0.0
2024-08-05,0.0,-0.0038560184994861635,-0.018009857111866888,-0.015235803541547297,0.0,0.0
2024-08-06,-0.007797856128599745,-0.0038145675534307223,-0.00048427569709903474,0.0,0.0,-0.004641247322624786
2024-08-07,-0.0073748943653584,-0.0002738370394459906,-0.00208019590026669,0.0,0.0,0.008746024032122676
2024-08-08,0.026686698796876508,0.013163119878921352,0.014233731063415049,0.0,-0.00029411836631395563,0.0
2024-08-09,-6.483822861959411e-05,-0.00015020781295281942,-0.0007876898373888162,0.0,0.0,0.0
2024-08-10,0.0,0.0,0.0,0.0,0.0,0.0
2024-08-11,0.0007179481927590122,0.00032489966018605705,0.00023992546722436672,0.0,0.0,0.004279336847177789
2024-08-12,0.000953415665373503,-0.00015545952476672936,0.001513248665690803,-0.0011662144353313132,-0.004926705716755713,0.001166202285023594
2024-08-13,0.013081980824307976,0.007133457157356096,0.0009274491011811769,0.0,0.003747663662744504,0.0
2024-08-14,-6.30868390339302e-05,0.00024896261811114086,-0.0020692434901567135,0.0,0.0,0.0087186683943518
2024-08-15,0.013169399737291178,0.00907083828389409,0.004433344007083593,0.0,0.0,0.00023147014144638502
2024-08-16,-6.146470389378898e-05,0.0008635107798392808,0.0018058513468858005,0.0,0.0,0.0
2024-08-17,0.0,0.0,0.0,0.0,0.0,0.0
2024-08-18,0.0008680083687081544,0.0006763776694373597,0.00031460837228631795,0.0,0.0,0.001608935065510645
2024-08-19,0.005693137194712954,0.0015221471704250913,0.0012511626951760748,0.009438387916372158,0.0,-0.0015487236457399094
2024-08-20,-6.086982986882551e-05,-0.0012517298965058537,-0.0011097606562743502,0.0,0.0,-0.0018785210891271702
2024-08-21,0.0036962222812551644,0.002387210950442869,0.002082097416171147,0.0,0.0,0.0
2024-08-22,-6.132899941737451e-05,-0.0023790237537326515,-0.0021877136576976763,0.0,0.0,0.0
2024-08-23,0.0,0.0042554064353256624,0.002872617694856028,0.0,0.0,0.0
2024-08-24,0.0,0.0,0.0,0.0,0.0,0.0
2024-08-25,-0.00039636941739018647,-0.0002841694442654827,-0.0005413692366467715,0.0,0.0,0.0
2024-08-26,-0.004992019489003799,-0.0005251653086174673,-0.0009618858913223975,-0.0029218896773242306,0.0,0.0
2024-08-27,0.0005131142621308461,0.00027785552816612653,-0.001461290535428871,0.0,0.0,0.0
2024-08-28,-0.013118539991005285,-0.001264111290363184,-0.001598985119871288,0.0,0.0,-0.0038856125409308124
2024-08-29,0.008514368787723808,0.00023784379549599547,0.0010516212310729576,0.0,0.000476043385959089,0.0
2024-08-30,0.005548845433627467,0.0009000932617830818,-0.00030742844201929746,0.0,0.0,0.0
2024-08-31,0.0,0.0,0.0,0.0,0.0,0.0
2024-09-01,-0.00029092783820780987,-3.1837609034472526e-05,-4.543145461100018e-05,0.0,0.001185021656403081,0.0
2024-09-02,-0.0002311836641631551,-0.00023449454452947633,-0.00032352409106911617,-0.0013393553593483954,0.0,0.0
2024-09-03,-0.027019358248541896,-0.0015653559818760354,-0.001842520460474006,0.0,0.0,0.0
2024-09-04,-0.0010500472801500352,4.315748814787135e-05,-0.0005164550420415082,0.0,0.0,-0.004758655717912494
2024-09-05,-0.0008072305922217495,0.00018939951509035547,-0.0005716516628078926,0.0,0.0,0.0
2024-09-06,-0.02023205446091264,-0.00343973949779323,-0.011313418325226433,0.0,0.0,0.0
2024-09-07,0.0,0.0,0.0,0.0,0.0,0.0
2024-09-08,0.0033454343943427143,0.001123418431027287,0.00029305732237698833,0.0,0.0,0.0
2024-09-09,0.010384439599120143,0.0038329756205271108,0.0015836159396236948,0.01416132880638344,0.0,0.0
2024-09-10,-6.378025575882559e-05,-0.0006667789255085767,-0.0022564714086856824,0.0,-0.017756257886824764,0.003923889479280237
2024-09-11,0.016358400019806506,0.0026501769034322823,-5.364467256548848e-05,0.0,0.0,0.003732402588157146
2024-09-12,-6.174491119023607e-05,0.0018941381901284027,-0.000534672157299032,0.0,0.0,0.0
2024-09-13,0.001998140462586253,-0.00011975581138562056,-0.0001553910773006262,0.0,-0.0005678264943523363,0.0
2024-09-14,0.0,0.0,0.0,0.0,0.0,0.0
2024-09-15,0.0011162215404922605,0.00030258875200966424,0.00025827724061036064,0.0,0.0047051839646555845,0.0
2024-09-16,-0.002872225762354536,0.00029872452364427204,0.0010145554787308274,0.0022734149343716682,0.0,-0.0008926711506327217
2024-09-17,0.0019368825933524453,0.0013170030756673294,0.0021227229479931723,0.0,0.0,-0.00658251778332445
2024-09-18,0.002413605006764695,0.0008044921673434847,0.0010153570586862838,0.0,0.0,0.0019331903063463404
2024-09-19,0.010609172550930074,0.0028753157642175545,0.0025995478672742986,0.0,0.0,-0.0004760958078658705
2024-09-20,-6.0542460445592506e-05,-9.152634577053057e-05,0.0017815549443270353,0.0,0.0,0.0
2024-09-21,0.0,0.0,0.0,0.0,0.0,0.0
2024-09-22,0.0016075568168516909,0.0006913901454896394,0.00011903930583500033,0.0,0.0,0.0
2024-09-23,0.000475201489387549,-0.0009661045931550744,0.00011387146204693281,-0.0001851144561857399,0.0,-0.0009531037503267667
2024-09-24,0.004403974896505536,0.0004940794035647245,0.0011266904925096854,0.0,0.0,0.0
2024-09-25,-5.972645284596548e-05,0.0023359701158883746,0.002012700930586853,0.0,0.0,0.0003773535500896812
2024-09-26,0.002657112225643534,-3.361547910389216e-06,0.002595524886494149,0.0,0.0,0.0
2024-09-27,-0.005500527696041884,-0.0032883078419673295,-0.0059081322594542246,0.0,0.0,0.0
2024-09-28,0.0,0.0,0.0,0.0,0.0,0.0
2024-09-29,0.0036217166326790416,-2.406210434469536e-06,0.0006494414476620901,0.0,0.0,0.0
2024-09-30,-0.0008494044780817133,-0.0007155388292176732,-0.0016074443937379758,0.0016618901767466393,0.0,-0.001462972052214404
2024-10-01,-0.01516251491689706,0.0009073977029674284,0.00026369904439336176,0.0,0.0,0.0
2024-10-02,0.009027059612300678,-0.00011034015575450087,0.001203966590651695,0.0,0.0,0.0
2024-10-03,-0.004182373766854268,0.0008342260905202464,-0.0023908032858232843,0.0,0.0006195709601019946,-0.002901586165105763
2024-10-04,0.013593714257813631,-0.000509188956638665,0.004611036000029767,0.0,0.0019256077778876139,0.0
2024-10-05,0.0,0.0,0.0,0.0,0.0,0.0
2024-10-06,-5.9809208624487887e-05,-6.144184557325226e-05,0.00025162101182931714,0.0,0.0,0.0
2024-10-07,-0.017407948474336087,1.7787956974014597e-05,-0.004516725657008979,-0.009073523624809015,0.0,-0.0002903182617819416
2024-10-08,0.022323325160765527,7.69161263878022e-05,-0.00018585020819034842,0.0,0.0,0.0
2024-10-09,-5.913660555884092e-05,-0.00012401339411257146,0.003088686668811191,0.0,0.0004501342882415937,0.00022371456753640293
2024-10-10,0.00016273222856911913,0.00012625076652449286,0.00018702396544358898,0.0,0.0,-0.00015456319609823908
2024-10-11,-0.0022849979611756963,0.00018242327437852215,0.004184574579392553,0.0,0.0,0.0
2024-10-12,0.0,0.0,0.0,0.0,0.0,0.0
2024-10-13,0.0007414511176097466,-0.0001398245702902216,-0.000298244750227461,0.0,0.0,0.0009638818836391084
2024-10-14,0.01306657275311631,0.0001455666094670435,0.0035548615490253567,0.009175362166176537,0.0,-0.000645637617869886
2024-10-15,-5.9381835096643935e-05,-0.00037041895591063213,-0.002072305535239005,0.0,0.0,-0.0015738142216146051
2024-10-16,-0.0,-0.0006026180272461914,0.002616040113317697,0.0,0.0,-0.0018128443841487715
2024-10-17,0.0,0.00016654886949707404,0.001975441203542716,0.0,3.976777419624639e-05,0.0008825672561456058
2024-10-18,0.004597920486855078,0.0003173211174252985,0.0015407446860637442,0.0,0.0,0.0
2024-10-19,0.0,0.0,0.0,0.0,0.0,0.0
2024-10-20,0.0017635692492808145,1.0241093205667148e-05,0.0006063385886929895,0.0,0.0007361133056817742,0.0
2024-10-21,0.000613456254152241,-0.0004026604427480771,-0.003144782651127427,-0.006518303081369573,0.0,0.0010792072342567852
2024-10-22,0.0009628742929529277,-0.00021369025439744218,0.0010140166786391845,0.0,0.0,0.0
2024-10-23,-0.014047008928459066,-0.00015266547897603891,-0.0034214174153690295,0.0,0.0,0.0
2024-10-24,0.005680882365369737,3.8237329085157935e-05,0.0010101792314556658,0.0,0.0,0.0006595102248798997
2024-10-25,0.00543973177727583,-6.868045228180065e-05,-0.0014111711266068805,0.0,-0.0030772190152878794,0.0
2024-10-26,0.0,0.0,0.0,0.0,0.0,0.0
2024-10-27,-5.8592033436520416e-05,-3.296348767726927e-05,0.001196645793716311,0.0,0.0,0.0
2024-10-28,-0.005401424628453411,0.00012137770003992834,0.0037209176381892916,0.007129258588416834,0.0027262732158616514,0.005419767697260268
2024-10-29,0.015608573791533898,0.00025644511023635954,-0.0004323107744001464,0.0,0.0004341597321511325,0.0
2024-10-30,-5.905221199744107e-05,0.0007452375750970858,-0.0023025720415571545,0.0,0.0,0.0
2024-10-31,-0.0,0.0003865103955118312,-0.0048259855829405306,0.0,0.0,0.01893025545322458
2024-11-01,0.0,0.0016659764388187424,0.002410309869688787,0.0,0.0,0.0
2024-11-02,0.0,0.0,0.0,0.0,0.0,0.0
2024-11-03,-0.0,-0.0005717941271843346,-0.0007847286661008202,0.0,0.0011506147288688493,0.0
2024-11-04,-0.0,-0.0012254298825069147,-0.000883534344426266,-0.0022066582776104435,-0.0016306825264907447,0.0
2024-11-05,0.0,0.0017881908589746061,0.0020072631964273223,0.0,0.006273511974035966,0.0
2024-11-06,0.03159337597119483,0.0014212295913847363,0.0017787285535485313,0.0,0.0,0.0
2024-11-07,-5.677248426929082e-05,0.0021710864382591803,0.002249278336424417,0.0,0.0,0.0
2024-11-08,1.3169135432371354e-05,-0.000538686598749837,-0.00031579964724522255,0.0,0.0,0.0
2024-11-09,0.0,0.0,0.0,0.0,0.0,0.0
2024-11-10,0.003318536570056802,0.00013975790452222482,0.00042761778356383836,0.0,0.0,0.0
2024-11-11,-5.677409587252323e-05,-0.0013289023096298108,-0.0009140498519842333,0.004997633925133488,0.0,0.0
2024-11-12,-0.0,-0.0010211750812510205,-0.00022163234747993955,0.0,0.0,0.0
2024-11-13,0.0,-0.0020934128753284952,-0.0009468480181503592,0.0,0.0,0.0
2024-11-14,-0.009479083215414179,-0.0002490154432410284,-0.003409154442112485,0.0,0.002854101531659542,0.0
2024-11-15,-0.01954290331034572,0.0004679109474809618,-0.00441942053558208,0.0,0.0,0.0
2024-11-16,0.0,0.0,0.0,0.0,0.0,0.0
2024-11-17,0.0028207355021677163,0.00030507704207978416,0.0002897678660015557,0.0,0.0,0.0
2024-11-18,0.002524747335239837,0.0021632051821389416,0.0018277854692701045,0.0017338411317513,0.0,0.0
2024-11-19,-5.791114499985522e-05,-0.0012916021016526002,0.0008042070984557058,0.0,0.0,0.0
2024-11-20,-0.001340547433080164,-0.0004881812381948547,0.0009578702380404813,0.0,-0.012450686842750334,0.0
2024-11-21,0.000980867234281714,-0.0007257700002785848,0.0024703197635149274,0.0,0.0,0.0
2024-11-22,0.004179698913347374,0.00016495183615369184,0.004117598841570247,0.0,0.0,0.0
2024-11-23,0.0,0.0,0.0,0.0,0.0,0.0
2024-11-24,0.002453215559294537,0.0010686480874348779,0.0009989039701189695,0.0,0.0,0.0
2024-11-25,-0.0040711267622289046,-0.0009075502219543831,-0.001978419613570379,0.0020378881254330215,0.0,0.0
2024-11-26,0.0072451149854604715,-2.461101134939279e-05,-0.00013610050738135384,0.0,0.0,0.0
2024-11-27,-0.007437405115711461,0.0017239389367392534,-0.002028180785029846,0.0,0.0,0.0
2024-11-28,0.002995367970156182,1.9990341981953908e-05,0.0010089963255742517,0.0,0.004842645824590852,0.0
2024-11-29,0.004865372905689214,8.839611427167979e-05,-0.0008781758376526396,0.0,0.0,0.0
2024-11-30,0.0,0.0,0.0,0.0,0.0,0.0
2024-12-01,-5.735698990516978e-05,-0.0010625251763693837,-0.00038634039965281805,0.0,0.0,0.0
2024-12-02,0.01524355475922317,-0.0012757667208176413,-0.0007568730695553423,0.0018659063364683073,0.0,0.0
2024-12-03,-5.633987971435681e-05,0.0006972390204113706,-0.00011111135167504174,0.0,0.0,0.0
2024-12-04,0.01089307641984554,0.000799094226438666,0.0021553924891626994,0.0,0.0,0.0
2024-12-05,-5.601822459573515e-05,0.0008517391245188375,-0.0013720789839942737,0.0,0.0,0.0
2024-12-06,0.0,0.0011671830925997087,0.0005952958598335112,0.0,0.0,0.0
2024-12-07,0.0,0.0,0.0,0.0,0.0,0.0
2024-12-08,0.0013404055861491945,-0.00034394097716185863,0.00032152143111334745,0.0,0.0,0.0
2024-12-09,-0.010582260878429188,0.0009522056106874893,-0.0009348691833005976,-0.005952203474593414,0.0,0.0
2024-12-10,-0.0021428296066000126,-0.0005942832890696768,-0.0010687409590984843,0.0,0.0,0.0
2024-12-11,0.027267200535660126,-0.0007927990860417896,0.001134813204882379,0.0,0.002104003606429099,0.0
2024-12-12,-5.523234406068193e-05,0.0004116056057530667,-6.58777506584163e-05,0.0,0.0,0.0
2024-12-13,0.00117997040382373,0.002049391166291763,-0.0012980380435724088,0.0,0.0,0.0
2024-12-14,0.0,0.0,0.0,0.0,0.0,0.0
2024-12-15,0.002028233282386695,5.937834406832819e-05,0.0006549441770833497,0.0,0.0,0.0
2024-12-16,0.02213322359807208,-0.001627385582109142,0.0010424119781254125,0.005217447440003443,0.0,0.0
2024-12-17,-5.4585649432764124e-05,-0.001392402569513664,-0.0018121646126168622,0.0,0.0005286050934347761,0.0
2024-12-18,-0.0,-0.0024050827955304282,-0.006334263242135273,0.0,0.0,0.0
2024-12-19,-0.0,0.0009725169984990158,0.0005400131523538757,0.0,0.0,0.0
2024-12-20,0.0,0.00219839851109687,0.0009393262480105554,0.0,-0.00627212690371805,0.0
2024-12-21,0.0,0.0,0.0,0.0,0.0,0.0
2024-12-22,0.004478112048922949,0.000484194856928794,0.0012489425302912637,0.0,0.0,0.0
2024-12-23,0.003575929579129054,-0.0004773606706779742,0.0009407557103195184,0.003330074418836254,0.0,0.0
2024-12-24,-5.49033243962922e-05,0.001108507137210335,0.002013894712509878,0.0,0.0,0.0
2024-12-25,0.0004745493820474824,5.18190784354434e-05,0.0003125113415930691,0.0,0.0,0.0
2024-12-26,-0.0020026097147036346,9.8978186390385e-05,0.0019293574224838572,0.0,0.0,0.0
2024-12-27,-0.011203689983736411,-0.0017801808304069833,-0.002749119933467714,0.0,0.0,0.0
2024-12-28,0.0,0.0,0.0,0.0,0.0,0.0
2024-12-29,-0.0007622061629287527,0.00012750170469529157,-0.000264418618879747,0.0,0.0,0.0
2024-12-30,-0.012044019703076203,-0.00046036025138881064,-0.006834729451954995,-0.01167347918108207,0.0,0.0
2024-12-31,-0.006221049271706243,-2.7362910471693657e-06,-0.0003710396460073949,0.0,0.0,0.0
2025-01-01,0.00127796333502514,0.0001659392166204436,0.0004601286180679232,0.0,0.0,0.0
2025-01-02,-0.003954120568335057,0.0004864840020279925,-0.0011313121807711565,0.0,0.0,0.0
2025-01-03,0.01316613113059832,0.002840253788842545,0.0024892612336593458,0.0,-0.008879912689631933,0.0
2025-01-04,0.0,0.0,0.0,0.0,0.0,0.0
2025-01-05,-5.617214891236676e-05,9.139392483164582e-05,0.00021989396860710997,0.0,0.0,0.0
2025-01-06,0.009805010605199364,0.0019665908763501464,0.002862773190168033,0.0050737137097973594,0.0,0.0
2025-01-07,-5.650249552688577e-05,-0.0024002255924937517,-0.0015633774094037968,0.0,0.0,0.0
2025-01-08,-0.0,-0.0005505006690275805,-0.0006915099891266642,0.0,0.0,0.0
2025-01-09,-0.0,-0.001107003754862814,-0.00036065390628589415,0.0,0.0,0.0
2025-01-10,-0.0,-0.0018108969130815346,-0.005687918215944589,0.0,0.0,0.0
2025-01-11,0.0,0.0,0.0,0.0,0.0,0.0
2025-01-12,0.0,-0.0003479894593976845,0.00019013693219877004,0.0,0.0,0.0
2025-01-13,0.0,0.001773105947805232,-0.003408172536816446,0.006787938490815245,-0.007445260293378656,0.0
2025-01-14,-0.0048695710098630145,-0.0005611073117371513,0.0016987168431760512,0.0,0.0001025708310315072,0.0
2025-01-15,0.024181035623201088,0.004934820118130334,0.0005446605361709429,0.0,0.001295160734028178,0.0
2025-01-16,-5.686287517651183e-05,-0.0014891342535331509,0.000712232422152841,0.0,0.0,0.0
2025-01-17,0.0,0.0032972202520106806,0.0022863289909353934,0.0,0.0,0.0
2025-01-18,0.0,0.0,0.0,0.0,0.0,0.0
2025-01-19,-0.001942822386249942,-0.00032396597407825215,-4.92924182690091e-05,0.0,0.0,0.0
2025-01-20,0.007926651458106566,0.004379028542019321,0.0002912060864548094,0.008561400773711226,0.0,0.0
2025-01-21,-5.532758541195998e-05,0.0023558327249502335,0.0014602742543540883,0.0,0.0,0.0
2025-01-22,0.006572916268921618,0.001113186898121911,0.0001456509421009167,0.0,0.0,0.0
2025-01-23,-5.4812541109405835e-05,0.002531773687145613,0.0012305033475158546,0.0,0.0,0.0
2025-01-24,-0.004472418758122825,0.0018917636147147655,-0.001380508378225065,0.0,0.0,0.0
2025-01-25,0.0,0.0,0.0,0.0,0.0,0.0
2025-01-26,-0.010974803474254075,-0.00217672235918459,-0.00033437518225551963,0.0,0.0,0.0
2025-01-27,-0.015167598579927994,-0.0025397961771909576,-0.0025723608920680515,-0.01116972393953164,0.0,0.0
2025-01-28,0.009731587646085114,-5.144038441789507e-05,0.002706669173610133,0.0,0.0,0.0
2025-01-29,-0.0003195970010006856,0.00035630250656289294,-0.0011500100099508194,0.0,-0.003019251849927205,0.0
2025-01-30,0.006848443096011342,-0.000264742678871922,0.002674173023072456,0.0,0.0,0.0
2025-01-31,-0.006121019920178447,-0.00022697804312486207,-0.002377299777162354,0.0,0.0,0.0
2025-02-01,0.0,0.0,0.0,0.0,0.0,0.0
2025-02-02,-0.020881333446043003,1.5265179083614268e-05,-0.002784096563835868,0.0,0.0,0.0
2025-02-03,0.021840309412975812,0.0028679681200744138,0.0013947709972177633,-0.0009108979305178134,0.005357971531943254,0.0
2025-02-04,-5.5899232317209505e-05,0.0002980301847677058,0.0006132883780505026,0.0,0.003215691802726806,0.0
2025-02-05,0.008247211716852224,-0.0006281892047277097,0.0021783759178489563,0.0,0.0,0.0
2025-02-06,-5.515212795293685e-05,1.3393955139125478e-05,0.0011866068955783014,0.0,0.0013114799538877634,0.0
2025-02-07,-0.010467799122859237,0.0005166665007318803,-0.0024844292455370454,0.0,0.004118925233644859,0.0
2025-02-08,0.0,0.0,0.0,0.0,0.0,0.0
2025-02-09,0.0025340133642776145,-6.416341341959745e-05,0.001238863871463547,0.0,0.0,0.0
2025-02-10,0.006532726575568409,0.00026576516359351216,0.003264941651748132,0.004725633651100761,0.0,0.0
2025-02-11,-5.520642602798966e-05,-9.39481241539754e-05,0.0030136183262396863,0.0,0.0,0.0
2025-02-12,0.003487321554450771,0.0006726475568332381,0.0029212984187701905,0.0,0.0,0.0
2025-02-13,0.00850722910492382,-0.0006992788580894911,0.002658289643900702,0.0,-0.00011214742817067454,0.0
2025-02-14,-5.420862188131022e-05,-0.0008005284262861674,-0.0006545982619062041,0.0,0.0,0.0
2025-02-15,0.0,0.0,0.0,0.0,0.0,0.0
2025-02-16,0.00013163095111153045,-0.0001915971547270523,-0.00041793105533814983,0.0,0.0,0.0
2025-02-17,0.0003645751332113358,-0.0007728046226563898,0.0013138489201801606,0.00043078779387926725,0.0,0.0
2025-02-18,0.0017321412291035597,-4.483334869998168e-05,0.0008936781975757202,0.0,0.0012194536879325288,0.0
2025-02-19,-0.0014755414149455947,0.0005597266507254259,-0.004617138486472985,0.0,0.0,0.0
2025-02-20,-0.002574383210638752,-0.0005435394379913491,-0.004501216284037475,0.0,0.0,0.0
2025-02-21,-0.024784966565232706,0.00045187090611471933,-0.0030955892094414786,0.0,0.0,0.0
2025-02-22,0.0,0.0,0.0,0.0,0.0,0.0
2025-02-23,0.00500430322588929,0.0001721088667716384,0.0008960996003571475,0.0,0.0,0.0
2025-02-24,-0.01600249383440068,0.0008079283905893065,0.00019628717022680543,-0.0056601067761223025,0.0,0.0
2025-02-25,-0.007026235163380172,0.00025677085992680166,0.0004059169943025407,0.0,0.0,0.0
2025-02-26,-0.0004718225336680912,-0.0022454895013408914,-0.00047132655287533963,0.0,0.0,0.0
2025-02-27,-0.025414596009602816,-0.0037915390211021366,-0.004037950137893114,0.0,0.0,0.0
2025-02-28,0.013384491234445803,0.0031269118195915197,0.0018696353431417272,0.0,0.0,0.0
2025-03-01,0.0,0.0,0.0,0.0,0.0,0.0
2025-03-02,0.00282844852854647,0.0011761073320778108,0.0005756459787944258,0.0,0.0,0.0
2025-03-03,-0.02081168258214385,-0.005663547390815273,-0.0005817853183241926,-0.018296007719228062,0.0,0.0
2025-03-04,0.0034829010605860644,-0.0012764732570132555,-0.001503795177251632,0.0,-0.03251729652790461,0.0
2025-03-05,0.0011873166491845524,-0.0004930904730130669,0.0008076907469561911,0.0,-0.007454828468851783,0.0
2025-03-06,-0.018322987327143984,-0.002688707049398921,-0.0037853609881291607,0.0,0.0,0.0
2025-03-07,0.0008544630165516296,-0.001329566901415865,-0.0009157465373966266,0.0,0.0,0.0
2025-03-08,0.0,0.0,0.0,0.0,0.0,0.0
2025-03-09,-0.007164824399527181,-0.0018807481180586655,-0.0016506605108640993,0.0,0.0,0.0
2025-03-10,-0.03132951788412963,-0.007121524726950776,-0.005051358109384041,-0.030397237097865824,0.0,5.944724953489146e-05
2025-03-11,0.008192544429614493,-0.0015850743246990792,0.0024939143105957794,0.0,0.0,-0.005942531327674111
2025-03-12,0.00823462659957257,0.002365364167121478,0.003593767793738256,0.0,0.000385156630237584,0.0028419627906714692
2025-03-13,-0.012388770517289448,-0.0027672644168919218,-0.0031145551644288015,0.0,0.0,0.0
2025-03-14,0.01140750736389793,0.004413630215249148,0.008295609535184555,0.0,0.0,0.0
2025-03-15,0.0,0.0,0.0,0.0,0.0,0.0
2025-03-16,-6.131959774343881e-05,-0.0007369093119094051,-0.0009101290412585893,0.0,0.0,-0.0026516138364299415
2025-03-17,0.008357949579445908,0.0037086307101672567,0.0059154039386183355,0.01031186197767037,0.0,0.002261865442257911
2025-03-18,-6.150187580721212e-05,-0.0021351713295473477,-0.0013478479868020306,0.0,0.0,-0.0030488525468876696
2025-03-19,0.0,0.004209026342105897,0.004218445856650532,0.0,0.0,0.0
2025-03-20,-0.004990638133991489,-0.0004935853687102776,-0.00322427973804722,0.0,0.0,0.0
2025-03-21,0.002930366730807612,0.00011626784396319924,-0.00032711642568523664,0.0,0.0,0.0
2025-03-22,0.0,0.0,0.0,0.0,0.0,0.0
2025-03-23,0.00452261143567705,0.0015822700857740714,0.002470283971087861,0.0,0.0,8.421381059929034e-05
2025-03-24,-5.946599536165236e-05,0.0033778494683585274,0.003738417880077904,0.017227189508330583,0.0,-0.0015537597841823166
2025-03-25,0.005682074557682547,0.001563319780458922,0.002073110735944117,0.0,0.0,0.0
2025-03-26,-6.0345174397554014e-05,-0.002839214017834985,-0.005878174783119106,0.0,0.0,0.00060963613027323
2025-03-27,-0.0,-0.0025130936132281,0.0005208042914452579,0.0,0.0,-0.0006621289827565104
2025-03-28,-0.0,-0.001173866660747088,-0.003650642875510043,0.0,0.0,0.0
2025-03-29,0.0,0.0,0.0,0.0,0.0,0.0
2025-03-30,-0.0,-0.0005699839079274193,-0.0006032159311401664,0.0,0.0,0.0
2025-03-31,0.0,0.0005340705601457809,0.0008078702882830947,0.003204242477616014,0.0,0.0
2025-04-01,0.009345521661695942,0.002152301038839061,0.0025670197581765496,0.0,-0.003951137798876356,-0.01263051351050459
2025-04-02,-6.407791874919902e-05,-0.0021669318233971152,-0.008776912582218523,0.0,0.0,0.0
2025-04-03,-0.0,-0.006058107958764835,-0.008808821233553605,0.0,0.0,0.0
2025-04-04,-0.0,-0.022119034889705694,-0.017017181727638355,0.0,0.0,0.0
2025-04-05,0.0,0.0,0.0,0.0,0.0,0.0
2025-04-06,-0.0,-0.011573108035288283,-0.0012531744947554047,0.0,0.0,0.0
2025-04-07,0.0,0.013560582012715936,0.013309239146899562,0.009163825211758073,0.0,0.0
2025-04-08,-0.01931370888620522,-0.010218784277372762,-0.014761742008160807,0.0,0.0,0.05711304421756361
2025-04-09,0.05022259674281475,0.013746449311874694,0.018198037144142313,0.0,-0.0034379709998344785,0.0
2025-04-10,-6.579163788282509e-05,-0.005417785664941319,-0.0019935761137719996,0.0,0.0,0.0
2025-04-11,0.0,0.0009916092854845263,0.0017339887251192608,0.0,0.0,0.0
2025-04-12,0.0,0.0,0.0,0.0,0.0,0.0
2025-04-13,0.003083457200558886,0.00020722976465630867,-2.20839927858929e-05,0.0,0.0,0.0
2025-04-14,-0.002515590094334652,0.0013701603153934035,-0.0010605095895114603,0.004917952577713014,0.0,-0.004192273196418327
2025-04-15,-0.0019410841456774185,0.003028740989001374,-0.0007406721357573363,0.0,0.0,0.008014089384894228
2025-04-16,-0.005180918401341139,0.00032959828035625434,0.0002590615732550372,0.0,0.004672596153846153,0.0
2025-04-17,0.000498654943901311,0.0008578209742609719,-3.2840786699894916e-05,0.0,0.0,0.0
2025-04-18,0.0,-0.00031854347077192287,9.580812482624656e-05,0.0,0.0,0.0
2025-04-19,0.0,0.0,0.0,0.0,0.0,0.0
2025-04-20,-0.00185702744601407,-0.0005574798120260252,-0.0021275392404351166,0.0,0.0,0.0016627977406890075
2025-04-21,-0.005124627874020937,0.001767174012039694,-0.005791458024377249,0.0,0.0,-0.008108228128071784
2025-04-22,0.012895078009745608,0.0002715911328331742,0.01268736239016336,0.0,0.0,0.0
2025-04-23,-6.403654352083589e-05,0.0006172205395833922,-0.0009286375126257788,0.0,0.0,0.005563440751962553
2025-04-24,0.00916714152819675,4.454697384773359e-05,0.006598749275233862,0.0,0.0,0.0
2025-04-25,-6.168904608171742e-05,-0.00014885105004085062,0.002328260051789266,0.0,0.0,0.0
2025-04-26,0.0,0.0,0.0,0.0,0.0,0.0
2025-04-27,-0.0015085960842906474,8.105240706657302e-05,-0.0011601386390215573,0.0,0.0,0.0
2025-04-28,0.0012087650966495554,0.0005308768313608556,-0.0003951765918463025,0.0014452881668408693,0.0,-0.0032544689192167964
2025-04-29,-6.162948354492788e-05,0.00017109894531461026,0.001671255820675277,0.0,0.0,0.0024121370818719103
2025-04-30,0.0054522398791187875,0.00042056681564021817,0.004199343308980364,0.0,0.0,0.0
2025-05-01,-6.0916797806995276e-05,0.00013522491360544328,0.000530392983064021,0.0,0.0,0.0030653366153217967
2025-05-02,0.006234563152276814,-0.00030905941674710827,0.007229156819684408,0.0,0.0,0.0
2025-05-03,0.0,0.0,0.0,0.0,0.0,0.0
2025-05-04,-6.0013803174730184e-05,-0.00038107309992502724,-0.001543995604663062,0.0,0.0,0.0059866840411790774
2025-05-05,-0.0011074648988033545,0.0001509514249955692,0.001970301720525154,-0.007389848175900678,0.0,-0.0033531986181275443
2025-05-06,0.001549396450015813,-0.00033532088304321825,0.0018959279533141524,0.0,0.0,0.0
2025-05-07,-0.00346293976875557,-0.00024349955418270027,-0.0017731155467949457,0.0,0.0,-0.004356611553759464
2025-05-08,0.006062332145160275,-0.00018321736395442265,0.0030643170504154106,0.0,0.0019151032702237523,0.0
2025-05-09,0.00010599826247907549,-0.0007653482543440605,-0.0006708094081052122,0.0,0.0,0.0
2025-05-10,0.0,0.0,0.0,0.0,0.0,0.0
2025-05-11,0.01005442456301172,-8.904087646327448e-05,0.005409331623484092,0.0,0.0,0.00011229520670463008
2025-05-12,-5.759345738324126e-05,-0.0003751993752514378,0.006760915599403816,0.03134682362265437,0.0,0.0
2025-05-13,0.01265199854537031,0.0016752638703044938,0.0041475581771883594,0.0,0.0,0.0
2025-05-14,-5.63351188436278e-05,-0.0017217969366586908,-0.004384895971861013,0.0,0.0,0.0003232768399844234
2025-05-15,0.0011114416799372644,0.0014972343575073003,-0.0002159139759536923,0.0,0.0022168420627428813,-0.0020989160047580908
2025-05-16,-0.00017484749478311064,-0.0013149267499814638,0.00014246790192252046,0.0,0.0,0.0
2025-05-17,0.0,0.0,0.0,0.0,0.0,0.0
2025-05-18,-0.0010977886178658895,0.0011477491748357327,-0.000885601649359613,0.0,0.0,-0.00034680906077969986
2025-05-19,0.0069620280872596625,0.00039715521365272935,0.0030315822583697584,0.005853564181384854,0.0018586186828865275,0.003711916803573547
2025-05-20,-5.616084465910367e-05,0.002556424407648159,-0.0013508029478805914,0.0,0.0,0.0
2025-05-21,-0.01381269475051632,0.0013582478391838933,-0.007388840621195993,0.0,0.0,0.0
2025-05-22,0.0017215477241707862,-0.0015517818946253338,-0.0007112999404937175,0.0,0.0,0.0006602230520408271
2025-05-23,-0.010015074047220403,0.0024336215955766253,-0.001939783517865984,0.0,0.0,0.0
2025-05-24,0.0,0.0,0.0,0.0,0.0,0.0
2025-05-25,0.010752587659061192,-0.00010242327403290035,0.002082024855624054,0.0,0.0006913813127677694,0.0
2025-05-26,0.002131581600230153,5.357996386537686e-06,0.00030017208905182003,0.01110219124725751,0.0,0.0030352290386050935
2025-05-27,0.011144885570867945,-0.0010833452122533018,0.0027705135202283015,0.0,0.0,0.0
2025-05-28,-5.52501450316307e-05,-0.0013696528727171425,0.002199625258856042,0.0,0.0,-0.0037013849294454983
2025-05-29,-0.021915678954792548,0.00047509834974870176,-0.0017285915961853804,0.0,0.0,0.0
2025-05-30,0.0025074616427851037,0.0014557277503327581,-0.0022460647910311536,0.0,0.0,0.0
2025-05-31,0.0,0.0,0.0,0.0,0.0,0.0
2025-06-01,-0.0025838271391973515,-0.00013522526356358656,0.0004981168543176983,0.0,0.0,0.003265026960937644
2025-06-02,0.008565674904663721,-0.0012560850748335173,0.0025290027504658477,0.0028674787013483896,0.0009244240607107924,0.0
2025-06-03,-5.537302964302853e-05,0.00031056448107437276,0.0027039683837454032,0.0,0.0,0.0
2025-06-04,0.0015347820911873237,-0.00013935331051441078,-0.001413730776164257,0.0,0.0,-0.004925602154725567
2025-06-05,-0.008457103153893204,0.0002878105330493314,0.001652112042505205,0.0,0.0028804922898385864,-0.0015183523371752174
2025-06-06,0.012933749134351271,0.0003566853200310905,0.0018862239905731771,0.0,0.0026609665959524535,0.0
2025-06-07,0.0,0.0,0.0,0.0,0.0,0.0
2025-06-08,-0.0024123828791956688,-0.00011106501966734967,0.00015004602156531988,0.0,0.0,0.0
2025-06-09,0.0037669116132715195,-0.00031758018925755866,-0.0001824704439084225,0.0018674345119017248,0.0,-0.0028802109424242656
2025-06-10,-5.470758794244762e-05,0.00011324423313261323,0.0012802070032873702,0.0,0.0,-0.0023262973651862807
2025-06-11,-0.005604687993704588,0.00017617995934812473,-0.0019364999128126392,0.0,0.0,0.0
2025-06-12,-0.002413593140988405,-0.0003655019037683813,-0.001333932198345904,0.0,0.0,-0.000667689630828083
2025-06-13,-0.006225875846935205,0.0006426029145207927,0.0002536893037051063,0.0,0.0,0.0
2025-06-14,0.0,0.0,0.0,0.0,0.0,0.0
2025-06-15,0.00171917139154263,-3.5920352371470715e-05,0.001362956089486911,0.0,0.0,0.0
2025-06-16,0.0056199020007828135,0.0008828309347830097,0.0012461520398187377,0.00399295337604219,0.0,0.0
2025-06-17,-5.5323759249441e-05,-0.000907752851705096,-0.0014343926424759568,0.0,-0.000962779196795258,-0.0037161164569876827
2025-06-18,0.0,4.38415650865737e-06,0.000588524560252024,0.0,0.0,0.0
2025-06-19,-0.0,-0.0009903640387509207,-0.0029541452102727155,0.0,0.0,0.0
2025-06-20,-0.0,0.0012464576084981402,0.002647449087729303,0.0,0.0,0.0
2025-06-21,0.0,0.0,0.0,0.0,0.0,0.0
2025-06-22,-0.006376012724784408,-0.00046870525459259774,-0.00029803719662212507,0.0,0.0,-0.004737418948967564
2025-06-23,0.029615018681580122,0.0014703264979080413,0.0031830072075921477,0.0149410655887054,0.006390562518434244,0.0
2025-06-24,-5.3970424207534266e-05,0.0024873184697769973,-0.00011105607895715863,0.0,-0.0029758504718828058,0.0
2025-06-25,0.002283739484680654,-0.0008654613197701,-0.000819419443026459,0.0,0.0,0.0010077471887288787
2025-06-26,0.012455414839102856,0.001813267570451797,0.0024674297422132337,0.0,0.0,0.0
2025-06-27,-5.3211302080561916e-05,0.0015636436933624842,0.0021975492469988203,0.0,0.0,0.0
2025-06-28,0.0,0.0,0.0,0.0,0.0,0.0
2025-06-29,0.004493344631048058,-0.00042305305549148755,-0.00012174864637227721,0.0,0.0,0.0
2025-06-30,0.004167303748020917,-0.0002479802870804039,0.0006734257369048204,0.003582014741168526,0.0,0.0
2025-07-01,-5.326231691078562e-05,-0.0002803189881620742,-0.0017362782643920434,0.0,0.0,0.00015145926627390375
2025-07-02,0.0,0.00013457559344561346,0.0015008194568966182,0.0,0.0,0.0014703750426455515
2025-07-03,0.011631507678371554,0.000903158890470041,0.0015589401904748778,0.0,0.0,0.0
2025-07-04,-5.280806907295435e-05,-0.0007705905118922915,-0.0013942017090002423,0.0,0.0,0.0
2025-07-05,0.0,0.0,0.0,0.0,0.0,0.0
2025-07-06,0.0,0.00010221203500647805,0.00011322744201789359,0.0,0.0,0.0
2025-07-07,-0.0060671760136938035,-0.001085125723664483,0.0010880838472821508,-0.0033105685465862978,0.002908645825426145,0.0
2025-07-08,0.001866487370162202,-0.00030850231515446155,0.0019057993266919705,0.0,0.0,-0.0017228488933531245
2025-07-09,0.008519217445889668,-0.0003534255923909811,0.0016977521874288106,0.0,0.0,0.0
2025-07-10,-5.2441593175600674e-05,0.0006313771899011389,5.344917352214653e-05,0.0,0.0,0.0034455781496810518
2025-07-11,-0.006491856243178133,-0.0003823929826064815,-0.001299670168550604,0.0,0.0,0.0
2025-07-12,0.0,0.0,0.0,0.0,0.0,0.0
2025-07-13,-0.004555112181643837,0.00011541803681220324,-0.00046806612796794765,0.0,0.0,0.0
2025-07-14,0.009513653066307066,-0.0002482086704670003,0.0010249809377474166,0.0032051394516673663,0.005873538507418179,-0.003638550593001732
2025-07-15,-5.2482418389839406e-05,0.00039636743139805314,-0.0006288898347577509,0.0,0.0,-0.0007476354116261482
2025-07-16,0.0017810870007991943,-0.00023553441258452798,0.0002438559990320832,0.0,0.0,0.0011677257985535118
2025-07-17,0.015302414946773877,0.0009175294063239695,0.0012168714303244733,0.0,0.0,0.0
2025-07-18,-5.198135602030738e-05,-0.0005886771504812053,0.00010575316544159109,0.0,-9.564580064414897e-05,0.0
2025-07-19,0.0,0.0,0.0,0.0,0.0,0.0
2025-07-20,0.0026488278536847625,-2.3017732549010262e-05,-7.608985238174437e-05,0.0,0.0,0.0033252330586095334
2025-07-21,0.007625145980362034,-5.1833439542385904e-05,0.00023668749844291126,0.0016834253695504208,0.0,0.0
2025-07-22,-5.187888010790807e-05,-0.0009368324992809553,-0.0007546745821555643,0.0,0.0,0.0009403828602722103
2025-07-23,0.0,0.00036027576663618966,-0.0004309356430151178,0.0,0.0,0.0
2025-07-24,0.0005375397423334019,-0.00020920821336677488,0.0002896653941046656,0.0,0.0,0.0011444454133401486
2025-07-25,0.0033341876211198202,-0.0004949479209223707,0.0004628339771931111,0.0,0.0,0.0
2025-07-26,0.0,0.0,0.0,0.0,0.0,0.0
2025-07-27,0.007675781836269824,-0.00020884925264488864,0.0003633106111829099,0.0,0.0,0.0
2025-07-28,-5.125532841851684e-05,0.001772477925456848,0.0004786212971695236,0.0004572421110723221,0.0,-0.000579568029933411
2025-07-29,-0.004459326787608823,0.0007833124916952337,-0.0004514487503362363,0.0,0.0,0.001927026647919629
2025-07-30,0.021591911166665145,9.559851255701077e-05,-0.001034925011258464,0.0,0.003920118393137914,0.0
2025-07-31,-5.1753137533962996e-05,-0.00019266849650970987,-0.0005628486204252718,0.0,0.0,0.0027183248653503103
2025-08-01,-0.0,0.0006102591595554639,-0.005927829351059661,0.0,0.0,0.0
2025-08-02,0.0,0.0,0.0,0.0,0.0,0.0
2025-08-03,0.0,0.00024026406635286275,0.00033001938087038327,0.0,0.0,0.0
2025-08-04,0.0,0.0034813002903286904,0.007412069087713846,0.01833655048482207,-0.004894679380873417,0.0
2025-08-05,-0.01563321193086681,0.0006034353209485411,-0.0005167816053802663,0.0,0.004202103802477269,0.0017486907853978694
2025-08-06,0.020148223038266477,0.0015288117770408645,0.002686682958889541,0.0,0.0,-0.0017991968963609968
2025-08-07,-5.117707267144319e-05,0.003069815151836494,0.0002549895622533273,0.0,0.0,-0.000561867748113091
2025-08-08,0.00984491659821412,0.0011919485986563955,0.0029626045038742004,0.0,0.0,0.0
2025-08-09,0.0,0.0,0.0,0.0,0.0,0.0
2025-08-10,-5.081602059742702e-05,-0.0005175902682804959,-0.0006386941200279383,0.0,0.0,0.0
2025-08-11,-0.002697408385289091,-0.0015020784922318694,-0.0005778622873135354,-0.004862986927885896,0.0,-0.0022225141771697573
2025-08-12,0.014063779391967117,0.002229888538778853,0.006637759648081018,0.0,0.014207912958124735,-0.001001951174838401
2025-08-13,-5.027441451254765e-05,0.0024828431469342753,-0.0010804544470813804,0.0,0.0,0.0
2025-08-14,-0.002506611255934959,5.85233822483205e-05,0.0016507308093477112,0.0,0.0,0.0
2025-08-15,-0.0035697395601713027,0.00021276084583371995,-0.0015863472403494063,0.0,0.0097816995720594,0.0
2025-08-16,0.0,0.0,0.0,0.0,0.0,0.0
2025-08-17,0.0021423554128225594,0.00018404938847965175,3.395390550970929e-05,0.0,0.0,-0.0013600104283587584
2025-08-18,-0.0015109972374553263,-0.0008918698915348555,0.0006814755570737962,0.0013943226670807998,-0.0006677671662509323,0.0
2025-08-19,-0.015549196457118294,-0.0008191913451855205,-0.0016943291823541503,0.0,0.0,0.00124228724347556
2025-08-20,-0.004266717640552619,-0.0005172141401440319,0.0009715779651716919,0.0,0.0,0.0
2025-08-21,-0.002792377568232171,-0.000476361361340717,0.0003460022545754059,0.0,-0.00038803887327892416,0.004369223248785765
2025-08-22,0.013079910251245008,0.0003145228688080143,0.002301660636281954,0.0,0.0037832542302098046,0.0
2025-08-23,0.0,0.0,0.0,0.0,0.0,0.0
2025-08-24,-5.103950457654224e-05,9.422607302744801e-05,0.00025214039824786875,0.0,0.0,0.0
2025-08-25,-0.0026984120597456107,0.00023226449147580172,-0.0001707095169543371,-0.0060337636256562015,0.0,0.0014850276342061573
2025-08-26,0.004969933051138096,-0.00035996558418955856,-0.0013746571365330007,0.0,0.0021908746903819237,0.0
2025-08-27,-5.1152639476196965e-05,0.000281218024155382,-0.0007133947779555561,0.0,0.0,-0.002146439058373503
2025-08-28,0.0,-6.797364888212375e-05,-0.0008516767701695386,0.0,0.0,0.0005155516809351863
2025-08-29,-0.014130077719858199,4.528190817966081e-06,-0.0006265169505943244,0.0,0.0,0.0
2025-08-30,0.0,0.0,0.0,0.0,0.0,0.0
2025-08-31,0.004078923909529396,5.167632043289281e-07,5.2876505046750555e-05,0.0,0.0,-0.0012841903421105707
2025-09-01,-0.004957486325750665,-0.00015420717884565246,0.0006798470104140586,-0.0017426928119182146,0.0,0.0012908469655778815
2025-09-02,-0.005416368709846131,-0.0002795616397918815,0.0003265550146723974,0.0,0.0,0.0
2025-09-03,0.0059035254581274585,0.0011981625720709457,0.00024674095988567183,0.0,0.001053832881227864,0.002794797077961375
2025-09-04,0.014902602115141633,0.0013200431282488691,0.003972260244924452,0.0,-0.0041751196813998755,8.14177618921968e-06
2025-09-05,-5.076163604752981e-05,-0.0004357529075475041,-0.0010794274908241983,0.0,0.006991090679358795,0.0
2025-09-06,0.0,0.0,0.0,0.0,0.0,0.0
2025-09-07,0.00576555321206115,-0.00022754169157261514,0.0009446720616459014,0.0,0.0,0.0
2025-09-08,0.002024093765104234,0.0005192755478313569,0.0007770821848432474,0.0036973944143010177,0.0,6.858495915647147e-05
2025-09-09,0.004495569307826707,0.0006898650810365832,-0.001074110837700288,0.0,0.0,-0.0014640486628297324
2025-09-10,-5.0254623425355126e-05,0.00048241741143442956,0.00019872858673255497,0.0,0.0,0.0002830929803436128
2025-09-11,0.006642731852182207,0.0003037182924612606,0.004844148175583384,0.0,0.0,0.0
2025-09-12,0.005335209273848133,-0.0003989268734966744,-0.0015195496135971378,0.0,0.0010392462526584844,0.0
2025-09-13,0.0,0.0,0.0,0.0,0.0,0.0
2025-09-14,-4.981237339355095e-05,-1.967423351719024e-06,-0.00014108666465139085,0.0,0.0,0.0018978128958068493
2025-09-15,0.013176274416026748,0.00048422251871530175,0.001362446537299755,0.004177631436058284,0.0012237604812249294,0.0
2025-09-16,-4.939104951864306e-05,-0.00103126578461953,-0.0004099231546495483,0.0,0.0,0.0
2025-09-17,0.005712281445603709,0.0002741160326797307,0.0020978276083552403,0.0,0.0,0.0
2025-09-18,-4.891610073455678e-05,0.0006956786221091806,0.004266805269374685,0.0,0.003320473272133606,0.0011135476541933478
2025-09-19,0.008686604925622243,-0.0002761448435537485,-0.0001608683967124989,0.0,0.005807703778994366,0.0
2025-09-20,0.0,0.0,0.0,0.0,0.0,0.0
2025-09-21,-4.86957650916292e-05,0.00010956252966498603,-0.00021351495209726012,0.0,0.0,-0.00021455110914891652
2025-09-22,0.01118533497960693,-0.0013565012130690084,0.0035877912266483736,0.004397311583378953,0.0018227885200026448,0.0
2025-09-23,-4.869655553030548e-05,-0.0005579809320371952,-0.0004191960768230473,0.0,0.0,0.0
2025-09-24,-0.0,0.0006535336923400793,1.1574890321131145e-05,0.0,0.0010050508259212198,0.0
2025-09-25,-0.0,-0.000514571749930877,-0.0010260022860461055,0.0,0.0,9.213652856195477e-06
2025-09-26,0.0,0.001185376689862052,0.0014759078396818113,0.0,-5.245581339427323e-05,0.0
2025-09-27,0.0,0.0,0.0,0.0,0.0,0.0
2025-09-28,0.003659824881512289,1.804444127005069e-05,0.00028671206898520655,0.0,0.0,0.0015470734165347257
2025-09-29,0.004637388743348847,0.00016275917225022372,0.0005535155750595017,0.0016040044970235582,0.0,0.0
2025-09-30,-4.868351657268043e-05,0.00047712938080087355,0.0010116469331564496,0.0,0.0,0.0008926293988655218
2025-10-01,0.0,0.0016872370303826084,0.0011920602769477874,0.0,0.00016463619501107506,0.0
2025-10-02,0.00805055787414026,7.65470074406445e-05,0.0013075409276051442,0.0,0.0,-0.0009760175690530632
2025-10-03,-0.011160911153694997,-0.0005817133048698281,0.00035584640149743946,0.0,0.0,0.0
2025-10-04,0.0,0.0,0.0,0.0,0.0,0.0
2025-10-05,0.006756702277766369,0.00036778618943674027,0.003510563598394767,0.0,0.0,-7.782763789054826e-05
2025-10-06,0.006669666677380892,7.694901946507494e-05,0.0030974033804382016,0.001908708198892758,0.004110565499214196,-0.0009786399667130513
2025-10-07,-4.8259054605120284e-05,0.0005240394644449132,0.001700987641724083,0.0,0.0,0.0020857979087973463
2025-10-08,0.0,0.0012358533252529497,0.004717048400252822,0.0,0.0029711087433054173,0.0
2025-10-09,-0.0033632365887270397,0.00026563348206112077,-0.002387502595699625,0.0,0.0,0.0
2025-10-10,-0.08612445774078711,-0.0011619311394769733,-0.0070062937617036474,0.0,0.0,0.0
2025-10-11,0.0,0.0,0.0,0.0,0.0,0.0
2025-10-12,0.04724980703345278,0.005198831477614584,0.003933504768186125,0.0,0.0,7.95190995354504e-05
2025-10-13,0.004307599069621662,0.0012250372828644359,0.0019774546412143048,0.02715667718398017,0.0,0.0
2025-10-14,-4.872502842293324e-05,-0.003724776922381575,4.57649275641403e-05,0.0,0.012600687010158124,0.0
2025-10-15,0.0,0.0003341824841505338,-0.0006140585936372951,0.0,0.0,0.005659251133538095
2025-10-16,-0.005368783329390196,-0.0002226103390745048,-0.0024281239334289053,0.0,0.0,-0.00017220158683045
2025-10-17,0.008264701053785243,0.0007477847454912885,-0.0019994917863964943,0.0,0.0,0.0
2025-10-18,0.0,0.0,0.0,0.0,0.0,0.0
2025-10-19,-0.0005722571630557166,2.3095498318349463e-05,0.0005972696132139577,0.0,0.0,0.0
2025-10-20,0.009164283527368464,-0.00042554774399538534,0.0034006368493927205,0.012695245062991672,0.01608932061866526,0.0
2025-10-21,-4.777716729175127e-05,0.0007308737569464584,0.001986509917632917,0.0,0.0,0.0
2025-10-22,-0.007007101613957808,0.000275180803968287,0.0010151796945045753,0.0,0.0,0.0
2025-10-23,0.00867926511740954,-0.0002156684477539462,9.393637087411482e-05,0.0,0.008803216320750021,0.004169832700506032
2025-10-24,-4.725674590047729e-05,-0.0004731461280971173,-0.0004013392604627408,0.0,0.0004815855031201819,0.0
2025-10-25,0.0,0.0,0.0,0.0,0.0,0.0
2025-10-26,0.005467793710048465,8.487308852944686e-05,-0.0007355475572820749,0.0,0.0,0.0
2025-10-27,-4.636820995525468e-05,-0.00021343136127835596,-0.001528954067373267,0.010419424339000947,0.0,0.0
2025-10-28,0.004999181206510119,-0.00040821564284730823,-0.0027187639850392853,0.0,0.0,0.0
2025-10-29,-4.593477262287551e-05,-0.000264557662138044,-0.00033192846454382983,0.0,0.0,-9.133152698867004e-05
2025-10-30,-0.0017089384782506872,0.0015519929662142662,0.0023628472011364312,0.0,0.0,-0.0019515580045914168
2025-10-31,-0.004824628991591778,-0.0006110320577612475,-0.0011550273327651797,0.0,0.0,0.0
2025-11-01,0.0,0.0,0.0,0.0,0.0,0.0
2025-11-02,0.0025520059574338735,-0.0007558838288910302,0.0007438062894512432,0.0,0.0,0.0
2025-11-03,-9.517561355348078e-05,0.0007725491294091192,-0.0006403425433177401,-0.0015484271495702113,-2.9186618115589015e-05,0.0
2025-11-04,-0.014834744510560237,-0.0030586019764494714,-0.008545920187321367,0.0,0.0,0.0
2025-11-05,0.012034648397504084,0.002057036251283392,0.002863627053547789,0.0,0.0,0.0
2025-11-06,-0.019200523786999293,0.000988046294143999,-0.002570568892185339,0.0,0.0,0.0
2025-11-07,-0.003787155915538933,-1.1236321117567187e-05,0.0012272106023900164,0.0,0.0,0.0
2025-11-08,0.0,0.0,0.0,0.0,0.0,0.0
2025-11-09,0.004262618812352934,-0.00026957622721452085,0.0005535308142006422,0.0,-0.007419668411590117,0.0
2025-11-10,0.01590747851736875,0.00405909984572015,0.0045380802378496956,0.012805676077995577,0.0,0.0
2025-11-11,-4.6928160807164366e-05,1.7803945111155074e-05,0.0016610831656113658,0.0,0.0,0.0
2025-11-12,-0.004057821984642126,0.0008444093541962903,0.002242664222185997,0.0,0.0,0.0
2025-11-13,-0.016142572351571426,-0.002270415331139756,-0.00119199787612543,0.0,0.0,0.0
2025-11-14,0.0014931166776019369,-0.0005630060000781309,-0.0019500145993848381,0.0,0.0,0.0
2025-11-15,0.0,0.0,0.0,0.0,0.0,0.0
2025-11-16,0.000987817138062593,-5.176055098209509e-06,1.5863076175559594e-05,0.0,-0.006379500300736413,0.0
2025-11-17,-0.009068530692964647,0.00035085295978147394,-0.006495936902609356,-0.012716903005137292,0.0,0.0
2025-11-18,-0.012718107570397095,-0.003166268701931447,-0.006846736967978993,0.0,0.0,0.0
2025-11-19,0.020427260476803447,0.003360535656625015,0.0009694208221387111,0.0,-0.0031065612076841566,0.0
2025-11-20,-4.9850448654037884e-05,-0.0058877419801092404,-0.00019399388956801652,0.0,0.0,0.0
2025-11-21,0.0,0.004487808441383434,-0.0015985368268383675,0.0,-0.0028903479698284755,0.0
2025-11-22,0.0,0.0,0.0,0.0,0.0,0.0
2025-11-23,0.0,0.0009753712265066646,0.00017965718085277693,0.0,0.0,0.0
2025-11-24,0.014151077494294544,0.003106677758830788,0.00013912821494670434,0.014846630224945256,0.0,0.0
2025-11-25,-4.793251102447753e-05,0.004662141455100697,-0.0005287603654916876,0.0,0.0,0.0
2025-11-26,0.006212332488083433,0.0026438840299779203,0.0,0.0,0.0,0.0
2025-11-27,-4.747154674167171e-05,0.0004223929558223392,0.0,0.0,0.0,0.0
2025-11-28,0.0037238225600791297,0.000938062119741189,0.0,0.0,0.0,0.0
2025-11-29,0.0,0.0,0.0,0.0,0.0,0.0
2025-11-30,-4.720302414041326e-05,-0.00020436070595127156,0.0,0.0,0.0,0.0
2025-12-01,-0.0016524313991115639,-0.0019779875068427185,-0.00039471020525093663,-0.006430416196416726,0.0,0.0
2025-12-02,0.0063937291350040296,0.002145873739802886,0.0011735189610706076,0.0,0.0021507006324222805,0.0
2025-12-03,-4.6848281839263546e-05,0.0005128221774126176,0.002005964148188111,0.0,0.003624661559427884,0.0
2025-12-04,-0.0007879531788394691,0.0006419486369979637,-0.000157323011982069,0.0,0.0,0.0
2025-12-05,0.0032945650716104825,0.002235250808079258,6.277834114771781e-05,0.0,0.0,0.0
2025-12-06,0.0,0.0,0.0,0.0,0.0,0.0
2025-12-07,0.0003349907629641542,6.102860408651147e-05,-4.9177404512357184e-05,0.0,0.0,0.0
2025-12-08,-0.0003177901573172908,-0.00028496491735919736,3.9958453724298055e-05,-0.0016404045423972118,0.0,0.0
2025-12-09,-0.001576866581107231,-0.00042108488812112163,0.0015542484518219159,0.0,0.00013964745517462977,0.0
2025-12-10,0.001799007724553892,8.525775374629193e-05,0.004112194537710034,0.0,0.0026989628682350143,0.0
2025-12-11,-0.0017008670434983766,-0.00035058196836664315,0.00438140330906259,0.0,0.0,0.0
2025-12-12,-0.014379082777201018,-8.33629501811267e-05,-0.0030361164826594846,0.0,0.0,0.0
2025-12-13,0.0,0.0,0.0,0.0,0.0,0.0
2025-12-14,-0.0004937566600217713,3.805626341829066e-05,-7.235242026600864e-05,0.0,0.0,0.0
2025-12-15,-0.0034703100894050353,-0.0001061016812825151,-0.0009401110636808872,-0.004052920452495695,0.0,0.0
2025-12-16,0.0018199516470180693,-0.0015331067808949464,-0.0016021426147737855,0.0,0.0,0.0
2025-12-17,-0.01950606122802384,0.00047136570162921063,-0.00043099012453721834,0.0,0.0,0.0
2025-12-18,0.017744712169652677,0.001302246832441949,0.0031590190387082774,0.0,-0.0002775161599629534,0.0
2025-12-19,0.01970589773654088,0.0020942486785393366,0.006348058979363991,0.0,0.0,0.0
2025-12-20,0.0,0.0,0.0,0.0,0.0,0.0
2025-12-21,-4.71038954921572e-05,0.00038030286681116235,0.0008570635169088292,0.0,0.0,0.0
2025-12-22,0.0025401423165736787,0.0006564222574808294,0.003370962443861936,0.005869036381316221,0.0,0.0
2025-12-23,-4.683109584764283e-05,0.00016361461944344665,0.00041176598130756887,0.0,-0.0007581615906973211,0.0
2025-12-24,0.0026683007760657184,0.0004004826311864223,1.081202591610706e-05,0.0,0.004743150782813045,0.0
2025-12-25,0.0013951347764694954,0.00019205778869305334,0.0009249699322188888,0.0,0.004149753983130258,0.0
2025-12-26,-0.0014026176897165244,-0.00015964928037272917,0.0008307831891081973,0.0,0.0,0.0
2025-12-27,0.0,0.0,0.0,0.0,0.0,0.0
2025-12-28,0.0007962851157169973,0.0001222359687979417,-9.770676798611654e-05,0.0,0.0,0.0
2025-12-29,-0.008134352346043278,-0.0010784280074016893,-0.00439077990437292,-0.005306595898441171,0.0,0.0
2025-12-30,-0.002540889105287616,9.078757411735089e-05,0.0013643615182815853,0.0,0.0,0.0
2025-12-31,-0.011763146466284702,-0.0006167165503728549,-0.0020592625474041746,0.0,0.0,0.0
2026-01-01,0.003364987989102066,2.9594814103059164e-05,0.0012234248246393963,0.0,0.0,0.0
2026-01-02,-0.0051874598127679625,-0.0004290940971905194,-0.00016247704429810952,0.0,-0.001846716178299731,0.0
2026-01-03,0.0,0.0,0.0,0.0,0.0,0.0
2026-01-04,0.003337718732150363,3.236499360529085e-05,0.0010665016243500804,0.0,0.0,0.0
2026-01-05,0.0059975500983877805,-0.0005978529816336518,0.0032703002340126906,0.009937204718447102,0.0,0.0
2026-01-06,-4.674098483255042e-05,-9.701174569972754e-05,0.0038666341876402387,0.0,0.0,0.0
2026-01-07,-3.488318962229726e-05,0.0005285202814463734,-0.0015018493262592303,0.0,0.003234752698585173,0.0
2026-01-08,-0.008071122867153118,0.00027111703587933236,0.002399350887220286,0.0,0.0,0.0
2026-01-09,0.014723323042700829,0.00014478122252506697,0.00387226528021289,0.0,0.002356651408478258,0.0
2026-01-10,0.0,0.0,0.0,0.0,0.0,0.0
2026-01-11,-4.6604837582141024e-05,0.00023041664558489462,0.0008536504433044989,0.0,0.0011440899385405613,0.0
2026-01-12,0.0004755599206377672,-0.0011108299893112777,0.0023823860907451586,0.00030557997620344625,0.0,0.0
2026-01-13,-0.00023190576261321677,0.00013172733071805816,0.0005658279066005526,0.0,0.0,0.0
2026-01-14,-0.021806829389517723,-3.778982527558039e-05,0.0001989306895705396,0.0,0.0,0.0
2026-01-15,0.010740953024034106,0.0005970405715089394,0.002021094237397025,0.0,0.0,0.0
2026-01-16,-0.0040156146041039256,-0.00020457896693869848,-0.0007888944126328222,0.0,0.0012620160090909057,0.0
2026-01-17,0.0,0.0,0.0,0.0,0.0,0.0
2026-01-18,-0.014981415182501744,0.0003324639893817432,-0.0005295159519512428,0.0,0.0,0.0
2026-01-19,-0.005629643223262633,0.00019526014128582155,-0.0013999167540319722,-0.01059858438741708,0.0,0.0
2026-01-20,-0.017398442384283362,0.0007931576878168227,0.0015446567891109265,0.0,0.0,0.0
2026-01-21,0.029708370513755883,0.002850185239164877,0.004779278800377762,0.0,0.0046450902290693825,0.0
2026-01-22,-4.704886024136065e-05,0.00019353964019134452,0.005750847017831805,0.0,0.0024948846091337558,0.0
2026-01-23,0.003176738628880311,0.0010708040148865322,-8.514147679136632e-05,0.0,0.0,0.0
2026-01-24,0.0,0.0,0.0,0.0,0.0,0.0
2026-01-25,-0.006155307419502687,-0.0008146010365026675,0.0003292828620762631,0.0,0.0,0.0
2026-01-26,0.01828982175440034,0.001753684600233701,0.00205750476204432,0.004756610132520737,0.0024141869139887753,0.0
2026-01-27,-4.609002919035182e-05,0.0017140526087705574,0.0019198621985751976,0.0,0.0,0.0
2026-01-28,0.001518309794197398,0.0012883047323608162,0.007075165728473754,0.0,0.0,0.0
2026-01-29,-0.00921888627200897,-0.0018579390892929017,-0.0078122189489860504,0.0,0.0,0.0
2026-01-30,-0.015495921630968584,0.000290503531140523,0.0011288505613473133,0.0,0.0,0.0
2026-01-31,0.0,0.0,0.0,0.0,0.0,0.0
2026-02-01,-0.005529723066827855,-8.397994156976327e-05,-0.003714295156229219,0.0,0.0,0.0
2026-02-02,0.01941280804083426,0.0010129131931800749,-0.0018572167625647547,0.009863354043392765,0.00298655638200827,0.0
2026-02-03,-4.734811120493051e-05,-0.0006701468706476366,-0.0024592547492670925,0.0,-0.0012221023110796897,0.0
2026-02-04,-0.0,-0.00033992907161327736,-0.002165447993078114,0.0,0.0,0.0
2026-02-05,-0.0,-0.0030079039475320217,-0.0024285191416213367,0.0,0.0,0.0
2026-02-06,0.0,0.006925994139283984,0.007687300509804906,0.0,0.012209726536681575,0.0
2026-02-07,0.0,0.0,0.0,0.0,0.0,0.0
2026-02-08,0.005459008839443845,0.0009002808200613377,0.0011566201999012372,0.0,0.0,0.0
2026-02-09,0.002062752337197283,0.0005810436536308407,0.0013514718487557475,0.004856992789121445,0.0,0.0
2026-02-10,-4.761035683962451e-05,-0.0013995624325325868,-0.0016600701967343832,0.0,0.0,0.0
2026-02-11,-0.0010199787855487243,-0.00024463837401108885,-0.0014633139357936088,0.0,0.0,0.0
2026-02-12,-0.011293631180863583,-0.0030196686241305577,-0.003863026668603309,0.0,0.0,0.0
2026-02-13,-0.0010327862911945812,-0.00048106707105458556,0.000346056951858289,0.0,0.0,0.0
2026-02-14,0.0,0.0,0.0,0.0,0.0,0.0
2026-02-15,0.001492210230303484,-2.23477955982775e-05,0.0004504736212707417,0.0,-0.007516172287093531,0.0
2026-02-16,-0.0004775492348338768,4.077421819288895e-05,0.0006963196592138731,0.0007968356082537062,0.0,0.0
2026-02-17,-0.0028542780003486257,-0.0013101960447381286,-0.000684768110324019,0.0,0.0009535260600033902,0.0
2026-02-18,0.00723289799862106,0.00013475633598518868,0.007466585322605469,0.0,0.0013071328688110282,0.0
2026-02-19,-4.833875801617737e-05,-0.00034165361068340166,-0.0008415299232619744,0.0,0.0,0.0
2026-02-20,0.0,0.00048941924275729,0.004424728044123262,0.0,0.0,0.0
2026-02-21,0.0,0.0,0.0,0.0,0.0,0.0
2026-02-22,-0.003166771000371534,0.0004754149917708657,-0.00033576895440670104,0.0,0.0,0.0
2026-02-23,-0.005111345553236609,-0.00021729898500667428,-0.003046686478455101,-0.013320740151174303,0.0,0.0
2026-02-24,0.00759722843600067,0.0006518238741379396,0.001721993628009457,0.0,0.004203512996613466,0.0
2026-02-25,-4.747323696266229e-05,0.0015634247549345995,0.0023277482305925634,0.0,0.0,0.0
2026-02-26,-0.009191439689212716,-0.0023965725621245128,-0.00011604209338599304,0.0,0.0027703878314857063,0.0
2026-02-27,-0.0009442543094076839,-0.0001843799689667861,0.0011340684274460664,0.0,0.0,0.0
2026-02-28,0.0,0.0,0.0,0.0,0.0,0.0
2026-03-01,-0.006867834575686324,-0.0011726283513669616,0.0005688522290293726,0.0,0.0,0.0
2026-03-02,0.007424800734606829,0.002674626426657527,0.00017832515346452541,0.0015510804522528903,0.002092182459121893,0.0
2026-03-03,-4.86322188449848e-05,-0.0031971952085087713,-0.008975580933562878,0.0,0.0,0.0
2026-03-04,0.0,0.0015371992878956933,0.0013715861766467107,0.0,0.0003326403447472564,0.0
2026-03-05,-0.00554502534906728,-0.0019975606275152934,-0.003519594557588067,0.0,0.0,0.0
2026-03-06,-0.01641749341204774,-0.0038676960915520163,-0.0001018598082144591,0.0,0.0,0.0
2026-03-07,0.0,0.0,0.0,0.0,0.0,0.0
2026-03-08,-0.019713811936911095,-0.006816431387477197,-0.007429093157668765,0.0,0.0,0.0
2026-03-09,0.027730446823467175,0.009126960334173264,0.011572465313221425,0.004592132118016198,0.0020741119094918777,0.0
2026-03-10,-4.800652888792876e-05,0.001098892266303028,0.002869076684951888,0.0,0.0,0.0
2026-03-11,-0.007438972739780478,-0.004279171057869538,-0.004805569537516008,0.0,0.0,0.0
2026-03-12,-0.008539251734004476,-0.0030812992003796625,-0.003925477170454284,0.0,0.0,0.0
2026-03-13,-0.005989722490664888,-0.0031279348257488683,-0.004793562043297853,0.0,0.0,0.0
2026-03-14,0.0,0.0,0.0,0.0,0.0,0.0
2026-03-15,0.003102044914662155,0.0010610302453335496,0.0008314040651735688,0.0,0.0,-0.0027550140180277126
2026-03-16,0.008660927824226018,0.003295250228172176,0.004429815708028461,0.011634506727725518,-0.010519552608096049,0.0
2026-03-17,-4.835940711366878e-05,0.001373423488780849,0.0016411547255122505,0.0,0.0,0.0
2026-03-18,-0.012298668612452539,-0.007646103842144319,-0.011414137686492312,0.0,0.0,0.0
2026-03-19,0.0002127571812667609,-0.0012075377638365863,-0.005923377866729777,0.0,0.0,0.0
2026-03-20,-0.012879628064895125,-0.008144784515631201,-0.0004844616165138256,0.0,0.0,0.0
2026-03-21,0.0,0.0,0.0,0.0,0.0,0.0
2026-03-22,-0.00650670704448151,-0.0027790172275377074,-0.0007449401647062093,0.0,0.0,-0.006643177316869092
2026-03-23,0.014786454835968665,0.006691767078787899,0.0013582761248323906,0.012533833030862475,0.001162584479378852,0.0
2026-03-24,-4.9502499876243746e-05,0.003098283274835664,0.0008590320571425724,0.0,0.0,0.0
2026-03-25,-0.0027712230113143524,-0.0012204581409120346,9.006402035041108e-05,0.0,0.0,0.0
2026-03-26,-0.013426166836779213,-0.005786398445293944,-0.005773367068782423,0.0,0.0,0.0
2026-03-27,-0.019187846663229507,-0.0030777552839344833,-0.0024263587743958703,0.0,0.0,0.0
2026-03-28,0.0,0.0,0.0,0.0,0.0,0.0
2026-03-29,-0.004227132016780848,-0.0022301227823953856,-0.002104441342083718,0.0,0.0,0.0
2026-03-30,-0.002330041870890296,0.0036583850526621317,0.0028657877157357257,-0.0068380428615019565,0.0,0.01670794658151064
2026-03-31,0.031309255582109806,0.014750151228539362,0.01940931625311914,0.0,-0.0005587918766783012,0.0
2026-04-01,-4.9942981762487825e-05,0.00372164762835562,0.0033939234938914487,0.0,0.0,0.0
2026-04-02,0.0007747816894935263,-0.00256802641092969,-0.0004777434281275527,0.0,0.0,0.0
2026-04-03,-0.002266875964532247,-0.0007949991777701101,0.00013890645892763445,0.0,0.0,0.0
2026-04-04,0.0,0.0,0.0,0.0,0.0,0.0
2026-04-05,-0.0010125287913074793,-0.0021047401651633465,-1.7671127967122603e-05,0.0,0.0,-0.00243874827614669
2026-04-06,0.006226113242860499,0.0036401652463377105,0.00042986935731157425,0.006721034380877068,0.002441788889061585,0.013539951151147877
2026-04-07,-4.8170717021122856e-05,0.010453982290576078,0.0010243783618404524,0.0,0.0,0.0
2026-04-08,-0.0008264848907889088,0.0016305820352578082,0.006381673218305271,0.0,0.0,-0.0009578252181118717
2026-04-09,0.004815912281788658,0.0019572897170040122,0.0019601629580592085,0.0,0.0,0.0
2026-04-10,-4.764892273727178e-05,-0.0008251478985738173,0.0008103868626681111,0.0,0.0,0.0
2026-04-11,0.0,0.0,0.0,0.0,0.0,0.0
2026-04-12,-0.008236004857796957,-0.004254786559292426,-0.002637285668313349,0.0,0.0,0.0078049069939840135
2026-04-13,0.015188133095623434,0.007227607633955447,0.004765847654425847,0.009927169119730565,0.008196520809948277,0.0
2026-04-14,-4.636176081967593e-05,0.004514149981009896,0.0015621603770343605,0.0,0.0,0.0
2026-04-15,0.008907697968984756,0.001993791218078542,0.00013379266267659056,0.0,0.0,0.0
2026-04-16,-4.5546501079831627e-05,0.0006961439189870871,0.0006523669593343939,0.0,0.0,0.0017044092642016272
2026-04-17,0.008188082844369986,0.006953219798211325,0.0017486492004617764,0.0,0.0,0.0
2026-04-18,0.0,0.0,0.0,0.0,0.0,0.0
2026-04-19,-4.523829270683324e-05,-0.0033002734447619346,-0.0016205880980398545,0.0,0.0,0.0
2026-04-20,0.0,0.0027740714440689174,0.0017335179919920622,0.0011752763405907596,0.0,0.0
2026-04-21,-0.0005133329183722121,-0.00385440057542917,-0.0022469814788042327,0.0,0.0,0.001032382033202474
2026-04-22,0.008639330998972272,0.0011078483269181618,2.8677607548610552e-05,0.0,0.0,0.0
2026-04-23,-4.4510055563386024e-05,0.00010023734268952119,-0.0006851213898742229,0.0,0.0,-0.0006928116103251504
2026-04-24,0.009850256727408527,0.000951474870434087,0.0010565478866730064,0.0,0.0004799571135183004,0.0
2026-04-25,0.0,0.0,0.0,0.0,0.0,0.0
2026-04-26,-4.4008596345819544e-05,-0.0005356128977106669,-0.0015810071642814118,0.0,0.0,0.0
2026-04-27,0.0037319464821865852,0.0005159064334716899,0.001851982839975186,0.0018462016945966608,0.0,0.0
2026-04-28,-4.421289985041302e-05,-0.0015543281774992252,-0.004781641483874162,0.0,0.0,0.0
2026-04-29,0.0,0.00012323433822671254,-0.0028015479679179356,0.0,0.0,0.000376319146168755
2026-04-30,0.0013705590265866293,0.0018761640979343772,0.008245535313178821,0.0,0.00605319305004913,-0.0005318830460711239
2026-05-01,0.006252319329852357,0.000522211291335868,-0.00030484206843398585,0.0,0.0,0.0
2026-05-02,0.0,0.0,0.0,0.0,0.0,0.0
2026-05-03,-4.328535872741045e-05,0.0001885162306557301,0.0005489569766748082,0.0,0.0,0.0
2026-05-04,-0.0027660312783813097,-0.0014809563788930737,-0.004979924534548729,-0.004492699034453948,0.0,0.005736819501791741
2026-05-05,0.02352894021256022,0.005067968179853596,0.0061156306732315585,0.0,0.0,0.0012195517980429034
2026-05-06,-4.199019528939992e-05,0.004287025951640609,0.00411415805397743,0.0,0.0,0.0
2026-05-07,0.0002622613507050241,8.867875091955743e-05,-0.0038050495979625064,0.0,0.0,0.005020717940227886
2026-05-08,0.02665724748053596,0.004349479597819585,0.0015683587249548324,0.0,0.0,0.0
2026-05-09,0.0,0.0,0.0,0.0,0.0,0.0
2026-05-10,-4.108041491219061e-05,-0.0008886918002496288,-0.0012252948829699184,0.0,0.0,-0.0003912573379499721
2026-05-11,0.005016346858679767,0.0022053541214370224,0.0024400987402269144,0.0027589726375024963,0.0,0.0
2026-05-12,-4.1378168878099916e-05,-0.004234596053285202,-0.0032686044200958683,0.0,0.0,0.0
2026-05-13,0.0,0.0007202012826154154,0.0012269759902991395,0.0,0.0,0.0
2026-05-14,0.0019124631616624333,0.0012822239667427632,-1.4822160679672856e-05,0.0,0.0,0.0
2026-05-15,-0.01682744290346625,-0.0014002849612438646,-0.004337323428870972,0.0,0.0,0.0
2026-05-16,0.0,0.0,0.0,0.0,0.0,0.0
2026-05-17,-0.002757118858950516,-0.0001280869800100114,-0.00039064514609148815,0.0,0.0,0.0
2026-05-18,0.0006428926718766956,0.0012046648928013622,0.0009261573404646666,0.0001024397825370773,0.0003882698636178962,0.0
2026-05-19,-0.005528394461962648,-5.370399981725004e-05,-0.0008460893102906764,0.0,0.0,-0.0017215586672759036
2026-05-20,0.007833221509726996,0.0016385037099809258,0.0035778013863803967,0.0,0.0020036299045711214,0.0
2026-05-21,0.011568844095252969,-6.0438033160218054e-05,0.0020264404810952596,0.0,0.0,0.0
2026-05-22,-4.0724903278354713e-05,-0.0003100584097530466,-6.345050877925028e-05,0.0,0.0,0.0
2026-05-23,0.0,0.0,0.0,0.0,0.0,0.0
2026-05-24,0.010069813114032754,0.0015883373940023464,0.0012959642097033707,0.0,0.0,0.0
2026-05-25,-4.024536256040997e-05,0.00028531085262817335,0.0003700494134146304,0.010571354951423032,0.0,-0.0018774564548155756
2026-05-26,0.007269986033822455,-0.0018571415694682433,0.0015710884082179356,0.0,0.0,-0.0019645335887172456
2026-05-27,-4.00920781394603e-05,-0.00014574968249450528,-0.0005095798532124607,0.0,0.0,-3.1749804149071846e-06
2026-05-28,0.010122494689915296,9.40314042911848e-05,0.0013165552846949092,0.0,0.0016193521594684386,-0.0035843173893788387
2026-05-29,-3.954601178471151e-05,0.0009191867957451679,0.0003497883894693633,0.0,0.0,0.0
2026-05-30,0.0,0.0,0.0,0.0,0.0,0.0
2026-05-31,0.0029178508307020202,-1.7318763147992783e-05,0.00012316037208208732,0.0,0.0,-0.004008572248250498
2026-06-01,6.776596041127698e-06,-0.0011052077030513667,-0.0034091973318110566,-0.0014065179737408299,0.0,-0.00041238721330192176
2026-06-02,0.008169578511262411,-0.00020292230417161652,0.000934442937124147,0.0,0.0,0.0
2026-06-03,-3.9529337356541445e-05,-0.0007531288973761901,-0.0042540379471763205,0.0,0.0,-0.0030850459470924386
2026-06-04,-0.0,-1.7785313390450343e-05,0.002327411616159592,0.0,0.0,0.0
2026-06-05,-0.0,0.0005471051444372987,-0.005157714461286218,0.0,0.0,0.0
2026-06-06,0.0,0.0,0.0,0.0,0.0,0.0
2026-06-07,0.0,0.001517036172728601,0.000879571916202826,0.0,0.0,0.0
2026-06-08,0.0,0.00023434622794086266,0.001197532649028954,0.0098902085611094,0.0,0.0
2026-06-09,-0.00901287886481738,-0.005256063580326267,-0.002249685499054906,0.0,0.0,0.0
2026-06-10,-0.018060215769758546,-0.003790017393908745,-0.004340181744535843,0.0,-0.011248638541220515,0.007714405474823767
2026-06-11,0.03154786542295364,0.00967320648602396,0.013463493288919378,0.0,6.462927960545605e-05,0.0
2026-06-12,-4.044625703596346e-05,0.00024642194433462436,0.002118911511062282,0.0,0.0,0.0
2026-06-13,0.0,0.0,0.0,0.0,0.0,0.0
2026-06-14,0.0070043528060478024,0.0032290939673964695,0.002435509456011875,0.0,0.0,-0.003934327592562573
2026-06-15,-3.930650227813936e-05,0.002820150217210368,0.003065198982048611,0.015148273517016184,0.0,0.0
2026-06-16,-0.0086787819417184,-0.0015260553380919623,-0.0008711188454140095,0.0,0.0,-0.0034191618814428874
2026-06-17,-0.00011484243899216197,-0.0013212212054554643,-0.0006907897017135566,0.0,0.0,-0.00018435684479112222
2026-06-18,0.007103153550849337,-0.0005120433024890846,0.002265957021284988,0.0,0.003162885169437951,0.0
2026-06-19,-3.945836813342189e-05,-0.0004853528600678317,-0.0019517394849178252,0.0,0.00047229423071790805,0.0
2026-06-20,0.0,0.0,0.0,0.0,0.0,0.0
2026-06-21,-0.0054712789403341625,-0.0017757126704796066,-0.0022082013622996334,0.0,0.0,-0.002945933956376654
2026-06-22,0.004194566486898099,0.0015834279818541393,0.004004246895153973,0.0019334318304459418,0.004681865833251286,0.0
2026-06-23,-4.064682649902109e-05,-0.00316026128196846,-0.007641126111852112,0.0,0.0,0.0
2026-06-24,0.0,-0.00038687953939123114,-0.002804957310934558,0.0,0.0,0.0
2026-06-25,-0.006665235481998021,0.00035778653750764686,0.0022515780126596053,0.0,0.00272194540394928,-0.0007283588665485905
2026-06-26,-0.007023620952241589,0.0018883831371985641,-0.0017614465288545043,0.0,0.0,0.0
2026-06-27,0.0,0.0,0.0,0.0,0.0,0.0
2026-06-28,0.005655124648981499,-0.0005208320700733323,0.0015261263646512255,0.0,-0.0021444366310375373,-0.0004128128128128128
2026-06-29,0.007308761577841034,-0.0009748740893904597,0.0031163315856444604,0.01113030490834692,0.0,-0.0014785808712817776
2026-06-30,-3.957600902333005e-05,2.6679543236448846e-05,0.003515028098457085,0.0,0.0,-0.003217183946751792
2026-07-01,-0.009442535697610778,-0.0005591878783853125,-0.0023458770860466105,0.0,-0.002315253485761348,-0.0016994772471044031
2026-07-02,-0.0085264982185653,0.001994023553264045,0.002772833054255847,0.0,0.0,0.0
2026-07-03,0.005943262425823712,0.001043383027488728,0.001292081758758812,0.0,0.0,0.0
2026-07-04,0.0,0.0,0.0,0.0,0.0,0.0
2026-07-05,0.001460633966544528,4.417309750848807e-05,0.00044282744178896215,0.0,0.0,-2.898051781868925e-06
2026-07-06,-0.002473562250019248,-0.0013728113514976453,0.00045591782250796746,0.001721702222494238,0.0,0.0
2026-07-07,-0.013601472967161424,-0.0010654356282614303,-0.0034825220841592196,0.0,0.0,0.0
2026-07-08,0.004995346584740847,-0.0008290784011955319,-0.004604571391038195,0.0,0.0,0.00016248309003171624
2026-07-09,0.01085107858039798,-7.291914070953372e-05,0.002270895361735781,0.0,0.0013179570828913117,0.0
2026-07-10,-4.015298286471456e-05,-0.00011312800787834509,-0.00027053800254388987,0.0,-0.003662605881475536,0.0
2026-07-11,0.0,0.0,0.0,0.0,0.0,0.0
2026-07-12,-0.004306952633968581,-0.00011143205316448409,-0.0014181092893322035,0.0,0.0,0.0
2026-07-13,-0.011555624690790297,-0.0001865256428599863,-0.002683180329779422,-0.011817281742103194,0.0,-0.005685816626369192
2026-07-14,0.012238663876137389,0.0016461386327347315,0.004212207499964105,0.0,0.004632642695413504,0.0
2026-07-15,-4.0637191157347205e-05,-0.0004934412858094839,0.0005006627743091462,0.0,0.0,0.0
2026-07-16,-0.0,-0.0005489659393786318,-0.0039023635985482538,0.0,0.0,0.0
2026-07-17,-0.0,0.00042109485240285306,-0.0008970738361770464,0.0,0.0,0.0
2026-07-18,0.0,0.0,0.0,0.0,0.0,0.0
2026-07-19,0.0,-0.00015263622819807556,1.8134314639728364e-05,0.0,0.0,-0.003282606247122953
2026-07-20,-0.002427403720740332,-0.00018265535379402564,-0.002925646050602023,-0.0030981435527048786,-0.0028178478622200567,0.0049662714893129005
2026-07-21,0.01397565908512289,0.004300571676511568,0.004601786132121121,0.0,0.00411651642243355,0.0
2026-07-22,-4.138016648620316e-05,0.0006351555971001773,0.0011294925076890338,0.0,0.0,0.0
2026-07-23,-0.012045090806901063,-0.003184997677603593,-0.004939105987257839,0.0,0.0,0.0
2026-07-24,-0.010412621553268823,-0.0011350660373302336,0.0026227850584220613,0.0,0.0,0.0
2026-07-25,0.0,0.0,0.0,0.0,0.0,0.0
2026-07-26,0.012272116489525866,0.0026630604256100017,0.004344767458091869,0.0,0.004932566860348483,0.0
2026-07-27,-4.279722673970726e-05,-0.0018891718453307458,-0.0015339955484258059,0.001541259087354322,0.0,0.0
2026-07-28,-0.0,0.0007178609978296616,0.001780286457645519,0.0,0.0,-0.004600071731991099
2026-07-29,-0.0,-0.003643965435471406,-0.006702090910531369,0.0,0.0,0.004127942498057538
2026-07-30,0.0,0.004175020519374108,0.00519429327983083,0.0,0.002841887033834103,0.0
2026-07-31,-0.003196052374564035,-0.0018887380024931082,-0.0022606249744685104,0.0,0.0,0.0
2026-08-01,0.0,0.0,0.0,0.0,0.0,0.0
